id,market_and_exchange_names,report_date_as_yyyy_mm_dd,yyyy_report_week_ww,contract_market_name,cftc_contract_market_code,cftc_market_code,cftc_region_code,cftc_commodity_code,commodity_name,open_interest_all,prod_merc_positions_long,prod_merc_positions_short,swap_positions_long_all,swap__positions_short_all,swap__positions_spread_all,m_money_positions_long_all,m_money_positions_short_all,m_money_positions_spread,other_rept_positions_long,other_rept_positions_short,other_rept_positions_spread,tot_rept_positions_long_all,tot_rept_positions_short,nonrept_positions_long_all,nonrept_positions_short_all,open_interest_old,prod_merc_positions_long_1,prod_merc_positions_short_1,swap_positions_long_old,swap__positions_short_old,swap__positions_spread_old,m_money_positions_long_old,m_money_positions_short_old,m_money_positions_spread_1,other_rept_positions_long_1,other_rept_positions_short_1,other_rept_positions_spread_1,tot_rept_positions_long_old,tot_rept_positions_short_1,nonrept_positions_long_old,nonrept_positions_short_old,open_interest_other,prod_merc_positions_long_2,prod_merc_positions_short_2,swap_positions_long_other,swap__positions_short_other,swap__positions_spread_other,m_money_positions_long_other,m_money_positions_short_other,m_money_positions_spread_2,other_rept_positions_long_2,other_rept_positions_short_2,other_rept_positions_spread_2,tot_rept_positions_long_other,tot_rept_positions_short_2,nonrept_positions_long_other,nonrept_positions_short_other,change_in_open_interest_all,change_in_prod_merc_long,change_in_prod_merc_short,change_in_swap_long_all,change_in_swap_short_all,change_in_swap_spread_all,change_in_m_money_long_all,change_in_m_money_short_all,change_in_m_money_spread,change_in_other_rept_long,change_in_other_rept_short,change_in_other_rept_spread,change_in_tot_rept_long_all,change_in_tot_rept_short,change_in_nonrept_long_all,change_in_nonrept_short_all,pct_of_open_interest_all,pct_of_oi_prod_merc_long,pct_of_oi_prod_merc_short,pct_of_oi_swap_long_all,pct_of_oi_swap_short_all,pct_of_oi_swap_spread_all,pct_of_oi_m_money_long_all,pct_of_oi_m_money_short_all,pct_of_oi_m_money_spread,pct_of_oi_other_rept_long,pct_of_oi_other_rept_short,pct_of_oi_other_rept_spread,pct_of_oi_tot_rept_long_all,pct_of_oi_tot_rept_short,pct_of_oi_nonrept_long_all,pct_of_oi_nonrept_short_all,pct_of_open_interest_old,pct_of_oi_prod_merc_long_1,pct_of_oi_prod_merc_short_1,pct_of_oi_swap_long_old,pct_of_oi_swap_short_old,pct_of_oi_swap_spread_old,pct_of_oi_m_money_long_old,pct_of_oi_m_money_short_old,pct_of_oi_m_money_spread_1,pct_of_oi_other_rept_long_1,pct_of_oi_other_rept_short_1,pct_of_oi_other_rept_spread_1,pct_of_oi_tot_rept_long_old,pct_of_oi_tot_rept_short_1,pct_of_oi_nonrept_long_old,pct_of_oi_nonrept_short_old,pct_of_open_interest_other,pct_of_oi_prod_merc_long_2,pct_of_oi_prod_merc_short_2,pct_of_oi_swap_long_other,pct_of_oi_swap_short_other,pct_of_oi_swap_spread_other,pct_of_oi_m_money_long_other,pct_of_oi_m_money_short_other,pct_of_oi_m_money_spread_2,pct_of_oi_other_rept_long_2,pct_of_oi_other_rept_short_2,pct_of_oi_other_rept_spread_2,pct_of_oi_tot_rept_long_other,pct_of_oi_tot_rept_short_2,pct_of_oi_nonrept_long_other,pct_of_oi_nonrept_short_other,traders_tot_all,traders_prod_merc_short_all,traders_swap_short_all,traders_swap_spread_all,traders_other_rept_long_all,traders_other_rept_short,traders_other_rept_spread,traders_tot_rept_long_all,traders_tot_rept_short_all,traders_tot_old,traders_prod_merc_short_old,traders_swap_short_old,traders_swap_spread_old,traders_other_rept_long_old,traders_other_rept_short_1,traders_other_rept_spread_1,traders_tot_rept_long_old,traders_tot_rept_short_old,traders_tot_other,traders_prod_merc_long_other,traders_prod_merc_short_other,traders_swap_long_other,traders_swap_short_other,traders_swap_spread_other,traders_m_money_long_other,traders_m_money_short_other,traders_m_money_spread_other,traders_other_rept_long_other,traders_other_rept_short_2,traders_other_rept_spread_2,traders_tot_rept_long_other,traders_tot_rept_short_other,conc_gross_le_4_tdr_long,conc_gross_le_4_tdr_short,conc_gross_le_8_tdr_long,conc_gross_le_8_tdr_short,conc_net_le_4_tdr_long_all,conc_net_le_4_tdr_short_all,conc_net_le_8_tdr_long_all,conc_net_le_8_tdr_short_all,conc_gross_le_4_tdr_long_1,conc_gross_le_4_tdr_short_1,conc_gross_le_8_tdr_long_1,conc_gross_le_8_tdr_short_1,conc_net_le_4_tdr_long_old,conc_net_le_4_tdr_short_old,conc_net_le_8_tdr_long_old,conc_net_le_8_tdr_short_old,conc_gross_le_4_tdr_long_2,conc_gross_le_4_tdr_short_2,conc_gross_le_8_tdr_long_2,conc_gross_le_8_tdr_short_2,conc_net_le_4_tdr_long_other,conc_net_le_4_tdr_short_other,conc_net_le_8_tdr_long_other,conc_net_le_8_tdr_short_other,contract_units,cftc_subgroup_code,commodity,commodity_subgroup_name,commodity_group_name,futonly_or_combined,traders_prod_merc_long_all,traders_swap_long_all,traders_m_money_long_all,traders_m_money_short_all,traders_m_money_spread_all,traders_prod_merc_long_old,traders_swap_long_old,traders_m_money_long_old,traders_m_money_short_old,traders_m_money_spread_old
260602088695F,MICRO GOLD - COMMODITY EXCHANGE INC.,2026-06-02T00:00:00.000,2026 Report Week 22,MICRO GOLD,088695,CMX ,NYC,088 ,GOLD,55714,1022,0,5731,0,0,868,700,88,12830,37391,3751,24290,41930,31424,13784,55714,1022,0,5731,0,0,868,700,88,12830,37391,3751,24290,41930,31424,13784,0,0,0,0,0,0,0,0,0,0,0,0,0,0,0,0,-9535,790,0,-119,0,0,-262,700,70,-5060,1139,-492,-5073,1417,-4462,-10952,100.0,1.8,0.0,10.3,0.0,0.0,1.6,1.3,0.2,23.0,67.1,6.7,43.6,75.3,56.4,24.7,100.0,1.8,0.0,10.3,0.0,0.0,1.6,1.3,0.2,23.0,67.1,6.7,43.6,75.3,56.4,24.7,100.0,0.0,0.0,0.0,0.0,0.0,0.0,0.0,0.0,0.0,0.0,0.0,0.0,0.0,0.0,0.0,41,0,0,0,17,13,10,33,21,41,0,0,0,17,13,10,33,21,0,0,0,0,0,0,0,0,0,0,0,0,0,0,23.6,59.0,30.1,68.5,21.6,58.2,27.4,64.2,23.6,59.0,30.1,68.5,21.6,58.2,27.4,64.2,0.0,0.0,0.0,0.0,0.0,0.0,0.0,0.0,(CONTRACTS OF 10 TROY OUNCES),N20,GOLD,PRECIOUS METALS,NATURAL RESOURCES,FutOnly,,,,,,,,,,
260602088691F,GOLD - COMMODITY EXCHANGE INC.,2026-06-02T00:00:00.000,2026 Report Week 22,GOLD,088691,CMX ,NYC,088 ,GOLD,326052,10275,30429,27505,213696,16071,129367,17188,12456,76729,12888,9993,282396,312721,43656,13331,326052,10275,30429,27505,213696,16071,129367,17188,12456,76729,12888,9993,282396,312721,43656,13331,0,0,0,0,0,0,0,0,0,0,0,0,0,0,0,0,-27437,-2311,-1667,-1528,18407,-16951,5090,-9643,-7913,302,-6725,-633,-23944,-25125,-3493,-2312,100.0,3.2,9.3,8.4,65.5,4.9,39.7,5.3,3.8,23.5,4.0,3.1,86.6,95.9,13.4,4.1,100.0,3.2,9.3,8.4,65.5,4.9,39.7,5.3,3.8,23.5,4.0,3.1,86.6,95.9,13.4,4.1,100.0,0.0,0.0,0.0,0.0,0.0,0.0,0.0,0.0,0.0,0.0,0.0,0.0,0.0,0.0,0.0,258,13,29,22,79,26,23,223,123,258,13,29,22,79,26,23,223,123,0,0,0,0,0,0,0,0,0,0,0,0,0,0,20.5,39.4,30.6,56.1,20.0,38.9,29.0,53.6,20.5,39.4,30.6,56.1,20.0,38.9,29.0,53.6,0.0,0.0,0.0,0.0,0.0,0.0,0.0,0.0,(CONTRACTS OF 100 TROY OUNCES),N20,GOLD,PRECIOUS METALS,NATURAL RESOURCES,FutOnly,14,12,74,16,36,14,12,74,16,36
260526088695F,MICRO GOLD - COMMODITY EXCHANGE INC.,2026-05-26T00:00:00.000,2026 Report Week 21,MICRO GOLD,088695,CMX ,NYC,088 ,GOLD,65249,232,0,5850,0,0,1130,0,18,17890,36252,4243,29363,40513,35886,24736,65249,232,0,5850,0,0,1130,0,18,17890,36252,4243,29363,40513,35886,24736,0,0,0,0,0,0,0,0,0,0,0,0,0,0,0,0,-2960,0,0,272,0,0,374,-1178,-125,-3161,-8421,1142,-1498,-8582,-1462,5622,100.0,0.4,0.0,9.0,0.0,0.0,1.7,0.0,0.0,27.4,55.6,6.5,45.0,62.1,55.0,37.9,100.0,0.4,0.0,9.0,0.0,0.0,1.7,0.0,0.0,27.4,55.6,6.5,45.0,62.1,55.0,37.9,100.0,0.0,0.0,0.0,0.0,0.0,0.0,0.0,0.0,0.0,0.0,0.0,0.0,0.0,0.0,0.0,34,0,0,0,11,14,8,26,18,34,0,0,0,11,14,8,26,18,0,0,0,0,0,0,0,0,0,0,0,0,0,0,28.4,43.3,35.8,54.3,27.3,42.1,33.9,50.8,28.4,43.3,35.8,54.3,27.3,42.1,33.9,50.8,0.0,0.0,0.0,0.0,0.0,0.0,0.0,0.0,(CONTRACTS OF 10 TROY OUNCES),N20,GOLD,PRECIOUS METALS,NATURAL RESOURCES,FutOnly,,,4,0,,,,4,0,
260526088691F,GOLD - COMMODITY EXCHANGE INC.,2026-05-26T00:00:00.000,2026 Report Week 21,GOLD,088691,CMX ,NYC,088 ,GOLD,353489,12586,32096,29033,195289,33022,124277,26831,20369,76427,19613,10626,306340,337846,47149,15643,353489,12586,32096,29033,195289,33022,124277,26831,20369,76427,19613,10626,306340,337846,47149,15643,0,0,0,0,0,0,0,0,0,0,0,0,0,0,0,0,-25836,-2214,-618,83,-7376,7252,1383,-2523,-18345,-11697,-2218,-2365,-25903,-26193,67,357,100.0,3.6,9.1,8.2,55.2,9.3,35.2,7.6,5.8,21.6,5.5,3.0,86.7,95.6,13.3,4.4,100.0,3.6,9.1,8.2,55.2,9.3,35.2,7.6,5.8,21.6,5.5,3.0,86.7,95.6,13.3,4.4,100.0,0.0,0.0,0.0,0.0,0.0,0.0,0.0,0.0,0.0,0.0,0.0,0.0,0.0,0.0,0.0,253,13,23,25,83,23,25,222,129,253,13,23,25,83,23,25,222,129,0,0,0,0,0,0,0,0,0,0,0,0,0,0,18.9,36.1,28.9,50.6,18.3,34.9,26.6,45.8,18.9,36.1,28.9,50.6,18.3,34.9,26.6,45.8,0.0,0.0,0.0,0.0,0.0,0.0,0.0,0.0,(CONTRACTS OF 100 TROY OUNCES),N20,GOLD,PRECIOUS METALS,NATURAL RESOURCES,FutOnly,14,16,75,11,40,14,16,75,11,40
260519088695F,MICRO GOLD - COMMODITY EXCHANGE INC.,2026-05-19T00:00:00.000,2026 Report Week 20,MICRO GOLD,088695,CMX ,NYC,088 ,GOLD,68209,232,0,5578,0,0,756,1178,143,21051,44673,3101,30861,49095,37348,19114,68209,232,0,5578,0,0,756,1178,143,21051,44673,3101,30861,49095,37348,19114,0,0,0,0,0,0,0,0,0,0,0,0,0,0,0,0,1142,0,0,-287,0,0,225,1178,142,-61,-847,118,137,591,1005,551,100.0,0.3,0.0,8.2,0.0,0.0,1.1,1.7,0.2,30.9,65.5,4.5,45.2,72.0,54.8,28.0,100.0,0.3,0.0,8.2,0.0,0.0,1.1,1.7,0.2,30.9,65.5,4.5,45.2,72.0,54.8,28.0,100.0,0.0,0.0,0.0,0.0,0.0,0.0,0.0,0.0,0.0,0.0,0.0,0.0,0.0,0.0,0.0,39,0,0,0,14,16,8,27,23,39,0,0,0,14,16,8,27,23,0,0,0,0,0,0,0,0,0,0,0,0,0,0,28.4,43.9,34.9,59.2,28.4,43.8,34.7,57.8,28.4,43.9,34.9,59.2,28.4,43.8,34.7,57.8,0.0,0.0,0.0,0.0,0.0,0.0,0.0,0.0,(CONTRACTS OF 10 TROY OUNCES),N20,GOLD,PRECIOUS METALS,NATURAL RESOURCES,FutOnly,,,,,,,,,,
260519088691F,GOLD - COMMODITY EXCHANGE INC.,2026-05-19T00:00:00.000,2026 Report Week 20,GOLD,088691,CMX ,NYC,088 ,GOLD,379325,14800,32714,28950,202665,25770,122894,29354,38714,88124,21831,12991,332243,364039,47082,15286,379325,14800,32714,28950,202665,25770,122894,29354,38714,88124,21831,12991,332243,364039,47082,15286,0,0,0,0,0,0,0,0,0,0,0,0,0,0,0,0,2829,3363,1075,3279,-13062,5153,-4348,127,2050,-4427,2887,628,5698,-1142,-2869,3971,100.0,3.9,8.6,7.6,53.4,6.8,32.4,7.7,10.2,23.2,5.8,3.4,87.6,96.0,12.4,4.0,100.0,3.9,8.6,7.6,53.4,6.8,32.4,7.7,10.2,23.2,5.8,3.4,87.6,96.0,12.4,4.0,100.0,0.0,0.0,0.0,0.0,0.0,0.0,0.0,0.0,0.0,0.0,0.0,0.0,0.0,0.0,0.0,282,13,24,23,93,29,33,239,148,282,13,24,23,93,29,33,239,148,0,0,0,0,0,0,0,0,0,0,0,0,0,0,20.4,35.0,30.7,49.3,16.8,32.7,25.0,43.6,20.4,35.0,30.7,49.3,16.8,32.7,25.0,43.6,0.0,0.0,0.0,0.0,0.0,0.0,0.0,0.0,(CONTRACTS OF 100 TROY OUNCES),N20,GOLD,PRECIOUS METALS,NATURAL RESOURCES,FutOnly,14,19,76,17,44,14,19,76,17,44
260512088691F,GOLD - COMMODITY EXCHANGE INC.,2026-05-12T00:00:00.000,2026 Report Week 19,GOLD,088691,CMX ,NYC,088 ,GOLD,376496,11437,31639,25671,215727,20617,127242,29227,36664,92551,18944,12363,326545,365181,49951,11315,376496,11437,31639,25671,215727,20617,127242,29227,36664,92551,18944,12363,326545,365181,49951,11315,0,0,0,0,0,0,0,0,0,0,0,0,0,0,0,0,8564,-1461,-371,-1648,8585,2604,3889,128,-689,4090,-468,1080,7865,10869,699,-2305,100.0,3.0,8.4,6.8,57.3,5.5,33.8,7.8,9.7,24.6,5.0,3.3,86.7,97.0,13.3,3.0,100.0,3.0,8.4,6.8,57.3,5.5,33.8,7.8,9.7,24.6,5.0,3.3,86.7,97.0,13.3,3.0,100.0,0.0,0.0,0.0,0.0,0.0,0.0,0.0,0.0,0.0,0.0,0.0,0.0,0.0,0.0,0.0,278,12,25,21,94,26,30,241,136,278,12,25,21,94,26,30,241,136,0,0,0,0,0,0,0,0,0,0,0,0,0,0,21.3,36.0,31.0,52.5,17.1,34.5,25.0,46.5,21.3,36.0,31.0,52.5,17.1,34.5,25.0,46.5,0.0,0.0,0.0,0.0,0.0,0.0,0.0,0.0,(CONTRACTS OF 100 TROY OUNCES),N20,GOLD,PRECIOUS METALS,NATURAL RESOURCES,FutOnly,16,15,80,16,42,16,15,80,16,42
260512088695F,MICRO GOLD - COMMODITY EXCHANGE INC.,2026-05-12T00:00:00.000,2026 Report Week 19,MICRO GOLD,088695,CMX ,NYC,088 ,GOLD,67067,232,0,5865,0,0,531,0,1,21112,45520,2983,30724,48504,36343,18563,67067,232,0,5865,0,0,531,0,1,21112,45520,2983,30724,48504,36343,18563,0,0,0,0,0,0,0,0,0,0,0,0,0,0,0,0,1759,0,0,79,0,0,-339,-235,-33,1817,1048,560,2084,1340,-325,419,100.0,0.3,0.0,8.7,0.0,0.0,0.8,0.0,0.0,31.5,67.9,4.4,45.8,72.3,54.2,27.7,100.0,0.3,0.0,8.7,0.0,0.0,0.8,0.0,0.0,31.5,67.9,4.4,45.8,72.3,54.2,27.7,100.0,0.0,0.0,0.0,0.0,0.0,0.0,0.0,0.0,0.0,0.0,0.0,0.0,0.0,0.0,0.0,37,0,0,0,13,17,8,25,21,37,0,0,0,13,17,8,25,21,0,0,0,0,0,0,0,0,0,0,0,0,0,0,28.5,50.1,34.9,61.5,28.5,48.8,34.7,60.2,28.5,50.1,34.9,61.5,28.5,48.8,34.7,60.2,0.0,0.0,0.0,0.0,0.0,0.0,0.0,0.0,(CONTRACTS OF 10 TROY OUNCES),N20,GOLD,PRECIOUS METALS,NATURAL RESOURCES,FutOnly,,,,0,,,,,0,
260505088695F,MICRO GOLD - COMMODITY EXCHANGE INC.,2026-05-05T00:00:00.000,2026 Report Week 18,MICRO GOLD,088695,CMX ,NYC,088 ,GOLD,65308,232,0,5786,0,0,870,235,34,19295,44472,2423,28640,47164,36668,18144,65308,232,0,5786,0,0,870,235,34,19295,44472,2423,28640,47164,36668,18144,0,0,0,0,0,0,0,0,0,0,0,0,0,0,0,0,3478,0,0,-9,0,0,70,13,-73,2437,3989,401,2826,4330,652,-852,100.0,0.4,0.0,8.9,0.0,0.0,1.3,0.4,0.1,29.5,68.1,3.7,43.9,72.2,56.1,27.8,100.0,0.4,0.0,8.9,0.0,0.0,1.3,0.4,0.1,29.5,68.1,3.7,43.9,72.2,56.1,27.8,100.0,0.0,0.0,0.0,0.0,0.0,0.0,0.0,0.0,0.0,0.0,0.0,0.0,0.0,0.0,0.0,40,0,0,0,14,17,9,28,23,40,0,0,0,14,17,9,28,23,0,0,0,0,0,0,0,0,0,0,0,0,0,0,27.5,50.9,33.7,62.1,27.5,49.6,33.1,60.7,27.5,50.9,33.7,62.1,27.5,49.6,33.1,60.7,0.0,0.0,0.0,0.0,0.0,0.0,0.0,0.0,(CONTRACTS OF 10 TROY OUNCES),N20,GOLD,PRECIOUS METALS,NATURAL RESOURCES,FutOnly,,,,,,,,,,
260505088691F,GOLD - COMMODITY EXCHANGE INC.,2026-05-05T00:00:00.000,2026 Report Week 18,GOLD,088691,CMX ,NYC,088 ,GOLD,367932,12898,32010,27319,207142,18013,123353,29099,37353,88461,19412,11283,318680,354312,49252,13620,367932,12898,32010,27319,207142,18013,123353,29099,37353,88461,19412,11283,318680,354312,49252,13620,0,0,0,0,0,0,0,0,0,0,0,0,0,0,0,0,-1598,-87,-1167,-713,4489,-1523,1096,-3406,1949,-1100,-330,-1192,-1570,-1180,-28,-418,100.0,3.5,8.7,7.4,56.3,4.9,33.5,7.9,10.2,24.0,5.3,3.1,86.6,96.3,13.4,3.7,100.0,3.5,8.7,7.4,56.3,4.9,33.5,7.9,10.2,24.0,5.3,3.1,86.6,96.3,13.4,3.7,100.0,0.0,0.0,0.0,0.0,0.0,0.0,0.0,0.0,0.0,0.0,0.0,0.0,0.0,0.0,0.0,276,13,25,23,91,29,36,239,139,276,13,25,23,91,29,36,239,139,0,0,0,0,0,0,0,0,0,0,0,0,0,0,21.6,36.1,32.1,51.7,18.1,33.9,26.3,46.1,21.6,36.1,32.1,51.7,18.1,33.9,26.3,46.1,0.0,0.0,0.0,0.0,0.0,0.0,0.0,0.0,(CONTRACTS OF 100 TROY OUNCES),N20,GOLD,PRECIOUS METALS,NATURAL RESOURCES,FutOnly,14,15,77,17,37,14,15,77,17,37
260428088695F,MICRO GOLD - COMMODITY EXCHANGE INC.,2026-04-28T00:00:00.000,2026 Report Week 17,MICRO GOLD,088695,CMX ,NYC,088 ,GOLD,61830,232,0,5795,0,0,800,222,107,16858,40483,2022,25814,42834,36016,18996,61830,232,0,5795,0,0,800,222,107,16858,40483,2022,25814,42834,36016,18996,0,0,0,0,0,0,0,0,0,0,0,0,0,0,0,0,1350,0,0,98,0,0,196,-382,77,1983,-312,-595,1759,-1212,-409,2562,100.0,0.4,0.0,9.4,0.0,0.0,1.3,0.4,0.2,27.3,65.5,3.3,41.7,69.3,58.3,30.7,100.0,0.4,0.0,9.4,0.0,0.0,1.3,0.4,0.2,27.3,65.5,3.3,41.7,69.3,58.3,30.7,100.0,0.0,0.0,0.0,0.0,0.0,0.0,0.0,0.0,0.0,0.0,0.0,0.0,0.0,0.0,0.0,40,0,0,0,15,17,9,28,24,40,0,0,0,15,17,9,28,24,0,0,0,0,0,0,0,0,0,0,0,0,0,0,24.1,46.8,30.8,58.8,24.1,45.8,30.2,57.8,24.1,46.8,30.8,58.8,24.1,45.8,30.2,57.8,0.0,0.0,0.0,0.0,0.0,0.0,0.0,0.0,(CONTRACTS OF 10 TROY OUNCES),N20,GOLD,PRECIOUS METALS,NATURAL RESOURCES,FutOnly,,,,,,,,,,
260428088691F,GOLD - COMMODITY EXCHANGE INC.,2026-04-28T00:00:00.000,2026 Report Week 17,GOLD,088691,CMX ,NYC,088 ,GOLD,369530,12985,33177,28032,202653,19536,122257,32505,35404,89561,19742,12475,320250,355492,49280,14038,369530,12985,33177,28032,202653,19536,122257,32505,35404,89561,19742,12475,320250,355492,49280,14038,0,0,0,0,0,0,0,0,0,0,0,0,0,0,0,0,3688,352,126,-83,-7984,4023,-1424,1800,1508,349,1560,1906,6631,2939,-2943,749,100.0,3.5,9.0,7.6,54.8,5.3,33.1,8.8,9.6,24.2,5.3,3.4,86.7,96.2,13.3,3.8,100.0,3.5,9.0,7.6,54.8,5.3,33.1,8.8,9.6,24.2,5.3,3.4,86.7,96.2,13.3,3.8,100.0,0.0,0.0,0.0,0.0,0.0,0.0,0.0,0.0,0.0,0.0,0.0,0.0,0.0,0.0,0.0,277,14,25,21,86,25,32,240,136,277,14,25,21,86,25,32,240,136,0,0,0,0,0,0,0,0,0,0,0,0,0,0,21.3,35.7,31.3,51.1,17.6,33.4,25.6,45.1,21.3,35.7,31.3,51.1,17.6,33.4,25.6,45.1,0.0,0.0,0.0,0.0,0.0,0.0,0.0,0.0,(CONTRACTS OF 100 TROY OUNCES),N20,GOLD,PRECIOUS METALS,NATURAL RESOURCES,FutOnly,13,18,81,18,41,13,18,81,18,41
260421088691F,GOLD - COMMODITY EXCHANGE INC.,2026-04-21T00:00:00.000,2026 Report Week 16,GOLD,088691,CMX ,NYC,088 ,GOLD,365842,12633,33051,28115,210637,15513,123681,30705,33896,89212,18182,10569,313619,352553,52223,13289,365842,12633,33051,28115,210637,15513,123681,30705,33896,89212,18182,10569,313619,352553,52223,13289,0,0,0,0,0,0,0,0,0,0,0,0,0,0,0,0,3568,-518,1370,-174,-204,1196,-1741,424,706,4625,980,-1181,2913,3291,655,277,100.0,3.5,9.0,7.7,57.6,4.2,33.8,8.4,9.3,24.4,5.0,2.9,85.7,96.4,14.3,3.6,100.0,3.5,9.0,7.7,57.6,4.2,33.8,8.4,9.3,24.4,5.0,2.9,85.7,96.4,14.3,3.6,100.0,0.0,0.0,0.0,0.0,0.0,0.0,0.0,0.0,0.0,0.0,0.0,0.0,0.0,0.0,0.0,282,14,28,23,92,24,29,246,130,282,14,28,23,92,24,29,246,130,0,0,0,0,0,0,0,0,0,0,0,0,0,0,21.4,36.3,31.1,52.2,17.7,34.1,25.3,46.0,21.4,36.3,31.1,52.2,17.7,34.1,25.3,46.0,0.0,0.0,0.0,0.0,0.0,0.0,0.0,0.0,(CONTRACTS OF 100 TROY OUNCES),N20,GOLD,PRECIOUS METALS,NATURAL RESOURCES,FutOnly,13,15,86,15,36,13,15,86,15,36
260421088695F,MICRO GOLD - COMMODITY EXCHANGE INC.,2026-04-21T00:00:00.000,2026 Report Week 16,MICRO GOLD,088695,CMX ,NYC,088 ,GOLD,60480,232,0,5697,0,0,604,604,30,14875,40795,2617,24055,44046,36425,16434,60480,232,0,5697,0,0,604,604,30,14875,40795,2617,24055,44046,36425,16434,0,0,0,0,0,0,0,0,0,0,0,0,0,0,0,0,567,0,0,-279,0,0,-184,333,14,-2796,9168,-1178,-4423,8337,4990,-7770,100.0,0.4,0.0,9.4,0.0,0.0,1.0,1.0,0.0,24.6,67.5,4.3,39.8,72.8,60.2,27.2,100.0,0.4,0.0,9.4,0.0,0.0,1.0,1.0,0.0,24.6,67.5,4.3,39.8,72.8,60.2,27.2,100.0,0.0,0.0,0.0,0.0,0.0,0.0,0.0,0.0,0.0,0.0,0.0,0.0,0.0,0.0,0.0,45,0,0,0,19,18,7,30,24,45,0,0,0,19,18,7,30,24,0,0,0,0,0,0,0,0,0,0,0,0,0,0,20.9,49.8,27.5,60.8,20.4,48.7,26.3,59.1,20.9,49.8,27.5,60.8,20.4,48.7,26.3,59.1,0.0,0.0,0.0,0.0,0.0,0.0,0.0,0.0,(CONTRACTS OF 10 TROY OUNCES),N20,GOLD,PRECIOUS METALS,NATURAL RESOURCES,FutOnly,,,,,,,,,,
260414088695F,MICRO GOLD - COMMODITY EXCHANGE INC.,2026-04-14T00:00:00.000,2026 Report Week 15,MICRO GOLD,088695,CMX ,NYC,088 ,GOLD,59913,232,0,5976,0,0,788,271,16,17671,31627,3795,28478,35709,31435,24204,59913,232,0,5976,0,0,788,271,16,17671,31627,3795,28478,35709,31435,24204,0,0,0,0,0,0,0,0,0,0,0,0,0,0,0,0,2685,-1,0,102,0,0,447,-206,-1,1898,2813,-576,1869,2030,816,655,100.0,0.4,0.0,10.0,0.0,0.0,1.3,0.5,0.0,29.5,52.8,6.3,47.5,59.6,52.5,40.4,100.0,0.4,0.0,10.0,0.0,0.0,1.3,0.5,0.0,29.5,52.8,6.3,47.5,59.6,52.5,40.4,100.0,0.0,0.0,0.0,0.0,0.0,0.0,0.0,0.0,0.0,0.0,0.0,0.0,0.0,0.0,0.0,44,0,0,0,16,18,8,31,22,44,0,0,0,16,18,8,31,22,0,0,0,0,0,0,0,0,0,0,0,0,0,0,23.9,42.4,33.0,50.7,23.9,41.4,31.8,47.7,23.9,42.4,33.0,50.7,23.9,41.4,31.8,47.7,0.0,0.0,0.0,0.0,0.0,0.0,0.0,0.0,(CONTRACTS OF 10 TROY OUNCES),N20,GOLD,PRECIOUS METALS,NATURAL RESOURCES,FutOnly,,4,,,,,4,,,
260414088691F,GOLD - COMMODITY EXCHANGE INC.,2026-04-14T00:00:00.000,2026 Report Week 15,GOLD,088691,CMX ,NYC,088 ,GOLD,362274,13151,31681,28289,210841,14317,125422,30281,33190,84587,17202,11750,310706,349262,51568,13012,362274,13151,31681,28289,210841,14317,125422,30281,33190,84587,17202,11750,310706,349262,51568,13012,0,0,0,0,0,0,0,0,0,0,0,0,0,0,0,0,7397,1438,672,-1876,6221,-1534,4696,-413,502,-55,-1167,1775,4946,6056,2451,1341,100.0,3.6,8.7,7.8,58.2,4.0,34.6,8.4,9.2,23.3,4.7,3.2,85.8,96.4,14.2,3.6,100.0,3.6,8.7,7.8,58.2,4.0,34.6,8.4,9.2,23.3,4.7,3.2,85.8,96.4,14.2,3.6,100.0,0.0,0.0,0.0,0.0,0.0,0.0,0.0,0.0,0.0,0.0,0.0,0.0,0.0,0.0,0.0,277,14,27,22,96,21,21,244,114,277,14,27,22,96,21,21,244,114,0,0,0,0,0,0,0,0,0,0,0,0,0,0,21.4,36.6,31.2,52.7,17.6,34.6,25.3,46.6,21.4,36.6,31.2,52.7,17.6,34.6,25.3,46.6,0.0,0.0,0.0,0.0,0.0,0.0,0.0,0.0,(CONTRACTS OF 100 TROY OUNCES),N20,GOLD,PRECIOUS METALS,NATURAL RESOURCES,FutOnly,16,12,83,13,31,16,12,83,13,31
260407088695F,MICRO GOLD - COMMODITY EXCHANGE INC.,2026-04-07T00:00:00.000,2026 Report Week 14,MICRO GOLD,088695,CMX ,NYC,088 ,GOLD,57228,233,0,5874,0,0,341,477,17,15773,28814,4371,26609,33679,30619,23549,57228,233,0,5874,0,0,341,477,17,15773,28814,4371,26609,33679,30619,23549,0,0,0,0,0,0,0,0,0,0,0,0,0,0,0,0,-60,0,0,20,0,0,-31,-106,-7,653,814,-377,258,324,-318,-384,100.0,0.4,0.0,10.3,0.0,0.0,0.6,0.8,0.0,27.6,50.3,7.6,46.5,58.9,53.5,41.1,100.0,0.4,0.0,10.3,0.0,0.0,0.6,0.8,0.0,27.6,50.3,7.6,46.5,58.9,53.5,41.1,100.0,0.0,0.0,0.0,0.0,0.0,0.0,0.0,0.0,0.0,0.0,0.0,0.0,0.0,0.0,0.0,41,0,0,0,17,16,9,30,21,41,0,0,0,17,16,9,30,21,0,0,0,0,0,0,0,0,0,0,0,0,0,0,24.4,42.3,32.6,49.7,24.4,41.2,31.2,45.6,24.4,42.3,32.6,49.7,24.4,41.2,31.2,45.6,0.0,0.0,0.0,0.0,0.0,0.0,0.0,0.0,(CONTRACTS OF 10 TROY OUNCES),N20,GOLD,PRECIOUS METALS,NATURAL RESOURCES,FutOnly,,4,,,,,4,,,
260407088691F,GOLD - COMMODITY EXCHANGE INC.,2026-04-07T00:00:00.000,2026 Report Week 14,GOLD,088691,CMX ,NYC,088 ,GOLD,354877,11713,31009,30165,204620,15851,120726,30694,32688,84642,18369,9975,305760,343206,49117,11671,354877,11713,31009,30165,204620,15851,120726,30694,32688,84642,18369,9975,305760,343206,49117,11671,0,0,0,0,0,0,0,0,0,0,0,0,0,0,0,0,-6532,734,120,-36,-7311,-1666,634,3416,-2628,-2868,1247,798,-5032,-6024,-1500,-508,100.0,3.3,8.7,8.5,57.7,4.5,34.0,8.6,9.2,23.9,5.2,2.8,86.2,96.7,13.8,3.3,100.0,3.3,8.7,8.5,57.7,4.5,34.0,8.6,9.2,23.9,5.2,2.8,86.2,96.7,13.8,3.3,100.0,0.0,0.0,0.0,0.0,0.0,0.0,0.0,0.0,0.0,0.0,0.0,0.0,0.0,0.0,0.0,266,13,25,24,92,23,24,233,121,266,13,25,24,92,23,24,233,121,0,0,0,0,0,0,0,0,0,0,0,0,0,0,21.7,36.9,32.2,52.7,18.0,34.4,26.5,46.6,21.7,36.9,32.2,52.7,18.0,34.4,26.5,46.6,0.0,0.0,0.0,0.0,0.0,0.0,0.0,0.0,(CONTRACTS OF 100 TROY OUNCES),N20,GOLD,PRECIOUS METALS,NATURAL RESOURCES,FutOnly,13,15,76,14,35,13,15,76,14,35
260331088691F,GOLD - COMMODITY EXCHANGE INC.,2026-03-31T00:00:00.000,2026 Report Week 13,GOLD,088691,CMX ,NYC,088 ,GOLD,361409,10979,30889,30201,211931,17517,120092,27278,35316,87510,17122,9177,310792,349230,50617,12179,361409,10979,30889,30201,211931,17517,120092,27278,35316,87510,17122,9177,310792,349230,50617,12179,0,0,0,0,0,0,0,0,0,0,0,0,0,0,0,0,-42516,-1782,-4088,-5868,-5750,-10650,530,-663,-8509,-13789,-7471,-3792,-43860,-40923,1344,-1593,100.0,3.0,8.5,8.4,58.6,4.8,33.2,7.5,9.8,24.2,4.7,2.5,86.0,96.6,14.0,3.4,100.0,3.0,8.5,8.4,58.6,4.8,33.2,7.5,9.8,24.2,4.7,2.5,86.0,96.6,14.0,3.4,100.0,0.0,0.0,0.0,0.0,0.0,0.0,0.0,0.0,0.0,0.0,0.0,0.0,0.0,0.0,0.0,259,14,27,24,95,19,24,229,117,259,14,27,24,95,19,24,229,117,0,0,0,0,0,0,0,0,0,0,0,0,0,0,21.9,36.3,32.9,53.3,18.0,35.0,26.9,46.7,21.9,36.3,32.9,53.3,18.0,35.0,26.9,46.7,0.0,0.0,0.0,0.0,0.0,0.0,0.0,0.0,(CONTRACTS OF 100 TROY OUNCES),N20,GOLD,PRECIOUS METALS,NATURAL RESOURCES,FutOnly,14,12,70,13,33,14,12,70,13,33
260331088695F,MICRO GOLD - COMMODITY EXCHANGE INC.,2026-03-31T00:00:00.000,2026 Report Week 13,MICRO GOLD,088695,CMX ,NYC,088 ,GOLD,57288,233,0,5854,0,0,372,583,24,15120,28000,4748,26351,33355,30937,23933,57288,233,0,5854,0,0,372,583,24,15120,28000,4748,26351,33355,30937,23933,0,0,0,0,0,0,0,0,0,0,0,0,0,0,0,0,-14709,233,0,-130,0,0,-189,583,24,-4831,-9115,-4180,-9073,-12688,-5636,-2021,100.0,0.4,0.0,10.2,0.0,0.0,0.6,1.0,0.0,26.4,48.9,8.3,46.0,58.2,54.0,41.8,100.0,0.4,0.0,10.2,0.0,0.0,0.6,1.0,0.0,26.4,48.9,8.3,46.0,58.2,54.0,41.8,100.0,0.0,0.0,0.0,0.0,0.0,0.0,0.0,0.0,0.0,0.0,0.0,0.0,0.0,0.0,0.0,41,0,0,0,17,15,12,32,23,41,0,0,0,17,15,12,32,23,0,0,0,0,0,0,0,0,0,0,0,0,0,0,22.5,43.4,31.5,49.8,22.3,41.2,29.9,44.9,22.5,43.4,31.5,49.8,22.3,41.2,29.9,44.9,0.0,0.0,0.0,0.0,0.0,0.0,0.0,0.0,(CONTRACTS OF 10 TROY OUNCES),N20,GOLD,PRECIOUS METALS,NATURAL RESOURCES,FutOnly,,4,,,,,4,,,
260324088691F,GOLD - COMMODITY EXCHANGE INC.,2026-03-24T00:00:00.000,2026 Report Week 12,GOLD,088691,CMX ,NYC,088 ,GOLD,403925,12761,34977,36069,217681,28167,119562,27941,43825,101299,24593,12969,354652,390153,49273,13772,403925,12761,34977,36069,217681,28167,119562,27941,43825,101299,24593,12969,354652,390153,49273,13772,0,0,0,0,0,0,0,0,0,0,0,0,0,0,0,0,-7463,-3118,1264,-906,-108,-5163,-10585,-163,1687,15485,-3395,-1223,-3823,-7101,-3640,-362,100.0,3.2,8.7,8.9,53.9,7.0,29.6,6.9,10.8,25.1,6.1,3.2,87.8,96.6,12.2,3.4,100.0,3.2,8.7,8.9,53.9,7.0,29.6,6.9,10.8,25.1,6.1,3.2,87.8,96.6,12.2,3.4,100.0,0.0,0.0,0.0,0.0,0.0,0.0,0.0,0.0,0.0,0.0,0.0,0.0,0.0,0.0,0.0,288,15,25,30,102,25,39,254,151,288,15,25,30,102,25,39,254,151,0,0,0,0,0,0,0,0,0,0,0,0,0,0,19.5,32.9,31.4,49.3,17.1,31.0,26.0,42.9,19.5,32.9,31.4,49.3,17.1,31.0,26.0,42.9,0.0,0.0,0.0,0.0,0.0,0.0,0.0,0.0,(CONTRACTS OF 100 TROY OUNCES),N20,GOLD,PRECIOUS METALS,NATURAL RESOURCES,FutOnly,14,14,70,25,41,14,14,70,25,41
260324088695F,MICRO GOLD - COMMODITY EXCHANGE INC.,2026-03-24T00:00:00.000,2026 Report Week 12,MICRO GOLD,088695,CMX ,NYC,088 ,GOLD,71997,0,0,5984,0,0,561,0,0,19951,37115,8928,35424,46043,36573,25954,71997,0,0,5984,0,0,561,0,0,19951,37115,8928,35424,46043,36573,25954,0,0,0,0,0,0,0,0,0,0,0,0,0,0,0,0,7874,0,0,173,0,0,561,0,0,9197,1532,3955,13886,5487,-6012,2387,100.0,0.0,0.0,8.3,0.0,0.0,0.8,0.0,0.0,27.7,51.6,12.4,49.2,64.0,50.8,36.0,100.0,0.0,0.0,8.3,0.0,0.0,0.8,0.0,0.0,27.7,51.6,12.4,49.2,64.0,50.8,36.0,100.0,0.0,0.0,0.0,0.0,0.0,0.0,0.0,0.0,0.0,0.0,0.0,0.0,0.0,0.0,0.0,41,0,0,0,22,14,13,36,18,41,0,0,0,22,14,13,36,18,0,0,0,0,0,0,0,0,0,0,0,0,0,0,24.1,47.2,32.5,57.8,21.1,42.0,27.1,48.2,24.1,47.2,32.5,57.8,21.1,42.0,27.1,48.2,0.0,0.0,0.0,0.0,0.0,0.0,0.0,0.0,(CONTRACTS OF 10 TROY OUNCES),N20,GOLD,PRECIOUS METALS,NATURAL RESOURCES,FutOnly,0,,,0,0,0,,,0,0
260317088691F,GOLD - COMMODITY EXCHANGE INC.,2026-03-17T00:00:00.000,2026 Report Week 11,GOLD,088691,CMX ,NYC,088 ,GOLD,411388,15879,33713,36975,217789,33330,130147,28104,42138,85814,27988,14192,358475,397254,52913,14134,411388,15879,33713,36975,217789,33330,130147,28104,42138,85814,27988,14192,358475,397254,52913,14134,0,0,0,0,0,0,0,0,0,0,0,0,0,0,0,0,-2568,1053,-809,-1343,-3809,1194,5070,1426,149,-4554,2353,-3626,-2057,-3122,-511,554,100.0,3.9,8.2,9.0,52.9,8.1,31.6,6.8,10.2,20.9,6.8,3.4,87.1,96.6,12.9,3.4,100.0,3.9,8.2,9.0,52.9,8.1,31.6,6.8,10.2,20.9,6.8,3.4,87.1,96.6,12.9,3.4,100.0,0.0,0.0,0.0,0.0,0.0,0.0,0.0,0.0,0.0,0.0,0.0,0.0,0.0,0.0,0.0,301,13,25,33,95,31,39,263,152,301,13,25,33,95,31,39,263,152,0,0,0,0,0,0,0,0,0,0,0,0,0,0,18.4,33.0,29.9,48.7,15.6,31.6,23.9,43.0,18.4,33.0,29.9,48.7,15.6,31.6,23.9,43.0,0.0,0.0,0.0,0.0,0.0,0.0,0.0,0.0,(CONTRACTS OF 100 TROY OUNCES),N20,GOLD,PRECIOUS METALS,NATURAL RESOURCES,FutOnly,15,17,81,24,38,15,17,81,24,38
260317088695F,MICRO GOLD - COMMODITY EXCHANGE INC.,2026-03-17T00:00:00.000,2026 Report Week 11,MICRO GOLD,088695,CMX ,NYC,088 ,GOLD,64123,0,0,5811,0,0,0,0,0,10754,35583,4973,21538,40556,42585,23567,64123,0,0,5811,0,0,0,0,0,10754,35583,4973,21538,40556,42585,23567,0,0,0,0,0,0,0,0,0,0,0,0,0,0,0,0,6007,0,0,284,0,0,-841,-509,0,1145,4335,1508,2096,5334,3911,673,100.0,0.0,0.0,9.1,0.0,0.0,0.0,0.0,0.0,16.8,55.5,7.8,33.6,63.2,66.4,36.8,100.0,0.0,0.0,9.1,0.0,0.0,0.0,0.0,0.0,16.8,55.5,7.8,33.6,63.2,66.4,36.8,100.0,0.0,0.0,0.0,0.0,0.0,0.0,0.0,0.0,0.0,0.0,0.0,0.0,0.0,0.0,0.0,37,0,0,0,17,17,12,29,20,37,0,0,0,17,17,12,29,20,0,0,0,0,0,0,0,0,0,0,0,0,0,0,16.9,41.6,23.5,53.8,14.9,38.4,20.3,49.0,16.9,41.6,23.5,53.8,14.9,38.4,20.3,49.0,0.0,0.0,0.0,0.0,0.0,0.0,0.0,0.0,(CONTRACTS OF 10 TROY OUNCES),N20,GOLD,PRECIOUS METALS,NATURAL RESOURCES,FutOnly,0,,0,0,0,0,,0,0,0
260310088695F,MICRO GOLD - COMMODITY EXCHANGE INC.,2026-03-10T00:00:00.000,2026 Report Week 10,MICRO GOLD,088695,CMX ,NYC,088 ,GOLD,58116,0,0,5527,0,0,841,509,0,9609,31248,3465,19442,35222,38674,22894,58116,0,0,5527,0,0,841,509,0,9609,31248,3465,19442,35222,38674,22894,0,0,0,0,0,0,0,0,0,0,0,0,0,0,0,0,-2815,0,0,145,0,0,841,509,0,-1752,-865,-91,-857,-447,-1958,-2368,100.0,0.0,0.0,9.5,0.0,0.0,1.4,0.9,0.0,16.5,53.8,6.0,33.5,60.6,66.5,39.4,100.0,0.0,0.0,9.5,0.0,0.0,1.4,0.9,0.0,16.5,53.8,6.0,33.5,60.6,66.5,39.4,100.0,0.0,0.0,0.0,0.0,0.0,0.0,0.0,0.0,0.0,0.0,0.0,0.0,0.0,0.0,0.0,35,0,0,0,16,13,12,29,18,35,0,0,0,16,13,12,29,18,0,0,0,0,0,0,0,0,0,0,0,0,0,0,16.8,38.9,22.9,50.7,15.0,37.7,20.4,48.1,16.8,38.9,22.9,50.7,15.0,37.7,20.4,48.1,0.0,0.0,0.0,0.0,0.0,0.0,0.0,0.0,(CONTRACTS OF 10 TROY OUNCES),N20,GOLD,PRECIOUS METALS,NATURAL RESOURCES,FutOnly,0,,,,0,0,,,,0
260310088691F,GOLD - COMMODITY EXCHANGE INC.,2026-03-10T00:00:00.000,2026 Report Week 10,GOLD,088691,CMX ,NYC,088 ,GOLD,413956,14826,34522,38318,221598,32136,125077,26678,41989,90368,25635,17818,360532,400376,53424,13580,413956,14826,34522,38318,221598,32136,125077,26678,41989,90368,25635,17818,360532,400376,53424,13580,0,0,0,0,0,0,0,0,0,0,0,0,0,0,0,0,4167,-393,-1488,-1042,2446,1881,1621,1139,2929,72,-2433,801,5869,5275,-1702,-1108,100.0,3.6,8.3,9.3,53.5,7.8,30.2,6.4,10.1,21.8,6.2,4.3,87.1,96.7,12.9,3.3,100.0,3.6,8.3,9.3,53.5,7.8,30.2,6.4,10.1,21.8,6.2,4.3,87.1,96.7,12.9,3.3,100.0,0.0,0.0,0.0,0.0,0.0,0.0,0.0,0.0,0.0,0.0,0.0,0.0,0.0,0.0,0.0,290,11,22,29,92,29,35,257,138,290,11,22,29,92,29,35,257,138,0,0,0,0,0,0,0,0,0,0,0,0,0,0,18.0,33.4,29.5,50.1,14.8,32.6,23.0,45.0,18.0,33.4,29.5,50.1,14.8,32.6,23.0,45.0,0.0,0.0,0.0,0.0,0.0,0.0,0.0,0.0,(CONTRACTS OF 100 TROY OUNCES),N20,GOLD,PRECIOUS METALS,NATURAL RESOURCES,FutOnly,16,21,79,21,37,16,21,79,21,37
260303088695F,MICRO GOLD - COMMODITY EXCHANGE INC.,2026-03-03T00:00:00.000,2026 Report Week 09,MICRO GOLD,088695,CMX ,NYC,088 ,GOLD,60931,0,0,5382,0,0,0,0,0,11361,32113,3556,20299,35669,40632,25262,60931,0,0,5382,0,0,0,0,0,11361,32113,3556,20299,35669,40632,25262,0,0,0,0,0,0,0,0,0,0,0,0,0,0,0,0,1006,0,0,79,0,0,0,0,0,-420,-746,567,226,-179,780,1185,100.0,0.0,0.0,8.8,0.0,0.0,0.0,0.0,0.0,18.6,52.7,5.8,33.3,58.5,66.7,41.5,100.0,0.0,0.0,8.8,0.0,0.0,0.0,0.0,0.0,18.6,52.7,5.8,33.3,58.5,66.7,41.5,100.0,0.0,0.0,0.0,0.0,0.0,0.0,0.0,0.0,0.0,0.0,0.0,0.0,0.0,0.0,0.0,35,0,0,0,18,15,9,27,17,35,0,0,0,18,15,9,27,17,0,0,0,0,0,0,0,0,0,0,0,0,0,0,16.5,37.6,22.3,50.4,14.5,36.9,19.3,47.2,16.5,37.6,22.3,50.4,14.5,36.9,19.3,47.2,0.0,0.0,0.0,0.0,0.0,0.0,0.0,0.0,(CONTRACTS OF 10 TROY OUNCES),N20,GOLD,PRECIOUS METALS,NATURAL RESOURCES,FutOnly,0,,0,0,0,0,,0,0,0
260303088691F,GOLD - COMMODITY EXCHANGE INC.,2026-03-03T00:00:00.000,2026 Report Week 09,GOLD,088691,CMX ,NYC,088 ,GOLD,409789,15219,36010,39360,219152,30255,123456,25539,39060,90296,28068,17017,354663,395101,55126,14688,409789,15219,36010,39360,219152,30255,123456,25539,39060,90296,28068,17017,354663,395101,55126,14688,0,0,0,0,0,0,0,0,0,0,0,0,0,0,0,0,-10393,419,1392,512,-684,-2295,2223,280,230,-120,855,1284,2253,1062,-12646,-11455,100.0,3.7,8.8,9.6,53.5,7.4,30.1,6.2,9.5,22.0,6.8,4.2,86.5,96.4,13.5,3.6,100.0,3.7,8.8,9.6,53.5,7.4,30.1,6.2,9.5,22.0,6.8,4.2,86.5,96.4,13.5,3.6,100.0,0.0,0.0,0.0,0.0,0.0,0.0,0.0,0.0,0.0,0.0,0.0,0.0,0.0,0.0,0.0,283,14,21,27,93,28,32,243,136,283,14,21,27,93,28,32,243,136,0,0,0,0,0,0,0,0,0,0,0,0,0,0,17.3,33.4,28.5,50.8,14.0,32.6,22.8,45.7,17.3,33.4,28.5,50.8,14.0,32.6,22.8,45.7,0.0,0.0,0.0,0.0,0.0,0.0,0.0,0.0,(CONTRACTS OF 100 TROY OUNCES),N20,GOLD,PRECIOUS METALS,NATURAL RESOURCES,FutOnly,15,21,73,21,32,15,21,73,21,32
260224088695F,MICRO GOLD - COMMODITY EXCHANGE INC.,2026-02-24T00:00:00.000,2026 Report Week 08,MICRO GOLD,088695,CMX ,NYC,088 ,GOLD,59925,0,0,5303,0,0,0,0,0,11781,32859,2989,20073,35848,39852,24077,59925,0,0,5303,0,0,0,0,0,11781,32859,2989,20073,35848,39852,24077,0,0,0,0,0,0,0,0,0,0,0,0,0,0,0,0,-889,0,0,350,0,0,0,0,0,-1427,2162,-2926,-4003,-764,3114,-125,100.0,0.0,0.0,8.8,0.0,0.0,0.0,0.0,0.0,19.7,54.8,5.0,33.5,59.8,66.5,40.2,100.0,0.0,0.0,8.8,0.0,0.0,0.0,0.0,0.0,19.7,54.8,5.0,33.5,59.8,66.5,40.2,100.0,0.0,0.0,0.0,0.0,0.0,0.0,0.0,0.0,0.0,0.0,0.0,0.0,0.0,0.0,0.0,34,0,0,0,15,17,10,25,19,34,0,0,0,15,17,10,25,19,0,0,0,0,0,0,0,0,0,0,0,0,0,0,16.7,34.4,23.7,48.6,16.7,34.1,22.5,47.2,16.7,34.4,23.7,48.6,16.7,34.1,22.5,47.2,0.0,0.0,0.0,0.0,0.0,0.0,0.0,0.0,(CONTRACTS OF 10 TROY OUNCES),N20,GOLD,PRECIOUS METALS,NATURAL RESOURCES,FutOnly,0,,0,0,0,0,,0,0,0
260224088691F,GOLD - COMMODITY EXCHANGE INC.,2026-02-24T00:00:00.000,2026 Report Week 08,GOLD,088691,CMX ,NYC,088 ,GOLD,420182,14800,34618,38848,219836,32550,121233,25259,38830,90416,27213,15733,352410,394039,67772,26143,420182,14800,34618,38848,219836,32550,121233,25259,38830,90416,27213,15733,352410,394039,67772,26143,0,0,0,0,0,0,0,0,0,0,0,0,0,0,0,0,13104,1157,-423,-2854,2750,-342,-1778,-1859,1520,-5,814,-545,-2847,1915,15951,11189,100.0,3.5,8.2,9.2,52.3,7.7,28.9,6.0,9.2,21.5,6.5,3.7,83.9,93.8,16.1,6.2,100.0,3.5,8.2,9.2,52.3,7.7,28.9,6.0,9.2,21.5,6.5,3.7,83.9,93.8,16.1,6.2,100.0,0.0,0.0,0.0,0.0,0.0,0.0,0.0,0.0,0.0,0.0,0.0,0.0,0.0,0.0,0.0,292,14,23,31,98,27,33,256,139,292,14,23,31,98,27,33,256,139,0,0,0,0,0,0,0,0,0,0,0,0,0,0,16.6,31.9,26.9,48.9,13.5,31.1,21.7,43.8,16.6,31.9,26.9,48.9,13.5,31.1,21.7,43.8,0.0,0.0,0.0,0.0,0.0,0.0,0.0,0.0,(CONTRACTS OF 100 TROY OUNCES),N20,GOLD,PRECIOUS METALS,NATURAL RESOURCES,FutOnly,17,19,78,20,32,17,19,78,20,32
260217088695F,MICRO GOLD - COMMODITY EXCHANGE INC.,2026-02-17T00:00:00.000,2026 Report Week 07,MICRO GOLD,088695,CMX ,NYC,088 ,GOLD,60814,0,0,4953,0,0,0,0,0,13208,30697,5915,24076,36612,36738,24202,60814,0,0,4953,0,0,0,0,0,13208,30697,5915,24076,36612,36738,24202,0,0,0,0,0,0,0,0,0,0,0,0,0,0,0,0,222,0,0,731,0,0,-218,-611,0,-2759,397,280,-1966,66,2188,156,100.0,0.0,0.0,8.1,0.0,0.0,0.0,0.0,0.0,21.7,50.5,9.7,39.6,60.2,60.4,39.8,100.0,0.0,0.0,8.1,0.0,0.0,0.0,0.0,0.0,21.7,50.5,9.7,39.6,60.2,60.4,39.8,100.0,0.0,0.0,0.0,0.0,0.0,0.0,0.0,0.0,0.0,0.0,0.0,0.0,0.0,0.0,0.0,36,0,0,0,17,17,9,25,20,36,0,0,0,17,17,9,25,20,0,0,0,0,0,0,0,0,0,0,0,0,0,0,18.5,33.4,27.0,46.8,16.2,33.4,21.9,44.6,18.5,33.4,27.0,46.8,16.2,33.4,21.9,44.6,0.0,0.0,0.0,0.0,0.0,0.0,0.0,0.0,(CONTRACTS OF 10 TROY OUNCES),N20,GOLD,PRECIOUS METALS,NATURAL RESOURCES,FutOnly,0,,0,0,0,0,,0,0,0
260217088691F,GOLD - COMMODITY EXCHANGE INC.,2026-02-17T00:00:00.000,2026 Report Week 07,GOLD,088691,CMX ,NYC,088 ,GOLD,407078,13643,35041,41702,217086,32892,123011,27118,37310,90421,26399,16278,355257,392124,51821,14954,407078,13643,35041,41702,217086,32892,123011,27118,37310,90421,26399,16278,355257,392124,51821,14954,0,0,0,0,0,0,0,0,0,0,0,0,0,0,0,0,2687,-2094,859,-1542,-5451,3135,3779,-92,929,-3155,813,2730,3782,2923,-1095,-236,100.0,3.4,8.6,10.2,53.3,8.1,30.2,6.7,9.2,22.2,6.5,4.0,87.3,96.3,12.7,3.7,100.0,3.4,8.6,10.2,53.3,8.1,30.2,6.7,9.2,22.2,6.5,4.0,87.3,96.3,12.7,3.7,100.0,0.0,0.0,0.0,0.0,0.0,0.0,0.0,0.0,0.0,0.0,0.0,0.0,0.0,0.0,0.0,298,16,22,29,91,34,32,247,151,298,16,22,29,91,34,32,247,151,0,0,0,0,0,0,0,0,0,0,0,0,0,0,16.9,32.7,27.7,50.8,13.8,31.5,22.8,44.8,16.9,32.7,27.7,50.8,13.8,31.5,22.8,44.8,0.0,0.0,0.0,0.0,0.0,0.0,0.0,0.0,(CONTRACTS OF 100 TROY OUNCES),N20,GOLD,PRECIOUS METALS,NATURAL RESOURCES,FutOnly,14,21,79,25,33,14,21,79,25,33
260210088695F,MICRO GOLD - COMMODITY EXCHANGE INC.,2026-02-10T00:00:00.000,2026 Report Week 06,MICRO GOLD,088695,CMX ,NYC,088 ,GOLD,60592,0,0,4222,0,0,218,611,0,15967,30300,5635,26042,36546,34550,24046,60592,0,0,4222,0,0,218,611,0,15967,30300,5635,26042,36546,34550,24046,0,0,0,0,0,0,0,0,0,0,0,0,0,0,0,0,6998,0,0,184,0,0,-104,611,0,4751,4870,2309,7140,7790,-142,-792,100.0,0.0,0.0,7.0,0.0,0.0,0.4,1.0,0.0,26.4,50.0,9.3,43.0,60.3,57.0,39.7,100.0,0.0,0.0,7.0,0.0,0.0,0.4,1.0,0.0,26.4,50.0,9.3,43.0,60.3,57.0,39.7,100.0,0.0,0.0,0.0,0.0,0.0,0.0,0.0,0.0,0.0,0.0,0.0,0.0,0.0,0.0,0.0,38,0,0,0,17,17,13,28,23,38,0,0,0,17,17,13,28,23,0,0,0,0,0,0,0,0,0,0,0,0,0,0,22.2,30.3,30.3,44.5,18.8,29.8,25.5,42.2,22.2,30.3,30.3,44.5,18.8,29.8,25.5,42.2,0.0,0.0,0.0,0.0,0.0,0.0,0.0,0.0,(CONTRACTS OF 10 TROY OUNCES),N20,GOLD,PRECIOUS METALS,NATURAL RESOURCES,FutOnly,0,,,,0,0,,,,0
260210088691F,GOLD - COMMODITY EXCHANGE INC.,2026-02-10T00:00:00.000,2026 Report Week 06,GOLD,088691,CMX ,NYC,088 ,GOLD,404391,15737,34182,43244,222537,29757,119232,27210,36381,93576,25586,13548,351475,389201,52916,15190,404391,15737,34182,43244,222537,29757,119232,27210,36381,93576,25586,13548,351475,389201,52916,15190,0,0,0,0,0,0,0,0,0,0,0,0,0,0,0,0,-5303,1665,-4524,2941,-910,-3832,296,346,-1584,-1996,3546,901,-1609,-6057,-3694,754,100.0,3.9,8.5,10.7,55.0,7.4,29.5,6.7,9.0,23.1,6.3,3.4,86.9,96.2,13.1,3.8,100.0,3.9,8.5,10.7,55.0,7.4,29.5,6.7,9.0,23.1,6.3,3.4,86.9,96.2,13.1,3.8,100.0,0.0,0.0,0.0,0.0,0.0,0.0,0.0,0.0,0.0,0.0,0.0,0.0,0.0,0.0,0.0,290,15,24,28,94,30,30,243,142,290,15,24,28,94,30,30,243,142,0,0,0,0,0,0,0,0,0,0,0,0,0,0,17.3,33.8,28.4,52.7,14.2,32.9,23.5,45.9,17.3,33.8,28.4,52.7,14.2,32.9,23.5,45.9,0.0,0.0,0.0,0.0,0.0,0.0,0.0,0.0,(CONTRACTS OF 100 TROY OUNCES),N20,GOLD,PRECIOUS METALS,NATURAL RESOURCES,FutOnly,18,16,78,19,31,18,16,78,19,31
260203088695F,MICRO GOLD - COMMODITY EXCHANGE INC.,2026-02-03T00:00:00.000,2026 Report Week 05,MICRO GOLD,088695,CMX ,NYC,088 ,GOLD,53594,0,0,4038,0,0,322,0,0,11216,25430,3326,18902,28756,34692,24838,53594,0,0,4038,0,0,322,0,0,11216,25430,3326,18902,28756,34692,24838,0,0,0,0,0,0,0,0,0,0,0,0,0,0,0,0,-24827,0,0,16,0,-1,322,0,0,-13410,-13907,-9461,-22534,-23369,-2293,-1458,100.0,0.0,0.0,7.5,0.0,0.0,0.6,0.0,0.0,20.9,47.4,6.2,35.3,53.7,64.7,46.3,100.0,0.0,0.0,7.5,0.0,0.0,0.6,0.0,0.0,20.9,47.4,6.2,35.3,53.7,64.7,46.3,100.0,0.0,0.0,0.0,0.0,0.0,0.0,0.0,0.0,0.0,0.0,0.0,0.0,0.0,0.0,0.0,34,0,0,0,16,14,11,27,18,34,0,0,0,16,14,11,27,18,0,0,0,0,0,0,0,0,0,0,0,0,0,0,13.4,29.8,20.7,44.2,13.0,29.6,19.3,41.0,13.4,29.8,20.7,44.2,13.0,29.6,19.3,41.0,0.0,0.0,0.0,0.0,0.0,0.0,0.0,0.0,(CONTRACTS OF 10 TROY OUNCES),N20,GOLD,PRECIOUS METALS,NATURAL RESOURCES,FutOnly,0,,,0,0,0,,,0,0
260203088691F,GOLD - COMMODITY EXCHANGE INC.,2026-02-03T00:00:00.000,2026 Report Week 05,GOLD,088691,CMX ,NYC,088 ,GOLD,409694,14072,38706,40303,223447,33589,118936,26864,37965,95572,22040,12647,353084,395258,56610,14436,409694,14072,38706,40303,223447,33589,118936,26864,37965,95572,22040,12647,353084,395258,56610,14436,0,0,0,0,0,0,0,0,0,0,0,0,0,0,0,0,-78769,-537,-16492,6179,-18373,-13878,-24385,1702,-13485,-13207,498,-13389,-72702,-73417,-6067,-5352,100.0,3.4,9.4,9.8,54.5,8.2,29.0,6.6,9.3,23.3,5.4,3.1,86.2,96.5,13.8,3.5,100.0,3.4,9.4,9.8,54.5,8.2,29.0,6.6,9.3,23.3,5.4,3.1,86.2,96.5,13.8,3.5,100.0,0.0,0.0,0.0,0.0,0.0,0.0,0.0,0.0,0.0,0.0,0.0,0.0,0.0,0.0,0.0,304,16,23,27,101,28,32,263,138,304,16,23,27,101,28,32,263,138,0,0,0,0,0,0,0,0,0,0,0,0,0,0,17.1,34.2,28.5,53.8,13.8,32.7,23.5,46.6,17.1,34.2,28.5,53.8,13.8,32.7,23.5,46.6,0.0,0.0,0.0,0.0,0.0,0.0,0.0,0.0,(CONTRACTS OF 100 TROY OUNCES),N20,GOLD,PRECIOUS METALS,NATURAL RESOURCES,FutOnly,17,20,88,18,31,17,20,88,18,31
260127088LM1F,"GOLD -1 TROY OUNCE  - COINBASE DERIVATIVES, LLC",2026-01-27T00:00:00.000,2026 Report Week 04,GOLD -1 TROY OUNCE,088LM1,FREX,CHI,088 ,GOLD,11365,0,0,0,0,0,0,0,0,4243,7984,1121,5364,9105,6001,2260,11365,0,0,0,0,0,0,0,0,4243,7984,1121,5364,9105,6001,2260,0,0,0,0,0,0,0,0,0,0,0,0,0,0,0,0,1046,0,0,0,0,0,0,0,0,116,-696,1121,1237,425,-191,621,100.0,0.0,0.0,0.0,0.0,0.0,0.0,0.0,0.0,37.3,70.3,9.9,47.2,80.1,52.8,19.9,100.0,0.0,0.0,0.0,0.0,0.0,0.0,0.0,0.0,37.3,70.3,9.9,47.2,80.1,52.8,19.9,100.0,0.0,0.0,0.0,0.0,0.0,0.0,0.0,0.0,0.0,0.0,0.0,0.0,0.0,0.0,0.0,21,0,0,0,17,4,,17,5,21,0,0,0,17,4,,17,5,0,0,0,0,0,0,0,0,0,0,0,0,0,0,24.3,78.4,31.4,80.1,14.5,70.3,21.5,70.3,24.3,78.4,31.4,80.1,14.5,70.3,21.5,70.3,0.0,0.0,0.0,0.0,0.0,0.0,0.0,0.0,"(1 troy ounce x $2,300)",N20,GOLD,PRECIOUS METALS,NATURAL RESOURCES,FutOnly,0,0,0,0,0,0,0,0,0,0
260127088695F,MICRO GOLD - COMMODITY EXCHANGE INC.,2026-01-27T00:00:00.000,2026 Report Week 04,MICRO GOLD,088695,CMX ,NYC,088 ,GOLD,78421,0,0,4022,0,1,0,0,0,24626,39337,12787,41436,52125,36985,26296,78421,0,0,4022,0,1,0,0,0,24626,39337,12787,41436,52125,36985,26296,0,0,0,0,0,0,0,0,0,0,0,0,0,0,0,0,-549,0,0,1033,0,1,-1504,0,0,-5251,13,5212,-509,5226,-40,-5775,100.0,0.0,0.0,5.1,0.0,0.0,0.0,0.0,0.0,31.4,50.2,16.3,52.8,66.5,47.2,33.5,100.0,0.0,0.0,5.1,0.0,0.0,0.0,0.0,0.0,31.4,50.2,16.3,52.8,66.5,47.2,33.5,100.0,0.0,0.0,0.0,0.0,0.0,0.0,0.0,0.0,0.0,0.0,0.0,0.0,0.0,0.0,0.0,30,0,0,,16,10,11,26,16,30,0,0,,16,10,11,26,16,0,0,0,0,0,0,0,0,0,0,0,0,0,0,24.9,53.3,35.1,63.5,21.3,42.8,28.5,49.3,24.9,53.3,35.1,63.5,21.3,42.8,28.5,49.3,0.0,0.0,0.0,0.0,0.0,0.0,0.0,0.0,(CONTRACTS OF 10 TROY OUNCES),N20,GOLD,PRECIOUS METALS,NATURAL RESOURCES,FutOnly,0,,0,0,0,0,,0,0,0
260127088691F,GOLD - COMMODITY EXCHANGE INC.,2026-01-27T00:00:00.000,2026 Report Week 04,GOLD,088691,CMX ,NYC,088 ,GOLD,488463,14609,55198,34124,241820,47467,143321,25162,51450,108779,21542,26036,425786,468675,62677,19788,488463,14609,55198,34124,241820,47467,143321,25162,51450,108779,21542,26036,425786,468675,62677,19788,0,0,0,0,0,0,0,0,0,0,0,0,0,0,0,0,-39541,-4122,-5822,4602,-35102,9851,-20347,-1062,-1994,-23325,-3236,-4747,-40082,-42112,541,2571,100.0,3.0,11.3,7.0,49.5,9.7,29.3,5.2,10.5,22.3,4.4,5.3,87.2,95.9,12.8,4.1,100.0,3.0,11.3,7.0,49.5,9.7,29.3,5.2,10.5,22.3,4.4,5.3,87.2,95.9,12.8,4.1,100.0,0.0,0.0,0.0,0.0,0.0,0.0,0.0,0.0,0.0,0.0,0.0,0.0,0.0,0.0,0.0,310,17,24,30,102,27,40,275,151,310,17,24,30,102,27,40,275,151,0,0,0,0,0,0,0,0,0,0,0,0,0,0,14.7,32.6,25.9,49.6,12.0,31.5,21.0,44.6,14.7,32.6,25.9,49.6,12.0,31.5,21.0,44.6,0.0,0.0,0.0,0.0,0.0,0.0,0.0,0.0,(CONTRACTS OF 100 TROY OUNCES),N20,GOLD,PRECIOUS METALS,NATURAL RESOURCES,FutOnly,15,17,96,19,38,15,17,96,19,38
260120088691F,GOLD - COMMODITY EXCHANGE INC.,2026-01-20T00:00:00.000,2026 Report Week 03,GOLD,088691,CMX ,NYC,088 ,GOLD,528004,18731,61020,29522,276922,37616,163668,26224,53444,132104,24778,30783,465868,510787,62136,17217,528004,18731,61020,29522,276922,37616,163668,26224,53444,132104,24778,30783,465868,510787,62136,17217,0,0,0,0,0,0,0,0,0,0,0,0,0,0,0,0,549,4733,-4143,-1644,-185,-602,4843,2144,4497,-5254,3913,-1940,4633,3684,-4084,-3135,100.0,3.5,11.6,5.6,52.4,7.1,31.0,5.0,10.1,25.0,4.7,5.8,88.2,96.7,11.8,3.3,100.0,3.5,11.6,5.6,52.4,7.1,31.0,5.0,10.1,25.0,4.7,5.8,88.2,96.7,11.8,3.3,100.0,0.0,0.0,0.0,0.0,0.0,0.0,0.0,0.0,0.0,0.0,0.0,0.0,0.0,0.0,0.0,330,17,26,27,110,29,34,290,152,330,17,26,27,110,29,34,290,152,0,0,0,0,0,0,0,0,0,0,0,0,0,0,14.1,32.7,24.5,50.3,11.4,31.5,20.3,47.1,14.1,32.7,24.5,50.3,11.4,31.5,20.3,47.1,0.0,0.0,0.0,0.0,0.0,0.0,0.0,0.0,(CONTRACTS OF 100 TROY OUNCES),N20,GOLD,PRECIOUS METALS,NATURAL RESOURCES,FutOnly,18,15,103,21,41,18,15,103,21,41
260120088LM1F,"GOLD -1 TROY OUNCE  - COINBASE DERIVATIVES, LLC",2026-01-20T00:00:00.000,2026 Report Week 03,GOLD -1 TROY OUNCE,088LM1,FREX,CHI,088 ,GOLD,10319,0,0,0,0,0,0,0,0,4127,8680,0,4127,8680,6192,1639,10319,0,0,0,0,0,0,0,0,4127,8680,0,4127,8680,6192,1639,0,0,0,0,0,0,0,0,0,0,0,0,0,0,0,0,926,0,0,0,0,0,0,0,0,287,663,0,287,663,639,263,100.0,0.0,0.0,0.0,0.0,0.0,0.0,0.0,0.0,40.0,84.1,0.0,40.0,84.1,60.0,15.9,100.0,0.0,0.0,0.0,0.0,0.0,0.0,0.0,0.0,40.0,84.1,0.0,40.0,84.1,60.0,15.9,100.0,0.0,0.0,0.0,0.0,0.0,0.0,0.0,0.0,0.0,0.0,0.0,0.0,0.0,0.0,0.0,20,0,0,0,16,4,0,16,4,20,0,0,0,16,4,0,16,4,0,0,0,0,0,0,0,0,0,0,0,0,0,0,16.7,84.1,24.5,84.1,16.7,84.1,24.5,84.1,16.7,84.1,24.5,84.1,16.7,84.1,24.5,84.1,0.0,0.0,0.0,0.0,0.0,0.0,0.0,0.0,"(1 troy ounce x $2,300)",N20,GOLD,PRECIOUS METALS,NATURAL RESOURCES,FutOnly,0,0,0,0,0,0,0,0,0,0
260120088695F,MICRO GOLD - COMMODITY EXCHANGE INC.,2026-01-20T00:00:00.000,2026 Report Week 03,MICRO GOLD,088695,CMX ,NYC,088 ,GOLD,78970,0,0,2989,0,0,1504,0,0,29877,39324,7575,41945,46899,37025,32071,78970,0,0,2989,0,0,1504,0,0,29877,39324,7575,41945,46899,37025,32071,0,0,0,0,0,0,0,0,0,0,0,0,0,0,0,0,6415,0,0,139,0,0,868,0,0,4355,-1206,1748,7110,542,-695,5873,100.0,0.0,0.0,3.8,0.0,0.0,1.9,0.0,0.0,37.8,49.8,9.6,53.1,59.4,46.9,40.6,100.0,0.0,0.0,3.8,0.0,0.0,1.9,0.0,0.0,37.8,49.8,9.6,53.1,59.4,46.9,40.6,100.0,0.0,0.0,0.0,0.0,0.0,0.0,0.0,0.0,0.0,0.0,0.0,0.0,0.0,0.0,0.0,37,0,0,0,18,13,11,31,17,37,0,0,0,18,13,11,31,17,0,0,0,0,0,0,0,0,0,0,0,0,0,0,27.1,46.1,35.9,54.6,25.0,41.4,32.1,47.4,27.1,46.1,35.9,54.6,25.0,41.4,32.1,47.4,0.0,0.0,0.0,0.0,0.0,0.0,0.0,0.0,(CONTRACTS OF 10 TROY OUNCES),N20,GOLD,PRECIOUS METALS,NATURAL RESOURCES,FutOnly,0,,,0,0,0,,,0,0
260113088695F,MICRO GOLD - COMMODITY EXCHANGE INC.,2026-01-13T00:00:00.000,2026 Report Week 02,MICRO GOLD,088695,CMX ,NYC,088 ,GOLD,72555,0,0,2850,0,0,636,0,0,25522,40530,5827,34835,46357,37720,26198,72555,0,0,2850,0,0,636,0,0,25522,40530,5827,34835,46357,37720,26198,0,0,0,0,0,0,0,0,0,0,0,0,0,0,0,0,3822,0,0,-161,0,0,158,-320,0,2897,3238,429,3323,3347,499,475,100.0,0.0,0.0,3.9,0.0,0.0,0.9,0.0,0.0,35.2,55.9,8.0,48.0,63.9,52.0,36.1,100.0,0.0,0.0,3.9,0.0,0.0,0.9,0.0,0.0,35.2,55.9,8.0,48.0,63.9,52.0,36.1,100.0,0.0,0.0,0.0,0.0,0.0,0.0,0.0,0.0,0.0,0.0,0.0,0.0,0.0,0.0,0.0,38,0,0,0,18,15,9,28,19,38,0,0,0,18,15,9,28,19,0,0,0,0,0,0,0,0,0,0,0,0,0,0,25.6,51.0,33.3,57.9,23.2,45.2,29.9,52.1,25.6,51.0,33.3,57.9,23.2,45.2,29.9,52.1,0.0,0.0,0.0,0.0,0.0,0.0,0.0,0.0,(CONTRACTS OF 10 TROY OUNCES),N20,GOLD,PRECIOUS METALS,NATURAL RESOURCES,FutOnly,0,,,0,0,0,,,0,0
260113088LM1F,"GOLD -1 TROY OUNCE  - COINBASE DERIVATIVES, LLC",2026-01-13T00:00:00.000,2026 Report Week 02,GOLD -1 TROY OUNCE,088LM1,FREX,CHI,088 ,GOLD,9393,0,0,0,0,0,0,0,0,3840,8017,0,3840,8017,5553,1376,9393,0,0,0,0,0,0,0,0,3840,8017,0,3840,8017,5553,1376,0,0,0,0,0,0,0,0,0,0,0,0,0,0,0,0,,,,,,,,,,,,,,,,,100.0,0.0,0.0,0.0,0.0,0.0,0.0,0.0,0.0,40.9,85.4,0.0,40.9,85.4,59.1,14.6,100.0,0.0,0.0,0.0,0.0,0.0,0.0,0.0,0.0,40.9,85.4,0.0,40.9,85.4,59.1,14.6,100.0,0.0,0.0,0.0,0.0,0.0,0.0,0.0,0.0,0.0,0.0,0.0,0.0,0.0,0.0,0.0,24,0,0,0,18,6,0,18,6,24,0,0,0,18,6,0,18,6,0,0,0,0,0,0,0,0,0,0,0,0,0,0,11.1,81.1,19.6,85.4,11.1,81.1,19.6,85.4,11.1,81.1,19.6,85.4,11.1,81.1,19.6,85.4,0.0,0.0,0.0,0.0,0.0,0.0,0.0,0.0,"1 troy ounce x $2,300",N20,GOLD,PRECIOUS METALS,NATURAL RESOURCES,FutOnly,0,0,0,0,0,0,0,0,0,0
260113088691F,GOLD - COMMODITY EXCHANGE INC.,2026-01-13T00:00:00.000,2026 Report Week 02,GOLD,088691,CMX ,NYC,088 ,GOLD,527455,13998,65163,31166,277107,38218,158825,24080,48947,137358,20865,32723,461235,507103,66220,20352,527455,13998,65163,31166,277107,38218,158825,24080,48947,137358,20865,32723,461235,507103,66220,20352,0,0,0,0,0,0,0,0,0,0,0,0,0,0,0,0,39339,544,1167,-6290,18158,8910,12380,848,-1316,9368,-2706,9641,33237,34702,6102,4637,100.0,2.7,12.4,5.9,52.5,7.2,30.1,4.6,9.3,26.0,4.0,6.2,87.4,96.1,12.6,3.9,100.0,2.7,12.4,5.9,52.5,7.2,30.1,4.6,9.3,26.0,4.0,6.2,87.4,96.1,12.6,3.9,100.0,0.0,0.0,0.0,0.0,0.0,0.0,0.0,0.0,0.0,0.0,0.0,0.0,0.0,0.0,0.0,325,13,25,30,102,30,34,287,150,325,13,25,30,102,30,34,287,150,0,0,0,0,0,0,0,0,0,0,0,0,0,0,13.6,32.5,23.8,50.7,11.4,31.3,20.1,47.4,13.6,32.5,23.8,50.7,11.4,31.3,20.1,47.4,0.0,0.0,0.0,0.0,0.0,0.0,0.0,0.0,(CONTRACTS OF 100 TROY OUNCES),N20,GOLD,PRECIOUS METALS,NATURAL RESOURCES,FutOnly,15,18,103,21,42,15,18,103,21,42
260106088695F,MICRO GOLD - COMMODITY EXCHANGE INC.,2026-01-06T00:00:00.000,2026 Report Week 01,MICRO GOLD,088695,CMX ,NYC,088 ,GOLD,68733,0,0,3011,0,0,478,320,0,22625,37292,5398,31512,43010,37221,25723,68733,0,0,3011,0,0,478,320,0,22625,37292,5398,31512,43010,37221,25723,0,0,0,0,0,0,0,0,0,0,0,0,0,0,0,0,-1288,0,0,141,0,0,0,320,0,6632,-4582,-719,6054,-4981,-7342,3693,100.0,0.0,0.0,4.4,0.0,0.0,0.7,0.5,0.0,32.9,54.3,7.9,45.8,62.6,54.2,37.4,100.0,0.0,0.0,4.4,0.0,0.0,0.7,0.5,0.0,32.9,54.3,7.9,45.8,62.6,54.2,37.4,100.0,0.0,0.0,0.0,0.0,0.0,0.0,0.0,0.0,0.0,0.0,0.0,0.0,0.0,0.0,0.0,34,0,0,0,14,15,10,25,19,34,0,0,0,14,15,10,25,19,0,0,0,0,0,0,0,0,0,0,0,0,0,0,27.5,49.2,35.1,58.1,25.7,43.7,31.9,51.3,27.5,49.2,35.1,58.1,25.7,43.7,31.9,51.3,0.0,0.0,0.0,0.0,0.0,0.0,0.0,0.0,(CONTRACTS OF 10 TROY OUNCES),N20,GOLD,PRECIOUS METALS,NATURAL RESOURCES,FutOnly,0,,,,0,0,,,,0
260106088691F,GOLD - COMMODITY EXCHANGE INC.,2026-01-06T00:00:00.000,2026 Report Week 01,GOLD,088691,CMX ,NYC,088 ,GOLD,488116,13454,63996,37456,258949,29308,146445,23232,50263,127990,23571,23082,427998,472401,60118,15715,488116,13454,63996,37456,258949,29308,146445,23232,50263,127990,23571,23082,427998,472401,60118,15715,0,0,0,0,0,0,0,0,0,0,0,0,0,0,0,0,6250,496,-3443,446,1174,-2978,-2197,630,5889,1040,1754,3653,6349,6679,-99,-429,100.0,2.8,13.1,7.7,53.1,6.0,30.0,4.8,10.3,26.2,4.8,4.7,87.7,96.8,12.3,3.2,100.0,2.8,13.1,7.7,53.1,6.0,30.0,4.8,10.3,26.2,4.8,4.7,87.7,96.8,12.3,3.2,100.0,0.0,0.0,0.0,0.0,0.0,0.0,0.0,0.0,0.0,0.0,0.0,0.0,0.0,0.0,0.0,310,11,26,27,99,33,33,269,144,310,11,26,27,99,33,33,269,144,0,0,0,0,0,0,0,0,0,0,0,0,0,0,15.0,34.0,26.5,51.6,12.5,32.3,21.8,47.7,15.0,34.0,26.5,51.6,12.5,32.3,21.8,47.7,0.0,0.0,0.0,0.0,0.0,0.0,0.0,0.0,(CONTRACTS OF 100 TROY OUNCES),N20,GOLD,PRECIOUS METALS,NATURAL RESOURCES,FutOnly,11,19,95,19,38,11,19,95,19,38
251230088695F,MICRO GOLD - COMMODITY EXCHANGE INC.,2025-12-30T00:00:00.000,2025 Report Week 52,MICRO GOLD,088695,CMX ,NYC,088 ,GOLD,70021,0,0,2870,0,0,478,0,0,15993,41874,6117,25458,47991,44563,22030,70021,0,0,2870,0,0,478,0,0,15993,41874,6117,25458,47991,44563,22030,0,0,0,0,0,0,0,0,0,0,0,0,0,0,0,0,4809,0,0,34,0,0,-203,0,0,-1841,7265,2403,393,9668,4416,-4859,100.0,0.0,0.0,4.1,0.0,0.0,0.7,0.0,0.0,22.8,59.8,8.7,36.4,68.5,63.6,31.5,100.0,0.0,0.0,4.1,0.0,0.0,0.7,0.0,0.0,22.8,59.8,8.7,36.4,68.5,63.6,31.5,100.0,0.0,0.0,0.0,0.0,0.0,0.0,0.0,0.0,0.0,0.0,0.0,0.0,0.0,0.0,0.0,33,0,0,0,16,14,7,24,16,33,0,0,0,16,14,7,24,16,0,0,0,0,0,0,0,0,0,0,0,0,0,0,17.8,54.7,25.8,64.7,14.9,47.6,21.3,56.5,17.8,54.7,25.8,64.7,14.9,47.6,21.3,56.5,0.0,0.0,0.0,0.0,0.0,0.0,0.0,0.0,(CONTRACTS OF 10 TROY OUNCES),N20,GOLD,PRECIOUS METALS,NATURAL RESOURCES,FutOnly,0,,,0,0,0,,,0,0
251230088LM1F,"GOLD -1 TROY OUNCE  - COINBASE DERIVATIVES, LLC",2025-12-30T00:00:00.000,2025 Report Week 52,GOLD -1 TROY OUNCE,088LM1,FREX,CHI,088 ,GOLD,11050,0,0,0,0,0,0,0,0,4000,10241,0,4000,10241,7050,809,11050,0,0,0,0,0,0,0,0,4000,10241,0,4000,10241,7050,809,0,0,0,0,0,0,0,0,0,0,0,0,0,0,0,0,,,,,,,,,,,,,,,,,100.0,0.0,0.0,0.0,0.0,0.0,0.0,0.0,0.0,36.2,92.7,0.0,36.2,92.7,63.8,7.3,100.0,0.0,0.0,0.0,0.0,0.0,0.0,0.0,0.0,36.2,92.7,0.0,36.2,92.7,63.8,7.3,100.0,0.0,0.0,0.0,0.0,0.0,0.0,0.0,0.0,0.0,0.0,0.0,0.0,0.0,0.0,0.0,22,0,0,0,20,,0,20,,22,0,0,0,20,,0,20,,0,0,0,0,0,0,0,0,0,0,0,0,0,0,7.2,92.7,14.5,92.7,7.2,92.7,14.5,92.7,7.2,92.7,14.5,92.7,7.2,92.7,14.5,92.7,0.0,0.0,0.0,0.0,0.0,0.0,0.0,0.0,"1 troy ounce x $2,300",N20,GOLD,PRECIOUS METALS,NATURAL RESOURCES,FutOnly,0,0,0,0,0,0,0,0,0,0
251230088691F,GOLD - COMMODITY EXCHANGE INC.,2025-12-30T00:00:00.000,2025 Report Week 52,GOLD,088691,CMX ,NYC,088 ,GOLD,481866,12958,67439,37010,257775,32286,148642,22602,44374,126950,21817,19429,421649,465722,60217,16144,481866,12958,67439,37010,257775,32286,148642,22602,44374,126950,21817,19429,421649,465722,60217,16144,0,0,0,0,0,0,0,0,0,0,0,0,0,0,0,0,-10237,-4200,-1003,6867,-4610,3752,-11939,-1709,4313,-2630,-3333,-4349,-8186,-6939,-2051,-3298,100.0,2.7,14.0,7.7,53.5,6.7,30.8,4.7,9.2,26.3,4.5,4.0,87.5,96.6,12.5,3.4,100.0,2.7,14.0,7.7,53.5,6.7,30.8,4.7,9.2,26.3,4.5,4.0,87.5,96.6,12.5,3.4,100.0,0.0,0.0,0.0,0.0,0.0,0.0,0.0,0.0,0.0,0.0,0.0,0.0,0.0,0.0,0.0,304,11,25,27,95,29,31,263,140,304,11,25,27,95,29,31,263,140,0,0,0,0,0,0,0,0,0,0,0,0,0,0,14.9,35.3,26.6,52.4,12.5,33.5,21.9,48.7,14.9,35.3,26.6,52.4,12.5,33.5,21.9,48.7,0.0,0.0,0.0,0.0,0.0,0.0,0.0,0.0,(CONTRACTS OF 100 TROY OUNCES),N20,GOLD,PRECIOUS METALS,NATURAL RESOURCES,FutOnly,13,20,92,21,36,13,20,92,21,36
251223088691F,GOLD - COMMODITY EXCHANGE INC.,2025-12-23T00:00:00.000,2025 Report Week 51,GOLD,088691,CMX ,NYC,088 ,GOLD,492103,17158,68442,30143,262385,28534,160581,24311,40061,129580,25150,23778,429835,472661,62268,19442,492103,17158,68442,30143,262385,28534,160581,24311,40061,129580,25150,23778,429835,472661,62268,19442,0,0,0,0,0,0,0,0,0,0,0,0,0,0,0,0,21010,1101,8136,-1827,306,1906,7708,4034,4667,1533,-1515,2449,17537,19983,3473,1027,100.0,3.5,13.9,6.1,53.3,5.8,32.6,4.9,8.1,26.3,5.1,4.8,87.3,96.0,12.7,4.0,100.0,3.5,13.9,6.1,53.3,5.8,32.6,4.9,8.1,26.3,5.1,4.8,87.3,96.0,12.7,4.0,100.0,0.0,0.0,0.0,0.0,0.0,0.0,0.0,0.0,0.0,0.0,0.0,0.0,0.0,0.0,0.0,320,14,29,25,102,30,30,272,142,320,14,29,25,102,30,30,272,142,0,0,0,0,0,0,0,0,0,0,0,0,0,0,13.9,34.2,25.2,51.0,12.4,33.0,21.5,48.3,13.9,34.2,25.2,51.0,12.4,33.0,21.5,48.3,0.0,0.0,0.0,0.0,0.0,0.0,0.0,0.0,(CONTRACTS OF 100 TROY OUNCES),N20,GOLD,PRECIOUS METALS,NATURAL RESOURCES,FutOnly,13,14,99,23,33,13,14,99,23,33
251223088695F,MICRO GOLD - COMMODITY EXCHANGE INC.,2025-12-23T00:00:00.000,2025 Report Week 51,MICRO GOLD,088695,CMX ,NYC,088 ,GOLD,65212,0,0,2836,0,0,681,0,0,17834,34609,3714,25065,38323,40147,26889,65212,0,0,2836,0,0,681,0,0,17834,34609,3714,25065,38323,40147,26889,0,0,0,0,0,0,0,0,0,0,0,0,0,0,0,0,7318,0,0,495,0,0,-28,0,0,6807,5987,-493,6781,5494,537,1824,100.0,0.0,0.0,4.3,0.0,0.0,1.0,0.0,0.0,27.3,53.1,5.7,38.4,58.8,61.6,41.2,100.0,0.0,0.0,4.3,0.0,0.0,1.0,0.0,0.0,27.3,53.1,5.7,38.4,58.8,61.6,41.2,100.0,0.0,0.0,0.0,0.0,0.0,0.0,0.0,0.0,0.0,0.0,0.0,0.0,0.0,0.0,0.0,35,0,0,0,17,14,6,26,15,35,0,0,0,17,14,6,26,15,0,0,0,0,0,0,0,0,0,0,0,0,0,0,17.0,47.3,23.9,55.7,17.0,43.4,23.0,50.5,17.0,47.3,23.9,55.7,17.0,43.4,23.0,50.5,0.0,0.0,0.0,0.0,0.0,0.0,0.0,0.0,(CONTRACTS OF 10 TROY OUNCES),N20,GOLD,PRECIOUS METALS,NATURAL RESOURCES,FutOnly,0,,,0,0,0,,,0,0
251216088691F,GOLD - COMMODITY EXCHANGE INC.,2025-12-16T00:00:00.000,2025 Report Week 50,GOLD,088691,CMX ,NYC,088 ,GOLD,471093,16057,60306,31970,262079,26628,152873,20277,35394,128047,26665,21329,412298,452678,58795,18415,471093,16057,60306,31970,262079,26628,152873,20277,35394,128047,26665,21329,412298,452678,58795,18415,0,0,0,0,0,0,0,0,0,0,0,0,0,0,0,0,38524,5594,450,-2586,14337,7940,9490,442,4932,2945,1901,6899,35214,36901,3310,1623,100.0,3.4,12.8,6.8,55.6,5.7,32.5,4.3,7.5,27.2,5.7,4.5,87.5,96.1,12.5,3.9,100.0,3.4,12.8,6.8,55.6,5.7,32.5,4.3,7.5,27.2,5.7,4.5,87.5,96.1,12.5,3.9,100.0,0.0,0.0,0.0,0.0,0.0,0.0,0.0,0.0,0.0,0.0,0.0,0.0,0.0,0.0,0.0,333,15,28,27,108,34,36,286,154,333,15,28,27,108,34,36,286,154,0,0,0,0,0,0,0,0,0,0,0,0,0,0,14.3,33.7,26.5,50.5,13.8,32.3,23.6,48.2,14.3,33.7,26.5,50.5,13.8,32.3,23.6,48.2,0.0,0.0,0.0,0.0,0.0,0.0,0.0,0.0,(CONTRACTS OF 100 TROY OUNCES),N20,GOLD,PRECIOUS METALS,NATURAL RESOURCES,FutOnly,12,18,101,21,38,12,18,101,21,38
251216088695F,MICRO GOLD - COMMODITY EXCHANGE INC.,2025-12-16T00:00:00.000,2025 Report Week 50,MICRO GOLD,088695,CMX ,NYC,088 ,GOLD,57894,0,0,2341,0,0,709,0,0,11027,28622,4207,18284,32829,39610,25065,57894,0,0,2341,0,0,709,0,0,11027,28622,4207,18284,32829,39610,25065,0,0,0,0,0,0,0,0,0,0,0,0,0,0,0,0,3852,0,0,117,0,0,-237,0,0,1254,1510,900,2034,2410,1818,1442,100.0,0.0,0.0,4.0,0.0,0.0,1.2,0.0,0.0,19.0,49.4,7.3,31.6,56.7,68.4,43.3,100.0,0.0,0.0,4.0,0.0,0.0,1.2,0.0,0.0,19.0,49.4,7.3,31.6,56.7,68.4,43.3,100.0,0.0,0.0,0.0,0.0,0.0,0.0,0.0,0.0,0.0,0.0,0.0,0.0,0.0,0.0,0.0,32,0,0,0,13,13,7,23,16,32,0,0,0,13,13,7,23,16,0,0,0,0,0,0,0,0,0,0,0,0,0,0,13.5,43.4,20.8,52.6,12.4,40.2,18.1,47.1,13.5,43.4,20.8,52.6,12.4,40.2,18.1,47.1,0.0,0.0,0.0,0.0,0.0,0.0,0.0,0.0,(CONTRACTS OF 10 TROY OUNCES),N20,GOLD,PRECIOUS METALS,NATURAL RESOURCES,FutOnly,0,,,0,0,0,,,0,0
251209088695F,MICRO GOLD - COMMODITY EXCHANGE INC.,2025-12-09T00:00:00.000,2025 Report Week 49,MICRO GOLD,088695,CMX ,NYC,088 ,GOLD,54042,0,0,2224,0,0,946,0,0,9773,27112,3307,16250,30419,37792,23623,54042,0,0,2224,0,0,946,0,0,9773,27112,3307,16250,30419,37792,23623,0,0,0,0,0,0,0,0,0,0,0,0,0,0,0,0,2878,0,0,122,0,0,484,0,0,2598,3210,-291,2913,2919,-35,-41,100.0,0.0,0.0,4.1,0.0,0.0,1.8,0.0,0.0,18.1,50.2,6.1,30.1,56.3,69.9,43.7,100.0,0.0,0.0,4.1,0.0,0.0,1.8,0.0,0.0,18.1,50.2,6.1,30.1,56.3,69.9,43.7,100.0,0.0,0.0,0.0,0.0,0.0,0.0,0.0,0.0,0.0,0.0,0.0,0.0,0.0,0.0,0.0,32,0,0,0,12,14,8,23,17,32,0,0,0,12,14,8,23,17,0,0,0,0,0,0,0,0,0,0,0,0,0,0,13.0,40.3,20.5,50.8,11.7,39.2,17.8,47.2,13.0,40.3,20.5,50.8,11.7,39.2,17.8,47.2,0.0,0.0,0.0,0.0,0.0,0.0,0.0,0.0,(CONTRACTS OF 10 TROY OUNCES),N20,GOLD,PRECIOUS METALS,NATURAL RESOURCES,FutOnly,0,,,0,0,0,,,0,0
251209088691F,GOLD - COMMODITY EXCHANGE INC.,2025-12-09T00:00:00.000,2025 Report Week 49,GOLD,088691,CMX ,NYC,088 ,GOLD,432569,10463,59856,34556,247742,18688,143383,19835,30462,125102,24764,14430,377084,415777,55485,16792,432569,10463,59856,34556,247742,18688,143383,19835,30462,125102,24764,14430,377084,415777,55485,16792,0,0,0,0,0,0,0,0,0,0,0,0,0,0,0,0,14079,369,1055,696,7241,2495,3240,16,3978,3914,812,-286,14406,15311,-327,-1232,100.0,2.4,13.8,8.0,57.3,4.3,33.1,4.6,7.0,28.9,5.7,3.3,87.2,96.1,12.8,3.9,100.0,2.4,13.8,8.0,57.3,4.3,33.1,4.6,7.0,28.9,5.7,3.3,87.2,96.1,12.8,3.9,100.0,0.0,0.0,0.0,0.0,0.0,0.0,0.0,0.0,0.0,0.0,0.0,0.0,0.0,0.0,0.0,317,15,28,25,108,24,34,273,142,317,15,28,25,108,24,34,273,142,0,0,0,0,0,0,0,0,0,0,0,0,0,0,15.1,35.3,27.7,51.1,14.9,34.1,25.2,49.3,15.1,35.3,27.7,51.1,14.9,34.1,25.2,49.3,0.0,0.0,0.0,0.0,0.0,0.0,0.0,0.0,(CONTRACTS OF 100 TROY OUNCES),N20,GOLD,PRECIOUS METALS,NATURAL RESOURCES,FutOnly,9,17,98,18,35,9,17,98,18,35
251202088695F,MICRO GOLD - COMMODITY EXCHANGE INC.,2025-12-02T00:00:00.000,2025 Report Week 48,MICRO GOLD,088695,CMX ,NYC,088 ,GOLD,51164,0,0,2102,0,0,462,0,0,7175,23902,3598,13337,27500,37827,23664,51164,0,0,2102,0,0,462,0,0,7175,23902,3598,13337,27500,37827,23664,0,0,0,0,0,0,0,0,0,0,0,0,0,0,0,0,6430,0,0,-32,0,-199,8,0,0,1937,3585,-1309,405,2077,6025,4353,100.0,0.0,0.0,4.1,0.0,0.0,0.9,0.0,0.0,14.0,46.7,7.0,26.1,53.7,73.9,46.3,100.0,0.0,0.0,4.1,0.0,0.0,0.9,0.0,0.0,14.0,46.7,7.0,26.1,53.7,73.9,46.3,100.0,0.0,0.0,0.0,0.0,0.0,0.0,0.0,0.0,0.0,0.0,0.0,0.0,0.0,0.0,0.0,31,0,0,0,9,19,8,19,20,31,0,0,0,9,19,8,19,20,0,0,0,0,0,0,0,0,0,0,0,0,0,0,12.2,31.8,19.9,43.9,10.8,31.3,16.7,41.0,12.2,31.8,19.9,43.9,10.8,31.3,16.7,41.0,0.0,0.0,0.0,0.0,0.0,0.0,0.0,0.0,(CONTRACTS OF 10 TROY OUNCES),N20,GOLD,PRECIOUS METALS,NATURAL RESOURCES,FutOnly,0,,,0,0,0,,,0,0
251202088691F,GOLD - COMMODITY EXCHANGE INC.,2025-12-02T00:00:00.000,2025 Report Week 48,GOLD,088691,CMX ,NYC,088 ,GOLD,418490,10094,58801,33860,240501,16193,140143,19819,26484,121188,23952,14716,362678,400466,55812,18024,418490,10094,58801,33860,240501,16193,140143,19819,26484,121188,23952,14716,362678,400466,55812,18024,0,0,0,0,0,0,0,0,0,0,0,0,0,0,0,0,-14456,144,2159,-5184,6746,-17470,3164,-7851,1315,4901,2944,-3365,-16495,-15522,2039,1066,100.0,2.4,14.1,8.1,57.5,3.9,33.5,4.7,6.3,29.0,5.7,3.5,86.7,95.7,13.3,4.3,100.0,2.4,14.1,8.1,57.5,3.9,33.5,4.7,6.3,29.0,5.7,3.5,86.7,95.7,13.3,4.3,100.0,0.0,0.0,0.0,0.0,0.0,0.0,0.0,0.0,0.0,0.0,0.0,0.0,0.0,0.0,0.0,306,15,26,28,105,24,32,267,143,306,15,26,28,105,24,32,267,143,0,0,0,0,0,0,0,0,0,0,0,0,0,0,15.7,35.5,27.7,51.3,15.5,34.3,25.9,49.7,15.7,35.5,27.7,51.3,15.5,34.3,25.9,49.7,0.0,0.0,0.0,0.0,0.0,0.0,0.0,0.0,(CONTRACTS OF 100 TROY OUNCES),N20,GOLD,PRECIOUS METALS,NATURAL RESOURCES,FutOnly,11,15,95,18,37,11,15,95,18,37
251125088691F,GOLD - COMMODITY EXCHANGE INC.,2025-11-25T00:00:00.000,2025 Report Week 47,GOLD,088691,CMX ,NYC,088 ,GOLD,432946,9950,56642,39044,233755,33663,136979,27670,25169,116287,21008,18081,379173,415988,53773,16958,432946,9950,56642,39044,233755,33663,136979,27670,25169,116287,21008,18081,379173,415988,53773,16958,0,0,0,0,0,0,0,0,0,0,0,0,0,0,0,0,-39007,-111,-12316,-5903,2120,-8330,6757,-4347,2609,-23047,-6192,-10516,-38541,-36972,-466,-2035,100.0,2.3,13.1,9.0,54.0,7.8,31.6,6.4,5.8,26.9,4.9,4.2,87.6,96.1,12.4,3.9,100.0,2.3,13.1,9.0,54.0,7.8,31.6,6.4,5.8,26.9,4.9,4.2,87.6,96.1,12.4,3.9,100.0,0.0,0.0,0.0,0.0,0.0,0.0,0.0,0.0,0.0,0.0,0.0,0.0,0.0,0.0,0.0,301,15,27,25,97,27,34,259,147,301,15,27,25,97,27,34,259,147,0,0,0,0,0,0,0,0,0,0,0,0,0,0,15.2,33.2,26.8,49.5,14.9,31.8,25.1,46.7,15.2,33.2,26.8,49.5,14.9,31.8,25.1,46.7,0.0,0.0,0.0,0.0,0.0,0.0,0.0,0.0,(CONTRACTS OF 100 TROY OUNCES),N20,GOLD,PRECIOUS METALS,NATURAL RESOURCES,FutOnly,13,14,95,17,38,13,14,95,17,38
251125088695F,MICRO GOLD - COMMODITY EXCHANGE INC.,2025-11-25T00:00:00.000,2025 Report Week 47,MICRO GOLD,088695,CMX ,NYC,088 ,GOLD,44734,0,0,2134,0,199,454,0,0,5238,20317,4907,12932,25423,31802,19311,44734,0,0,2134,0,199,454,0,0,5238,20317,4907,12932,25423,31802,19311,0,0,0,0,0,0,0,0,0,0,0,0,0,0,0,0,-39547,0,0,105,0,199,5,0,0,-20889,-46924,1134,-19446,-45591,-20101,6044,100.0,0.0,0.0,4.8,0.0,0.4,1.0,0.0,0.0,11.7,45.4,11.0,28.9,56.8,71.1,43.2,100.0,0.0,0.0,4.8,0.0,0.4,1.0,0.0,0.0,11.7,45.4,11.0,28.9,56.8,71.1,43.2,100.0,0.0,0.0,0.0,0.0,0.0,0.0,0.0,0.0,0.0,0.0,0.0,0.0,0.0,0.0,0.0,31,0,0,,9,16,10,21,21,31,0,0,,9,16,10,21,21,0,0,0,0,0,0,0,0,0,0,0,0,0,0,13.3,25.6,20.8,41.6,10.8,24.2,15.7,37.2,13.3,25.6,20.8,41.6,10.8,24.2,15.7,37.2,0.0,0.0,0.0,0.0,0.0,0.0,0.0,0.0,(CONTRACTS OF 10 TROY OUNCES),N20,GOLD,PRECIOUS METALS,NATURAL RESOURCES,FutOnly,0,,,0,0,0,,,0,0
251118088695F,MICRO GOLD - COMMODITY EXCHANGE INC.,2025-11-18T00:00:00.000,2025 Report Week 46,MICRO GOLD,088695,CMX ,NYC,088 ,GOLD,84281,0,0,2029,0,0,449,0,0,26127,67241,3773,32378,71014,51903,13267,84281,0,0,2029,0,0,449,0,0,26127,67241,3773,32378,71014,51903,13267,0,0,0,0,0,0,0,0,0,0,0,0,0,0,0,0,3363,0,0,1029,0,0,-272,0,-3,957,4344,1506,3217,5847,146,-2484,100.0,0.0,0.0,2.4,0.0,0.0,0.5,0.0,0.0,31.0,79.8,4.5,38.4,84.3,61.6,15.7,100.0,0.0,0.0,2.4,0.0,0.0,0.5,0.0,0.0,31.0,79.8,4.5,38.4,84.3,61.6,15.7,100.0,0.0,0.0,0.0,0.0,0.0,0.0,0.0,0.0,0.0,0.0,0.0,0.0,0.0,0.0,0.0,35,0,0,0,15,16,13,26,22,35,0,0,0,15,16,13,26,22,0,0,0,0,0,0,0,0,0,0,0,0,0,0,25.8,71.0,31.3,78.0,24.7,69.6,29.9,76.1,25.8,71.0,31.3,78.0,24.7,69.6,29.9,76.1,0.0,0.0,0.0,0.0,0.0,0.0,0.0,0.0,(CONTRACTS OF 10 TROY OUNCES),N20,GOLD,PRECIOUS METALS,NATURAL RESOURCES,FutOnly,0,,,0,0,0,,,0,0
251118088691F,GOLD - COMMODITY EXCHANGE INC.,2025-11-18T00:00:00.000,2025 Report Week 46,GOLD,088691,CMX ,NYC,088 ,GOLD,471953,10061,68958,44947,231635,41993,130222,32017,22560,139334,27200,28597,417714,452960,54239,18993,471953,10061,68958,44947,231635,41993,130222,32017,22560,139334,27200,28597,417714,452960,54239,18993,0,0,0,0,0,0,0,0,0,0,0,0,0,0,0,0,11956,186,337,1771,2382,7968,-3933,1949,2561,7573,-1579,-1667,14459,11951,-2503,5,100.0,2.1,14.6,9.5,49.1,8.9,27.6,6.8,4.8,29.5,5.8,6.1,88.5,96.0,11.5,4.0,100.0,2.1,14.6,9.5,49.1,8.9,27.6,6.8,4.8,29.5,5.8,6.1,88.5,96.0,11.5,4.0,100.0,0.0,0.0,0.0,0.0,0.0,0.0,0.0,0.0,0.0,0.0,0.0,0.0,0.0,0.0,0.0,323,20,24,29,112,31,44,275,167,323,20,24,29,112,31,44,275,167,0,0,0,0,0,0,0,0,0,0,0,0,0,0,15.5,30.9,26.1,46.2,14.4,29.6,23.4,44.2,15.5,30.9,26.1,46.2,14.4,29.6,23.4,44.2,0.0,0.0,0.0,0.0,0.0,0.0,0.0,0.0,(CONTRACTS OF 100 TROY OUNCES),N20,GOLD,PRECIOUS METALS,NATURAL RESOURCES,FutOnly,15,20,86,19,37,15,20,86,19,37
251110088695F,MICRO GOLD - COMMODITY EXCHANGE INC.,2025-11-10T00:00:00.000,2025 Report Week 45,MICRO GOLD,088695,CMX ,NYC,088 ,GOLD,80918,0,0,1000,0,0,721,0,3,25170,62897,2267,29161,65167,51757,15751,80918,0,0,1000,0,0,721,0,3,25170,62897,2267,29161,65167,51757,15751,0,0,0,0,0,0,0,0,0,0,0,0,0,0,0,0,4307,0,0,-7,0,0,273,0,3,3241,344,83,3593,430,714,3877,100.0,0.0,0.0,1.2,0.0,0.0,0.9,0.0,0.0,31.1,77.7,2.8,36.0,80.5,64.0,19.5,100.0,0.0,0.0,1.2,0.0,0.0,0.9,0.0,0.0,31.1,77.7,2.8,36.0,80.5,64.0,19.5,100.0,0.0,0.0,0.0,0.0,0.0,0.0,0.0,0.0,0.0,0.0,0.0,0.0,0.0,0.0,0.0,33,0,0,0,17,13,8,25,17,33,0,0,0,17,13,8,25,17,0,0,0,0,0,0,0,0,0,0,0,0,0,0,20.6,67.0,26.6,75.6,19.5,66.4,25.1,75.0,20.6,67.0,26.6,75.6,19.5,66.4,25.1,75.0,0.0,0.0,0.0,0.0,0.0,0.0,0.0,0.0,(CONTRACTS OF 10 TROY OUNCES),N20,GOLD,PRECIOUS METALS,NATURAL RESOURCES,FutOnly,0,,,0,,0,,,0,
251110088691F,GOLD - COMMODITY EXCHANGE INC.,2025-11-10T00:00:00.000,2025 Report Week 45,GOLD,088691,CMX ,NYC,088 ,GOLD,459997,9875,68621,43176,229253,34025,134155,30068,19999,131761,28779,30264,403255,441009,56742,18988,459997,9875,68621,43176,229253,34025,134155,30068,19999,131761,28779,30264,403255,441009,56742,18988,0,0,0,0,0,0,0,0,0,0,0,0,0,0,0,0,9598,70,-635,-4019,4967,2670,3467,-75,-6898,5877,4657,5350,6517,10036,3081,-438,100.0,2.1,14.9,9.4,49.8,7.4,29.2,6.5,4.3,28.6,6.3,6.6,87.7,95.9,12.3,4.1,100.0,2.1,14.9,9.4,49.8,7.4,29.2,6.5,4.3,28.6,6.3,6.6,87.7,95.9,12.3,4.1,100.0,0.0,0.0,0.0,0.0,0.0,0.0,0.0,0.0,0.0,0.0,0.0,0.0,0.0,0.0,0.0,317,16,25,29,109,30,39,272,155,317,16,25,29,109,30,39,272,155,0,0,0,0,0,0,0,0,0,0,0,0,0,0,14.9,31.3,25.3,47.7,14.7,30.1,23.8,44.6,14.9,31.3,25.3,47.7,14.7,30.1,23.8,44.6,0.0,0.0,0.0,0.0,0.0,0.0,0.0,0.0,(CONTRACTS OF 100 TROY OUNCES),N20,GOLD,PRECIOUS METALS,NATURAL RESOURCES,FutOnly,13,21,82,22,36,13,21,82,22,36
251104088695F,MICRO GOLD - COMMODITY EXCHANGE INC.,2025-11-04T00:00:00.000,2025 Report Week 44,MICRO GOLD,088695,CMX ,NYC,088 ,GOLD,76611,0,0,1007,0,0,448,0,0,21929,62553,2184,25568,64737,51043,11874,76611,0,0,1007,0,0,448,0,0,21929,62553,2184,25568,64737,51043,11874,0,0,0,0,0,0,0,0,0,0,0,0,0,0,0,0,2102,0,0,-107,0,0,5,0,0,746,2536,303,947,2839,1155,-737,100.0,0.0,0.0,1.3,0.0,0.0,0.6,0.0,0.0,28.6,81.7,2.9,33.4,84.5,66.6,15.5,100.0,0.0,0.0,1.3,0.0,0.0,0.6,0.0,0.0,28.6,81.7,2.9,33.4,84.5,66.6,15.5,100.0,0.0,0.0,0.0,0.0,0.0,0.0,0.0,0.0,0.0,0.0,0.0,0.0,0.0,0.0,0.0,32,0,0,0,17,13,7,23,16,32,0,0,0,17,13,7,23,16,0,0,0,0,0,0,0,0,0,0,0,0,0,0,20.8,70.0,25.6,79.3,19.6,69.4,24.3,78.7,20.8,70.0,25.6,79.3,19.6,69.4,24.3,78.7,0.0,0.0,0.0,0.0,0.0,0.0,0.0,0.0,(CONTRACTS OF 10 TROY OUNCES),N20,GOLD,PRECIOUS METALS,NATURAL RESOURCES,FutOnly,0,,,0,0,0,,,0,0
251104088691F,GOLD - COMMODITY EXCHANGE INC.,2025-11-04T00:00:00.000,2025 Report Week 44,GOLD,088691,CMX ,NYC,088 ,GOLD,450399,9805,69256,47195,224286,31355,130688,30143,26897,125884,24122,24914,396738,430973,53661,19426,450399,9805,69256,47195,224286,31355,130688,30143,26897,125884,24122,24914,396738,430973,53661,19426,0,0,0,0,0,0,0,0,0,0,0,0,0,0,0,0,-6723,-2598,-1341,-1115,-2857,2415,-7917,-4303,-1363,-1819,-3076,4755,-7642,-5770,919,-953,100.0,2.2,15.4,10.5,49.8,7.0,29.0,6.7,6.0,27.9,5.4,5.5,88.1,95.7,11.9,4.3,100.0,2.2,15.4,10.5,49.8,7.0,29.0,6.7,6.0,27.9,5.4,5.5,88.1,95.7,11.9,4.3,100.0,0.0,0.0,0.0,0.0,0.0,0.0,0.0,0.0,0.0,0.0,0.0,0.0,0.0,0.0,0.0,312,16,25,29,101,33,38,267,155,312,16,25,29,101,33,38,267,155,0,0,0,0,0,0,0,0,0,0,0,0,0,0,15.5,32.1,26.8,48.5,15.3,30.5,24.8,44.9,15.5,32.1,26.8,48.5,15.3,30.5,24.8,44.9,0.0,0.0,0.0,0.0,0.0,0.0,0.0,0.0,(CONTRACTS OF 100 TROY OUNCES),N20,GOLD,PRECIOUS METALS,NATURAL RESOURCES,FutOnly,14,21,83,22,37,14,21,83,22,37
251028088695F,MICRO GOLD - COMMODITY EXCHANGE INC.,2025-10-28T00:00:00.000,2025 Report Week 43,MICRO GOLD,088695,CMX ,NYC,088 ,GOLD,74509,0,0,1114,0,0,443,0,0,21183,60017,1881,24621,61898,49888,12611,74509,0,0,1114,0,0,443,0,0,21183,60017,1881,24621,61898,49888,12611,0,0,0,0,0,0,0,0,0,0,0,0,0,0,0,0,8816,0,0,199,-484,0,233,0,0,10149,12598,-776,9805,11338,-989,-2522,100.0,0.0,0.0,1.5,0.0,0.0,0.6,0.0,0.0,28.4,80.5,2.5,33.0,83.1,67.0,16.9,100.0,0.0,0.0,1.5,0.0,0.0,0.6,0.0,0.0,28.4,80.5,2.5,33.0,83.1,67.0,16.9,100.0,0.0,0.0,0.0,0.0,0.0,0.0,0.0,0.0,0.0,0.0,0.0,0.0,0.0,0.0,0.0,33,0,0,0,17,14,8,25,16,33,0,0,0,17,14,8,25,16,0,0,0,0,0,0,0,0,0,0,0,0,0,0,17.5,66.8,24.0,77.0,17.3,66.3,23.3,76.2,17.5,66.8,24.0,77.0,17.3,66.3,23.3,76.2,0.0,0.0,0.0,0.0,0.0,0.0,0.0,0.0,(CONTRACTS OF 10 TROY OUNCES),N20,GOLD,PRECIOUS METALS,NATURAL RESOURCES,FutOnly,0,,,0,0,0,,,0,0
251028088691F,GOLD - COMMODITY EXCHANGE INC.,2025-10-28T00:00:00.000,2025 Report Week 43,GOLD,088691,CMX ,NYC,088 ,GOLD,457122,12403,70597,48310,227143,28940,138605,34446,28260,127703,27198,20159,404380,436743,52742,20379,457122,12403,70597,48310,227143,28940,138605,34446,28260,127703,27198,20159,404380,436743,52742,20379,0,0,0,0,0,0,0,0,0,0,0,0,0,0,0,0,-15299,-1521,-1105,-8522,17972,-8151,3102,-8830,-3147,9355,-6768,-3236,-12120,-13265,-3179,-2034,100.0,2.7,15.4,10.6,49.7,6.3,30.3,7.5,6.2,27.9,5.9,4.4,88.5,95.5,11.5,4.5,100.0,2.7,15.4,10.6,49.7,6.3,30.3,7.5,6.2,27.9,5.9,4.4,88.5,95.5,11.5,4.5,100.0,0.0,0.0,0.0,0.0,0.0,0.0,0.0,0.0,0.0,0.0,0.0,0.0,0.0,0.0,0.0,325,17,25,27,102,36,33,274,154,325,17,25,27,102,36,33,274,154,0,0,0,0,0,0,0,0,0,0,0,0,0,0,15.3,31.7,26.6,48.3,15.2,30.1,24.7,44.8,15.3,31.7,26.6,48.3,15.2,30.1,24.7,44.8,0.0,0.0,0.0,0.0,0.0,0.0,0.0,0.0,(CONTRACTS OF 100 TROY OUNCES),N20,GOLD,PRECIOUS METALS,NATURAL RESOURCES,FutOnly,14,20,91,23,37,14,20,91,23,37
251021088691F,GOLD - COMMODITY EXCHANGE INC.,2025-10-21T00:00:00.000,2025 Report Week 42,GOLD,088691,CMX ,NYC,088 ,GOLD,472421,13924,71702,56832,209171,37091,135503,43276,31407,118348,33966,23395,416500,450008,55921,22413,472421,13924,71702,56832,209171,37091,135503,43276,31407,118348,33966,23395,416500,450008,55921,22413,0,0,0,0,0,0,0,0,0,0,0,0,0,0,0,0,-13367,-170,-3849,5514,-17557,10476,-16684,-601,-208,-7870,3354,-1087,-10029,-9472,-3338,-3895,100.0,2.9,15.2,12.0,44.3,7.9,28.7,9.2,6.6,25.1,7.2,5.0,88.2,95.3,11.8,4.7,100.0,2.9,15.2,12.0,44.3,7.9,28.7,9.2,6.6,25.1,7.2,5.0,88.2,95.3,11.8,4.7,100.0,0.0,0.0,0.0,0.0,0.0,0.0,0.0,0.0,0.0,0.0,0.0,0.0,0.0,0.0,0.0,334,17,23,27,104,46,34,268,174,334,17,23,27,104,46,34,268,174,0,0,0,0,0,0,0,0,0,0,0,0,0,0,16.3,31.0,27.9,46.0,15.6,29.4,25.4,42.0,16.3,31.0,27.9,46.0,15.6,29.4,25.4,42.0,0.0,0.0,0.0,0.0,0.0,0.0,0.0,0.0,(CONTRACTS OF 100 TROY OUNCES),N20,GOLD,PRECIOUS METALS,NATURAL RESOURCES,FutOnly,14,22,81,30,41,14,22,81,30,41
251021088695F,MICRO GOLD - COMMODITY EXCHANGE INC.,2025-10-21T00:00:00.000,2025 Report Week 42,MICRO GOLD,088695,CMX ,NYC,088 ,GOLD,65693,0,0,915,484,0,210,0,0,11034,47419,2657,14816,50560,50877,15133,65693,0,0,915,484,0,210,0,0,11034,47419,2657,14816,50560,50877,15133,0,0,0,0,0,0,0,0,0,0,0,0,0,0,0,0,3225,-397,-84,149,484,0,-438,0,0,-5057,11164,-411,-6154,11153,9379,-7928,100.0,0.0,0.0,1.4,0.7,0.0,0.3,0.0,0.0,16.8,72.2,4.0,22.6,77.0,77.4,23.0,100.0,0.0,0.0,1.4,0.7,0.0,0.3,0.0,0.0,16.8,72.2,4.0,22.6,77.0,77.4,23.0,100.0,0.0,0.0,0.0,0.0,0.0,0.0,0.0,0.0,0.0,0.0,0.0,0.0,0.0,0.0,0.0,35,0,,0,15,17,8,24,19,35,0,,0,15,17,8,24,19,0,0,0,0,0,0,0,0,0,0,0,0,0,0,8.9,56.4,14.9,68.1,8.7,55.7,14.3,65.9,8.9,56.4,14.9,68.1,8.7,55.7,14.3,65.9,0.0,0.0,0.0,0.0,0.0,0.0,0.0,0.0,(CONTRACTS OF 10 TROY OUNCES),N20,GOLD,PRECIOUS METALS,NATURAL RESOURCES,FutOnly,0,,,0,0,0,,,0,0
251014088691F,GOLD - COMMODITY EXCHANGE INC.,2025-10-14T00:00:00.000,2025 Report Week 41,GOLD,088691,CMX ,NYC,088 ,GOLD,485788,14094,75551,51318,226728,26615,152187,43877,31615,126218,30612,24482,426529,459480,59259,26308,485788,14094,75551,51318,226728,26615,152187,43877,31615,126218,30612,24482,426529,459480,59259,26308,0,0,0,0,0,0,0,0,0,0,0,0,0,0,0,0,229,1925,-1970,5760,-17250,6743,-18400,3049,789,-3993,2598,4720,-2456,-1321,2685,1550,100.0,2.9,15.6,10.6,46.7,5.5,31.3,9.0,6.5,26.0,6.3,5.0,87.8,94.6,12.2,5.4,100.0,2.9,15.6,10.6,46.7,5.5,31.3,9.0,6.5,26.0,6.3,5.0,87.8,94.6,12.2,5.4,100.0,0.0,0.0,0.0,0.0,0.0,0.0,0.0,0.0,0.0,0.0,0.0,0.0,0.0,0.0,0.0,335,17,25,29,108,37,34,278,167,335,17,25,29,108,37,34,278,167,0,0,0,0,0,0,0,0,0,0,0,0,0,0,15.8,30.5,27.0,46.1,15.1,29.1,24.9,43.9,15.8,30.5,27.0,46.1,15.1,29.1,24.9,43.9,0.0,0.0,0.0,0.0,0.0,0.0,0.0,0.0,(CONTRACTS OF 100 TROY OUNCES),N20,GOLD,PRECIOUS METALS,NATURAL RESOURCES,FutOnly,13,18,95,26,40,13,18,95,26,40
251014088695F,MICRO GOLD - COMMODITY EXCHANGE INC.,2025-10-14T00:00:00.000,2025 Report Week 41,MICRO GOLD,088695,CMX ,NYC,088 ,GOLD,62468,397,84,766,0,0,648,0,0,16091,36255,3068,20970,39407,41498,23061,62468,397,84,766,0,0,648,0,0,16091,36255,3068,20970,39407,41498,23061,0,0,0,0,0,0,0,0,0,0,0,0,0,0,0,0,6776,397,84,258,0,0,-957,0,0,-966,14586,314,-954,14984,7730,-8208,100.0,0.6,0.1,1.2,0.0,0.0,1.0,0.0,0.0,25.8,58.0,4.9,33.6,63.1,66.4,36.9,100.0,0.6,0.1,1.2,0.0,0.0,1.0,0.0,0.0,25.8,58.0,4.9,33.6,63.1,66.4,36.9,100.0,0.0,0.0,0.0,0.0,0.0,0.0,0.0,0.0,0.0,0.0,0.0,0.0,0.0,0.0,0.0,36,,0,0,17,15,9,28,18,36,,0,0,17,15,9,28,18,0,0,0,0,0,0,0,0,0,0,0,0,0,0,14.8,49.9,21.0,58.4,14.5,48.2,19.8,54.7,14.8,49.9,21.0,58.4,14.5,48.2,19.8,54.7,0.0,0.0,0.0,0.0,0.0,0.0,0.0,0.0,(CONTRACTS OF 10 TROY OUNCES),N20,GOLD,PRECIOUS METALS,NATURAL RESOURCES,FutOnly,,,,0,0,,,,0,0
251007088695F,MICRO GOLD - COMMODITY EXCHANGE INC.,2025-10-07T00:00:00.000,2025 Report Week 40,MICRO GOLD,088695,CMX ,NYC,088 ,GOLD,55692,0,0,508,0,0,1605,0,0,17057,21669,2754,21924,24423,33768,31269,55692,0,0,508,0,0,1605,0,0,17057,21669,2754,21924,24423,33768,31269,0,0,0,0,0,0,0,0,0,0,0,0,0,0,0,0,563,0,0,189,0,0,468,0,0,-129,1170,-377,151,793,412,-230,100.0,0.0,0.0,0.9,0.0,0.0,2.9,0.0,0.0,30.6,38.9,4.9,39.4,43.9,60.6,56.1,100.0,0.0,0.0,0.9,0.0,0.0,2.9,0.0,0.0,30.6,38.9,4.9,39.4,43.9,60.6,56.1,100.0,0.0,0.0,0.0,0.0,0.0,0.0,0.0,0.0,0.0,0.0,0.0,0.0,0.0,0.0,0.0,37,0,0,0,20,13,8,30,15,37,0,0,0,20,13,8,30,15,0,0,0,0,0,0,0,0,0,0,0,0,0,0,16.7,30.1,24.4,39.9,16.2,28.7,23.0,36.3,16.7,30.1,24.4,39.9,16.2,28.7,23.0,36.3,0.0,0.0,0.0,0.0,0.0,0.0,0.0,0.0,(CONTRACTS OF 10 TROY OUNCES),N20,GOLD,PRECIOUS METALS,NATURAL RESOURCES,FutOnly,0,,,0,0,0,,,0,0
251007088691F,GOLD - COMMODITY EXCHANGE INC.,2025-10-07T00:00:00.000,2025 Report Week 40,GOLD,088691,CMX ,NYC,088 ,GOLD,485559,12169,77521,45558,243978,19872,170587,40828,30826,130211,28014,19762,428985,460801,56574,24758,485559,12169,77521,45558,243978,19872,170587,40828,30826,130211,28014,19762,428985,460801,56574,24758,0,0,0,0,0,0,0,0,0,0,0,0,0,0,0,0,-8189,1737,1692,4520,-19899,2470,-13612,1856,-268,-4394,1090,2308,-7239,-10751,-950,2562,100.0,2.5,16.0,9.4,50.2,4.1,35.1,8.4,6.3,26.8,5.8,4.1,88.3,94.9,11.7,5.1,100.0,2.5,16.0,9.4,50.2,4.1,35.1,8.4,6.3,26.8,5.8,4.1,88.3,94.9,11.7,5.1,100.0,0.0,0.0,0.0,0.0,0.0,0.0,0.0,0.0,0.0,0.0,0.0,0.0,0.0,0.0,0.0,353,15,28,27,108,44,31,286,168,353,15,28,27,108,44,31,286,168,0,0,0,0,0,0,0,0,0,0,0,0,0,0,15.3,32.1,26.9,47.9,14.7,31.0,25.0,46.4,15.3,32.1,26.9,47.9,14.7,31.0,25.0,46.4,0.0,0.0,0.0,0.0,0.0,0.0,0.0,0.0,(CONTRACTS OF 100 TROY OUNCES),N20,GOLD,PRECIOUS METALS,NATURAL RESOURCES,FutOnly,13,18,103,25,38,13,18,103,25,38
250930088691F,GOLD - COMMODITY EXCHANGE INC.,2025-09-30T00:00:00.000,2025 Report Week 39,GOLD,088691,CMX ,NYC,088 ,GOLD,493748,10432,75829,41038,263877,17402,184199,38972,31094,134605,26924,17454,436224,471552,57524,22196,493748,10432,75829,41038,263877,17402,184199,38972,31094,134605,26924,17454,436224,471552,57524,22196,0,0,0,0,0,0,0,0,0,0,0,0,0,0,0,0,-35041,-1419,-3174,-8580,-16992,-4100,-14627,695,-1422,623,-858,-5357,-34882,-31208,-159,-3833,100.0,2.1,15.4,8.3,53.4,3.5,37.3,7.9,6.3,27.3,5.5,3.5,88.3,95.5,11.7,4.5,100.0,2.1,15.4,8.3,53.4,3.5,37.3,7.9,6.3,27.3,5.5,3.5,88.3,95.5,11.7,4.5,100.0,0.0,0.0,0.0,0.0,0.0,0.0,0.0,0.0,0.0,0.0,0.0,0.0,0.0,0.0,0.0,351,18,28,26,104,43,35,288,171,351,18,28,26,104,43,35,288,171,0,0,0,0,0,0,0,0,0,0,0,0,0,0,15.0,32.8,26.7,50.1,14.8,31.6,25.3,48.7,15.0,32.8,26.7,50.1,14.8,31.6,25.3,48.7,0.0,0.0,0.0,0.0,0.0,0.0,0.0,0.0,(CONTRACTS OF 100 TROY OUNCES),N20,GOLD,PRECIOUS METALS,NATURAL RESOURCES,FutOnly,14,17,108,23,39,14,17,108,23,39
250930088695F,MICRO GOLD - COMMODITY EXCHANGE INC.,2025-09-30T00:00:00.000,2025 Report Week 39,MICRO GOLD,088695,CMX ,NYC,088 ,GOLD,55129,0,0,319,0,0,1137,0,0,17186,20499,3131,21773,23630,33356,31499,55129,0,0,319,0,0,1137,0,0,17186,20499,3131,21773,23630,33356,31499,0,0,0,0,0,0,0,0,0,0,0,0,0,0,0,0,-4067,0,0,319,0,0,-320,0,0,-660,5444,-4292,-4953,1152,886,-5219,100.0,0.0,0.0,0.6,0.0,0.0,2.1,0.0,0.0,31.2,37.2,5.7,39.5,42.9,60.5,57.1,100.0,0.0,0.0,0.6,0.0,0.0,2.1,0.0,0.0,31.2,37.2,5.7,39.5,42.9,60.5,57.1,100.0,0.0,0.0,0.0,0.0,0.0,0.0,0.0,0.0,0.0,0.0,0.0,0.0,0.0,0.0,0.0,39,0,0,0,19,16,9,28,20,39,0,0,0,19,16,9,28,20,0,0,0,0,0,0,0,0,0,0,0,0,0,0,16.4,26.2,24.6,35.7,15.4,25.2,22.7,32.3,16.4,26.2,24.6,35.7,15.4,25.2,22.7,32.3,0.0,0.0,0.0,0.0,0.0,0.0,0.0,0.0,(CONTRACTS OF 10 TROY OUNCES),N20,GOLD,PRECIOUS METALS,NATURAL RESOURCES,FutOnly,0,,,0,0,0,,,0,0
250923088691F,GOLD - COMMODITY EXCHANGE INC.,2025-09-23T00:00:00.000,2025 Report Week 38,GOLD,088691,CMX ,NYC,088 ,GOLD,528789,11851,79003,49618,280869,21502,198826,38277,32516,133982,27782,22811,471106,502760,57683,26029,528789,11851,79003,49618,280869,21502,198826,38277,32516,133982,27782,22811,471106,502760,57683,26029,0,0,0,0,0,0,0,0,0,0,0,0,0,0,0,0,12568,859,2627,3153,-2583,1092,3479,1901,1369,2551,3790,3254,15757,11450,-3189,1118,100.0,2.2,14.9,9.4,53.1,4.1,37.6,7.2,6.1,25.3,5.3,4.3,89.1,95.1,10.9,4.9,100.0,2.2,14.9,9.4,53.1,4.1,37.6,7.2,6.1,25.3,5.3,4.3,89.1,95.1,10.9,4.9,100.0,0.0,0.0,0.0,0.0,0.0,0.0,0.0,0.0,0.0,0.0,0.0,0.0,0.0,0.0,0.0,359,21,28,29,101,47,41,300,186,359,21,28,29,101,47,41,300,186,0,0,0,0,0,0,0,0,0,0,0,0,0,0,16.0,30.1,26.8,48.6,15.2,29.2,25.1,47.4,16.0,30.1,26.8,48.6,15.2,29.2,25.1,47.4,0.0,0.0,0.0,0.0,0.0,0.0,0.0,0.0,(CONTRACTS OF 100 TROY OUNCES),N20,GOLD,PRECIOUS METALS,NATURAL RESOURCES,FutOnly,15,18,112,23,46,15,18,112,23,46
250923088695F,MICRO GOLD - COMMODITY EXCHANGE INC.,2025-09-23T00:00:00.000,2025 Report Week 38,MICRO GOLD,088695,CMX ,NYC,088 ,GOLD,59196,0,0,0,0,0,1457,0,0,17846,15055,7423,26726,22478,32470,36718,59196,0,0,0,0,0,1457,0,0,17846,15055,7423,26726,22478,32470,36718,0,0,0,0,0,0,0,0,0,0,0,0,0,0,0,0,3297,0,0,0,0,0,-405,0,-2,3026,770,817,3436,1585,-139,1712,100.0,0.0,0.0,0.0,0.0,0.0,2.5,0.0,0.0,30.1,25.4,12.5,45.1,38.0,54.9,62.0,100.0,0.0,0.0,0.0,0.0,0.0,2.5,0.0,0.0,30.1,25.4,12.5,45.1,38.0,54.9,62.0,100.0,0.0,0.0,0.0,0.0,0.0,0.0,0.0,0.0,0.0,0.0,0.0,0.0,0.0,0.0,0.0,35,0,0,0,17,15,11,26,20,35,0,0,0,17,15,11,26,20,0,0,0,0,0,0,0,0,0,0,0,0,0,0,21.0,20.9,31.9,30.0,15.8,16.9,22.5,21.7,21.0,20.9,31.9,30.0,15.8,16.9,22.5,21.7,0.0,0.0,0.0,0.0,0.0,0.0,0.0,0.0,(CONTRACTS OF 10 TROY OUNCES),N20,GOLD,PRECIOUS METALS,NATURAL RESOURCES,FutOnly,0,0,,0,0,0,0,,0,0
250916088691F,GOLD - COMMODITY EXCHANGE INC.,2025-09-16T00:00:00.000,2025 Report Week 37,GOLD,088691,CMX ,NYC,088 ,GOLD,516221,10992,76376,46465,283452,20410,195347,36376,31147,131431,23992,19557,455349,491310,60872,24911,516221,10992,76376,46465,283452,20410,195347,36376,31147,131431,23992,19557,455349,491310,60872,24911,0,0,0,0,0,0,0,0,0,0,0,0,0,0,0,0,6596,1128,3958,-1822,24344,4711,-3560,988,1617,5463,-3755,-2823,4714,29040,1882,-22444,100.0,2.1,14.8,9.0,54.9,4.0,37.8,7.0,6.0,25.5,4.6,3.8,88.2,95.2,11.8,4.8,100.0,2.1,14.8,9.0,54.9,4.0,37.8,7.0,6.0,25.5,4.6,3.8,88.2,95.2,11.8,4.8,100.0,0.0,0.0,0.0,0.0,0.0,0.0,0.0,0.0,0.0,0.0,0.0,0.0,0.0,0.0,0.0,350,21,28,29,105,42,41,297,180,350,21,28,29,105,42,41,297,180,0,0,0,0,0,0,0,0,0,0,0,0,0,0,16.2,30.6,26.6,49.9,15.6,29.6,25.0,48.6,16.2,30.6,26.6,49.9,15.6,29.6,25.0,48.6,0.0,0.0,0.0,0.0,0.0,0.0,0.0,0.0,(CONTRACTS OF 100 TROY OUNCES),N20,GOLD,PRECIOUS METALS,NATURAL RESOURCES,FutOnly,15,16,106,21,48,15,16,106,21,48
250916088695F,MICRO GOLD - COMMODITY EXCHANGE INC.,2025-09-16T00:00:00.000,2025 Report Week 37,MICRO GOLD,088695,CMX ,NYC,088 ,GOLD,55899,0,0,0,0,0,1862,0,2,14820,14285,6606,23290,20893,32609,35006,55899,0,0,0,0,0,1862,0,2,14820,14285,6606,23290,20893,32609,35006,0,0,0,0,0,0,0,0,0,0,0,0,0,0,0,0,-1545,0,0,0,0,0,-193,0,-7,-3685,-683,963,-2922,273,1377,-1818,100.0,0.0,0.0,0.0,0.0,0.0,3.3,0.0,0.0,26.5,25.6,11.8,41.7,37.4,58.3,62.6,100.0,0.0,0.0,0.0,0.0,0.0,3.3,0.0,0.0,26.5,25.6,11.8,41.7,37.4,58.3,62.6,100.0,0.0,0.0,0.0,0.0,0.0,0.0,0.0,0.0,0.0,0.0,0.0,0.0,0.0,0.0,0.0,36,0,0,0,18,14,9,27,19,36,0,0,0,18,14,9,27,19,0,0,0,0,0,0,0,0,0,0,0,0,0,0,15.3,20.4,26.5,29.6,12.2,17.1,20.4,22.2,15.3,20.4,26.5,29.6,12.2,17.1,20.4,22.2,0.0,0.0,0.0,0.0,0.0,0.0,0.0,0.0,(CONTRACTS OF 10 TROY OUNCES),N20,GOLD,PRECIOUS METALS,NATURAL RESOURCES,FutOnly,0,0,4,0,,0,0,4,0,
250909088695F,MICRO GOLD - COMMODITY EXCHANGE INC.,2025-09-09T00:00:00.000,2025 Report Week 36,MICRO GOLD,088695,CMX ,NYC,088 ,GOLD,57444,0,0,0,0,0,2055,0,9,18505,14968,5643,26212,20620,31232,36824,57444,0,0,0,0,0,2055,0,9,18505,14968,5643,26212,20620,31232,36824,0,0,0,0,0,0,0,0,0,0,0,0,0,0,0,0,-4427,0,0,0,0,0,-782,0,9,-5710,-325,-545,-7028,-861,2601,-3566,100.0,0.0,0.0,0.0,0.0,0.0,3.6,0.0,0.0,32.2,26.1,9.8,45.6,35.9,54.4,64.1,100.0,0.0,0.0,0.0,0.0,0.0,3.6,0.0,0.0,32.2,26.1,9.8,45.6,35.9,54.4,64.1,100.0,0.0,0.0,0.0,0.0,0.0,0.0,0.0,0.0,0.0,0.0,0.0,0.0,0.0,0.0,0.0,33,0,0,0,16,13,8,24,18,33,0,0,0,16,13,8,24,18,0,0,0,0,0,0,0,0,0,0,0,0,0,0,22.9,19.8,32.7,28.3,19.3,17.4,26.4,22.9,22.9,19.8,32.7,28.3,19.3,17.4,26.4,22.9,0.0,0.0,0.0,0.0,0.0,0.0,0.0,0.0,(CONTRACTS OF 10 TROY OUNCES),N20,GOLD,PRECIOUS METALS,NATURAL RESOURCES,FutOnly,0,0,4,0,,0,0,4,0,
250909088691F,GOLD - COMMODITY EXCHANGE INC.,2025-09-09T00:00:00.000,2025 Report Week 36,GOLD,088691,CMX ,NYC,088 ,GOLD,509625,9864,72418,48287,259108,15699,198907,35388,29530,125968,27747,22380,450635,462270,58990,47355,509625,9864,72418,48287,259108,15699,198907,35388,29530,125968,27747,22380,450635,462270,58990,47355,0,0,0,0,0,0,0,0,0,0,0,0,0,0,0,0,16717,1655,8907,719,-7056,-2443,2780,763,-206,6299,-3894,5558,14362,1629,2355,15088,100.0,1.9,14.2,9.5,50.8,3.1,39.0,6.9,5.8,24.7,5.4,4.4,88.4,90.7,11.6,9.3,100.0,1.9,14.2,9.5,50.8,3.1,39.0,6.9,5.8,24.7,5.4,4.4,88.4,90.7,11.6,9.3,100.0,0.0,0.0,0.0,0.0,0.0,0.0,0.0,0.0,0.0,0.0,0.0,0.0,0.0,0.0,0.0,348,20,27,29,105,43,38,292,175,348,20,27,29,105,43,38,292,175,0,0,0,0,0,0,0,0,0,0,0,0,0,0,16.6,29.1,27.2,46.8,16.2,28.3,25.8,45.5,16.6,29.1,27.2,46.8,16.2,28.3,25.8,45.5,0.0,0.0,0.0,0.0,0.0,0.0,0.0,0.0,(CONTRACTS OF 100 TROY OUNCES),N20,GOLD,PRECIOUS METALS,NATURAL RESOURCES,FutOnly,13,18,106,21,43,13,18,106,21,43
250902088695F,MICRO GOLD - COMMODITY EXCHANGE INC.,2025-09-02T00:00:00.000,2025 Report Week 35,MICRO GOLD,088695,CMX ,NYC,088 ,GOLD,61871,0,0,0,0,0,2837,0,0,24215,15293,6188,33240,21481,28631,40390,61871,0,0,0,0,0,2837,0,0,24215,15293,6188,33240,21481,28631,40390,0,0,0,0,0,0,0,0,0,0,0,0,0,0,0,0,12595,0,0,0,0,0,1319,0,0,15669,-1376,-1698,15290,-3074,-2695,15669,100.0,0.0,0.0,0.0,0.0,0.0,4.6,0.0,0.0,39.1,24.7,10.0,53.7,34.7,46.3,65.3,100.0,0.0,0.0,0.0,0.0,0.0,4.6,0.0,0.0,39.1,24.7,10.0,53.7,34.7,46.3,65.3,100.0,0.0,0.0,0.0,0.0,0.0,0.0,0.0,0.0,0.0,0.0,0.0,0.0,0.0,0.0,0.0,34,0,0,0,12,17,9,22,21,34,0,0,0,12,17,9,22,21,0,0,0,0,0,0,0,0,0,0,0,0,0,0,34.3,18.1,43.7,27.1,30.9,16.1,37.9,20.6,34.3,18.1,43.7,27.1,30.9,16.1,37.9,20.6,0.0,0.0,0.0,0.0,0.0,0.0,0.0,0.0,(CONTRACTS OF 10 TROY OUNCES),N20,GOLD,PRECIOUS METALS,NATURAL RESOURCES,FutOnly,0,0,5,0,0,0,0,5,0,0
250902088691F,GOLD - COMMODITY EXCHANGE INC.,2025-09-02T00:00:00.000,2025 Report Week 35,GOLD,088691,CMX ,NYC,088 ,GOLD,492908,8209,63511,47568,266164,18142,196127,34625,29736,119669,31641,16822,436273,460641,56635,32267,492908,8209,63511,47568,266164,18142,196127,34625,29736,119669,31641,16822,436273,460641,56635,32267,0,0,0,0,0,0,0,0,0,0,0,0,0,0,0,0,49148,-1411,11563,1946,11905,476,20633,1048,982,19396,3762,7203,49225,36939,-77,12209,100.0,1.7,12.9,9.7,54.0,3.7,39.8,7.0,6.0,24.3,6.4,3.4,88.5,93.5,11.5,6.5,100.0,1.7,12.9,9.7,54.0,3.7,39.8,7.0,6.0,24.3,6.4,3.4,88.5,93.5,11.5,6.5,100.0,0.0,0.0,0.0,0.0,0.0,0.0,0.0,0.0,0.0,0.0,0.0,0.0,0.0,0.0,0.0,360,20,29,33,95,49,39,293,189,360,20,29,33,95,49,39,293,189,0,0,0,0,0,0,0,0,0,0,0,0,0,0,17.1,28.4,27.7,47.1,17.0,27.7,26.2,46.1,17.1,28.4,27.7,47.1,17.0,27.7,26.2,46.1,0.0,0.0,0.0,0.0,0.0,0.0,0.0,0.0,(CONTRACTS OF 100 TROY OUNCES),N20,GOLD,PRECIOUS METALS,NATURAL RESOURCES,FutOnly,13,20,117,24,42,13,20,117,24,42
250826088695F,MICRO GOLD - COMMODITY EXCHANGE INC.,2025-08-26T00:00:00.000,2025 Report Week 34,MICRO GOLD,088695,CMX ,NYC,088 ,GOLD,49276,0,0,0,0,0,1518,0,0,8546,16669,7886,17950,24555,31326,24721,49276,0,0,0,0,0,1518,0,0,8546,16669,7886,17950,24555,31326,24721,0,0,0,0,0,0,0,0,0,0,0,0,0,0,0,0,-1979,0,0,0,0,0,-158,0,-5,-20,-6126,2692,2509,-3439,-4488,1460,100.0,0.0,0.0,0.0,0.0,0.0,3.1,0.0,0.0,17.3,33.8,16.0,36.4,49.8,63.6,50.2,100.0,0.0,0.0,0.0,0.0,0.0,3.1,0.0,0.0,17.3,33.8,16.0,36.4,49.8,63.6,50.2,100.0,0.0,0.0,0.0,0.0,0.0,0.0,0.0,0.0,0.0,0.0,0.0,0.0,0.0,0.0,0.0,30,0,0,0,9,18,12,21,21,30,0,0,0,9,18,12,21,21,0,0,0,0,0,0,0,0,0,0,0,0,0,0,19.9,25.4,27.2,38.3,12.5,21.1,18.4,28.7,19.9,25.4,27.2,38.3,12.5,21.1,18.4,28.7,0.0,0.0,0.0,0.0,0.0,0.0,0.0,0.0,(CONTRACTS OF 10 TROY OUNCES),N20,GOLD,PRECIOUS METALS,NATURAL RESOURCES,FutOnly,0,0,,0,0,0,0,,0,0
250826088691F,GOLD - COMMODITY EXCHANGE INC.,2025-08-26T00:00:00.000,2025 Report Week 34,GOLD,088691,CMX ,NYC,088 ,GOLD,443760,9620,51948,45622,254259,17666,175494,33577,28754,100273,27879,9619,387048,423702,56712,20058,443760,9620,51948,45622,254259,17666,175494,33577,28754,100273,27879,9619,387048,423702,56712,20058,0,0,0,0,0,0,0,0,0,0,0,0,0,0,0,0,5219,231,2554,6015,4692,-8,2106,-2426,-24,-1616,1195,-2099,4605,3884,614,1335,100.0,2.2,11.7,10.3,57.3,4.0,39.5,7.6,6.5,22.6,6.3,2.2,87.2,95.5,12.8,4.5,100.0,2.2,11.7,10.3,57.3,4.0,39.5,7.6,6.5,22.6,6.3,2.2,87.2,95.5,12.8,4.5,100.0,0.0,0.0,0.0,0.0,0.0,0.0,0.0,0.0,0.0,0.0,0.0,0.0,0.0,0.0,0.0,316,14,26,32,75,38,32,273,158,316,14,26,32,75,38,32,273,158,0,0,0,0,0,0,0,0,0,0,0,0,0,0,19.4,29.9,30.5,49.7,19.1,29.1,28.7,48.3,19.4,29.9,30.5,49.7,19.1,29.1,28.7,48.3,0.0,0.0,0.0,0.0,0.0,0.0,0.0,0.0,(CONTRACTS OF 100 TROY OUNCES),N20,GOLD,PRECIOUS METALS,NATURAL RESOURCES,FutOnly,16,21,112,20,43,16,21,112,20,43
250819088691F,GOLD - COMMODITY EXCHANGE INC.,2025-08-19T00:00:00.000,2025 Report Week 33,GOLD,088691,CMX ,NYC,088 ,GOLD,438541,9389,49394,39607,249567,17674,173388,36003,28778,101889,26684,11718,382443,419818,56098,18723,438541,9389,49394,39607,249567,17674,173388,36003,28778,101889,26684,11718,382443,419818,56098,18723,0,0,0,0,0,0,0,0,0,0,0,0,0,0,0,0,-7611,65,320,3656,-9699,-478,-8949,1953,24,-3889,2104,-482,-10053,-6258,2442,-1353,100.0,2.1,11.3,9.0,56.9,4.0,39.5,8.2,6.6,23.2,6.1,2.7,87.2,95.7,12.8,4.3,100.0,2.1,11.3,9.0,56.9,4.0,39.5,8.2,6.6,23.2,6.1,2.7,87.2,95.7,12.8,4.3,100.0,0.0,0.0,0.0,0.0,0.0,0.0,0.0,0.0,0.0,0.0,0.0,0.0,0.0,0.0,0.0,318,13,26,31,87,35,35,275,164,318,13,26,31,87,35,35,275,164,0,0,0,0,0,0,0,0,0,0,0,0,0,0,20.1,30.9,31.7,50.8,19.8,30.1,30.2,49.1,20.1,30.9,31.7,50.8,19.8,30.1,30.2,49.1,0.0,0.0,0.0,0.0,0.0,0.0,0.0,0.0,(CONTRACTS OF 100 TROY OUNCES),N20,GOLD,PRECIOUS METALS,NATURAL RESOURCES,FutOnly,14,18,106,25,48,14,18,106,25,48
250819088695F,MICRO GOLD - COMMODITY EXCHANGE INC.,2025-08-19T00:00:00.000,2025 Report Week 33,MICRO GOLD,088695,CMX ,NYC,088 ,GOLD,51255,0,0,0,0,0,1676,0,5,8566,22795,5194,15441,27994,35814,23261,51255,0,0,0,0,0,1676,0,5,8566,22795,5194,15441,27994,35814,23261,0,0,0,0,0,0,0,0,0,0,0,0,0,0,0,0,6425,0,0,0,0,0,203,-207,-254,2241,7989,-690,1500,6838,4925,-413,100.0,0.0,0.0,0.0,0.0,0.0,3.3,0.0,0.0,16.7,44.5,10.1,30.1,54.6,69.9,45.4,100.0,0.0,0.0,0.0,0.0,0.0,3.3,0.0,0.0,16.7,44.5,10.1,30.1,54.6,69.9,45.4,100.0,0.0,0.0,0.0,0.0,0.0,0.0,0.0,0.0,0.0,0.0,0.0,0.0,0.0,0.0,0.0,32,0,0,0,13,15,11,26,18,32,0,0,0,13,15,11,26,18,0,0,0,0,0,0,0,0,0,0,0,0,0,0,11.9,34.4,19.8,48.1,10.0,32.1,15.5,40.9,11.9,34.4,19.8,48.1,10.0,32.1,15.5,40.9,0.0,0.0,0.0,0.0,0.0,0.0,0.0,0.0,(CONTRACTS OF 10 TROY OUNCES),N20,GOLD,PRECIOUS METALS,NATURAL RESOURCES,FutOnly,0,0,4,0,,0,0,4,0,
250812088691F,GOLD - COMMODITY EXCHANGE INC.,2025-08-12T00:00:00.000,2025 Report Week 32,GOLD,088691,CMX ,NYC,088 ,GOLD,446152,9324,49074,35951,259266,18152,182337,34050,28754,105778,24580,12200,392496,426076,53656,20076,446152,9324,49074,35951,259266,18152,182337,34050,28754,105778,24580,12200,392496,426076,53656,20076,0,0,0,0,0,0,0,0,0,0,0,0,0,0,0,0,-3495,-12436,-6703,-923,-13737,2711,-3967,1733,9449,-112,1753,724,-4554,-4070,1059,575,100.0,2.1,11.0,8.1,58.1,4.1,40.9,7.6,6.4,23.7,5.5,2.7,88.0,95.5,12.0,4.5,100.0,2.1,11.0,8.1,58.1,4.1,40.9,7.6,6.4,23.7,5.5,2.7,88.0,95.5,12.0,4.5,100.0,0.0,0.0,0.0,0.0,0.0,0.0,0.0,0.0,0.0,0.0,0.0,0.0,0.0,0.0,0.0,318,17,27,29,92,30,26,270,154,318,17,27,29,92,30,26,270,154,0,0,0,0,0,0,0,0,0,0,0,0,0,0,20.3,30.4,31.5,51.3,19.8,29.6,30.1,49.3,20.3,30.4,31.5,51.3,19.8,29.6,30.1,49.3,0.0,0.0,0.0,0.0,0.0,0.0,0.0,0.0,(CONTRACTS OF 100 TROY OUNCES),N20,GOLD,PRECIOUS METALS,NATURAL RESOURCES,FutOnly,12,19,106,20,44,12,19,106,20,44
250812088695F,MICRO GOLD - COMMODITY EXCHANGE INC.,2025-08-12T00:00:00.000,2025 Report Week 32,MICRO GOLD,088695,CMX ,NYC,088 ,GOLD,44830,0,0,0,0,0,1473,207,259,6325,14806,5884,13941,21156,30889,23674,44830,0,0,0,0,0,1473,207,259,6325,14806,5884,13941,21156,30889,23674,0,0,0,0,0,0,0,0,0,0,0,0,0,0,0,0,-426,0,0,0,0,0,-221,207,257,-4693,41,86,-4571,591,4145,-1017,100.0,0.0,0.0,0.0,0.0,0.0,3.3,0.5,0.6,14.1,33.0,13.1,31.1,47.2,68.9,52.8,100.0,0.0,0.0,0.0,0.0,0.0,3.3,0.5,0.6,14.1,33.0,13.1,31.1,47.2,68.9,52.8,100.0,0.0,0.0,0.0,0.0,0.0,0.0,0.0,0.0,0.0,0.0,0.0,0.0,0.0,0.0,0.0,30,0,0,0,12,14,10,25,16,30,0,0,0,12,14,10,25,16,0,0,0,0,0,0,0,0,0,0,0,0,0,0,12.8,28.6,20.4,39.7,9.6,21.9,13.4,29.6,12.8,28.6,20.4,39.7,9.6,21.9,13.4,29.6,0.0,0.0,0.0,0.0,0.0,0.0,0.0,0.0,(CONTRACTS OF 10 TROY OUNCES),N20,GOLD,PRECIOUS METALS,NATURAL RESOURCES,FutOnly,0,0,,,,0,0,,,
250805088695F,MICRO GOLD - COMMODITY EXCHANGE INC.,2025-08-05T00:00:00.000,2025 Report Week 31,MICRO GOLD,088695,CMX ,NYC,088 ,GOLD,45256,0,0,0,0,0,1694,0,2,11018,14765,5798,18512,20565,26744,24691,45256,0,0,0,0,0,1694,0,2,11018,14765,5798,18512,20565,26744,24691,0,0,0,0,0,0,0,0,0,0,0,0,0,0,0,0,-8402,0,0,0,0,0,530,0,2,1175,-13992,-5726,-4019,-19716,-4383,11314,100.0,0.0,0.0,0.0,0.0,0.0,3.7,0.0,0.0,24.3,32.6,12.8,40.9,45.4,59.1,54.6,100.0,0.0,0.0,0.0,0.0,0.0,3.7,0.0,0.0,24.3,32.6,12.8,40.9,45.4,59.1,54.6,100.0,0.0,0.0,0.0,0.0,0.0,0.0,0.0,0.0,0.0,0.0,0.0,0.0,0.0,0.0,0.0,31,0,0,0,11,16,11,25,18,31,0,0,0,11,16,11,25,18,0,0,0,0,0,0,0,0,0,0,0,0,0,0,23.1,26.7,30.3,37.9,17.6,22.3,23.7,28.7,23.1,26.7,30.3,37.9,17.6,22.3,23.7,28.7,0.0,0.0,0.0,0.0,0.0,0.0,0.0,0.0,(CONTRACTS OF 10 TROY OUNCES),N20,GOLD,PRECIOUS METALS,NATURAL RESOURCES,FutOnly,0,0,4,0,,0,0,4,0,
250805088691F,GOLD - COMMODITY EXCHANGE INC.,2025-08-05T00:00:00.000,2025 Report Week 31,GOLD,088691,CMX ,NYC,088 ,GOLD,449647,21760,55777,36874,273003,15441,186304,32317,19305,105890,22827,11476,397050,430146,52597,19501,449647,21760,55777,36874,273003,15441,186304,32317,19305,105890,22827,11476,397050,430146,52597,19501,0,0,0,0,0,0,0,0,0,0,0,0,0,0,0,0,4388,9466,-4687,-2275,22945,-12209,15386,-4345,-1117,-4433,1844,189,5007,2620,-619,1768,100.0,4.8,12.4,8.2,60.7,3.4,41.4,7.2,4.3,23.5,5.1,2.6,88.3,95.7,11.7,4.3,100.0,4.8,12.4,8.2,60.7,3.4,41.4,7.2,4.3,23.5,5.1,2.6,88.3,95.7,11.7,4.3,100.0,0.0,0.0,0.0,0.0,0.0,0.0,0.0,0.0,0.0,0.0,0.0,0.0,0.0,0.0,0.0,312,16,27,31,83,28,28,268,149,312,16,27,31,83,28,28,268,149,0,0,0,0,0,0,0,0,0,0,0,0,0,0,20.7,35.1,32.1,55.8,19.7,34.4,30.8,55.0,20.7,35.1,32.1,55.8,19.7,34.4,30.8,55.0,0.0,0.0,0.0,0.0,0.0,0.0,0.0,0.0,(CONTRACTS OF 100 TROY OUNCES),N20,GOLD,PRECIOUS METALS,NATURAL RESOURCES,FutOnly,16,19,108,19,38,16,19,108,19,38
250729088695F,MICRO GOLD - COMMODITY EXCHANGE INC.,2025-07-29T00:00:00.000,2025 Report Week 30,MICRO GOLD,088695,CMX ,NYC,088 ,GOLD,53658,0,0,0,0,0,1164,0,0,9843,28757,11524,22531,40281,31127,13377,53658,0,0,0,0,0,1164,0,0,9843,28757,11524,22531,40281,31127,13377,0,0,0,0,0,0,0,0,0,0,0,0,0,0,0,0,659,0,0,0,0,0,-813,0,-692,-8975,10592,5456,-5024,15356,5683,-14697,100.0,0.0,0.0,0.0,0.0,0.0,2.2,0.0,0.0,18.3,53.6,21.5,42.0,75.1,58.0,24.9,100.0,0.0,0.0,0.0,0.0,0.0,2.2,0.0,0.0,18.3,53.6,21.5,42.0,75.1,58.0,24.9,100.0,0.0,0.0,0.0,0.0,0.0,0.0,0.0,0.0,0.0,0.0,0.0,0.0,0.0,0.0,0.0,28,0,0,0,11,14,13,22,19,28,0,0,0,11,14,13,22,19,0,0,0,0,0,0,0,0,0,0,0,0,0,0,24.4,55.0,32.9,68.0,12.8,44.0,17.9,51.3,24.4,55.0,32.9,68.0,12.8,44.0,17.9,51.3,0.0,0.0,0.0,0.0,0.0,0.0,0.0,0.0,(CONTRACTS OF 10 TROY OUNCES),N20,GOLD,PRECIOUS METALS,NATURAL RESOURCES,FutOnly,0,0,,0,0,0,0,,0,0
250729088691F,GOLD - COMMODITY EXCHANGE INC.,2025-07-29T00:00:00.000,2025 Report Week 30,GOLD,088691,CMX ,NYC,088 ,GOLD,445259,12294,60464,39149,250058,27650,170918,36662,20422,110323,20983,11287,392043,427526,53216,17733,445259,12294,60464,39149,250058,27650,170918,36662,20422,110323,20983,11287,392043,427526,53216,17733,0,0,0,0,0,0,0,0,0,0,0,0,0,0,0,0,-44164,1087,-2105,5850,-14216,-4570,-23835,1843,-4849,-6873,-3109,-10138,-43328,-37144,-836,-7020,100.0,2.8,13.6,8.8,56.2,6.2,38.4,8.2,4.6,24.8,4.7,2.5,88.0,96.0,12.0,4.0,100.0,2.8,13.6,8.8,56.2,6.2,38.4,8.2,4.6,24.8,4.7,2.5,88.0,96.0,12.0,4.0,100.0,0.0,0.0,0.0,0.0,0.0,0.0,0.0,0.0,0.0,0.0,0.0,0.0,0.0,0.0,0.0,300,17,23,33,85,25,28,260,150,300,17,23,33,85,25,28,260,150,0,0,0,0,0,0,0,0,0,0,0,0,0,0,20.2,34.5,31.0,53.6,19.4,31.9,29.5,50.8,20.2,34.5,31.0,53.6,19.4,31.9,29.5,50.8,0.0,0.0,0.0,0.0,0.0,0.0,0.0,0.0,(CONTRACTS OF 100 TROY OUNCES),N20,GOLD,PRECIOUS METALS,NATURAL RESOURCES,FutOnly,14,23,96,21,41,14,23,96,21,41
250722088691F,GOLD - COMMODITY EXCHANGE INC.,2025-07-22T00:00:00.000,2025 Report Week 29,GOLD,088691,CMX ,NYC,088 ,GOLD,489423,11207,62569,33299,264274,32220,194753,34819,25271,117196,24092,21425,435371,464670,54052,24753,489423,11207,62569,33299,264274,32220,194753,34819,25271,117196,24092,21425,435371,464670,54052,24753,0,0,0,0,0,0,0,0,0,0,0,0,0,0,0,0,40892,-3509,1117,-350,26673,4596,22096,-1111,2646,19626,2910,-1289,43816,35542,-2924,5350,100.0,2.3,12.8,6.8,54.0,6.6,39.8,7.1,5.2,23.9,4.9,4.4,89.0,94.9,11.0,5.1,100.0,2.3,12.8,6.8,54.0,6.6,39.8,7.1,5.2,23.9,4.9,4.4,89.0,94.9,11.0,5.1,100.0,0.0,0.0,0.0,0.0,0.0,0.0,0.0,0.0,0.0,0.0,0.0,0.0,0.0,0.0,0.0,337,19,29,33,90,38,34,283,170,337,19,29,33,90,38,34,283,170,0,0,0,0,0,0,0,0,0,0,0,0,0,0,18.1,30.3,28.1,49.3,17.5,29.8,26.4,47.4,18.1,30.3,28.1,49.3,17.5,29.8,26.4,47.4,0.0,0.0,0.0,0.0,0.0,0.0,0.0,0.0,(CONTRACTS OF 100 TROY OUNCES),N20,GOLD,PRECIOUS METALS,NATURAL RESOURCES,FutOnly,14,18,113,20,42,14,18,113,20,42
250722088695F,MICRO GOLD - COMMODITY EXCHANGE INC.,2025-07-22T00:00:00.000,2025 Report Week 29,MICRO GOLD,088695,CMX ,NYC,088 ,GOLD,52999,0,0,0,0,0,1977,0,692,18818,18165,6068,27555,24925,25444,28074,52999,0,0,0,0,0,1977,0,692,18818,18165,6068,27555,24925,25444,28074,0,0,0,0,0,0,0,0,0,0,0,0,0,0,0,0,368,0,0,0,0,0,446,-731,692,4407,-8400,1993,7538,-6446,-7170,6814,100.0,0.0,0.0,0.0,0.0,0.0,3.7,0.0,1.3,35.5,34.3,11.4,52.0,47.0,48.0,53.0,100.0,0.0,0.0,0.0,0.0,0.0,3.7,0.0,1.3,35.5,34.3,11.4,52.0,47.0,48.0,53.0,100.0,0.0,0.0,0.0,0.0,0.0,0.0,0.0,0.0,0.0,0.0,0.0,0.0,0.0,0.0,0.0,38,0,0,0,13,19,9,23,26,38,0,0,0,13,19,9,23,26,0,0,0,0,0,0,0,0,0,0,0,0,0,0,32.5,22.2,41.5,34.3,27.7,19.1,34.2,27.2,32.5,22.2,41.5,34.3,27.7,19.1,34.2,27.2,0.0,0.0,0.0,0.0,0.0,0.0,0.0,0.0,(CONTRACTS OF 10 TROY OUNCES),N20,GOLD,PRECIOUS METALS,NATURAL RESOURCES,FutOnly,0,0,5,0,,0,0,5,0,
250715088695F,MICRO GOLD - COMMODITY EXCHANGE INC.,2025-07-15T00:00:00.000,2025 Report Week 28,MICRO GOLD,088695,CMX,NYC,088,GOLD,52631,0,0,0,0,0,1531,731,0,14411,26565,4075,20017,31371,32614,21260,52631,0,0,0,0,0,1531,731,0,14411,26565,4075,20017,31371,32614,21260,0,0,0,0,0,0,0,0,0,0,0,0,0,0,0,0,4312,0,0,0,0,0,-57,211,-2,4897,1737,1829,6667,3775,-2355,537,100.0,0.0,0.0,0.0,0.0,0.0,2.9,1.4,0.0,27.4,50.5,7.7,38.0,59.6,62.0,40.4,100.0,0.0,0.0,0.0,0.0,0.0,2.9,1.4,0.0,27.4,50.5,7.7,38.0,59.6,62.0,40.4,100.0,0.0,0.0,0.0,0.0,0.0,0.0,0.0,0.0,0.0,0.0,0.0,0.0,0.0,0.0,0.0,34,0,0,0,12,16,8,21,21,34,0,0,0,12,16,8,21,21,0,0,0,0,0,0,0,0,0,0,0,0,0,0,18.1,39.6,29.1,49.0,17.5,36.3,25.0,44.6,18.1,39.6,29.1,49.0,17.5,36.3,25.0,44.6,0.0,0.0,0.0,0.0,0.0,0.0,0.0,0.0,(CONTRACTS OF 10 TROY OUNCES),N20,GOLD,PRECIOUS METALS,NATURAL RESOURCES,FutOnly,0,0,4,,0,0,0,4,,0
250715088691F,GOLD - COMMODITY EXCHANGE INC.,2025-07-15T00:00:00.000,2025 Report Week 28,GOLD,088691,CMX,NYC,088,GOLD,448531,14716,61452,33649,237601,27624,172657,35930,22625,97570,21182,22714,391555,429128,56976,19403,448531,14716,61452,33649,237601,27624,172657,35930,22625,97570,21182,22714,391555,429128,56976,19403,0,0,0,0,0,0,0,0,0,0,0,0,0,0,0,0,5387,1101,1025,-1710,10700,4723,7972,187,-13763,570,-1792,5809,4702,6889,685,-1502,100.0,3.3,13.7,7.5,53.0,6.2,38.5,8.0,5.0,21.8,4.7,5.1,87.3,95.7,12.7,4.3,100.0,3.3,13.7,7.5,53.0,6.2,38.5,8.0,5.0,21.8,4.7,5.1,87.3,95.7,12.7,4.3,100.0,0.0,0.0,0.0,0.0,0.0,0.0,0.0,0.0,0.0,0.0,0.0,0.0,0.0,0.0,0.0,305,15,25,29,91,27,27,265,152,305,15,25,29,91,27,27,265,152,0,0,0,0,0,0,0,0,0,0,0,0,0,0,18.6,31.8,27.9,50.1,17.3,31.0,25.9,48.5,18.6,31.8,27.9,50.1,17.3,31.0,25.9,48.5,0.0,0.0,0.0,0.0,0.0,0.0,0.0,0.0,(CONTRACTS OF 100 TROY OUNCES),N20,GOLD,PRECIOUS METALS,NATURAL RESOURCES,FutOnly,15,17,98,22,47,15,17,98,22,47
250708088691F,GOLD - COMMODITY EXCHANGE INC.,2025-07-08T00:00:00.000,2025 Report Week 27,GOLD,088691,CMX ,NYC,088 ,GOLD,443144,13615,60427,35359,226901,22901,164685,35743,36388,97000,22974,16905,386853,422239,56291,20905,443144,13615,60427,35359,226901,22901,164685,35743,36388,97000,22974,16905,386853,422239,56291,20905,0,0,0,0,0,0,0,0,0,0,0,0,0,0,0,0,5482,1610,-991,-1901,2985,3346,-401,1017,-3532,3455,1049,-62,2515,3812,2967,1670,100.0,3.1,13.6,8.0,51.2,5.2,37.2,8.1,8.2,21.9,5.2,3.8,87.3,95.3,12.7,4.7,100.0,3.1,13.6,8.0,51.2,5.2,37.2,8.1,8.2,21.9,5.2,3.8,87.3,95.3,12.7,4.7,100.0,0.0,0.0,0.0,0.0,0.0,0.0,0.0,0.0,0.0,0.0,0.0,0.0,0.0,0.0,0.0,299,15,23,31,93,30,31,257,153,299,15,23,31,93,30,31,257,153,0,0,0,0,0,0,0,0,0,0,0,0,0,0,19.5,31.3,30.2,49.9,17.6,30.4,26.3,47.2,19.5,31.3,30.2,49.9,17.6,30.4,26.3,47.2,0.0,0.0,0.0,0.0,0.0,0.0,0.0,0.0,(CONTRACTS OF 100 TROY OUNCES),N20,GOLD,PRECIOUS METALS,NATURAL RESOURCES,FutOnly,12,22,89,21,43,12,22,89,21,43
250708088695F,MICRO GOLD - COMMODITY EXCHANGE INC.,2025-07-08T00:00:00.000,2025 Report Week 27,MICRO GOLD,088695,CMX ,NYC,088 ,GOLD,48319,0,0,0,0,0,1588,520,2,9514,24828,2246,13350,27596,34969,20723,48319,0,0,0,0,0,1588,520,2,9514,24828,2246,13350,27596,34969,20723,0,0,0,0,0,0,0,0,0,0,0,0,0,0,0,0,3019,0,0,0,0,0,180,-112,-14,-2996,4702,894,-1936,5470,4955,-2451,100.0,0.0,0.0,0.0,0.0,0.0,3.3,1.1,0.0,19.7,51.4,4.6,27.6,57.1,72.4,42.9,100.0,0.0,0.0,0.0,0.0,0.0,3.3,1.1,0.0,19.7,51.4,4.6,27.6,57.1,72.4,42.9,100.0,0.0,0.0,0.0,0.0,0.0,0.0,0.0,0.0,0.0,0.0,0.0,0.0,0.0,0.0,0.0,36,0,0,0,14,16,8,24,21,36,0,0,0,14,16,8,24,21,0,0,0,0,0,0,0,0,0,0,0,0,0,0,13.0,35.3,18.8,45.3,11.9,33.9,17.0,43.9,13.0,35.3,18.8,45.3,11.9,33.9,17.0,43.9,0.0,0.0,0.0,0.0,0.0,0.0,0.0,0.0,(CONTRACTS OF 10 TROY OUNCES),N20,GOLD,PRECIOUS METALS,NATURAL RESOURCES,FutOnly,0,0,4,,,0,0,4,,
250701088691F,GOLD - COMMODITY EXCHANGE INC.,2025-07-01T00:00:00.000,2025 Report Week 26,GOLD,088691,CMX ,NYC,088 ,GOLD,437662,12005,61418,37260,223916,19555,165086,34726,39920,93545,21925,16967,384338,418427,53324,19235,437662,12005,61418,37260,223916,19555,165086,34726,39920,93545,21925,16967,384338,418427,53324,19235,0,0,0,0,0,0,0,0,0,0,0,0,0,0,0,0,2704,-314,-1316,-3323,3188,-866,1257,-3975,2967,1297,-447,3371,4389,2922,-1685,-218,100.0,2.7,14.0,8.5,51.2,4.5,37.7,7.9,9.1,21.4,5.0,3.9,87.8,95.6,12.2,4.4,100.0,2.7,14.0,8.5,51.2,4.5,37.7,7.9,9.1,21.4,5.0,3.9,87.8,95.6,12.2,4.4,100.0,0.0,0.0,0.0,0.0,0.0,0.0,0.0,0.0,0.0,0.0,0.0,0.0,0.0,0.0,0.0,303,15,23,28,92,28,29,252,157,303,15,23,28,92,28,29,252,157,0,0,0,0,0,0,0,0,0,0,0,0,0,0,20.1,31.1,31.1,50.6,17.4,30.3,26.4,47.3,20.1,31.1,31.1,50.6,17.4,30.3,26.4,47.3,0.0,0.0,0.0,0.0,0.0,0.0,0.0,0.0,(CONTRACTS OF 100 TROY OUNCES),N20,GOLD,PRECIOUS METALS,NATURAL RESOURCES,FutOnly,12,23,91,23,44,12,23,91,23,44
250701088695F,MICRO GOLD - COMMODITY EXCHANGE INC.,2025-07-01T00:00:00.000,2025 Report Week 26,MICRO GOLD,088695,CMX ,NYC,088 ,GOLD,45300,0,0,0,0,0,1408,632,16,12510,20126,1352,15286,22126,30014,23174,45300,0,0,0,0,0,1408,632,16,12510,20126,1352,15286,22126,30014,23174,0,0,0,0,0,0,0,0,0,0,0,0,0,0,0,0,-1120,0,0,0,0,0,16,-123,-26,3553,-4370,-1221,2322,-5740,-3442,4620,100.0,0.0,0.0,0.0,0.0,0.0,3.1,1.4,0.0,27.6,44.4,3.0,33.7,48.8,66.3,51.2,100.0,0.0,0.0,0.0,0.0,0.0,3.1,1.4,0.0,27.6,44.4,3.0,33.7,48.8,66.3,51.2,100.0,0.0,0.0,0.0,0.0,0.0,0.0,0.0,0.0,0.0,0.0,0.0,0.0,0.0,0.0,0.0,32,0,0,0,10,16,7,19,21,32,0,0,0,10,16,7,19,21,0,0,0,0,0,0,0,0,0,0,0,0,0,0,22.3,24.9,27.9,36.4,21.7,24.0,27.2,35.5,22.3,24.9,27.9,36.4,21.7,24.0,27.2,35.5,0.0,0.0,0.0,0.0,0.0,0.0,0.0,0.0,(CONTRACTS OF 10 TROY OUNCES),N20,GOLD,PRECIOUS METALS,NATURAL RESOURCES,FutOnly,0,0,4,,,0,0,4,,
250624088691F,GOLD - COMMODITY EXCHANGE INC.,2025-06-24T00:00:00.000,2025 Report Week 25,GOLD,088691,CMX ,NYC,088 ,GOLD,434958,12319,62734,40583,220728,20421,163829,38701,36953,92248,22372,13596,379949,415505,55009,19453,434958,12319,62734,40583,220728,20421,163829,38701,36953,92248,22372,13596,379949,415505,55009,19453,0,0,0,0,0,0,0,0,0,0,0,0,0,0,0,0,-6256,1253,-1294,448,-4172,-62,-3817,1566,-1658,-692,-431,-897,-5425,-6948,-831,692,100.0,2.8,14.4,9.3,50.7,4.7,37.7,8.9,8.5,21.2,5.1,3.1,87.4,95.5,12.6,4.5,100.0,2.8,14.4,9.3,50.7,4.7,37.7,8.9,8.5,21.2,5.1,3.1,87.4,95.5,12.6,4.5,100.0,0.0,0.0,0.0,0.0,0.0,0.0,0.0,0.0,0.0,0.0,0.0,0.0,0.0,0.0,0.0,310,16,21,26,98,27,35,261,160,310,16,21,26,98,27,35,261,160,0,0,0,0,0,0,0,0,0,0,0,0,0,0,20.0,31.3,31.3,51.3,17.3,30.4,27.0,47.7,20.0,31.3,31.3,51.3,17.3,30.4,27.0,47.7,0.0,0.0,0.0,0.0,0.0,0.0,0.0,0.0,(CONTRACTS OF 100 TROY OUNCES),N20,GOLD,PRECIOUS METALS,NATURAL RESOURCES,FutOnly,14,25,87,27,42,14,25,87,27,42
250624088695F,MICRO GOLD - COMMODITY EXCHANGE INC.,2025-06-24T00:00:00.000,2025 Report Week 25,MICRO GOLD,088695,CMX ,NYC,088 ,GOLD,46420,0,0,0,0,0,1392,755,42,8957,24496,2573,12964,27866,33456,18554,46420,0,0,0,0,0,1392,755,42,8957,24496,2573,12964,27866,33456,18554,0,0,0,0,0,0,0,0,0,0,0,0,0,0,0,0,1427,0,0,0,0,0,293,-697,42,-2125,512,-228,-2018,-371,3445,1798,100.0,0.0,0.0,0.0,0.0,0.0,3.0,1.6,0.1,19.3,52.8,5.5,27.9,60.0,72.1,40.0,100.0,0.0,0.0,0.0,0.0,0.0,3.0,1.6,0.1,19.3,52.8,5.5,27.9,60.0,72.1,40.0,100.0,0.0,0.0,0.0,0.0,0.0,0.0,0.0,0.0,0.0,0.0,0.0,0.0,0.0,0.0,0.0,35,0,0,0,11,19,8,21,23,35,0,0,0,11,19,8,21,23,0,0,0,0,0,0,0,0,0,0,0,0,0,0,16.1,31.2,21.3,44.7,14.4,29.5,19.1,42.4,16.1,31.2,21.3,44.7,14.4,29.5,19.1,42.4,0.0,0.0,0.0,0.0,0.0,0.0,0.0,0.0,(CONTRACTS OF 10 TROY OUNCES),N20,GOLD,PRECIOUS METALS,NATURAL RESOURCES,FutOnly,0,0,4,,,0,0,4,,
250617088695F,MICRO GOLD - COMMODITY EXCHANGE INC.,2025-06-17T00:00:00.000,2025 Report Week 24,MICRO GOLD,088695,CMX ,NYC,088 ,GOLD,44993,0,0,0,0,0,1099,1452,0,11082,23984,2801,14982,28237,30011,16756,44993,0,0,0,0,0,1099,1452,0,11082,23984,2801,14982,28237,30011,16756,0,0,0,0,0,0,0,0,0,0,0,0,0,0,0,0,1252,0,0,0,0,0,283,591,0,-1213,2852,-666,-1596,2777,2848,-1525,100.0,0.0,0.0,0.0,0.0,0.0,2.4,3.2,0.0,24.6,53.3,6.2,33.3,62.8,66.7,37.2,100.0,0.0,0.0,0.0,0.0,0.0,2.4,3.2,0.0,24.6,53.3,6.2,33.3,62.8,66.7,37.2,100.0,0.0,0.0,0.0,0.0,0.0,0.0,0.0,0.0,0.0,0.0,0.0,0.0,0.0,0.0,0.0,32,0,0,0,10,18,8,18,22,32,0,0,0,10,18,8,18,22,0,0,0,0,0,0,0,0,0,0,0,0,0,0,20.5,33.1,26.9,47.6,19.6,30.5,24.7,43.8,20.5,33.1,26.9,47.6,19.6,30.5,24.7,43.8,0.0,0.0,0.0,0.0,0.0,0.0,0.0,0.0,(CONTRACTS OF 10 TROY OUNCES),N20,GOLD,PRECIOUS METALS,NATURAL RESOURCES,FutOnly,0,0,,,0,0,0,,,0
250617088691F,GOLD - COMMODITY EXCHANGE INC.,2025-06-17T00:00:00.000,2025 Report Week 24,GOLD,088691,CMX ,NYC,088 ,GOLD,441214,11066,64028,40135,224900,20483,167646,37135,38611,92940,22803,14493,385374,422453,55840,18761,441214,11066,64028,40135,224900,20483,167646,37135,38611,92940,22803,14493,385374,422453,55840,18761,0,0,0,0,0,0,0,0,0,0,0,0,0,0,0,0,24071,-2315,1282,1268,12680,4299,6966,546,4768,7625,878,-372,22239,24081,1832,-10,100.0,2.5,14.5,9.1,51.0,4.6,38.0,8.4,8.8,21.1,5.2,3.3,87.3,95.7,12.7,4.3,100.0,2.5,14.5,9.1,51.0,4.6,38.0,8.4,8.8,21.1,5.2,3.3,87.3,95.7,12.7,4.3,100.0,0.0,0.0,0.0,0.0,0.0,0.0,0.0,0.0,0.0,0.0,0.0,0.0,0.0,0.0,0.0,322,18,20,26,101,29,31,274,152,322,18,20,26,101,29,31,274,152,0,0,0,0,0,0,0,0,0,0,0,0,0,0,19.5,31.5,30.8,51.2,16.8,30.5,26.2,47.9,19.5,31.5,30.8,51.2,16.8,30.5,26.2,47.9,0.0,0.0,0.0,0.0,0.0,0.0,0.0,0.0,(CONTRACTS OF 100 TROY OUNCES),N20,GOLD,PRECIOUS METALS,NATURAL RESOURCES,FutOnly,13,26,101,21,40,13,26,101,21,40
250610088695F,MICRO GOLD - COMMODITY EXCHANGE INC.,2025-06-10T00:00:00.000,2025 Report Week 23,MICRO GOLD,088695,CMX ,NYC,088 ,GOLD,43741,0,0,0,0,0,816,861,0,12295,21132,3467,16578,25460,27163,18281,43741,0,0,0,0,0,816,861,0,12295,21132,3467,16578,25460,27163,18281,0,0,0,0,0,0,0,0,0,0,0,0,0,0,0,0,4659,0,0,0,0,0,228,136,0,2510,7846,-699,2039,7283,2620,-2624,100.0,0.0,0.0,0.0,0.0,0.0,1.9,2.0,0.0,28.1,48.3,7.9,37.9,58.2,62.1,41.8,100.0,0.0,0.0,0.0,0.0,0.0,1.9,2.0,0.0,28.1,48.3,7.9,37.9,58.2,62.1,41.8,100.0,0.0,0.0,0.0,0.0,0.0,0.0,0.0,0.0,0.0,0.0,0.0,0.0,0.0,0.0,0.0,30,0,0,0,9,18,10,19,21,30,0,0,0,9,18,10,19,21,0,0,0,0,0,0,0,0,0,0,0,0,0,0,25.5,32.6,31.8,45.6,23.5,29.7,28.5,40.3,25.5,32.6,31.8,45.6,23.5,29.7,28.5,40.3,0.0,0.0,0.0,0.0,0.0,0.0,0.0,0.0,(CONTRACTS OF 10 TROY OUNCES),N20,GOLD,PRECIOUS METALS,NATURAL RESOURCES,FutOnly,0,0,,,0,0,0,,,0
250610088691F,GOLD - COMMODITY EXCHANGE INC.,2025-06-10T00:00:00.000,2025 Report Week 23,GOLD,088691,CMX ,NYC,088 ,GOLD,417143,13381,62746,38867,212220,16184,160680,36589,33843,85315,21925,14865,363135,398372,54008,18771,417143,13381,62746,38867,212220,16184,160680,36589,33843,85315,21925,14865,363135,398372,54008,18771,0,0,0,0,0,0,0,0,0,0,0,0,0,0,0,0,1202,-938,319,-1320,-685,-215,714,205,714,-1701,-768,1936,-810,1506,2012,-304,100.0,3.2,15.0,9.3,50.9,3.9,38.5,8.8,8.1,20.5,5.3,3.6,87.1,95.5,12.9,4.5,100.0,3.2,15.0,9.3,50.9,3.9,38.5,8.8,8.1,20.5,5.3,3.6,87.1,95.5,12.9,4.5,100.0,0.0,0.0,0.0,0.0,0.0,0.0,0.0,0.0,0.0,0.0,0.0,0.0,0.0,0.0,0.0,314,19,20,24,89,31,31,265,154,314,19,20,24,89,31,31,265,154,0,0,0,0,0,0,0,0,0,0,0,0,0,0,20.3,31.9,31.6,51.5,17.5,30.6,27.4,47.6,20.3,31.9,31.6,51.5,17.5,30.6,27.4,47.6,0.0,0.0,0.0,0.0,0.0,0.0,0.0,0.0,(CONTRACTS OF 100 TROY OUNCES),N20,GOLD,PRECIOUS METALS,NATURAL RESOURCES,FutOnly,15,25,102,22,41,15,25,102,22,41
250603088695F,MICRO GOLD - COMMODITY EXCHANGE INC.,2025-06-03T00:00:00.000,2025 Report Week 22,MICRO GOLD,088695,CMX ,NYC,088 ,GOLD,39082,0,0,0,0,0,588,725,0,9785,13286,4166,14539,18177,24543,20905,39082,0,0,0,0,0,588,725,0,9785,13286,4166,14539,18177,24543,20905,0,0,0,0,0,0,0,0,0,0,0,0,0,0,0,0,-9967,0,0,0,0,0,-566,213,0,-6240,-12612,-187,-6993,-12586,-2974,2619,100.0,0.0,0.0,0.0,0.0,0.0,1.5,1.9,0.0,25.0,34.0,10.7,37.2,46.5,62.8,53.5,100.0,0.0,0.0,0.0,0.0,0.0,1.5,1.9,0.0,25.0,34.0,10.7,37.2,46.5,62.8,53.5,100.0,0.0,0.0,0.0,0.0,0.0,0.0,0.0,0.0,0.0,0.0,0.0,0.0,0.0,0.0,0.0,28,0,0,0,11,14,10,21,17,28,0,0,0,11,14,10,21,17,0,0,0,0,0,0,0,0,0,0,0,0,0,0,21.8,23.1,29.1,36.4,18.4,20.9,24.0,31.3,21.8,23.1,29.1,36.4,18.4,20.9,24.0,31.3,0.0,0.0,0.0,0.0,0.0,0.0,0.0,0.0,(CONTRACTS OF 10 TROY OUNCES),N20,GOLD,PRECIOUS METALS,NATURAL RESOURCES,FutOnly,0,0,,,0,0,0,,,0
250603088691F,GOLD - COMMODITY EXCHANGE INC.,2025-06-03T00:00:00.000,2025 Report Week 22,GOLD,088691,CMX ,NYC,088 ,GOLD,415941,14319,62427,40187,212905,16399,159966,36384,33129,87016,22693,12929,363945,396866,51996,19075,415941,14319,62427,40187,212905,16399,159966,36384,33129,87016,22693,12929,363945,396866,51996,19075,0,0,0,0,0,0,0,0,0,0,0,0,0,0,0,0,-21597,-1616,300,831,12154,-15819,12464,-302,-13185,431,-524,-158,-17052,-17534,-4545,-4063,100.0,3.4,15.0,9.7,51.2,3.9,38.5,8.7,8.0,20.9,5.5,3.1,87.5,95.4,12.5,4.6,100.0,3.4,15.0,9.7,51.2,3.9,38.5,8.7,8.0,20.9,5.5,3.1,87.5,95.4,12.5,4.6,100.0,0.0,0.0,0.0,0.0,0.0,0.0,0.0,0.0,0.0,0.0,0.0,0.0,0.0,0.0,0.0,318,19,22,29,89,31,32,275,151,318,19,22,29,89,31,32,275,151,0,0,0,0,0,0,0,0,0,0,0,0,0,0,20.1,32.6,31.2,51.2,17.6,31.0,27.1,47.9,20.1,32.6,31.2,51.2,17.6,31.0,27.1,47.9,0.0,0.0,0.0,0.0,0.0,0.0,0.0,0.0,(CONTRACTS OF 100 TROY OUNCES),N20,GOLD,PRECIOUS METALS,NATURAL RESOURCES,FutOnly,17,23,106,21,37,17,23,106,21,37
250527088691F,GOLD - COMMODITY EXCHANGE INC.,2025-05-27T00:00:00.000,2025 Report Week 21,GOLD,088691,CMX ,NYC,088 ,GOLD,437538,15935,62127,39356,200751,32218,147502,36686,46314,86585,23217,13087,380997,414400,56541,23138,437538,15935,62127,39356,200751,32218,147502,36686,46314,86585,23217,13087,380997,414400,56541,23138,0,0,0,0,0,0,0,0,0,0,0,0,0,0,0,0,-10462,-4267,3108,4912,7476,-3392,-1647,-4834,-1199,-2328,-9344,-5029,-12950,-13214,2488,2752,100.0,3.6,14.2,9.0,45.9,7.4,33.7,8.4,10.6,19.8,5.3,3.0,87.1,94.7,12.9,5.3,100.0,3.6,14.2,9.0,45.9,7.4,33.7,8.4,10.6,19.8,5.3,3.0,87.1,94.7,12.9,5.3,100.0,0.0,0.0,0.0,0.0,0.0,0.0,0.0,0.0,0.0,0.0,0.0,0.0,0.0,0.0,0.0,294,17,23,31,86,29,27,248,151,294,17,23,31,86,29,27,248,151,0,0,0,0,0,0,0,0,0,0,0,0,0,0,18.6,30.2,28.8,45.2,16.6,27.7,25.4,40.8,18.6,30.2,28.8,45.2,16.6,27.7,25.4,40.8,0.0,0.0,0.0,0.0,0.0,0.0,0.0,0.0,(CONTRACTS OF 100 TROY OUNCES),N20,GOLD,PRECIOUS METALS,NATURAL RESOURCES,FutOnly,15,23,88,21,38,15,23,88,21,38
250527088695F,MICRO GOLD - COMMODITY EXCHANGE INC.,2025-05-27T00:00:00.000,2025 Report Week 21,MICRO GOLD,088695,CMX ,NYC,088 ,GOLD,49049,0,0,0,0,0,1154,512,0,16025,25898,4353,21532,30763,27517,18286,49049,0,0,0,0,0,1154,512,0,16025,25898,4353,21532,30763,27517,18286,0,0,0,0,0,0,0,0,0,0,0,0,0,0,0,0,64,0,0,0,0,0,-20,194,-25,-2673,633,2445,-273,3247,337,-3183,100.0,0.0,0.0,0.0,0.0,0.0,2.4,1.0,0.0,32.7,52.8,8.9,43.9,62.7,56.1,37.3,100.0,0.0,0.0,0.0,0.0,0.0,2.4,1.0,0.0,32.7,52.8,8.9,43.9,62.7,56.1,37.3,100.0,0.0,0.0,0.0,0.0,0.0,0.0,0.0,0.0,0.0,0.0,0.0,0.0,0.0,0.0,0.0,29,0,0,0,12,13,7,17,19,29,0,0,0,12,13,7,17,19,0,0,0,0,0,0,0,0,0,0,0,0,0,0,28.1,43.1,36.2,55.0,24.6,42.1,29.7,50.1,28.1,43.1,36.2,55.0,24.6,42.1,29.7,50.1,0.0,0.0,0.0,0.0,0.0,0.0,0.0,0.0,(CONTRACTS OF 10 TROY OUNCES),N20,GOLD,PRECIOUS METALS,NATURAL RESOURCES,FutOnly,0,0,,,0,0,0,,,0
250520088695F,MICRO GOLD - COMMODITY EXCHANGE INC.,2025-05-20T00:00:00.000,2025 Report Week 20,MICRO GOLD,088695,CMX ,NYC,088 ,GOLD,48985,0,0,0,0,0,1174,318,25,18698,25265,1908,21805,27516,27180,21469,48985,0,0,0,0,0,1174,318,25,18698,25265,1908,21805,27516,27180,21469,0,0,0,0,0,0,0,0,0,0,0,0,0,0,0,0,6254,0,0,0,0,0,-436,318,25,4574,3536,505,4668,4384,1586,1870,100.0,0.0,0.0,0.0,0.0,0.0,2.4,0.6,0.1,38.2,51.6,3.9,44.5,56.2,55.5,43.8,100.0,0.0,0.0,0.0,0.0,0.0,2.4,0.6,0.1,38.2,51.6,3.9,44.5,56.2,55.5,43.8,100.0,0.0,0.0,0.0,0.0,0.0,0.0,0.0,0.0,0.0,0.0,0.0,0.0,0.0,0.0,0.0,29,0,0,0,14,11,6,19,17,29,0,0,0,14,11,6,19,17,0,0,0,0,0,0,0,0,0,0,0,0,0,0,23.7,42.3,34.4,51.0,23.1,42.0,32.6,49.8,23.7,42.3,34.4,51.0,23.1,42.0,32.6,49.8,0.0,0.0,0.0,0.0,0.0,0.0,0.0,0.0,(CONTRACTS OF 10 TROY OUNCES),N20,GOLD,PRECIOUS METALS,NATURAL RESOURCES,FutOnly,0,0,,,,0,0,,,
250520088691F,GOLD - COMMODITY EXCHANGE INC.,2025-05-20T00:00:00.000,2025 Report Week 20,GOLD,088691,CMX ,NYC,088 ,GOLD,448000,20202,59019,34444,193275,35610,149149,41520,47513,88913,32561,18116,393947,427614,54053,20386,448000,20202,59019,34444,193275,35610,149149,41520,47513,88913,32561,18116,393947,427614,54053,20386,0,0,0,0,0,0,0,0,0,0,0,0,0,0,0,0,7158,2551,-165,1094,10251,-1801,4739,-1663,6138,-4868,-1238,-3178,4675,8344,2483,-1186,100.0,4.5,13.2,7.7,43.1,7.9,33.3,9.3,10.6,19.8,7.3,4.0,87.9,95.4,12.1,4.6,100.0,4.5,13.2,7.7,43.1,7.9,33.3,9.3,10.6,19.8,7.3,4.0,87.9,95.4,12.1,4.6,100.0,0.0,0.0,0.0,0.0,0.0,0.0,0.0,0.0,0.0,0.0,0.0,0.0,0.0,0.0,0.0,306,17,20,27,87,38,30,254,158,306,17,20,27,87,38,30,254,158,0,0,0,0,0,0,0,0,0,0,0,0,0,0,18.2,29.2,27.8,43.4,16.0,27.1,24.5,40.2,18.2,29.2,27.8,43.4,16.0,27.1,24.5,40.2,0.0,0.0,0.0,0.0,0.0,0.0,0.0,0.0,(CONTRACTS OF 100 TROY OUNCES),N20,GOLD,PRECIOUS METALS,NATURAL RESOURCES,FutOnly,14,22,93,24,40,14,22,93,24,40
250513088695F,MICRO GOLD - COMMODITY EXCHANGE INC.,2025-05-13T00:00:00.000,2025 Report Week 19,MICRO GOLD,088695,CMX ,NYC,088 ,GOLD,42731,0,0,0,0,0,1610,0,0,14124,21729,1403,17137,23132,25594,19599,42731,0,0,0,0,0,1610,0,0,14124,21729,1403,17137,23132,25594,19599,0,0,0,0,0,0,0,0,0,0,0,0,0,0,0,0,-3563,0,0,-632,0,0,-540,-272,-47,-2996,2257,-206,-4421,1732,858,-5295,100.0,0.0,0.0,0.0,0.0,0.0,3.8,0.0,0.0,33.1,50.9,3.3,40.1,54.1,59.9,45.9,100.0,0.0,0.0,0.0,0.0,0.0,3.8,0.0,0.0,33.1,50.9,3.3,40.1,54.1,59.9,45.9,100.0,0.0,0.0,0.0,0.0,0.0,0.0,0.0,0.0,0.0,0.0,0.0,0.0,0.0,0.0,0.0,30,0,0,0,15,11,7,22,15,30,0,0,0,15,11,7,22,15,0,0,0,0,0,0,0,0,0,0,0,0,0,0,18.7,41.1,26.9,50.2,18.7,39.8,26.9,48.6,18.7,41.1,26.9,50.2,18.7,39.8,26.9,48.6,0.0,0.0,0.0,0.0,0.0,0.0,0.0,0.0,(CONTRACTS OF 10 TROY OUNCES),N20,GOLD,PRECIOUS METALS,NATURAL RESOURCES,FutOnly,0,0,,0,0,0,0,,0,0
250513088691F,GOLD - COMMODITY EXCHANGE INC.,2025-05-13T00:00:00.000,2025 Report Week 19,GOLD,088691,CMX ,NYC,088 ,GOLD,440842,17651,59184,33350,183024,37411,144410,43183,41375,93781,33799,21294,389272,419270,51570,21572,440842,17651,59184,33350,183024,37411,144410,43183,41375,93781,33799,21294,389272,419270,51570,21572,0,0,0,0,0,0,0,0,0,0,0,0,0,0,0,0,-11572,-54,-3806,-3756,-900,4978,27,891,-15275,719,1143,2851,-10510,-10118,-1062,-1454,100.0,4.0,13.4,7.6,41.5,8.5,32.8,9.8,9.4,21.3,7.7,4.8,88.3,95.1,11.7,4.9,100.0,4.0,13.4,7.6,41.5,8.5,32.8,9.8,9.4,21.3,7.7,4.8,88.3,95.1,11.7,4.9,100.0,0.0,0.0,0.0,0.0,0.0,0.0,0.0,0.0,0.0,0.0,0.0,0.0,0.0,0.0,0.0,316,16,21,28,96,39,34,261,162,316,16,21,28,96,39,34,261,162,0,0,0,0,0,0,0,0,0,0,0,0,0,0,17.0,28.8,26.4,43.4,15.7,26.9,24.2,40.5,17.0,28.8,26.4,43.4,15.7,26.9,24.2,40.5,0.0,0.0,0.0,0.0,0.0,0.0,0.0,0.0,(CONTRACTS OF 100 TROY OUNCES),N20,GOLD,PRECIOUS METALS,NATURAL RESOURCES,FutOnly,14,22,88,26,37,14,22,88,26,37
250506088691F,GOLD - COMMODITY EXCHANGE INC.,2025-05-06T00:00:00.000,2025 Report Week 18,GOLD,088691,CMX ,NYC,088 ,GOLD,452414,17705,62990,37106,183924,32433,144383,42292,56650,93062,32656,18443,399782,429388,52632,23026,452414,17705,62990,37106,183924,32433,144383,42292,56650,93062,32656,18443,399782,429388,52632,23026,0,0,0,0,0,0,0,0,0,0,0,0,0,0,0,0,546,-9,202,2631,3762,-8165,-6332,-2528,5436,3400,417,1628,-1411,752,1957,-206,100.0,3.9,13.9,8.2,40.7,7.2,31.9,9.3,12.5,20.6,7.2,4.1,88.4,94.9,11.6,5.1,100.0,3.9,13.9,8.2,40.7,7.2,31.9,9.3,12.5,20.6,7.2,4.1,88.4,94.9,11.6,5.1,100.0,0.0,0.0,0.0,0.0,0.0,0.0,0.0,0.0,0.0,0.0,0.0,0.0,0.0,0.0,0.0,333,16,22,31,99,40,33,276,170,333,16,22,31,99,40,33,276,170,0,0,0,0,0,0,0,0,0,0,0,0,0,0,20.0,29.4,29.6,46.7,14.8,26.4,23.1,40.3,20.0,29.4,29.6,46.7,14.8,26.4,23.1,40.3,0.0,0.0,0.0,0.0,0.0,0.0,0.0,0.0,(CONTRACTS OF 100 TROY OUNCES),N20,GOLD,PRECIOUS METALS,NATURAL RESOURCES,FutOnly,14,28,92,28,41,14,28,92,28,41
250506088695F,MICRO GOLD - COMMODITY EXCHANGE INC.,2025-05-06T00:00:00.000,2025 Report Week 18,MICRO GOLD,088695,CMX ,NYC,088 ,GOLD,46294,0,0,632,0,0,2150,272,47,17120,19472,1609,21558,21400,24736,24894,46294,0,0,632,0,0,2150,272,47,17120,19472,1609,21558,21400,24736,24894,0,0,0,0,0,0,0,0,0,0,0,0,0,0,0,0,2448,0,0,236,0,0,88,147,-30,-1010,-1052,272,-444,-663,2892,3111,100.0,0.0,0.0,1.4,0.0,0.0,4.6,0.6,0.1,37.0,42.1,3.5,46.6,46.2,53.4,53.8,100.0,0.0,0.0,1.4,0.0,0.0,4.6,0.6,0.1,37.0,42.1,3.5,46.6,46.2,53.4,53.8,100.0,0.0,0.0,0.0,0.0,0.0,0.0,0.0,0.0,0.0,0.0,0.0,0.0,0.0,0.0,0.0,30,0,0,0,11,12,6,22,15,30,0,0,0,11,12,6,22,15,0,0,0,0,0,0,0,0,0,0,0,0,0,0,25.8,32.5,35.6,41.9,25.8,30.3,35.6,39.6,25.8,32.5,35.6,41.9,25.8,30.3,35.6,39.6,0.0,0.0,0.0,0.0,0.0,0.0,0.0,0.0,(CONTRACTS OF 10 TROY OUNCES),N20,GOLD,PRECIOUS METALS,NATURAL RESOURCES,FutOnly,0,,,,,0,,,,
250429088695F,MICRO GOLD - COMMODITY EXCHANGE INC.,2025-04-29T00:00:00.000,2025 Report Week 17,MICRO GOLD,088695,CMX ,NYC,088 ,GOLD,43846,0,0,396,0,0,2062,125,77,18130,20524,1337,22002,22063,21844,21783,43846,0,0,396,0,0,2062,125,77,18130,20524,1337,22002,22063,21844,21783,0,0,0,0,0,0,0,0,0,0,0,0,0,0,0,0,-2321,0,0,0,0,0,-425,125,77,-1713,2160,-1097,-3158,1265,837,-3586,100.0,0.0,0.0,0.9,0.0,0.0,4.7,0.3,0.2,41.3,46.8,3.0,50.2,50.3,49.8,49.7,100.0,0.0,0.0,0.9,0.0,0.0,4.7,0.3,0.2,41.3,46.8,3.0,50.2,50.3,49.8,49.7,100.0,0.0,0.0,0.0,0.0,0.0,0.0,0.0,0.0,0.0,0.0,0.0,0.0,0.0,0.0,0.0,29,0,0,0,11,13,5,19,16,29,0,0,0,11,13,5,19,16,0,0,0,0,0,0,0,0,0,0,0,0,0,0,29.7,36.1,39.6,45.5,29.3,33.8,39.2,43.1,29.7,36.1,39.6,45.5,29.3,33.8,39.2,43.1,0.0,0.0,0.0,0.0,0.0,0.0,0.0,0.0,(CONTRACTS OF 10 TROY OUNCES),N20,GOLD,PRECIOUS METALS,NATURAL RESOURCES,FutOnly,0,,,,,0,,,,
250429088691F,GOLD - COMMODITY EXCHANGE INC.,2025-04-29T00:00:00.000,2025 Report Week 17,GOLD,088691,CMX ,NYC,088 ,GOLD,451868,17714,62788,34475,180162,40598,150715,44820,51214,89662,32239,16815,401193,428636,50675,23232,451868,17714,62788,34475,180162,40598,150715,44820,51214,89662,32239,16815,401193,428636,50675,23232,0,0,0,0,0,0,0,0,0,0,0,0,0,0,0,0,-13483,-396,-632,-3221,-14492,5276,-15645,-638,-882,-2874,-5821,4488,-13254,-12701,-229,-782,100.0,3.9,13.9,7.6,39.9,9.0,33.4,9.9,11.3,19.8,7.1,3.7,88.8,94.9,11.2,5.1,100.0,3.9,13.9,7.6,39.9,9.0,33.4,9.9,11.3,19.8,7.1,3.7,88.8,94.9,11.2,5.1,100.0,0.0,0.0,0.0,0.0,0.0,0.0,0.0,0.0,0.0,0.0,0.0,0.0,0.0,0.0,0.0,315,15,24,27,89,35,30,264,157,315,15,24,27,89,35,30,264,157,0,0,0,0,0,0,0,0,0,0,0,0,0,0,19.7,28.4,29.6,46.0,14.9,25.0,23.1,40.3,19.7,28.4,29.6,46.0,14.9,25.0,23.1,40.3,0.0,0.0,0.0,0.0,0.0,0.0,0.0,0.0,(CONTRACTS OF 100 TROY OUNCES),N20,GOLD,PRECIOUS METALS,NATURAL RESOURCES,FutOnly,13,22,95,26,42,13,22,95,26,42
250422088691F,GOLD - COMMODITY EXCHANGE INC.,2025-04-22T00:00:00.000,2025 Report Week 16,GOLD,088691,CMX ,NYC,088 ,GOLD,465351,18110,63420,37696,194654,35322,166360,45458,52096,92536,38060,12327,414447,441337,50904,24014,465351,18110,63420,37696,194654,35322,166360,45458,52096,92536,38060,12327,414447,441337,50904,24014,0,0,0,0,0,0,0,0,0,0,0,0,0,0,0,0,8723,3896,-2399,8575,-14774,8089,-2040,1912,5785,-10771,12109,-4366,9168,6356,-445,2367,100.0,3.9,13.6,8.1,41.8,7.6,35.7,9.8,11.2,19.9,8.2,2.6,89.1,94.8,10.9,5.2,100.0,3.9,13.6,8.1,41.8,7.6,35.7,9.8,11.2,19.9,8.2,2.6,89.1,94.8,10.9,5.2,100.0,0.0,0.0,0.0,0.0,0.0,0.0,0.0,0.0,0.0,0.0,0.0,0.0,0.0,0.0,0.0,333,16,24,27,95,37,34,272,170,333,16,24,27,95,37,34,272,170,0,0,0,0,0,0,0,0,0,0,0,0,0,0,20.2,27.3,29.6,44.9,15.6,25.2,23.9,40.9,20.2,27.3,29.6,44.9,15.6,25.2,23.9,40.9,0.0,0.0,0.0,0.0,0.0,0.0,0.0,0.0,(CONTRACTS OF 100 TROY OUNCES),N20,GOLD,PRECIOUS METALS,NATURAL RESOURCES,FutOnly,13,23,101,27,41,13,23,101,27,41
250422088695F,MICRO GOLD - COMMODITY EXCHANGE INC.,2025-04-22T00:00:00.000,2025 Report Week 16,MICRO GOLD,088695,CMX ,NYC,088 ,GOLD,46167,0,0,396,0,0,2487,0,0,19843,18364,2434,25160,20798,21007,25369,46167,0,0,396,0,0,2487,0,0,19843,18364,2434,25160,20798,21007,25369,0,0,0,0,0,0,0,0,0,0,0,0,0,0,0,0,7243,0,0,0,0,0,775,0,0,4338,2776,257,5370,3033,1873,4210,100.0,0.0,0.0,0.9,0.0,0.0,5.4,0.0,0.0,43.0,39.8,5.3,54.5,45.0,45.5,55.0,100.0,0.0,0.0,0.9,0.0,0.0,5.4,0.0,0.0,43.0,39.8,5.3,54.5,45.0,45.5,55.0,100.0,0.0,0.0,0.0,0.0,0.0,0.0,0.0,0.0,0.0,0.0,0.0,0.0,0.0,0.0,0.0,33,0,0,0,15,13,7,25,15,33,0,0,0,15,13,7,25,15,0,0,0,0,0,0,0,0,0,0,0,0,0,0,30.4,28.7,39.8,41.0,30.0,25.2,38.5,36.6,30.4,28.7,39.8,41.0,30.0,25.2,38.5,36.6,0.0,0.0,0.0,0.0,0.0,0.0,0.0,0.0,(CONTRACTS OF 10 TROY OUNCES),N20,GOLD,PRECIOUS METALS,NATURAL RESOURCES,FutOnly,0,,4,0,0,0,,4,0,0
250415088691F,GOLD - COMMODITY EXCHANGE INC.,2025-04-15T00:00:00.000,2025 Report Week 15,GOLD,088691,CMX ,NYC,088 ,GOLD,456628,14214,65819,29121,209428,27233,168400,43546,46311,103307,25951,16693,405279,434981,51349,21647,456628,14214,65819,29121,209428,27233,168400,43546,46311,103307,25951,16693,405279,434981,51349,21647,0,0,0,0,0,0,0,0,0,0,0,0,0,0,0,0,11160,127,-915,1993,2764,-766,-6993,-861,2347,8867,1240,4722,10297,8531,863,2629,100.0,3.1,14.4,6.4,45.9,6.0,36.9,9.5,10.1,22.6,5.7,3.7,88.8,95.3,11.2,4.7,100.0,3.1,14.4,6.4,45.9,6.0,36.9,9.5,10.1,22.6,5.7,3.7,88.8,95.3,11.2,4.7,100.0,0.0,0.0,0.0,0.0,0.0,0.0,0.0,0.0,0.0,0.0,0.0,0.0,0.0,0.0,0.0,321,18,25,29,95,28,32,268,159,321,18,25,29,95,28,32,268,159,0,0,0,0,0,0,0,0,0,0,0,0,0,0,18.9,29.1,28.3,46.5,15.3,27.6,23.8,44.0,18.9,29.1,28.3,46.5,15.3,27.6,23.8,44.0,0.0,0.0,0.0,0.0,0.0,0.0,0.0,0.0,(CONTRACTS OF 100 TROY OUNCES),N20,GOLD,PRECIOUS METALS,NATURAL RESOURCES,FutOnly,11,23,103,20,38,11,23,103,20,38
250415088695F,MICRO GOLD - COMMODITY EXCHANGE INC.,2025-04-15T00:00:00.000,2025 Report Week 15,MICRO GOLD,088695,CMX ,NYC,088 ,GOLD,38924,0,0,396,0,0,1712,0,0,15505,15588,2177,19790,17765,19134,21159,38924,0,0,396,0,0,1712,0,0,15505,15588,2177,19790,17765,19134,21159,0,0,0,0,0,0,0,0,0,0,0,0,0,0,0,0,1055,0,0,396,0,0,-421,0,0,4681,-237,-2440,2216,-2677,-1161,3732,100.0,0.0,0.0,1.0,0.0,0.0,4.4,0.0,0.0,39.8,40.0,5.6,50.8,45.6,49.2,54.4,100.0,0.0,0.0,1.0,0.0,0.0,4.4,0.0,0.0,39.8,40.0,5.6,50.8,45.6,49.2,54.4,100.0,0.0,0.0,0.0,0.0,0.0,0.0,0.0,0.0,0.0,0.0,0.0,0.0,0.0,0.0,0.0,33,0,0,0,16,13,5,23,15,33,0,0,0,16,13,5,23,15,0,0,0,0,0,0,0,0,0,0,0,0,0,0,23.1,27.8,35.5,40.4,22.6,24.0,34.2,35.9,23.1,27.8,35.5,40.4,22.6,24.0,34.2,35.9,0.0,0.0,0.0,0.0,0.0,0.0,0.0,0.0,(CONTRACTS OF 10 TROY OUNCES),N20,GOLD,PRECIOUS METALS,NATURAL RESOURCES,FutOnly,0,,,0,0,0,,,0,0
250408088695F,MICRO GOLD - COMMODITY EXCHANGE INC.,2025-04-08T00:00:00.000,2025 Report Week 14,MICRO GOLD,088695,CMX ,NYC,088 ,GOLD,37869,0,0,0,0,0,2133,0,0,10824,15825,4617,17574,20442,20295,17427,37869,0,0,0,0,0,2133,0,0,10824,15825,4617,17574,20442,20295,17427,0,0,0,0,0,0,0,0,0,0,0,0,0,0,0,0,-201,0,0,0,0,0,-133,0,0,-1980,5426,-254,-2367,5172,2166,-5373,100.0,0.0,0.0,0.0,0.0,0.0,5.6,0.0,0.0,28.6,41.8,12.2,46.4,54.0,53.6,46.0,100.0,0.0,0.0,0.0,0.0,0.0,5.6,0.0,0.0,28.6,41.8,12.2,46.4,54.0,53.6,46.0,100.0,0.0,0.0,0.0,0.0,0.0,0.0,0.0,0.0,0.0,0.0,0.0,0.0,0.0,0.0,0.0,27,0,0,0,14,9,9,23,13,27,0,0,0,14,9,9,23,13,0,0,0,0,0,0,0,0,0,0,0,0,0,0,22.0,32.5,33.4,49.3,17.5,28.9,27.2,41.0,22.0,32.5,33.4,49.3,17.5,28.9,27.2,41.0,0.0,0.0,0.0,0.0,0.0,0.0,0.0,0.0,(CONTRACTS OF 10 TROY OUNCES),N20,GOLD,PRECIOUS METALS,NATURAL RESOURCES,FutOnly,0,0,,0,0,0,0,,0,0
250408088691F,GOLD - COMMODITY EXCHANGE INC.,2025-04-08T00:00:00.000,2025 Report Week 14,GOLD,088691,CMX ,NYC,088 ,GOLD,445468,14087,66734,27128,206664,27999,175393,44407,43964,94440,24711,11971,394982,426450,50486,19018,445468,14087,66734,27128,206664,27999,175393,44407,43964,94440,24711,11971,394982,426450,50486,19018,0,0,0,0,0,0,0,0,0,0,0,0,0,0,0,0,-53278,2549,-7119,2872,-20338,-5082,-29440,-18427,7455,-28663,-1957,-2767,-53076,-48235,-202,-5043,100.0,3.2,15.0,6.1,46.4,6.3,39.4,10.0,9.9,21.2,5.5,2.7,88.7,95.7,11.3,4.3,100.0,3.2,15.0,6.1,46.4,6.3,39.4,10.0,9.9,21.2,5.5,2.7,88.7,95.7,11.3,4.3,100.0,0.0,0.0,0.0,0.0,0.0,0.0,0.0,0.0,0.0,0.0,0.0,0.0,0.0,0.0,0.0,311,15,22,25,89,28,32,266,152,311,15,22,25,89,28,32,266,152,0,0,0,0,0,0,0,0,0,0,0,0,0,0,19.0,29.3,28.6,47.2,16.4,27.8,24.4,44.9,19.0,29.3,28.6,47.2,16.4,27.8,24.4,44.9,0.0,0.0,0.0,0.0,0.0,0.0,0.0,0.0,(CONTRACTS OF 100 TROY OUNCES),N20,GOLD,PRECIOUS METALS,NATURAL RESOURCES,FutOnly,13,22,100,26,41,13,22,100,26,41
250401088695F,MICRO GOLD - COMMODITY EXCHANGE INC.,2025-04-01T00:00:00.000,2025 Report Week 13,MICRO GOLD,088695,CMX ,NYC,088 ,GOLD,38070,0,0,0,0,0,2266,0,0,12804,10399,4871,19941,15270,18129,22800,38070,0,0,0,0,0,2266,0,0,12804,10399,4871,19941,15270,18129,22800,0,0,0,0,0,0,0,0,0,0,0,0,0,0,0,0,-142,0,0,0,0,0,362,0,0,3135,-5721,-1945,1552,-7666,-1694,7524,100.0,0.0,0.0,0.0,0.0,0.0,6.0,0.0,0.0,33.6,27.3,12.8,52.4,40.1,47.6,59.9,100.0,0.0,0.0,0.0,0.0,0.0,6.0,0.0,0.0,33.6,27.3,12.8,52.4,40.1,47.6,59.9,100.0,0.0,0.0,0.0,0.0,0.0,0.0,0.0,0.0,0.0,0.0,0.0,0.0,0.0,0.0,0.0,30,0,0,0,14,11,8,22,16,30,0,0,0,14,11,8,22,16,0,0,0,0,0,0,0,0,0,0,0,0,0,0,24.5,24.3,38.8,33.7,21.7,18.7,31.4,25.2,24.5,24.3,38.8,33.7,21.7,18.7,31.4,25.2,0.0,0.0,0.0,0.0,0.0,0.0,0.0,0.0,(CONTRACTS OF 10 TROY OUNCES),N20,GOLD,PRECIOUS METALS,NATURAL RESOURCES,FutOnly,0,0,4,0,0,0,0,4,0,0
250401088691F,GOLD - COMMODITY EXCHANGE INC.,2025-04-01T00:00:00.000,2025 Report Week 13,GOLD,088691,CMX ,NYC,088 ,GOLD,498746,11538,73853,24256,227002,33081,204833,62834,36509,123103,26668,14738,448058,474685,50688,24061,498746,11538,73853,24256,227002,33081,204833,62834,36509,123103,26668,14738,448058,474685,50688,24061,0,0,0,0,0,0,0,0,0,0,0,0,0,0,0,0,-12736,-3144,-3586,8008,-5087,-22827,-8672,24061,3064,20036,-1335,-7037,-10572,-12747,-2164,11,100.0,2.3,14.8,4.9,45.5,6.6,41.1,12.6,7.3,24.7,5.3,3.0,89.8,95.2,10.2,4.8,100.0,2.3,14.8,4.9,45.5,6.6,41.1,12.6,7.3,24.7,5.3,3.0,89.8,95.2,10.2,4.8,100.0,0.0,0.0,0.0,0.0,0.0,0.0,0.0,0.0,0.0,0.0,0.0,0.0,0.0,0.0,0.0,325,18,26,23,92,40,32,264,162,325,18,26,23,92,40,32,264,162,0,0,0,0,0,0,0,0,0,0,0,0,0,0,15.5,27.3,24.5,44.2,14.8,25.9,23.2,41.9,15.5,27.3,24.5,44.2,14.8,25.9,23.2,41.9,0.0,0.0,0.0,0.0,0.0,0.0,0.0,0.0,(CONTRACTS OF 100 TROY OUNCES),N20,GOLD,PRECIOUS METALS,NATURAL RESOURCES,FutOnly,10,14,106,24,38,10,14,106,24,38
250325088695F,MICRO GOLD - COMMODITY EXCHANGE INC.,2025-03-25T00:00:00.000,2025 Report Week 12,MICRO GOLD,088695,CMX ,NYC,088 ,GOLD,38212,0,0,0,0,0,1904,0,0,9669,16120,6816,18389,22936,19823,15276,38212,0,0,0,0,0,1904,0,0,9669,16120,6816,18389,22936,19823,15276,0,0,0,0,0,0,0,0,0,0,0,0,0,0,0,0,2255,0,0,0,0,0,-121,0,-75,-866,4878,2639,1577,7442,678,-5187,100.0,0.0,0.0,0.0,0.0,0.0,5.0,0.0,0.0,25.3,42.2,17.8,48.1,60.0,51.9,40.0,100.0,0.0,0.0,0.0,0.0,0.0,5.0,0.0,0.0,25.3,42.2,17.8,48.1,60.0,51.9,40.0,100.0,0.0,0.0,0.0,0.0,0.0,0.0,0.0,0.0,0.0,0.0,0.0,0.0,0.0,0.0,0.0,25,0,0,0,12,10,9,20,14,25,0,0,0,12,10,9,20,14,0,0,0,0,0,0,0,0,0,0,0,0,0,0,26.2,38.0,38.9,54.9,20.8,33.6,25.9,40.7,26.2,38.0,38.9,54.9,20.8,33.6,25.9,40.7,0.0,0.0,0.0,0.0,0.0,0.0,0.0,0.0,(CONTRACTS OF 10 TROY OUNCES),N20,GOLD,PRECIOUS METALS,NATURAL RESOURCES,FutOnly,0,0,,0,0,0,0,,0,0
250325088691F,GOLD - COMMODITY EXCHANGE INC.,2025-03-25T00:00:00.000,2025 Report Week 12,GOLD,088691,CMX ,NYC,088 ,GOLD,511482,14682,77439,16248,232089,55908,213505,38773,33445,103067,28003,21775,458630,487432,52852,24050,511482,14682,77439,16248,232089,55908,213505,38773,33445,103067,28003,21775,458630,487432,52852,24050,0,0,0,0,0,0,0,0,0,0,0,0,0,0,0,0,-22084,-9199,-10822,-651,-5598,5139,-7374,1728,-12340,2292,1326,38,-22095,-20529,11,-1555,100.0,2.9,15.1,3.2,45.4,10.9,41.7,7.6,6.5,20.2,5.5,4.3,89.7,95.3,10.3,4.7,100.0,2.9,15.1,3.2,45.4,10.9,41.7,7.6,6.5,20.2,5.5,4.3,89.7,95.3,10.3,4.7,100.0,0.0,0.0,0.0,0.0,0.0,0.0,0.0,0.0,0.0,0.0,0.0,0.0,0.0,0.0,0.0,320,18,27,32,85,39,38,267,172,320,18,27,32,85,39,38,267,172,0,0,0,0,0,0,0,0,0,0,0,0,0,0,15.6,28.6,24.6,44.0,15.6,27.7,22.8,40.7,15.6,28.6,24.6,44.0,15.6,27.7,22.8,40.7,0.0,0.0,0.0,0.0,0.0,0.0,0.0,0.0,(CONTRACTS OF 100 TROY OUNCES),N20,GOLD,PRECIOUS METALS,NATURAL RESOURCES,FutOnly,9,16,110,20,42,9,16,110,20,42
250318088695F,MICRO GOLD - COMMODITY EXCHANGE INC.,2025-03-18T00:00:00.000,2025 Report Week 11,MICRO GOLD,088695,CMX ,NYC,088 ,GOLD,35957,0,0,0,0,0,2025,0,75,10535,11242,4177,16812,15494,19145,20463,35957,0,0,0,0,0,2025,0,75,10535,11242,4177,16812,15494,19145,20463,0,0,0,0,0,0,0,0,0,0,0,0,0,0,0,0,3992,0,0,0,0,0,443,-270,75,1505,-4620,2010,4033,-2805,-41,6797,100.0,0.0,0.0,0.0,0.0,0.0,5.6,0.0,0.2,29.3,31.3,11.6,46.8,43.1,53.2,56.9,100.0,0.0,0.0,0.0,0.0,0.0,5.6,0.0,0.2,29.3,31.3,11.6,46.8,43.1,53.2,56.9,100.0,0.0,0.0,0.0,0.0,0.0,0.0,0.0,0.0,0.0,0.0,0.0,0.0,0.0,0.0,0.0,24,0,0,0,11,10,8,19,14,24,0,0,0,11,10,8,19,14,0,0,0,0,0,0,0,0,0,0,0,0,0,0,24.7,24.7,35.3,38.5,23.8,22.9,30.5,30.1,24.7,24.7,35.3,38.5,23.8,22.9,30.5,30.1,0.0,0.0,0.0,0.0,0.0,0.0,0.0,0.0,(CONTRACTS OF 10 TROY OUNCES),N20,GOLD,PRECIOUS METALS,NATURAL RESOURCES,FutOnly,0,0,,0,,0,0,,0,
250318088691F,GOLD - COMMODITY EXCHANGE INC.,2025-03-18T00:00:00.000,2025 Report Week 11,GOLD,088691,CMX ,NYC,088 ,GOLD,533566,23881,88261,16899,237687,50769,220879,37045,45785,100775,26677,21737,480725,507961,52841,25605,533566,23881,88261,16899,237687,50769,220879,37045,45785,100775,26677,21737,480725,507961,52841,25605,0,0,0,0,0,0,0,0,0,0,0,0,0,0,0,0,22290,-918,6203,-1560,11299,9482,15972,-286,-7634,9510,3936,-1656,23196,21344,-906,946,100.0,4.5,16.5,3.2,44.5,9.5,41.4,6.9,8.6,18.9,5.0,4.1,90.1,95.2,9.9,4.8,100.0,4.5,16.5,3.2,44.5,9.5,41.4,6.9,8.6,18.9,5.0,4.1,90.1,95.2,9.9,4.8,100.0,0.0,0.0,0.0,0.0,0.0,0.0,0.0,0.0,0.0,0.0,0.0,0.0,0.0,0.0,0.0,325,17,26,28,89,40,35,272,164,325,17,26,28,89,40,35,272,164,0,0,0,0,0,0,0,0,0,0,0,0,0,0,16.2,29.0,26.1,43.4,15.3,26.2,22.4,39.8,16.2,29.0,26.1,43.4,15.3,26.2,22.4,39.8,0.0,0.0,0.0,0.0,0.0,0.0,0.0,0.0,(CONTRACTS OF 100 TROY OUNCES),N20,GOLD,PRECIOUS METALS,NATURAL RESOURCES,FutOnly,11,17,113,18,40,11,17,113,18,40
250311088695F,MICRO GOLD - COMMODITY EXCHANGE INC.,2025-03-11T00:00:00.000,2025 Report Week 10,MICRO GOLD,088695,CMX ,NYC,088 ,GOLD,31965,0,0,0,0,0,1582,270,0,9030,15862,2167,12779,18299,19186,13666,31965,0,0,0,0,0,1582,270,0,9030,15862,2167,12779,18299,19186,13666,0,0,0,0,0,0,0,0,0,0,0,0,0,0,0,0,579,0,0,0,0,0,0,112,-76,1305,1040,-222,1007,854,-428,-275,100.0,0.0,0.0,0.0,0.0,0.0,4.9,0.8,0.0,28.2,49.6,6.8,40.0,57.2,60.0,42.8,100.0,0.0,0.0,0.0,0.0,0.0,4.9,0.8,0.0,28.2,49.6,6.8,40.0,57.2,60.0,42.8,100.0,0.0,0.0,0.0,0.0,0.0,0.0,0.0,0.0,0.0,0.0,0.0,0.0,0.0,0.0,0.0,22,0,0,0,9,10,8,16,14,22,0,0,0,9,10,8,16,14,0,0,0,0,0,0,0,0,0,0,0,0,0,0,21.5,42.5,31.6,54.9,21.5,41.3,30.8,48.9,21.5,42.5,31.6,54.9,21.5,41.3,30.8,48.9,0.0,0.0,0.0,0.0,0.0,0.0,0.0,0.0,(CONTRACTS OF 10 TROY OUNCES),N20,GOLD,PRECIOUS METALS,NATURAL RESOURCES,FutOnly,0,0,,,0,0,0,,,0
250311088691F,GOLD - COMMODITY EXCHANGE INC.,2025-03-11T00:00:00.000,2025 Report Week 10,GOLD,088691,CMX ,NYC,088 ,GOLD,511276,24799,82058,18459,226388,41287,204907,37331,53419,91265,22741,23393,457529,486617,53747,24659,511276,24799,82058,18459,226388,41287,204907,37331,53419,91265,22741,23393,457529,486617,53747,24659,0,0,0,0,0,0,0,0,0,0,0,0,0,0,0,0,22006,-82,-1402,1885,-2722,17029,-58,-976,6693,-6902,1177,-704,17861,19095,4145,2911,100.0,4.9,16.0,3.6,44.3,8.1,40.1,7.3,10.4,17.9,4.4,4.6,89.5,95.2,10.5,4.8,100.0,4.9,16.0,3.6,44.3,8.1,40.1,7.3,10.4,17.9,4.4,4.6,89.5,95.2,10.5,4.8,100.0,0.0,0.0,0.0,0.0,0.0,0.0,0.0,0.0,0.0,0.0,0.0,0.0,0.0,0.0,0.0,303,14,26,29,81,33,37,258,160,303,14,26,29,81,33,37,258,160,0,0,0,0,0,0,0,0,0,0,0,0,0,0,19.4,30.8,29.3,46.2,16.1,26.4,24.2,39.8,19.4,30.8,29.3,46.2,16.1,26.4,24.2,39.8,0.0,0.0,0.0,0.0,0.0,0.0,0.0,0.0,(CONTRACTS OF 100 TROY OUNCES),N20,GOLD,PRECIOUS METALS,NATURAL RESOURCES,FutOnly,12,16,103,20,42,12,16,103,20,42
250304088695F,MICRO GOLD - COMMODITY EXCHANGE INC.,2025-03-04T00:00:00.000,2025 Report Week 09,MICRO GOLD,088695,CMX ,NYC,088 ,GOLD,31386,0,0,0,0,0,1582,158,76,7725,14822,2389,11772,17445,19614,13941,31386,0,0,0,0,0,1582,158,76,7725,14822,2389,11772,17445,19614,13941,0,0,0,0,0,0,0,0,0,0,0,0,0,0,0,0,-3099,0,0,0,0,0,-309,-68,19,-1105,1207,-1016,-2411,142,-688,-3241,100.0,0.0,0.0,0.0,0.0,0.0,5.0,0.5,0.2,24.6,47.2,7.6,37.5,55.6,62.5,44.4,100.0,0.0,0.0,0.0,0.0,0.0,5.0,0.5,0.2,24.6,47.2,7.6,37.5,55.6,62.5,44.4,100.0,0.0,0.0,0.0,0.0,0.0,0.0,0.0,0.0,0.0,0.0,0.0,0.0,0.0,0.0,0.0,22,0,0,0,10,9,8,18,13,22,0,0,0,10,9,8,18,13,0,0,0,0,0,0,0,0,0,0,0,0,0,0,19.3,43.0,28.9,53.8,19.3,39.9,26.2,47.1,19.3,43.0,28.9,53.8,19.3,39.9,26.2,47.1,0.0,0.0,0.0,0.0,0.0,0.0,0.0,0.0,(CONTRACTS OF 10 TROY OUNCES),N20,GOLD,PRECIOUS METALS,NATURAL RESOURCES,FutOnly,0,0,,,,0,0,,,
250304088691F,GOLD - COMMODITY EXCHANGE INC.,2025-03-04T00:00:00.000,2025 Report Week 09,GOLD,088691,CMX ,NYC,088 ,GOLD,489270,24881,83460,16574,229110,24258,204965,38307,46726,98167,21564,24097,439668,467522,49602,21748,489270,24881,83460,16574,229110,24258,204965,38307,46726,98167,21564,24097,439668,467522,49602,21748,0,0,0,0,0,0,0,0,0,0,0,0,0,0,0,0,-22909,874,-1037,1892,-13182,-8849,-7729,5425,-4783,-6087,-877,974,-23708,-22329,799,-580,100.0,5.1,17.1,3.4,46.8,5.0,41.9,7.8,9.6,20.1,4.4,4.9,89.9,95.6,10.1,4.4,100.0,5.1,17.1,3.4,46.8,5.0,41.9,7.8,9.6,20.1,4.4,4.9,89.9,95.6,10.1,4.4,100.0,0.0,0.0,0.0,0.0,0.0,0.0,0.0,0.0,0.0,0.0,0.0,0.0,0.0,0.0,0.0,294,13,28,28,82,34,33,253,149,294,13,28,28,82,34,33,253,149,0,0,0,0,0,0,0,0,0,0,0,0,0,0,18.6,31.6,29.1,47.1,16.8,28.7,25.6,42.8,18.6,31.6,29.1,47.1,16.8,28.7,25.6,42.8,0.0,0.0,0.0,0.0,0.0,0.0,0.0,0.0,(CONTRACTS OF 100 TROY OUNCES),N20,GOLD,PRECIOUS METALS,NATURAL RESOURCES,FutOnly,12,14,97,19,40,12,14,97,19,40
250225088695F,MICRO GOLD - COMMODITY EXCHANGE INC.,2025-02-25T00:00:00.000,2025 Report Week 08,MICRO GOLD,088695,CMX ,NYC,088 ,GOLD,34485,0,0,0,0,0,1891,226,57,8830,13615,3405,14183,17303,20302,17182,34485,0,0,0,0,0,1891,226,57,8830,13615,3405,14183,17303,20302,17182,0,0,0,0,0,0,0,0,0,0,0,0,0,0,0,0,916,0,0,0,0,0,-223,226,57,-704,4223,618,-252,5124,1168,-4208,100.0,0.0,0.0,0.0,0.0,0.0,5.5,0.7,0.2,25.6,39.5,9.9,41.1,50.2,58.9,49.8,100.0,0.0,0.0,0.0,0.0,0.0,5.5,0.7,0.2,25.6,39.5,9.9,41.1,50.2,58.9,49.8,100.0,0.0,0.0,0.0,0.0,0.0,0.0,0.0,0.0,0.0,0.0,0.0,0.0,0.0,0.0,0.0,21,0,0,0,9,8,8,17,13,21,0,0,0,9,8,8,17,13,0,0,0,0,0,0,0,0,0,0,0,0,0,0,20.1,38.6,32.5,48.3,18.6,33.0,27.9,39.5,20.1,38.6,32.5,48.3,18.6,33.0,27.9,39.5,0.0,0.0,0.0,0.0,0.0,0.0,0.0,0.0,(CONTRACTS OF 10 TROY OUNCES),N20,GOLD,PRECIOUS METALS,NATURAL RESOURCES,FutOnly,0,0,,,,0,0,,,
250225088691F,GOLD - COMMODITY EXCHANGE INC.,2025-02-25T00:00:00.000,2025 Report Week 08,GOLD,088691,CMX ,NYC,088 ,GOLD,512179,24007,84497,14682,242292,33107,212694,32882,51509,104254,22441,23123,463376,489851,48803,22328,512179,24007,84497,14682,242292,33107,212694,32882,51509,104254,22441,23123,463376,489851,48803,22328,0,0,0,0,0,0,0,0,0,0,0,0,0,0,0,0,-10151,1831,1902,-1884,-9926,-544,-9844,-4327,8545,-7251,-5719,1075,-8072,-8994,-2079,-1157,100.0,4.7,16.5,2.9,47.3,6.5,41.5,6.4,10.1,20.4,4.4,4.5,90.5,95.6,9.5,4.4,100.0,4.7,16.5,2.9,47.3,6.5,41.5,6.4,10.1,20.4,4.4,4.5,90.5,95.6,9.5,4.4,100.0,0.0,0.0,0.0,0.0,0.0,0.0,0.0,0.0,0.0,0.0,0.0,0.0,0.0,0.0,0.0,303,12,30,29,77,43,32,255,161,303,12,30,29,77,43,32,255,161,0,0,0,0,0,0,0,0,0,0,0,0,0,0,17.3,30.6,27.8,46.9,16.2,27.6,24.8,41.7,17.3,30.6,27.8,46.9,16.2,27.6,24.8,41.7,0.0,0.0,0.0,0.0,0.0,0.0,0.0,0.0,(CONTRACTS OF 100 TROY OUNCES),N20,GOLD,PRECIOUS METALS,NATURAL RESOURCES,FutOnly,13,13,100,18,47,13,13,100,18,47
250218088691F,GOLD - COMMODITY EXCHANGE INC.,2025-02-18T00:00:00.000,2025 Report Week 07,GOLD,088691,CMX ,NYC,088 ,GOLD,522330,22176,82595,16566,252218,33651,222538,37209,42964,111505,28160,22048,471448,498845,50882,23485,522330,22176,82595,16566,252218,33651,222538,37209,42964,111505,28160,22048,471448,498845,50882,23485,0,0,0,0,0,0,0,0,0,0,0,0,0,0,0,0,-6389,1241,759,-2935,-16270,1465,-6533,2941,618,-3190,3166,1572,-7762,-5749,1373,-640,100.0,4.2,15.8,3.2,48.3,6.4,42.6,7.1,8.2,21.3,5.4,4.2,90.3,95.5,9.7,4.5,100.0,4.2,15.8,3.2,48.3,6.4,42.6,7.1,8.2,21.3,5.4,4.2,90.3,95.5,9.7,4.5,100.0,0.0,0.0,0.0,0.0,0.0,0.0,0.0,0.0,0.0,0.0,0.0,0.0,0.0,0.0,0.0,312,12,31,32,79,45,31,257,166,312,12,31,32,79,45,31,257,166,0,0,0,0,0,0,0,0,0,0,0,0,0,0,17.1,31.0,27.4,47.9,16.2,28.2,24.7,42.6,17.1,31.0,27.4,47.9,16.2,28.2,24.7,42.6,0.0,0.0,0.0,0.0,0.0,0.0,0.0,0.0,(CONTRACTS OF 100 TROY OUNCES),N20,GOLD,PRECIOUS METALS,NATURAL RESOURCES,FutOnly,11,16,98,21,44,11,16,98,21,44
250218088695F,MICRO GOLD - COMMODITY EXCHANGE INC.,2025-02-18T00:00:00.000,2025 Report Week 07,MICRO GOLD,088695,CMX ,NYC,088 ,GOLD,33569,0,0,0,0,0,2114,0,0,9534,9392,2787,14435,12179,19134,21390,33569,0,0,0,0,0,2114,0,0,9534,9392,2787,14435,12179,19134,21390,0,0,0,0,0,0,0,0,0,0,0,0,0,0,0,0,1435,-19,-251,0,0,0,-308,0,0,-107,359,293,-141,401,1576,1034,100.0,0.0,0.0,0.0,0.0,0.0,6.3,0.0,0.0,28.4,28.0,8.3,43.0,36.3,57.0,63.7,100.0,0.0,0.0,0.0,0.0,0.0,6.3,0.0,0.0,28.4,28.0,8.3,43.0,36.3,57.0,63.7,100.0,0.0,0.0,0.0,0.0,0.0,0.0,0.0,0.0,0.0,0.0,0.0,0.0,0.0,0.0,0.0,22,0,0,0,9,10,7,16,13,22,0,0,0,9,10,7,16,13,0,0,0,0,0,0,0,0,0,0,0,0,0,0,26.0,23.7,36.4,33.2,23.1,19.7,31.1,26.2,26.0,23.7,36.4,33.2,23.1,19.7,31.1,26.2,0.0,0.0,0.0,0.0,0.0,0.0,0.0,0.0,(CONTRACTS OF 10 TROY OUNCES),N20,GOLD,PRECIOUS METALS,NATURAL RESOURCES,FutOnly,0,0,,0,0,0,0,,0,0
250211088691F,GOLD - COMMODITY EXCHANGE INC.,2025-02-11T00:00:00.000,2025 Report Week 06,GOLD,088691,CMX ,NYC,088 ,GOLD,528719,20935,81836,19501,268488,32186,229071,34268,42346,114695,24994,20476,479210,504594,49509,24125,528719,20935,81836,19501,268488,32186,229071,34268,42346,114695,24994,20476,479210,504594,49509,24125,0,0,0,0,0,0,0,0,0,0,0,0,0,0,0,0,-13285,1889,-654,-2323,-18067,-1322,-11414,3316,-365,-1320,1954,1583,-13272,-13555,-13,270,100.0,4.0,15.5,3.7,50.8,6.1,43.3,6.5,8.0,21.7,4.7,3.9,90.6,95.4,9.4,4.6,100.0,4.0,15.5,3.7,50.8,6.1,43.3,6.5,8.0,21.7,4.7,3.9,90.6,95.4,9.4,4.6,100.0,0.0,0.0,0.0,0.0,0.0,0.0,0.0,0.0,0.0,0.0,0.0,0.0,0.0,0.0,0.0,309,13,32,28,77,44,27,253,161,309,13,32,28,77,44,27,253,161,0,0,0,0,0,0,0,0,0,0,0,0,0,0,17.7,31.5,27.8,49.7,16.8,28.4,25.4,44.1,17.7,31.5,27.8,49.7,16.8,28.4,25.4,44.1,0.0,0.0,0.0,0.0,0.0,0.0,0.0,0.0,(CONTRACTS OF 100 TROY OUNCES),N20,GOLD,PRECIOUS METALS,NATURAL RESOURCES,FutOnly,9,14,100,21,47,9,14,100,21,47
250211088695F,MICRO GOLD - COMMODITY EXCHANGE INC.,2025-02-11T00:00:00.000,2025 Report Week 06,MICRO GOLD,088695,CMX ,NYC,088 ,GOLD,32134,19,251,0,0,0,2422,0,0,9641,9033,2494,14576,11778,17558,20356,32134,19,251,0,0,0,2422,0,0,9641,9033,2494,14576,11778,17558,20356,0,0,0,0,0,0,0,0,0,0,0,0,0,0,0,0,,,,,,,,,,,,,,,,,100.0,0.1,0.8,0.0,0.0,0.0,7.5,0.0,0.0,30.0,28.1,7.8,45.4,36.7,54.6,63.3,100.0,0.1,0.8,0.0,0.0,0.0,7.5,0.0,0.0,30.0,28.1,7.8,45.4,36.7,54.6,63.3,100.0,0.0,0.0,0.0,0.0,0.0,0.0,0.0,0.0,0.0,0.0,0.0,0.0,0.0,0.0,0.0,24,,0,0,9,10,7,17,15,24,,0,0,9,10,7,17,15,0,0,0,0,0,0,0,0,0,0,0,0,0,0,27.9,23.7,38.5,32.9,24.8,20.4,33.3,26.7,27.9,23.7,38.5,32.9,24.8,20.4,33.3,26.7,0.0,0.0,0.0,0.0,0.0,0.0,0.0,0.0,(CONTRACTS OF 10 TROY OUNCES),N20,GOLD,PRECIOUS METALS,NATURAL RESOURCES,FutOnly,,0,4,0,0,,0,4,0,0
250204088691F,GOLD - COMMODITY EXCHANGE INC.,2025-02-04T00:00:00.000,2025 Report Week 05,GOLD,088691,CMX ,NYC,088 ,GOLD,542004,19046,82490,21824,286555,33508,240485,30952,42711,116015,23040,18893,492482,518149,49522,23855,542004,19046,82490,21824,286555,33508,240485,30952,42711,116015,23040,18893,492482,518149,49522,23855,0,0,0,0,0,0,0,0,0,0,0,0,0,0,0,0,-35501,-486,-17940,-7901,14006,-27269,12614,13621,-16378,5515,1409,-1894,-35799,-34445,298,-1056,100.0,3.5,15.2,4.0,52.9,6.2,44.4,5.7,7.9,21.4,4.3,3.5,90.9,95.6,9.1,4.4,100.0,3.5,15.2,4.0,52.9,6.2,44.4,5.7,7.9,21.4,4.3,3.5,90.9,95.6,9.1,4.4,100.0,0.0,0.0,0.0,0.0,0.0,0.0,0.0,0.0,0.0,0.0,0.0,0.0,0.0,0.0,0.0,314,12,32,29,82,40,25,259,155,314,12,32,29,82,40,25,259,155,0,0,0,0,0,0,0,0,0,0,0,0,0,0,17.4,35.1,27.2,52.1,16.6,32.4,25.2,46.8,17.4,35.1,27.2,52.1,16.6,32.4,25.2,46.8,0.0,0.0,0.0,0.0,0.0,0.0,0.0,0.0,(CONTRACTS OF 100 TROY OUNCES),N20,GOLD,PRECIOUS METALS,NATURAL RESOURCES,FutOnly,9,16,105,19,43,9,16,105,19,43
250128088695F,MICRO GOLD - COMMODITY EXCHANGE INC.,2025-01-28T00:00:00.000,2025 Report Week 04,MICRO GOLD,088695,CMX ,NYC,088 ,GOLD,37889,11,238,0,0,0,1560,396,0,7062,7595,13383,22016,21612,15873,16277,37889,11,238,0,0,0,1560,396,0,7062,7595,13383,22016,21612,15873,16277,0,0,0,0,0,0,0,0,0,0,0,0,0,0,0,0,554,-1,10,0,0,0,-624,396,-46,-157,-3572,3152,2324,-60,-1770,614,100.0,0.0,0.6,0.0,0.0,0.0,4.1,1.0,0.0,18.6,20.0,35.3,58.1,57.0,41.9,43.0,100.0,0.0,0.6,0.0,0.0,0.0,4.1,1.0,0.0,18.6,20.0,35.3,58.1,57.0,41.9,43.0,100.0,0.0,0.0,0.0,0.0,0.0,0.0,0.0,0.0,0.0,0.0,0.0,0.0,0.0,0.0,0.0,23,,0,0,10,10,9,16,17,23,,0,0,10,10,9,16,17,0,0,0,0,0,0,0,0,0,0,0,0,0,0,35.5,42.9,50.9,51.6,15.2,14.7,21.0,19.1,35.5,42.9,50.9,51.6,15.2,14.7,21.0,19.1,0.0,0.0,0.0,0.0,0.0,0.0,0.0,0.0,(CONTRACTS OF 10 TROY OUNCES),N20,GOLD,PRECIOUS METALS,NATURAL RESOURCES,FutOnly,,0,,,0,,0,,,0
250128088691F,GOLD - COMMODITY EXCHANGE INC.,2025-01-28T00:00:00.000,2025 Report Week 04,GOLD,088691,CMX ,NYC,088 ,GOLD,577505,19532,100430,29725,272549,60777,227871,17331,59089,110500,21631,20787,528281,552594,49224,24911,577505,19532,100430,29725,272549,60777,227871,17331,59089,110500,21631,20787,528281,552594,49224,24911,0,0,0,0,0,0,0,0,0,0,0,0,0,0,0,0,6118,-579,-287,-702,-3880,16199,907,6236,-3250,175,-3779,-5218,7532,6021,-1414,97,100.0,3.4,17.4,5.1,47.2,10.5,39.5,3.0,10.2,19.1,3.7,3.6,91.5,95.7,8.5,4.3,100.0,3.4,17.4,5.1,47.2,10.5,39.5,3.0,10.2,19.1,3.7,3.6,91.5,95.7,8.5,4.3,100.0,0.0,0.0,0.0,0.0,0.0,0.0,0.0,0.0,0.0,0.0,0.0,0.0,0.0,0.0,0.0,293,15,30,30,74,35,32,246,156,293,15,30,30,74,35,32,246,156,0,0,0,0,0,0,0,0,0,0,0,0,0,0,15.8,35.4,25.0,51.2,15.7,32.1,23.4,43.7,15.8,35.4,25.0,51.2,15.7,32.1,23.4,43.7,0.0,0.0,0.0,0.0,0.0,0.0,0.0,0.0,(CONTRACTS OF 100 TROY OUNCES),N20,GOLD,PRECIOUS METALS,NATURAL RESOURCES,FutOnly,8,13,104,16,43,8,13,104,16,43
250121088695F,MICRO GOLD - COMMODITY EXCHANGE INC.,2025-01-21T00:00:00.000,2025 Report Week 03,MICRO GOLD,088695,CMX ,NYC,088 ,GOLD,37335,12,228,0,0,0,2184,0,46,7219,11167,10231,19692,21672,17643,15663,37335,12,228,0,0,0,2184,0,46,7219,11167,10231,19692,21672,17643,15663,0,0,0,0,0,0,0,0,0,0,0,0,0,0,0,0,3850,12,228,0,0,0,606,-916,46,1267,1036,1325,3256,1719,594,2131,100.0,0.0,0.6,0.0,0.0,0.0,5.8,0.0,0.1,19.3,29.9,27.4,52.7,58.0,47.3,42.0,100.0,0.0,0.6,0.0,0.0,0.0,5.8,0.0,0.1,19.3,29.9,27.4,52.7,58.0,47.3,42.0,100.0,0.0,0.0,0.0,0.0,0.0,0.0,0.0,0.0,0.0,0.0,0.0,0.0,0.0,0.0,0.0,22,,0,0,10,8,8,17,15,22,,0,0,10,8,8,17,15,0,0,0,0,0,0,0,0,0,0,0,0,0,0,29.3,44.5,43.7,54.9,15.0,25.2,21.2,30.0,29.3,44.5,43.7,54.9,15.0,25.2,21.2,30.0,0.0,0.0,0.0,0.0,0.0,0.0,0.0,0.0,(CONTRACTS OF 10 TROY OUNCES),N20,GOLD,PRECIOUS METALS,NATURAL RESOURCES,FutOnly,,0,,0,,,0,,0,
250121088691F,GOLD - COMMODITY EXCHANGE INC.,2025-01-21T00:00:00.000,2025 Report Week 03,GOLD,088691,CMX ,NYC,088 ,GOLD,571387,20111,100717,30427,276429,44578,226964,11095,62339,110325,25410,26005,520749,546573,50638,24814,571387,20111,100717,30427,276429,44578,226964,11095,62339,110325,25410,26005,520749,546573,50638,24814,0,0,0,0,0,0,0,0,0,0,0,0,0,0,0,0,44920,-932,5687,277,17814,3696,19996,-251,13207,4725,3551,1563,42532,45267,2388,-347,100.0,3.5,17.6,5.3,48.4,7.8,39.7,1.9,10.9,19.3,4.4,4.6,91.1,95.7,8.9,4.3,100.0,3.5,17.6,5.3,48.4,7.8,39.7,1.9,10.9,19.3,4.4,4.6,91.1,95.7,8.9,4.3,100.0,0.0,0.0,0.0,0.0,0.0,0.0,0.0,0.0,0.0,0.0,0.0,0.0,0.0,0.0,0.0,307,16,31,29,80,39,36,254,168,307,16,31,29,80,39,36,254,168,0,0,0,0,0,0,0,0,0,0,0,0,0,0,17.0,37.9,26.5,53.1,15.9,34.7,23.3,45.8,17.0,37.9,26.5,53.1,15.9,34.7,23.3,45.8,0.0,0.0,0.0,0.0,0.0,0.0,0.0,0.0,(CONTRACTS OF 100 TROY OUNCES),N20,GOLD,PRECIOUS METALS,NATURAL RESOURCES,FutOnly,9,13,102,21,44,9,13,102,21,44
250114088695F,MICRO GOLD - COMMODITY EXCHANGE INC.,2025-01-14T00:00:00.000,2025 Report Week 02,MICRO GOLD,088695,CMX ,NYC,088 ,GOLD,33485,0,0,0,0,0,1578,916,0,5952,10131,8906,16436,19953,17049,13532,33485,0,0,0,0,0,1578,916,0,5952,10131,8906,16436,19953,17049,13532,0,0,0,0,0,0,0,0,0,0,0,0,0,0,0,0,,,,,,,,,,,,,,,,,100.0,0.0,0.0,0.0,0.0,0.0,4.7,2.7,0.0,17.8,30.3,26.6,49.1,59.6,50.9,40.4,100.0,0.0,0.0,0.0,0.0,0.0,4.7,2.7,0.0,17.8,30.3,26.6,49.1,59.6,50.9,40.4,100.0,0.0,0.0,0.0,0.0,0.0,0.0,0.0,0.0,0.0,0.0,0.0,0.0,0.0,0.0,0.0,20,0,0,0,9,8,8,13,15,20,0,0,0,9,8,8,13,15,0,0,0,0,0,0,0,0,0,0,0,0,0,0,31.2,43.1,43.5,53.5,14.2,24.1,21.0,30.7,31.2,43.1,43.5,53.5,14.2,24.1,21.0,30.7,0.0,0.0,0.0,0.0,0.0,0.0,0.0,0.0,(CONTRACTS OF 10 TROY OUNCES),N20,GOLD,PRECIOUS METALS,NATURAL RESOURCES,FutOnly,0,0,,,0,0,0,,,0
250114088691F,GOLD - COMMODITY EXCHANGE INC.,2025-01-14T00:00:00.000,2025 Report Week 02,GOLD,088691,CMX ,NYC,088 ,GOLD,526467,21043,95030,30150,258615,40882,206968,11346,49132,105600,21859,24442,478217,501306,48250,25161,526467,21043,95030,30150,258615,40882,206968,11346,49132,105600,21859,24442,478217,501306,48250,25161,0,0,0,0,0,0,0,0,0,0,0,0,0,0,0,0,49424,10906,13926,-2537,18249,21032,15095,-2886,-5524,5752,-719,4024,48748,48102,676,1322,100.0,4.0,18.1,5.7,49.1,7.8,39.3,2.2,9.3,20.1,4.2,4.6,90.8,95.2,9.2,4.8,100.0,4.0,18.1,5.7,49.1,7.8,39.3,2.2,9.3,20.1,4.2,4.6,90.8,95.2,9.2,4.8,100.0,0.0,0.0,0.0,0.0,0.0,0.0,0.0,0.0,0.0,0.0,0.0,0.0,0.0,0.0,0.0,293,13,29,27,81,31,33,241,162,293,13,29,27,81,31,33,241,162,0,0,0,0,0,0,0,0,0,0,0,0,0,0,17.8,40.2,27.2,54.8,16.8,36.3,24.6,47.9,17.8,40.2,27.2,54.8,16.8,36.3,24.6,47.9,0.0,0.0,0.0,0.0,0.0,0.0,0.0,0.0,(CONTRACTS OF 100 TROY OUNCES),N20,GOLD,PRECIOUS METALS,NATURAL RESOURCES,FutOnly,9,13,96,22,45,9,13,96,22,45
250107088691F,GOLD - COMMODITY EXCHANGE INC.,2025-01-07T00:00:00.000,2025 Report Week 01,GOLD,088691,CMX ,NYC,088 ,GOLD,477043,10137,81104,32687,240366,19850,191873,14232,54656,99848,22578,20418,429469,453204,47574,23839,477043,10137,81104,32687,240366,19850,191873,14232,54656,99848,22578,20418,429469,453204,47574,23839,0,0,0,0,0,0,0,0,0,0,0,0,0,0,0,0,18459,154,-2240,858,10602,1263,9745,-1727,6686,-931,2909,467,18242,17960,217,499,100.0,2.1,17.0,6.9,50.4,4.2,40.2,3.0,11.5,20.9,4.7,4.3,90.0,95.0,10.0,5.0,100.0,2.1,17.0,6.9,50.4,4.2,40.2,3.0,11.5,20.9,4.7,4.3,90.0,95.0,10.0,5.0,100.0,0.0,0.0,0.0,0.0,0.0,0.0,0.0,0.0,0.0,0.0,0.0,0.0,0.0,0.0,0.0,292,15,30,25,79,29,31,236,157,292,15,30,25,79,29,31,236,157,0,0,0,0,0,0,0,0,0,0,0,0,0,0,23.6,40.6,32.9,56.9,18.8,37.3,26.0,49.9,23.6,40.6,32.9,56.9,18.8,37.3,26.0,49.9,0.0,0.0,0.0,0.0,0.0,0.0,0.0,0.0,(CONTRACTS OF 100 TROY OUNCES),N20,GOLD,PRECIOUS METALS,NATURAL RESOURCES,FutOnly,6,13,98,20,42,6,13,98,20,42
241231088695F,MICRO GOLD - COMMODITY EXCHANGE INC.,2024-12-31T00:00:00.000,2024 Report Week 53,MICRO GOLD,088695,CMX ,NYC,088 ,GOLD,32076,0,0,0,0,0,1817,453,5,3907,13599,6655,12384,20712,19692,11364,32076,0,0,0,0,0,1817,453,5,3907,13599,6655,12384,20712,19692,11364,0,0,0,0,0,0,0,0,0,0,0,0,0,0,0,0,-1371,0,0,0,0,0,-188,342,-93,-151,-1884,747,315,-888,-1686,-483,100.0,0.0,0.0,0.0,0.0,0.0,5.7,1.4,0.0,12.2,42.4,20.7,38.6,64.6,61.4,35.4,100.0,0.0,0.0,0.0,0.0,0.0,5.7,1.4,0.0,12.2,42.4,20.7,38.6,64.6,61.4,35.4,100.0,0.0,0.0,0.0,0.0,0.0,0.0,0.0,0.0,0.0,0.0,0.0,0.0,0.0,0.0,0.0,23,0,0,0,11,9,7,17,14,23,0,0,0,11,9,7,17,14,0,0,0,0,0,0,0,0,0,0,0,0,0,0,24.5,49.9,32.4,59.5,10.8,35.1,14.9,42.0,24.5,49.9,32.4,59.5,10.8,35.1,14.9,42.0,0.0,0.0,0.0,0.0,0.0,0.0,0.0,0.0,(CONTRACTS OF 10 TROY OUNCES),N20,GOLD,PRECIOUS METALS,NATURAL RESOURCES,FutOnly,0,0,,,,0,0,,,
241231088691F,GOLD - COMMODITY EXCHANGE INC.,2024-12-31T00:00:00.000,2024 Report Week 53,GOLD,088691,CMX ,NYC,088 ,GOLD,458584,9983,83344,31829,229764,18587,182128,15959,47970,100779,19669,19951,411227,435244,47357,23340,458584,9983,83344,31829,229764,18587,182128,15959,47970,100779,19669,19951,411227,435244,47357,23340,0,0,0,0,0,0,0,0,0,0,0,0,0,0,0,0,3938,785,-643,246,-366,1232,-3971,-4643,7910,-2538,-1516,730,4394,2704,-456,1234,100.0,2.2,18.2,6.9,50.1,4.1,39.7,3.5,10.5,22.0,4.3,4.4,89.7,94.9,10.3,5.1,100.0,2.2,18.2,6.9,50.1,4.1,39.7,3.5,10.5,22.0,4.3,4.4,89.7,94.9,10.3,5.1,100.0,0.0,0.0,0.0,0.0,0.0,0.0,0.0,0.0,0.0,0.0,0.0,0.0,0.0,0.0,0.0,265,12,30,25,74,25,25,213,140,265,12,30,25,74,25,25,213,140,0,0,0,0,0,0,0,0,0,0,0,0,0,0,23.7,40.2,33.3,57.6,19.4,37.2,26.9,50.1,23.7,40.2,33.3,57.6,19.4,37.2,26.9,50.1,0.0,0.0,0.0,0.0,0.0,0.0,0.0,0.0,(CONTRACTS OF 100 TROY OUNCES),N20,GOLD,PRECIOUS METALS,NATURAL RESOURCES,FutOnly,6,12,83,24,35,6,12,83,24,35
241224088695F,MICRO GOLD - COMMODITY EXCHANGE INC.,2024-12-24T00:00:00.000,2024 Report Week 52,MICRO GOLD,088695,CMX ,NYC,088 ,GOLD,33447,0,0,0,0,0,2005,111,98,4058,15483,5908,12069,21600,21378,11847,33447,0,0,0,0,0,2005,111,98,4058,15483,5908,12069,21600,21378,11847,0,0,0,0,0,0,0,0,0,0,0,0,0,0,0,0,-1145,0,0,0,0,0,85,-472,98,-3705,1557,1488,-2034,2671,889,-3816,100.0,0.0,0.0,0.0,0.0,0.0,6.0,0.3,0.3,12.1,46.3,17.7,36.1,64.6,63.9,35.4,100.0,0.0,0.0,0.0,0.0,0.0,6.0,0.3,0.3,12.1,46.3,17.7,36.1,64.6,63.9,35.4,100.0,0.0,0.0,0.0,0.0,0.0,0.0,0.0,0.0,0.0,0.0,0.0,0.0,0.0,0.0,0.0,21,0,0,0,9,9,6,15,13,21,0,0,0,9,9,6,15,13,0,0,0,0,0,0,0,0,0,0,0,0,0,0,25.3,51.1,31.4,61.1,12.8,39.0,16.7,45.5,25.3,51.1,31.4,61.1,12.8,39.0,16.7,45.5,0.0,0.0,0.0,0.0,0.0,0.0,0.0,0.0,(CONTRACTS OF 10 TROY OUNCES),N20,GOLD,PRECIOUS METALS,NATURAL RESOURCES,FutOnly,0,0,,,,0,0,,,
241224088691F,GOLD - COMMODITY EXCHANGE INC.,2024-12-24T00:00:00.000,2024 Report Week 52,GOLD,088691,CMX ,NYC,088 ,GOLD,454646,9198,83987,31583,230130,17355,186099,20602,40060,103317,21185,19221,406833,432540,47813,22106,454646,9198,83987,31583,230130,17355,186099,20602,40060,103317,21185,19221,406833,432540,47813,22106,0,0,0,0,0,0,0,0,0,0,0,0,0,0,0,0,-11925,-773,1561,-939,-15170,-1164,-15781,2224,132,2219,-1374,4956,-11350,-8835,-575,-3090,100.0,2.0,18.5,6.9,50.6,3.8,40.9,4.5,8.8,22.7,4.7,4.2,89.5,95.1,10.5,4.9,100.0,2.0,18.5,6.9,50.6,3.8,40.9,4.5,8.8,22.7,4.7,4.2,89.5,95.1,10.5,4.9,100.0,0.0,0.0,0.0,0.0,0.0,0.0,0.0,0.0,0.0,0.0,0.0,0.0,0.0,0.0,0.0,278,14,30,24,79,28,27,220,149,278,14,30,24,79,28,27,220,149,0,0,0,0,0,0,0,0,0,0,0,0,0,0,22.6,39.6,32.3,56.0,19.8,37.3,27.7,50.5,22.6,39.6,32.3,56.0,19.8,37.3,27.7,50.5,0.0,0.0,0.0,0.0,0.0,0.0,0.0,0.0,(CONTRACTS OF 100 TROY OUNCES),N20,GOLD,PRECIOUS METALS,NATURAL RESOURCES,FutOnly,7,11,84,26,37,7,11,84,26,37
241217088695F,MICRO GOLD - COMMODITY EXCHANGE INC.,2024-12-17T00:00:00.000,2024 Report Week 51,MICRO GOLD,088695,CMX ,NYC,088 ,GOLD,34592,0,0,0,0,0,1920,583,0,7763,13926,4420,14103,18929,20489,15663,34592,0,0,0,0,0,1920,583,0,7763,13926,4420,14103,18929,20489,15663,0,0,0,0,0,0,0,0,0,0,0,0,0,0,0,0,5986,0,0,0,0,0,-82,583,0,1453,4623,1939,3310,7145,2676,-1159,100.0,0.0,0.0,0.0,0.0,0.0,5.6,1.7,0.0,22.4,40.3,12.8,40.8,54.7,59.2,45.3,100.0,0.0,0.0,0.0,0.0,0.0,5.6,1.7,0.0,22.4,40.3,12.8,40.8,54.7,59.2,45.3,100.0,0.0,0.0,0.0,0.0,0.0,0.0,0.0,0.0,0.0,0.0,0.0,0.0,0.0,0.0,0.0,22,0,0,0,10,9,8,16,14,22,0,0,0,10,9,8,16,14,0,0,0,0,0,0,0,0,0,0,0,0,0,0,24.6,42.1,35.0,50.8,19.4,33.6,24.8,40.3,24.6,42.1,35.0,50.8,19.4,33.6,24.8,40.3,0.0,0.0,0.0,0.0,0.0,0.0,0.0,0.0,(CONTRACTS OF 10 TROY OUNCES),N20,GOLD,PRECIOUS METALS,NATURAL RESOURCES,FutOnly,0,0,,,0,0,0,,,0
241217088691F,GOLD - COMMODITY EXCHANGE INC.,2024-12-17T00:00:00.000,2024 Report Week 51,GOLD,088691,CMX ,NYC,088 ,GOLD,466571,9971,82426,32522,245300,18519,201880,18378,39928,101098,22559,14265,418183,441375,48388,25196,466571,9971,82426,32522,245300,18519,201880,18378,39928,101098,22559,14265,418183,441375,48388,25196,0,0,0,0,0,0,0,0,0,0,0,0,0,0,0,0,-16775,-1233,4777,-790,-18438,-2990,-16602,-4026,7887,-4752,-3783,-235,-18715,-16808,1940,33,100.0,2.1,17.7,7.0,52.6,4.0,43.3,3.9,8.6,21.7,4.8,3.1,89.6,94.6,10.4,5.4,100.0,2.1,17.7,7.0,52.6,4.0,43.3,3.9,8.6,21.7,4.8,3.1,89.6,94.6,10.4,5.4,100.0,0.0,0.0,0.0,0.0,0.0,0.0,0.0,0.0,0.0,0.0,0.0,0.0,0.0,0.0,0.0,282,15,27,25,79,29,24,228,145,282,15,27,25,79,29,24,228,145,0,0,0,0,0,0,0,0,0,0,0,0,0,0,22.9,40.6,33.3,57.0,20.8,38.4,28.8,51.9,22.9,40.6,33.3,57.0,20.8,38.4,28.8,51.9,0.0,0.0,0.0,0.0,0.0,0.0,0.0,0.0,(CONTRACTS OF 100 TROY OUNCES),N20,GOLD,PRECIOUS METALS,NATURAL RESOURCES,FutOnly,7,14,88,23,40,7,14,88,23,40
241210088695F,MICRO GOLD - COMMODITY EXCHANGE INC.,2024-12-10T00:00:00.000,2024 Report Week 50,MICRO GOLD,088695,CMX ,NYC,088 ,GOLD,28606,0,0,0,0,0,2002,0,0,6310,9303,2481,10793,11784,17813,16822,28606,0,0,0,0,0,2002,0,0,6310,9303,2481,10793,11784,17813,16822,0,0,0,0,0,0,0,0,0,0,0,0,0,0,0,0,39,0,0,0,0,0,277,-634,-7,317,-1469,-502,85,-2612,-46,2651,100.0,0.0,0.0,0.0,0.0,0.0,7.0,0.0,0.0,22.1,32.5,8.7,37.7,41.2,62.3,58.8,100.0,0.0,0.0,0.0,0.0,0.0,7.0,0.0,0.0,22.1,32.5,8.7,37.7,41.2,62.3,58.8,100.0,0.0,0.0,0.0,0.0,0.0,0.0,0.0,0.0,0.0,0.0,0.0,0.0,0.0,0.0,0.0,23,0,0,0,11,9,5,16,12,23,0,0,0,11,9,5,16,12,0,0,0,0,0,0,0,0,0,0,0,0,0,0,22.5,27.8,31.5,37.4,20.3,26.4,25.1,31.8,22.5,27.8,31.5,37.4,20.3,26.4,25.1,31.8,0.0,0.0,0.0,0.0,0.0,0.0,0.0,0.0,(CONTRACTS OF 10 TROY OUNCES),N20,GOLD,PRECIOUS METALS,NATURAL RESOURCES,FutOnly,0,0,,0,0,0,0,,0,0
241210088691F,GOLD - COMMODITY EXCHANGE INC.,2024-12-10T00:00:00.000,2024 Report Week 50,GOLD,088691,CMX ,NYC,088 ,GOLD,483346,11204,77649,33312,263738,21509,218482,22404,32041,105850,26342,14500,436898,458183,46448,25163,483346,11204,77649,33312,263738,21509,218482,22404,32041,105850,26342,14500,436898,458183,46448,25163,0,0,0,0,0,0,0,0,0,0,0,0,0,0,0,0,21306,237,4341,348,6840,2189,14902,-441,3489,1819,1312,211,23195,17941,-1889,3365,100.0,2.3,16.1,6.9,54.6,4.5,45.2,4.6,6.6,21.9,5.4,3.0,90.4,94.8,9.6,5.2,100.0,2.3,16.1,6.9,54.6,4.5,45.2,4.6,6.6,21.9,5.4,3.0,90.4,94.8,9.6,5.2,100.0,0.0,0.0,0.0,0.0,0.0,0.0,0.0,0.0,0.0,0.0,0.0,0.0,0.0,0.0,0.0,314,16,33,25,79,36,31,249,166,314,16,33,25,79,36,31,249,166,0,0,0,0,0,0,0,0,0,0,0,0,0,0,21.0,41.2,31.6,58.0,20.2,39.2,28.6,53.8,21.0,41.2,31.6,58.0,20.2,39.2,28.6,53.8,0.0,0.0,0.0,0.0,0.0,0.0,0.0,0.0,(CONTRACTS OF 100 TROY OUNCES),N20,GOLD,PRECIOUS METALS,NATURAL RESOURCES,FutOnly,8,14,99,28,43,8,14,99,28,43
241203088691F,GOLD - COMMODITY EXCHANGE INC.,2024-12-03T00:00:00.000,2024 Report Week 49,GOLD,088691,CMX ,NYC,088 ,GOLD,462040,10967,73308,32964,256898,19320,203580,22845,28552,104031,25030,14289,413703,440242,48337,21798,462040,10967,73308,32964,256898,19320,203580,22845,28552,104031,25030,14289,413703,440242,48337,21798,0,0,0,0,0,0,0,0,0,0,0,0,0,0,0,0,-10620,-3342,-8081,119,18613,-5903,-16,-1461,-459,4226,-3727,-7008,-12383,-8026,1763,-2594,100.0,2.4,15.9,7.1,55.6,4.2,44.1,4.9,6.2,22.5,5.4,3.1,89.5,95.3,10.5,4.7,100.0,2.4,15.9,7.1,55.6,4.2,44.1,4.9,6.2,22.5,5.4,3.1,89.5,95.3,10.5,4.7,100.0,0.0,0.0,0.0,0.0,0.0,0.0,0.0,0.0,0.0,0.0,0.0,0.0,0.0,0.0,0.0,301,16,31,24,80,30,28,235,156,301,16,31,24,80,30,28,235,156,0,0,0,0,0,0,0,0,0,0,0,0,0,0,21.4,43.0,31.6,59.4,21.0,41.1,29.5,55.6,21.4,43.0,31.6,59.4,21.0,41.1,29.5,55.6,0.0,0.0,0.0,0.0,0.0,0.0,0.0,0.0,(CONTRACTS OF 100 TROY OUNCES),N20,GOLD,PRECIOUS METALS,NATURAL RESOURCES,FutOnly,8,16,92,28,36,8,16,92,28,36
241203088695F,MICRO GOLD - COMMODITY EXCHANGE INC.,2024-12-03T00:00:00.000,2024 Report Week 49,MICRO GOLD,088695,CMX ,NYC,088 ,GOLD,28567,0,0,0,0,0,1725,634,7,5993,10772,2983,10708,14396,17859,14171,28567,0,0,0,0,0,1725,634,7,5993,10772,2983,10708,14396,17859,14171,0,0,0,0,0,0,0,0,0,0,0,0,0,0,0,0,-19820,0,0,0,0,0,235,353,5,-7412,-5864,-13924,-21096,-19430,1276,-390,100.0,0.0,0.0,0.0,0.0,0.0,6.0,2.2,0.0,21.0,37.7,10.4,37.5,50.4,62.5,49.6,100.0,0.0,0.0,0.0,0.0,0.0,6.0,2.2,0.0,21.0,37.7,10.4,37.5,50.4,62.5,49.6,100.0,0.0,0.0,0.0,0.0,0.0,0.0,0.0,0.0,0.0,0.0,0.0,0.0,0.0,0.0,0.0,21,0,0,0,9,9,7,17,12,21,0,0,0,9,9,7,17,12,0,0,0,0,0,0,0,0,0,0,0,0,0,0,24.0,32.4,32.1,45.2,20.3,30.1,24.7,38.5,24.0,32.4,32.1,45.2,20.3,30.1,24.7,38.5,0.0,0.0,0.0,0.0,0.0,0.0,0.0,0.0,(CONTRACTS OF 10 TROY OUNCES),N20,GOLD,PRECIOUS METALS,NATURAL RESOURCES,FutOnly,0,0,,,,0,0,,,
241126088691F,GOLD - COMMODITY EXCHANGE INC.,2024-11-26T00:00:00.000,2024 Report Week 48,GOLD,088691,CMX ,NYC,088 ,GOLD,472660,14309,81389,32845,238285,25223,203596,24306,29011,99805,28757,21297,426086,448268,46574,24392,472660,14309,81389,32845,238285,25223,203596,24306,29011,99805,28757,21297,426086,448268,46574,24392,0,0,0,0,0,0,0,0,0,0,0,0,0,0,0,0,-30292,522,-2715,-1913,11522,309,10241,-13875,-17136,-16194,-8049,-274,-24445,-30218,-5847,-74,100.0,3.0,17.2,6.9,50.4,5.3,43.1,5.1,6.1,21.1,6.1,4.5,90.1,94.8,9.9,5.2,100.0,3.0,17.2,6.9,50.4,5.3,43.1,5.1,6.1,21.1,6.1,4.5,90.1,94.8,9.9,5.2,100.0,0.0,0.0,0.0,0.0,0.0,0.0,0.0,0.0,0.0,0.0,0.0,0.0,0.0,0.0,0.0,297,17,28,29,78,34,35,238,163,297,17,28,29,78,34,35,238,163,0,0,0,0,0,0,0,0,0,0,0,0,0,0,21.0,40.0,30.3,54.8,20.8,37.4,28.5,50.3,21.0,40.0,30.3,54.8,20.8,37.4,28.5,50.3,0.0,0.0,0.0,0.0,0.0,0.0,0.0,0.0,(CONTRACTS OF 100 TROY OUNCES),N20,GOLD,PRECIOUS METALS,NATURAL RESOURCES,FutOnly,8,19,90,23,36,8,19,90,23,36
241126088695F,MICRO GOLD - COMMODITY EXCHANGE INC.,2024-11-26T00:00:00.000,2024 Report Week 48,MICRO GOLD,088695,CMX ,NYC,088 ,GOLD,48387,0,0,0,0,0,1490,281,2,13405,16636,16907,31804,33826,16583,14561,48387,0,0,0,0,0,1490,281,2,13405,16636,16907,31804,33826,16583,14561,0,0,0,0,0,0,0,0,0,0,0,0,0,0,0,0,-5697,0,0,0,0,0,181,281,2,-3288,-1581,1764,-1341,466,-4356,-6163,100.0,0.0,0.0,0.0,0.0,0.0,3.1,0.6,0.0,27.7,34.4,34.9,65.7,69.9,34.3,30.1,100.0,0.0,0.0,0.0,0.0,0.0,3.1,0.6,0.0,27.7,34.4,34.9,65.7,69.9,34.3,30.1,100.0,0.0,0.0,0.0,0.0,0.0,0.0,0.0,0.0,0.0,0.0,0.0,0.0,0.0,0.0,0.0,22,0,0,0,12,8,9,17,15,22,0,0,0,12,8,9,17,15,0,0,0,0,0,0,0,0,0,0,0,0,0,0,48.4,58.5,59.7,66.2,20.7,31.7,28.2,34.5,48.4,58.5,59.7,66.2,20.7,31.7,28.2,34.5,0.0,0.0,0.0,0.0,0.0,0.0,0.0,0.0,(CONTRACTS OF 10 TROY OUNCES),N20,GOLD,PRECIOUS METALS,NATURAL RESOURCES,FutOnly,0,0,,,,0,0,,,
241119088691F,GOLD - COMMODITY EXCHANGE INC.,2024-11-19T00:00:00.000,2024 Report Week 47,GOLD,088691,CMX ,NYC,088 ,GOLD,502952,13787,84104,34758,226763,24914,193355,38181,46147,115999,36806,21571,450531,478486,52421,24466,502952,13787,84104,34758,226763,24914,193355,38181,46147,115999,36806,21571,450531,478486,52421,24466,0,0,0,0,0,0,0,0,0,0,0,0,0,0,0,0,-33029,576,3437,-1975,-8096,-489,-10306,-184,-15911,3435,-4603,-3942,-28612,-29788,-4417,-3241,100.0,2.7,16.7,6.9,45.1,5.0,38.4,7.6,9.2,23.1,7.3,4.3,89.6,95.1,10.4,4.9,100.0,2.7,16.7,6.9,45.1,5.0,38.4,7.6,9.2,23.1,7.3,4.3,89.6,95.1,10.4,4.9,100.0,0.0,0.0,0.0,0.0,0.0,0.0,0.0,0.0,0.0,0.0,0.0,0.0,0.0,0.0,0.0,298,15,27,26,87,32,43,247,159,298,15,27,26,87,32,43,247,159,0,0,0,0,0,0,0,0,0,0,0,0,0,0,19.9,34.6,28.7,50.1,19.2,33.0,27.5,47.5,19.9,34.6,28.7,50.1,19.2,33.0,27.5,47.5,0.0,0.0,0.0,0.0,0.0,0.0,0.0,0.0,(CONTRACTS OF 100 TROY OUNCES),N20,GOLD,PRECIOUS METALS,NATURAL RESOURCES,FutOnly,9,17,85,25,35,9,17,85,25,35
241119088695F,MICRO GOLD - COMMODITY EXCHANGE INC.,2024-11-19T00:00:00.000,2024 Report Week 47,MICRO GOLD,088695,CMX ,NYC,088 ,GOLD,54084,0,0,0,0,0,1309,0,0,16693,18217,15143,33145,33360,20939,20724,54084,0,0,0,0,0,1309,0,0,16693,18217,15143,33145,33360,20939,20724,0,0,0,0,0,0,0,0,0,0,0,0,0,0,0,0,-2154,0,0,0,0,0,-151,0,0,-1087,672,-484,-1722,188,-432,-2342,100.0,0.0,0.0,0.0,0.0,0.0,2.4,0.0,0.0,30.9,33.7,28.0,61.3,61.7,38.7,38.3,100.0,0.0,0.0,0.0,0.0,0.0,2.4,0.0,0.0,30.9,33.7,28.0,61.3,61.7,38.7,38.3,100.0,0.0,0.0,0.0,0.0,0.0,0.0,0.0,0.0,0.0,0.0,0.0,0.0,0.0,0.0,0.0,25,0,0,0,16,8,8,19,14,25,0,0,0,16,8,8,19,14,0,0,0,0,0,0,0,0,0,0,0,0,0,0,42.8,54.1,52.7,58.8,20.6,31.8,27.9,33.7,42.8,54.1,52.7,58.8,20.6,31.8,27.9,33.7,0.0,0.0,0.0,0.0,0.0,0.0,0.0,0.0,(CONTRACTS OF 10 TROY OUNCES),N20,GOLD,PRECIOUS METALS,NATURAL RESOURCES,FutOnly,0,0,,0,0,0,0,,0,0
241112088695F,MICRO GOLD - COMMODITY EXCHANGE INC.,2024-11-12T00:00:00.000,2024 Report Week 46,MICRO GOLD,088695,CMX ,NYC,088 ,GOLD,56238,0,0,0,0,0,1460,0,0,17780,17545,15627,34867,33172,21371,23066,56238,0,0,0,0,0,1460,0,0,17780,17545,15627,34867,33172,21371,23066,0,0,0,0,0,0,0,0,0,0,0,0,0,0,0,0,3150,0,0,0,0,0,-904,-288,0,511,2581,2387,1994,4680,1156,-1530,100.0,0.0,0.0,0.0,0.0,0.0,2.6,0.0,0.0,31.6,31.2,27.8,62.0,59.0,38.0,41.0,100.0,0.0,0.0,0.0,0.0,0.0,2.6,0.0,0.0,31.6,31.2,27.8,62.0,59.0,38.0,41.0,100.0,0.0,0.0,0.0,0.0,0.0,0.0,0.0,0.0,0.0,0.0,0.0,0.0,0.0,0.0,0.0,26,0,0,0,14,11,8,18,16,26,0,0,0,14,11,8,18,16,0,0,0,0,0,0,0,0,0,0,0,0,0,0,39.0,51.2,53.0,55.1,20.0,28.2,30.4,30.2,39.0,51.2,53.0,55.1,20.0,28.2,30.4,30.2,0.0,0.0,0.0,0.0,0.0,0.0,0.0,0.0,(CONTRACTS OF 10 TROY OUNCES),N20,GOLD,PRECIOUS METALS,NATURAL RESOURCES,FutOnly,0,0,,0,0,0,0,,0,0
241112088691F,GOLD - COMMODITY EXCHANGE INC.,2024-11-12T00:00:00.000,2024 Report Week 46,GOLD,088691,CMX ,NYC,088 ,GOLD,535981,13211,80667,36733,234859,25403,203661,38365,62058,112564,41409,25513,479143,508274,56838,27707,535981,13211,80667,36733,234859,25403,203661,38365,62058,112564,41409,25513,479143,508274,56838,27707,0,0,0,0,0,0,0,0,0,0,0,0,0,0,0,0,-22053,145,-1762,-3030,-18600,4945,-16026,1681,-7626,-4565,-3394,-97,-26254,-24853,4201,2800,100.0,2.5,15.1,6.9,43.8,4.7,38.0,7.2,11.6,21.0,7.7,4.8,89.4,94.8,10.6,5.2,100.0,2.5,15.1,6.9,43.8,4.7,38.0,7.2,11.6,21.0,7.7,4.8,89.4,94.8,10.6,5.2,100.0,0.0,0.0,0.0,0.0,0.0,0.0,0.0,0.0,0.0,0.0,0.0,0.0,0.0,0.0,0.0,312,14,27,24,86,39,43,255,176,312,14,27,24,86,39,43,255,176,0,0,0,0,0,0,0,0,0,0,0,0,0,0,19.3,32.0,28.9,47.6,18.1,30.5,26.3,44.0,19.3,32.0,28.9,47.6,18.1,30.5,26.3,44.0,0.0,0.0,0.0,0.0,0.0,0.0,0.0,0.0,(CONTRACTS OF 100 TROY OUNCES),N20,GOLD,PRECIOUS METALS,NATURAL RESOURCES,FutOnly,8,16,95,27,48,8,16,95,27,48
241105088695F,MICRO GOLD - COMMODITY EXCHANGE INC.,2024-11-05T00:00:00.000,2024 Report Week 45,MICRO GOLD,088695,CMX ,NYC,088 ,GOLD,53088,0,0,0,0,0,2364,288,0,17269,14964,13240,32873,28492,20215,24596,53088,0,0,0,0,0,2364,288,0,17269,14964,13240,32873,28492,20215,24596,0,0,0,0,0,0,0,0,0,0,0,0,0,0,0,0,2350,0,0,0,0,0,318,288,0,-311,3439,1957,1964,5684,386,-3334,100.0,0.0,0.0,0.0,0.0,0.0,4.5,0.5,0.0,32.5,28.2,24.9,61.9,53.7,38.1,46.3,100.0,0.0,0.0,0.0,0.0,0.0,4.5,0.5,0.0,32.5,28.2,24.9,61.9,53.7,38.1,46.3,100.0,0.0,0.0,0.0,0.0,0.0,0.0,0.0,0.0,0.0,0.0,0.0,0.0,0.0,0.0,0.0,25,0,0,0,13,8,8,18,15,25,0,0,0,13,8,8,18,15,0,0,0,0,0,0,0,0,0,0,0,0,0,0,39.8,45.5,52.1,49.8,19.9,26.1,30.5,28.3,39.8,45.5,52.1,49.8,19.9,26.1,30.5,28.3,0.0,0.0,0.0,0.0,0.0,0.0,0.0,0.0,(CONTRACTS OF 10 TROY OUNCES),N20,GOLD,PRECIOUS METALS,NATURAL RESOURCES,FutOnly,0,0,,,0,0,0,,,0
241105088691F,GOLD - COMMODITY EXCHANGE INC.,2024-11-05T00:00:00.000,2024 Report Week 45,GOLD,088691,CMX ,NYC,088 ,GOLD,558034,13066,82429,39763,253459,20458,219687,36684,69684,117129,44803,25610,505397,533127,52637,24907,558034,13066,82429,39763,253459,20458,219687,36684,69684,117129,44803,25610,505397,533127,52637,24907,0,0,0,0,0,0,0,0,0,0,0,0,0,0,0,0,-21434,687,-4570,-411,-15766,4076,-15169,-2999,5341,-14651,-3497,-512,-20639,-17927,-795,-3507,100.0,2.3,14.8,7.1,45.4,3.7,39.4,6.6,12.5,21.0,8.0,4.6,90.6,95.5,9.4,4.5,100.0,2.3,14.8,7.1,45.4,3.7,39.4,6.6,12.5,21.0,8.0,4.6,90.6,95.5,9.4,4.5,100.0,0.0,0.0,0.0,0.0,0.0,0.0,0.0,0.0,0.0,0.0,0.0,0.0,0.0,0.0,0.0,311,15,29,21,81,41,35,245,171,311,15,29,21,81,41,35,245,171,0,0,0,0,0,0,0,0,0,0,0,0,0,0,19.2,32.3,30.2,47.6,17.3,31.2,25.7,43.3,19.2,32.3,30.2,47.6,17.3,31.2,25.7,43.3,0.0,0.0,0.0,0.0,0.0,0.0,0.0,0.0,(CONTRACTS OF 100 TROY OUNCES),N20,GOLD,PRECIOUS METALS,NATURAL RESOURCES,FutOnly,9,13,99,22,46,9,13,99,22,46
241029088695F,MICRO GOLD - COMMODITY EXCHANGE INC.,2024-10-29T00:00:00.000,2024 Report Week 44,MICRO GOLD,088695,CMX ,NYC,088 ,GOLD,50738,0,0,0,0,0,2046,0,0,17580,11525,11283,30909,22808,19829,27930,50738,0,0,0,0,0,2046,0,0,17580,11525,11283,30909,22808,19829,27930,0,0,0,0,0,0,0,0,0,0,0,0,0,0,0,0,402,0,0,0,0,0,-1041,0,0,468,-129,1006,433,877,-31,-475,100.0,0.0,0.0,0.0,0.0,0.0,4.0,0.0,0.0,34.6,22.7,22.2,60.9,45.0,39.1,55.0,100.0,0.0,0.0,0.0,0.0,0.0,4.0,0.0,0.0,34.6,22.7,22.2,60.9,45.0,39.1,55.0,100.0,0.0,0.0,0.0,0.0,0.0,0.0,0.0,0.0,0.0,0.0,0.0,0.0,0.0,0.0,0.0,27,0,0,0,14,10,8,19,16,27,0,0,0,14,10,8,19,16,0,0,0,0,0,0,0,0,0,0,0,0,0,0,39.3,37.4,51.5,41.1,21.1,20.0,32.3,21.9,39.3,37.4,51.5,41.1,21.1,20.0,32.3,21.9,0.0,0.0,0.0,0.0,0.0,0.0,0.0,0.0,(CONTRACTS OF 10 TROY OUNCES),N20,GOLD,PRECIOUS METALS,NATURAL RESOURCES,FutOnly,0,0,,0,0,0,0,,0,0
241029088691F,GOLD - COMMODITY EXCHANGE INC.,2024-10-29T00:00:00.000,2024 Report Week 44,GOLD,088691,CMX ,NYC,088 ,GOLD,579468,12379,86999,40174,269225,16382,234856,39683,64343,131780,48300,26122,526036,551054,53432,28414,579468,12379,86999,40174,269225,16382,234856,39683,64343,131780,48300,26122,526036,551054,53432,28414,0,0,0,0,0,0,0,0,0,0,0,0,0,0,0,0,5708,-563,-8038,722,-12833,2531,-7571,2416,11666,2394,9958,-2689,6490,3011,-782,2697,100.0,2.1,15.0,6.9,46.5,2.8,40.5,6.8,11.1,22.7,8.3,4.5,90.8,95.1,9.2,4.9,100.0,2.1,15.0,6.9,46.5,2.8,40.5,6.8,11.1,22.7,8.3,4.5,90.8,95.1,9.2,4.9,100.0,0.0,0.0,0.0,0.0,0.0,0.0,0.0,0.0,0.0,0.0,0.0,0.0,0.0,0.0,0.0,334,16,29,18,91,47,37,258,172,334,16,29,18,91,47,37,258,172,0,0,0,0,0,0,0,0,0,0,0,0,0,0,19.2,31.4,29.5,45.9,17.0,29.9,25.4,41.9,19.2,31.4,29.5,45.9,17.0,29.9,25.4,41.9,0.0,0.0,0.0,0.0,0.0,0.0,0.0,0.0,(CONTRACTS OF 100 TROY OUNCES),N20,GOLD,PRECIOUS METALS,NATURAL RESOURCES,FutOnly,8,14,100,27,38,8,14,100,27,38
241022088695F,MICRO GOLD - COMMODITY EXCHANGE INC.,2024-10-22T00:00:00.000,2024 Report Week 43,MICRO GOLD,088695,CMX ,NYC,088 ,GOLD,50336,0,0,0,0,0,3087,0,0,17112,11654,10277,30476,21931,19860,28405,50336,0,0,0,0,0,3087,0,0,17112,11654,10277,30476,21931,19860,28405,0,0,0,0,0,0,0,0,0,0,0,0,0,0,0,0,3745,0,0,0,0,0,1241,-590,0,3098,-413,54,4393,-949,-648,4694,100.0,0.0,0.0,0.0,0.0,0.0,6.1,0.0,0.0,34.0,23.2,20.4,60.5,43.6,39.5,56.4,100.0,0.0,0.0,0.0,0.0,0.0,6.1,0.0,0.0,34.0,23.2,20.4,60.5,43.6,39.5,56.4,100.0,0.0,0.0,0.0,0.0,0.0,0.0,0.0,0.0,0.0,0.0,0.0,0.0,0.0,0.0,0.0,27,0,0,0,15,7,7,21,13,27,0,0,0,15,7,7,21,13,0,0,0,0,0,0,0,0,0,0,0,0,0,0,39.8,37.8,50.1,41.7,22.4,21.8,32.4,23.2,39.8,37.8,50.1,41.7,22.4,21.8,32.4,23.2,0.0,0.0,0.0,0.0,0.0,0.0,0.0,0.0,(CONTRACTS OF 10 TROY OUNCES),N20,GOLD,PRECIOUS METALS,NATURAL RESOURCES,FutOnly,0,0,5,0,0,0,0,5,0,0
241022088691F,GOLD - COMMODITY EXCHANGE INC.,2024-10-22T00:00:00.000,2024 Report Week 43,GOLD,088691,CMX ,NYC,088 ,GOLD,573760,12942,95037,39452,282058,13851,242427,37267,52677,129386,38342,28811,519546,548043,54214,25717,573760,12942,95037,39452,282058,13851,242427,37267,52677,129386,38342,28811,519546,548043,54214,25717,0,0,0,0,0,0,0,0,0,0,0,0,0,0,0,0,32528,-146,7251,-3859,787,222,8556,2817,17334,5763,1732,934,28804,31077,3724,1451,100.0,2.3,16.6,6.9,49.2,2.4,42.3,6.5,9.2,22.6,6.7,5.0,90.6,95.5,9.4,4.5,100.0,2.3,16.6,6.9,49.2,2.4,42.3,6.5,9.2,22.6,6.7,5.0,90.6,95.5,9.4,4.5,100.0,0.0,0.0,0.0,0.0,0.0,0.0,0.0,0.0,0.0,0.0,0.0,0.0,0.0,0.0,0.0,344,19,29,19,96,50,36,260,180,344,19,29,19,96,50,36,260,180,0,0,0,0,0,0,0,0,0,0,0,0,0,0,18.9,34.6,29.5,47.9,17.6,33.5,26.1,45.5,18.9,34.6,29.5,47.9,17.6,33.5,26.1,45.5,0.0,0.0,0.0,0.0,0.0,0.0,0.0,0.0,(CONTRACTS OF 100 TROY OUNCES),N20,GOLD,PRECIOUS METALS,NATURAL RESOURCES,FutOnly,9,15,101,24,38,9,15,101,24,38
241015088691F,GOLD - COMMODITY EXCHANGE INC.,2024-10-15T00:00:00.000,2024 Report Week 42,GOLD,088691,CMX ,NYC,088 ,GOLD,541232,13088,87786,43311,281271,13629,233871,34450,35343,123623,36610,27877,490742,516966,50490,24266,541232,13088,87786,43311,281271,13629,233871,34450,35343,123623,36610,27877,490742,516966,50490,24266,0,0,0,0,0,0,0,0,0,0,0,0,0,0,0,0,20916,258,3805,-1542,3593,2355,6275,913,11913,2328,-564,279,21866,22294,-950,-1378,100.0,2.4,16.2,8.0,52.0,2.5,43.2,6.4,6.5,22.8,6.8,5.2,90.7,95.5,9.3,4.5,100.0,2.4,16.2,8.0,52.0,2.5,43.2,6.4,6.5,22.8,6.8,5.2,90.7,95.5,9.3,4.5,100.0,0.0,0.0,0.0,0.0,0.0,0.0,0.0,0.0,0.0,0.0,0.0,0.0,0.0,0.0,0.0,328,17,28,20,89,47,36,250,171,328,17,28,20,89,47,36,250,171,0,0,0,0,0,0,0,0,0,0,0,0,0,0,19.6,36.5,28.8,50.0,19.5,35.0,27.4,48.3,19.6,36.5,28.8,50.0,19.5,35.0,27.4,48.3,0.0,0.0,0.0,0.0,0.0,0.0,0.0,0.0,(CONTRACTS OF 100 TROY OUNCES),N20,GOLD,PRECIOUS METALS,NATURAL RESOURCES,FutOnly,8,15,98,25,35,8,15,98,25,35
241015088695F,MICRO GOLD - COMMODITY EXCHANGE INC.,2024-10-15T00:00:00.000,2024 Report Week 42,MICRO GOLD,088695,CMX ,NYC,088 ,GOLD,46591,0,0,0,0,0,1846,590,0,14014,12067,10223,26083,22880,20508,23711,46591,0,0,0,0,0,1846,590,0,14014,12067,10223,26083,22880,20508,23711,0,0,0,0,0,0,0,0,0,0,0,0,0,0,0,0,1033,0,0,0,0,0,-4,590,0,1051,304,-497,550,397,483,636,100.0,0.0,0.0,0.0,0.0,0.0,4.0,1.3,0.0,30.1,25.9,21.9,56.0,49.1,44.0,50.9,100.0,0.0,0.0,0.0,0.0,0.0,4.0,1.3,0.0,30.1,25.9,21.9,56.0,49.1,44.0,50.9,100.0,0.0,0.0,0.0,0.0,0.0,0.0,0.0,0.0,0.0,0.0,0.0,0.0,0.0,0.0,0.0,26,0,0,0,13,9,7,18,15,26,0,0,0,13,9,7,18,15,0,0,0,0,0,0,0,0,0,0,0,0,0,0,41.5,42.5,49.9,46.0,22.2,23.9,29.5,26.2,41.5,42.5,49.9,46.0,22.2,23.9,29.5,26.2,0.0,0.0,0.0,0.0,0.0,0.0,0.0,0.0,(CONTRACTS OF 10 TROY OUNCES),N20,GOLD,PRECIOUS METALS,NATURAL RESOURCES,FutOnly,0,0,,,0,0,0,,,0
241008088691F,GOLD - COMMODITY EXCHANGE INC.,2024-10-08T00:00:00.000,2024 Report Week 41,GOLD,088691,CMX ,NYC,088 ,GOLD,520316,12830,83981,44853,277678,11274,227596,33537,23430,121295,37174,27598,468876,494672,51440,25644,520316,12830,83981,44853,277678,11274,227596,33537,23430,121295,37174,27598,468876,494672,51440,25644,0,0,0,0,0,0,0,0,0,0,0,0,0,0,0,0,-12791,610,-3465,2013,-17460,-765,-20271,132,5226,-889,459,3036,-11040,-12837,-1751,46,100.0,2.5,16.1,8.6,53.4,2.2,43.7,6.4,4.5,23.3,7.1,5.3,90.1,95.1,9.9,4.9,100.0,2.5,16.1,8.6,53.4,2.2,43.7,6.4,4.5,23.3,7.1,5.3,90.1,95.1,9.9,4.9,100.0,0.0,0.0,0.0,0.0,0.0,0.0,0.0,0.0,0.0,0.0,0.0,0.0,0.0,0.0,0.0,318,16,28,19,86,45,34,238,168,318,16,28,19,86,45,34,238,168,0,0,0,0,0,0,0,0,0,0,0,0,0,0,20.3,38.2,29.4,51.7,20.2,36.8,28.1,50.1,20.3,38.2,29.4,51.7,20.2,36.8,28.1,50.1,0.0,0.0,0.0,0.0,0.0,0.0,0.0,0.0,(CONTRACTS OF 100 TROY OUNCES),N20,GOLD,PRECIOUS METALS,NATURAL RESOURCES,FutOnly,9,16,93,24,33,9,16,93,24,33
241008088695F,MICRO GOLD - COMMODITY EXCHANGE INC.,2024-10-08T00:00:00.000,2024 Report Week 41,MICRO GOLD,088695,CMX ,NYC,088 ,GOLD,45558,0,0,0,0,0,1850,0,0,12963,11763,10720,25533,22483,20025,23075,45558,0,0,0,0,0,1850,0,0,12963,11763,10720,25533,22483,20025,23075,0,0,0,0,0,0,0,0,0,0,0,0,0,0,0,0,-1667,0,0,0,0,0,-76,0,0,-2208,2194,264,-2020,2458,353,-4125,100.0,0.0,0.0,0.0,0.0,0.0,4.1,0.0,0.0,28.5,25.8,23.5,56.0,49.4,44.0,50.6,100.0,0.0,0.0,0.0,0.0,0.0,4.1,0.0,0.0,28.5,25.8,23.5,56.0,49.4,44.0,50.6,100.0,0.0,0.0,0.0,0.0,0.0,0.0,0.0,0.0,0.0,0.0,0.0,0.0,0.0,0.0,0.0,23,0,0,0,10,10,8,17,14,23,0,0,0,10,10,8,17,14,0,0,0,0,0,0,0,0,0,0,0,0,0,0,41.6,43.7,50.6,47.3,24.0,22.9,30.0,25.2,41.6,43.7,50.6,47.3,24.0,22.9,30.0,25.2,0.0,0.0,0.0,0.0,0.0,0.0,0.0,0.0,(CONTRACTS OF 10 TROY OUNCES),N20,GOLD,PRECIOUS METALS,NATURAL RESOURCES,FutOnly,0,0,,0,0,0,0,,0,0
241001088695F,MICRO GOLD - COMMODITY EXCHANGE INC.,2024-10-01T00:00:00.000,2024 Report Week 40,MICRO GOLD,088695,CMX ,NYC,088 ,GOLD,47225,0,0,0,0,0,1926,0,0,15171,9569,10456,27553,20025,19672,27200,47225,0,0,0,0,0,1926,0,0,15171,9569,10456,27553,20025,19672,27200,0,0,0,0,0,0,0,0,0,0,0,0,0,0,0,0,-2718,0,0,0,0,0,-1396,0,0,-4497,2861,1255,-4638,4116,1920,-6834,100.0,0.0,0.0,0.0,0.0,0.0,4.1,0.0,0.0,32.1,20.3,22.1,58.3,42.4,41.7,57.6,100.0,0.0,0.0,0.0,0.0,0.0,4.1,0.0,0.0,32.1,20.3,22.1,58.3,42.4,41.7,57.6,100.0,0.0,0.0,0.0,0.0,0.0,0.0,0.0,0.0,0.0,0.0,0.0,0.0,0.0,0.0,0.0,24,0,0,0,10,10,7,18,13,24,0,0,0,10,10,7,18,13,0,0,0,0,0,0,0,0,0,0,0,0,0,0,42.8,37.6,53.0,40.8,27.4,18.1,33.7,20.1,42.8,37.6,53.0,40.8,27.4,18.1,33.7,20.1,0.0,0.0,0.0,0.0,0.0,0.0,0.0,0.0,(CONTRACTS OF 10 TROY OUNCES),N20,GOLD,PRECIOUS METALS,NATURAL RESOURCES,FutOnly,0,0,4,0,0,0,0,4,0,0
241001088691F,GOLD - COMMODITY EXCHANGE INC.,2024-10-01T00:00:00.000,2024 Report Week 40,GOLD,088691,CMX ,NYC,088 ,GOLD,533107,12220,87446,42840,295138,12039,247867,33405,18204,122184,36715,24562,479916,507509,53191,25598,533107,12220,87446,42840,295138,12039,247867,33405,18204,122184,36715,24562,479916,507509,53191,25598,0,0,0,0,0,0,0,0,0,0,0,0,0,0,0,0,-31533,-1297,-6101,-2865,-10243,-5452,-8568,-4001,-2477,-8953,1939,-1668,-31280,-28003,-253,-3530,100.0,2.3,16.4,8.0,55.4,2.3,46.5,6.3,3.4,22.9,6.9,4.6,90.0,95.2,10.0,4.8,100.0,2.3,16.4,8.0,55.4,2.3,46.5,6.3,3.4,22.9,6.9,4.6,90.0,95.2,10.0,4.8,100.0,0.0,0.0,0.0,0.0,0.0,0.0,0.0,0.0,0.0,0.0,0.0,0.0,0.0,0.0,0.0,324,18,30,21,82,49,33,243,170,324,18,30,21,82,49,33,243,170,0,0,0,0,0,0,0,0,0,0,0,0,0,0,19.6,38.3,29.1,52.4,19.4,37.1,27.8,50.9,19.6,38.3,29.1,52.4,19.4,37.1,27.8,50.9,0.0,0.0,0.0,0.0,0.0,0.0,0.0,0.0,(CONTRACTS OF 100 TROY OUNCES),N20,GOLD,PRECIOUS METALS,NATURAL RESOURCES,FutOnly,8,15,100,22,33,8,15,100,22,33
240924088691F,GOLD - COMMODITY EXCHANGE INC.,2024-09-24T00:00:00.000,2024 Report Week 39,GOLD,088691,CMX ,NYC,088 ,GOLD,564640,13517,93547,45705,305381,17491,256435,37406,20681,131137,34776,26230,511196,535512,53444,29128,564640,13517,93547,45705,305381,17491,256435,37406,20681,131137,34776,26230,511196,535512,53444,29128,0,0,0,0,0,0,0,0,0,0,0,0,0,0,0,0,27013,854,3297,156,2292,1056,14591,11917,-354,3247,597,6995,26545,25800,468,1213,100.0,2.4,16.6,8.1,54.1,3.1,45.4,6.6,3.7,23.2,6.2,4.6,90.5,94.8,9.5,5.2,100.0,2.4,16.6,8.1,54.1,3.1,45.4,6.6,3.7,23.2,6.2,4.6,90.5,94.8,9.5,5.2,100.0,0.0,0.0,0.0,0.0,0.0,0.0,0.0,0.0,0.0,0.0,0.0,0.0,0.0,0.0,0.0,336,19,27,22,89,48,37,268,176,336,19,27,22,89,48,37,268,176,0,0,0,0,0,0,0,0,0,0,0,0,0,0,18.6,38.1,27.6,53.4,18.2,36.6,26.6,51.3,18.6,38.1,27.6,53.4,18.2,36.6,26.6,51.3,0.0,0.0,0.0,0.0,0.0,0.0,0.0,0.0,(CONTRACTS OF 100 TROY OUNCES),N20,GOLD,PRECIOUS METALS,NATURAL RESOURCES,FutOnly,9,18,106,22,45,9,18,106,22,45
240924088695F,MICRO GOLD - COMMODITY EXCHANGE INC.,2024-09-24T00:00:00.000,2024 Report Week 39,MICRO GOLD,088695,CMX ,NYC,088 ,GOLD,49943,0,0,0,0,0,3322,0,0,19668,6708,9201,32191,15909,17752,34034,49943,0,0,0,0,0,3322,0,0,19668,6708,9201,32191,15909,17752,34034,0,0,0,0,0,0,0,0,0,0,0,0,0,0,0,0,2166,0,0,0,0,0,549,0,0,2251,-2025,594,3394,-1431,-1228,3597,100.0,0.0,0.0,0.0,0.0,0.0,6.7,0.0,0.0,39.4,13.4,18.4,64.5,31.9,35.5,68.1,100.0,0.0,0.0,0.0,0.0,0.0,6.7,0.0,0.0,39.4,13.4,18.4,64.5,31.9,35.5,68.1,100.0,0.0,0.0,0.0,0.0,0.0,0.0,0.0,0.0,0.0,0.0,0.0,0.0,0.0,0.0,0.0,23,0,0,0,11,8,7,18,12,23,0,0,0,11,8,7,18,12,0,0,0,0,0,0,0,0,0,0,0,0,0,0,43.2,25.6,55.5,30.3,30.9,11.7,42.2,13.4,43.2,25.6,55.5,30.3,30.9,11.7,42.2,13.4,0.0,0.0,0.0,0.0,0.0,0.0,0.0,0.0,(CONTRACTS OF 10 TROY OUNCES),N20,GOLD,PRECIOUS METALS,NATURAL RESOURCES,FutOnly,0,0,4,0,0,0,0,4,0,0
240917088695F,MICRO GOLD - COMMODITY EXCHANGE INC.,2024-09-17T00:00:00.000,2024 Report Week 38,MICRO GOLD,088695,CMX ,NYC,088 ,GOLD,47777,0,0,0,0,0,2773,0,0,17417,8733,8607,28797,17340,18980,30437,47777,0,0,0,0,0,2773,0,0,17417,8733,8607,28797,17340,18980,30437,0,0,0,0,0,0,0,0,0,0,0,0,0,0,0,0,3053,0,0,0,0,0,2052,-715,-386,305,1387,-20,1951,266,1102,2787,100.0,0.0,0.0,0.0,0.0,0.0,5.8,0.0,0.0,36.5,18.3,18.0,60.3,36.3,39.7,63.7,100.0,0.0,0.0,0.0,0.0,0.0,5.8,0.0,0.0,36.5,18.3,18.0,60.3,36.3,39.7,63.7,100.0,0.0,0.0,0.0,0.0,0.0,0.0,0.0,0.0,0.0,0.0,0.0,0.0,0.0,0.0,0.0,21,0,0,0,8,9,7,17,11,21,0,0,0,8,9,7,17,11,0,0,0,0,0,0,0,0,0,0,0,0,0,0,40.7,31.6,53.4,35.5,30.1,16.0,40.1,18.3,40.7,31.6,53.4,35.5,30.1,16.0,40.1,18.3,0.0,0.0,0.0,0.0,0.0,0.0,0.0,0.0,(CONTRACTS OF 10 TROY OUNCES),N20,GOLD,PRECIOUS METALS,NATURAL RESOURCES,FutOnly,0,0,4,0,0,0,0,4,0,0
240917088691F,GOLD - COMMODITY EXCHANGE INC.,2024-09-17T00:00:00.000,2024 Report Week 38,GOLD,088691,CMX ,NYC,088 ,GOLD,537627,12663,90250,45549,303089,16435,241844,25489,21035,127890,34179,19235,484651,509712,52976,27915,537627,12663,90250,45549,303089,16435,241844,25489,21035,127890,34179,19235,484651,509712,52976,27915,0,0,0,0,0,0,0,0,0,0,0,0,0,0,0,0,26126,95,2308,-7316,18699,3636,28199,2299,159,1529,-136,-2215,24087,24750,2039,1376,100.0,2.4,16.8,8.5,56.4,3.1,45.0,4.7,3.9,23.8,6.4,3.6,90.1,94.8,9.9,5.2,100.0,2.4,16.8,8.5,56.4,3.1,45.0,4.7,3.9,23.8,6.4,3.6,90.1,94.8,9.9,5.2,100.0,0.0,0.0,0.0,0.0,0.0,0.0,0.0,0.0,0.0,0.0,0.0,0.0,0.0,0.0,0.0,326,19,24,21,88,46,33,258,169,326,19,24,21,88,46,33,258,169,0,0,0,0,0,0,0,0,0,0,0,0,0,0,18.5,40.6,27.7,55.9,18.2,39.1,26.6,54.3,18.5,40.6,27.7,55.9,18.2,39.1,26.6,54.3,0.0,0.0,0.0,0.0,0.0,0.0,0.0,0.0,(CONTRACTS OF 100 TROY OUNCES),N20,GOLD,PRECIOUS METALS,NATURAL RESOURCES,FutOnly,8,19,103,21,43,8,19,103,21,43
240910088695F,MICRO GOLD - COMMODITY EXCHANGE INC.,2024-09-10T00:00:00.000,2024 Report Week 37,MICRO GOLD,088695,CMX ,NYC,088 ,GOLD,44724,0,0,0,0,0,721,715,386,17112,7346,8627,26846,17074,17878,27650,44724,0,0,0,0,0,721,715,386,17112,7346,8627,26846,17074,17878,27650,0,0,0,0,0,0,0,0,0,0,0,0,0,0,0,0,130,0,0,0,0,0,-251,598,-203,161,-3107,1112,819,-1600,-689,1730,100.0,0.0,0.0,0.0,0.0,0.0,1.6,1.6,0.9,38.3,16.4,19.3,60.0,38.2,40.0,61.8,100.0,0.0,0.0,0.0,0.0,0.0,1.6,1.6,0.9,38.3,16.4,19.3,60.0,38.2,40.0,61.8,100.0,0.0,0.0,0.0,0.0,0.0,0.0,0.0,0.0,0.0,0.0,0.0,0.0,0.0,0.0,0.0,21,0,0,0,8,10,7,16,13,21,0,0,0,8,10,7,16,13,0,0,0,0,0,0,0,0,0,0,0,0,0,0,41.2,29.1,53.1,35.7,29.6,14.3,38.6,17.0,41.2,29.1,53.1,35.7,29.6,14.3,38.6,17.0,0.0,0.0,0.0,0.0,0.0,0.0,0.0,0.0,(CONTRACTS OF 10 TROY OUNCES),N20,GOLD,PRECIOUS METALS,NATURAL RESOURCES,FutOnly,0,0,,,,0,0,,,
240910088691F,GOLD - COMMODITY EXCHANGE INC.,2024-09-10T00:00:00.000,2024 Report Week 37,GOLD,088691,CMX ,NYC,088 ,GOLD,511501,12568,87942,52865,284390,12799,213645,23190,20876,126361,34315,21450,460564,484962,50937,26539,511501,12568,87942,52865,284390,12799,213645,23190,20876,126361,34315,21450,460564,484962,50937,26539,0,0,0,0,0,0,0,0,0,0,0,0,0,0,0,0,365,727,6472,-2224,-12957,-687,1559,3194,498,-710,2712,1463,626,695,-261,-330,100.0,2.5,17.2,10.3,55.6,2.5,41.8,4.5,4.1,24.7,6.7,4.2,90.0,94.8,10.0,5.2,100.0,2.5,17.2,10.3,55.6,2.5,41.8,4.5,4.1,24.7,6.7,4.2,90.0,94.8,10.0,5.2,100.0,0.0,0.0,0.0,0.0,0.0,0.0,0.0,0.0,0.0,0.0,0.0,0.0,0.0,0.0,0.0,318,16,26,20,90,47,36,255,166,318,16,26,20,90,47,36,255,166,0,0,0,0,0,0,0,0,0,0,0,0,0,0,18.4,42.3,27.1,56.9,18.2,40.8,25.9,55.4,18.4,42.3,27.1,56.9,18.2,40.8,25.9,55.4,0.0,0.0,0.0,0.0,0.0,0.0,0.0,0.0,(CONTRACTS OF 100 TROY OUNCES),N20,GOLD,PRECIOUS METALS,NATURAL RESOURCES,FutOnly,10,19,93,20,42,10,19,93,20,42
240903088695F,MICRO GOLD - COMMODITY EXCHANGE INC.,2024-09-03T00:00:00.000,2024 Report Week 36,MICRO GOLD,088695,CMX ,NYC,088 ,GOLD,44594,0,0,0,0,0,972,117,589,16951,10453,7515,26027,18674,18567,25920,44594,0,0,0,0,0,972,117,589,16951,10453,7515,26027,18674,18567,25920,0,0,0,0,0,0,0,0,0,0,0,0,0,0,0,0,1285,0,0,0,0,0,-417,117,282,369,1067,1005,1239,2471,46,-1186,100.0,0.0,0.0,0.0,0.0,0.0,2.2,0.3,1.3,38.0,23.4,16.9,58.4,41.9,41.6,58.1,100.0,0.0,0.0,0.0,0.0,0.0,2.2,0.3,1.3,38.0,23.4,16.9,58.4,41.9,41.6,58.1,100.0,0.0,0.0,0.0,0.0,0.0,0.0,0.0,0.0,0.0,0.0,0.0,0.0,0.0,0.0,0.0,21,0,0,0,8,9,8,17,13,21,0,0,0,8,9,8,17,13,0,0,0,0,0,0,0,0,0,0,0,0,0,0,38.3,33.7,50.2,40.0,29.1,20.7,38.4,23.3,38.3,33.7,50.2,40.0,29.1,20.7,38.4,23.3,0.0,0.0,0.0,0.0,0.0,0.0,0.0,0.0,(CONTRACTS OF 10 TROY OUNCES),N20,GOLD,PRECIOUS METALS,NATURAL RESOURCES,FutOnly,0,0,,,,0,0,,,
240903088691F,GOLD - COMMODITY EXCHANGE INC.,2024-09-03T00:00:00.000,2024 Report Week 36,GOLD,088691,CMX ,NYC,088 ,GOLD,511136,11841,81470,55089,297347,13486,212086,19996,20378,127071,31603,19987,459938,484267,51198,26869,511136,11841,81470,55089,297347,13486,212086,19996,20378,127071,31603,19987,459938,484267,51198,26869,0,0,0,0,0,0,0,0,0,0,0,0,0,0,0,0,-10623,1127,2372,2267,-9410,-8080,-5890,2311,-1615,1717,403,3342,-7132,-10677,-3491,54,100.0,2.3,15.9,10.8,58.2,2.6,41.5,3.9,4.0,24.9,6.2,3.9,90.0,94.7,10.0,5.3,100.0,2.3,15.9,10.8,58.2,2.6,41.5,3.9,4.0,24.9,6.2,3.9,90.0,94.7,10.0,5.3,100.0,0.0,0.0,0.0,0.0,0.0,0.0,0.0,0.0,0.0,0.0,0.0,0.0,0.0,0.0,0.0,313,18,26,23,88,41,35,245,170,313,18,26,23,88,41,35,245,170,0,0,0,0,0,0,0,0,0,0,0,0,0,0,17.8,44.0,27.2,59.1,17.6,42.5,26.2,57.6,17.8,44.0,27.2,59.1,17.6,42.5,26.2,57.6,0.0,0.0,0.0,0.0,0.0,0.0,0.0,0.0,(CONTRACTS OF 100 TROY OUNCES),N20,GOLD,PRECIOUS METALS,NATURAL RESOURCES,FutOnly,7,19,92,24,40,7,19,92,24,40
240827088695F,MICRO GOLD - COMMODITY EXCHANGE INC.,2024-08-27T00:00:00.000,2024 Report Week 35,MICRO GOLD,088695,CMX ,NYC,088 ,GOLD,43309,0,0,0,0,0,1389,0,307,16582,9386,6510,24788,16203,18521,27106,43309,0,0,0,0,0,1389,0,307,16582,9386,6510,24788,16203,18521,27106,0,0,0,0,0,0,0,0,0,0,0,0,0,0,0,0,-869,0,0,0,0,0,-2081,0,307,1059,-178,-641,-1356,-512,487,-357,100.0,0.0,0.0,0.0,0.0,0.0,3.2,0.0,0.7,38.3,21.7,15.0,57.2,37.4,42.8,62.6,100.0,0.0,0.0,0.0,0.0,0.0,3.2,0.0,0.7,38.3,21.7,15.0,57.2,37.4,42.8,62.6,100.0,0.0,0.0,0.0,0.0,0.0,0.0,0.0,0.0,0.0,0.0,0.0,0.0,0.0,0.0,0.0,20,0,0,0,8,8,6,17,10,20,0,0,0,8,8,6,17,10,0,0,0,0,0,0,0,0,0,0,0,0,0,0,36.1,30.1,48.4,36.1,29.3,19.4,38.6,21.7,36.1,30.1,48.4,36.1,29.3,19.4,38.6,21.7,0.0,0.0,0.0,0.0,0.0,0.0,0.0,0.0,(CONTRACTS OF 10 TROY OUNCES),N20,GOLD,PRECIOUS METALS,NATURAL RESOURCES,FutOnly,0,0,4,0,,0,0,4,0,
240827088691F,GOLD - COMMODITY EXCHANGE INC.,2024-08-27T00:00:00.000,2024 Report Week 35,GOLD,088691,CMX ,NYC,088 ,GOLD,521759,10714,79098,52822,306757,21566,217976,17685,21993,125354,31200,16645,467070,494944,54689,26815,521759,10714,79098,52822,306757,21566,217976,17685,21993,125354,31200,16645,467070,494944,54689,26815,0,0,0,0,0,0,0,0,0,0,0,0,0,0,0,0,-11108,-4855,-466,-639,785,4364,-4166,-11152,2757,-8055,-4261,-2285,-12879,-10258,1771,-850,100.0,2.1,15.2,10.1,58.8,4.1,41.8,3.4,4.2,24.0,6.0,3.2,89.5,94.9,10.5,5.1,100.0,2.1,15.2,10.1,58.8,4.1,41.8,3.4,4.2,24.0,6.0,3.2,89.5,94.9,10.5,5.1,100.0,0.0,0.0,0.0,0.0,0.0,0.0,0.0,0.0,0.0,0.0,0.0,0.0,0.0,0.0,0.0,324,16,26,22,90,40,36,258,167,324,16,26,22,90,40,36,258,167,0,0,0,0,0,0,0,0,0,0,0,0,0,0,17.0,43.4,26.0,59.0,16.9,41.1,25.0,56.7,17.0,43.4,26.0,59.0,16.9,41.1,25.0,56.7,0.0,0.0,0.0,0.0,0.0,0.0,0.0,0.0,(CONTRACTS OF 100 TROY OUNCES),N20,GOLD,PRECIOUS METALS,NATURAL RESOURCES,FutOnly,10,19,102,22,39,10,19,102,22,39
240820088695F,MICRO GOLD - COMMODITY EXCHANGE INC.,2024-08-20T00:00:00.000,2024 Report Week 34,MICRO GOLD,088695,CMX ,NYC,088 ,GOLD,44178,0,0,0,0,0,3470,0,0,15523,9564,7151,26144,16715,18034,27463,44178,0,0,0,0,0,3470,0,0,15523,9564,7151,26144,16715,18034,27463,0,0,0,0,0,0,0,0,0,0,0,0,0,0,0,0,6122,0,0,0,0,0,1718,0,0,1408,3273,569,3695,3842,2427,2280,100.0,0.0,0.0,0.0,0.0,0.0,7.9,0.0,0.0,35.1,21.6,16.2,59.2,37.8,40.8,62.2,100.0,0.0,0.0,0.0,0.0,0.0,7.9,0.0,0.0,35.1,21.6,16.2,59.2,37.8,40.8,62.2,100.0,0.0,0.0,0.0,0.0,0.0,0.0,0.0,0.0,0.0,0.0,0.0,0.0,0.0,0.0,0.0,22,0,0,0,9,7,7,19,10,22,0,0,0,9,7,7,19,10,0,0,0,0,0,0,0,0,0,0,0,0,0,0,33.6,28.9,48.8,36.6,28.7,20.3,38.4,21.6,33.6,28.9,48.8,36.6,28.7,20.3,38.4,21.6,0.0,0.0,0.0,0.0,0.0,0.0,0.0,0.0,(CONTRACTS OF 10 TROY OUNCES),N20,GOLD,PRECIOUS METALS,NATURAL RESOURCES,FutOnly,0,0,6,0,0,0,0,6,0,0
240820088691F,GOLD - COMMODITY EXCHANGE INC.,2024-08-20T00:00:00.000,2024 Report Week 34,GOLD,088691,CMX ,NYC,088 ,GOLD,532867,15569,79564,53461,305972,17202,222142,28837,19236,133409,35461,18930,479949,505202,52918,27665,532867,15569,79564,53461,305972,17202,222142,28837,19236,133409,35461,18930,479949,505202,52918,27665,0,0,0,0,0,0,0,0,0,0,0,0,0,0,0,0,26995,-1148,9912,-1366,11578,433,18298,2908,227,8484,-115,-463,24465,24480,2530,2515,100.0,2.9,14.9,10.0,57.4,3.2,41.7,5.4,3.6,25.0,6.7,3.6,90.1,94.8,9.9,5.2,100.0,2.9,14.9,10.0,57.4,3.2,41.7,5.4,3.6,25.0,6.7,3.6,90.1,94.8,9.9,5.2,100.0,0.0,0.0,0.0,0.0,0.0,0.0,0.0,0.0,0.0,0.0,0.0,0.0,0.0,0.0,0.0,341,16,26,23,98,46,37,275,172,341,16,26,23,98,46,37,275,172,0,0,0,0,0,0,0,0,0,0,0,0,0,0,16.8,41.5,26.1,56.7,16.6,38.8,25.1,53.9,16.8,41.5,26.1,56.7,16.6,38.8,25.1,53.9,0.0,0.0,0.0,0.0,0.0,0.0,0.0,0.0,(CONTRACTS OF 100 TROY OUNCES),N20,GOLD,PRECIOUS METALS,NATURAL RESOURCES,FutOnly,9,21,102,24,42,9,21,102,24,42
240813088691F,GOLD - COMMODITY EXCHANGE INC.,2024-08-13T00:00:00.000,2024 Report Week 33,GOLD,088691,CMX ,NYC,088 ,GOLD,505872,16717,69652,54827,294394,16769,203844,25929,19009,124925,35576,19393,455484,480722,50388,25150,505872,16717,69652,54827,294394,16769,203844,25929,19009,124925,35576,19393,455484,480722,50388,25150,0,0,0,0,0,0,0,0,0,0,0,0,0,0,0,0,25227,80,5870,-2158,15520,1949,23541,-3588,-2085,7109,5723,-2392,26044,20997,-817,4230,100.0,3.3,13.8,10.8,58.2,3.3,40.3,5.1,3.8,24.7,7.0,3.8,90.0,95.0,10.0,5.0,100.0,3.3,13.8,10.8,58.2,3.3,40.3,5.1,3.8,24.7,7.0,3.8,90.0,95.0,10.0,5.0,100.0,0.0,0.0,0.0,0.0,0.0,0.0,0.0,0.0,0.0,0.0,0.0,0.0,0.0,0.0,0.0,329,16,25,23,82,53,35,263,168,329,16,25,23,82,53,35,263,168,0,0,0,0,0,0,0,0,0,0,0,0,0,0,16.8,42.9,26.4,56.9,16.8,40.0,25.3,53.9,16.8,42.9,26.4,56.9,16.8,40.0,25.3,53.9,0.0,0.0,0.0,0.0,0.0,0.0,0.0,0.0,(CONTRACTS OF 100 TROY OUNCES),N20,GOLD,PRECIOUS METALS,NATURAL RESOURCES,FutOnly,7,20,104,22,40,7,20,104,22,40
240813088695F,MICRO GOLD - COMMODITY EXCHANGE INC.,2024-08-13T00:00:00.000,2024 Report Week 33,MICRO GOLD,088695,CMX ,NYC,088 ,GOLD,38056,0,0,0,0,0,1752,0,0,14115,6291,6582,22449,12873,15607,25183,38056,0,0,0,0,0,1752,0,0,14115,6291,6582,22449,12873,15607,25183,0,0,0,0,0,0,0,0,0,0,0,0,0,0,0,0,,,,,,,,,,,,,,,,,100.0,0.0,0.0,0.0,0.0,0.0,4.6,0.0,0.0,37.1,16.5,17.3,59.0,33.8,41.0,66.2,100.0,0.0,0.0,0.0,0.0,0.0,4.6,0.0,0.0,37.1,16.5,17.3,59.0,33.8,41.0,66.2,100.0,0.0,0.0,0.0,0.0,0.0,0.0,0.0,0.0,0.0,0.0,0.0,0.0,0.0,0.0,0.0,20,0,0,0,9,7,7,17,10,20,0,0,0,9,7,7,17,10,0,0,0,0,0,0,0,0,0,0,0,0,0,0,33.1,23.7,47.6,32.8,26.1,15.2,36.7,16.5,33.1,23.7,47.6,32.8,26.1,15.2,36.7,16.5,0.0,0.0,0.0,0.0,0.0,0.0,0.0,0.0,(CONTRACTS OF 10 TROY OUNCES),N20,GOLD,PRECIOUS METALS,NATURAL RESOURCES,FutOnly,0,0,4,0,0,0,0,4,0,0
240806088691F,GOLD - COMMODITY EXCHANGE INC.,2024-08-06T00:00:00.000,2024 Report Week 32,GOLD,088691,CMX ,NYC,088 ,GOLD,480645,16637,63782,56985,278874,14820,180303,29517,21094,117816,29853,21785,429440,459725,51205,20920,480645,16637,63782,56985,278874,14820,180303,29517,21094,117816,29853,21785,429440,459725,51205,20920,0,0,0,0,0,0,0,0,0,0,0,0,0,0,0,0,-30269,-3276,-896,1902,-4301,-9199,-5283,-3705,-1469,-9962,-3688,-4256,-31543,-27514,1274,-2755,100.0,3.5,13.3,11.9,58.0,3.1,37.5,6.1,4.4,24.5,6.2,4.5,89.3,95.6,10.7,4.4,100.0,3.5,13.3,11.9,58.0,3.1,37.5,6.1,4.4,24.5,6.2,4.5,89.3,95.6,10.7,4.4,100.0,0.0,0.0,0.0,0.0,0.0,0.0,0.0,0.0,0.0,0.0,0.0,0.0,0.0,0.0,0.0,306,16,23,25,75,44,38,253,169,306,16,23,25,75,44,38,253,169,0,0,0,0,0,0,0,0,0,0,0,0,0,0,17.6,44.4,27.6,58.5,17.5,42.0,26.5,55.9,17.6,44.4,27.6,58.5,17.5,42.0,26.5,55.9,0.0,0.0,0.0,0.0,0.0,0.0,0.0,0.0,(CONTRACTS OF 100 TROY OUNCES),N20,GOLD,PRECIOUS METALS,NATURAL RESOURCES,FutOnly,8,20,90,30,48,8,20,90,30,48
240730088691F,GOLD - COMMODITY EXCHANGE INC.,2024-07-30T00:00:00.000,2024 Report Week 31,GOLD,088691,CMX ,NYC,088 ,GOLD,510914,19913,64678,55083,283175,24019,185586,33222,22563,127778,33541,26041,460983,487239,49931,23675,510914,19913,64678,55083,283175,24019,185586,33222,22563,127778,33541,26041,460983,487239,49931,23675,0,0,0,0,0,0,0,0,0,0,0,0,0,0,0,0,-61392,4228,-5222,-3515,-22133,-3935,-12216,-1720,-18476,-16020,-43,-7684,-57618,-59213,-3774,-2179,100.0,3.9,12.7,10.8,55.4,4.7,36.3,6.5,4.4,25.0,6.6,5.1,90.2,95.4,9.8,4.6,100.0,3.9,12.7,10.8,55.4,4.7,36.3,6.5,4.4,25.0,6.6,5.1,90.2,95.4,9.8,4.6,100.0,0.0,0.0,0.0,0.0,0.0,0.0,0.0,0.0,0.0,0.0,0.0,0.0,0.0,0.0,0.0,319,15,24,23,88,39,34,264,160,319,15,24,23,88,39,34,264,160,0,0,0,0,0,0,0,0,0,0,0,0,0,0,16.5,39.5,26.7,55.1,16.5,36.9,24.7,51.0,16.5,39.5,26.7,55.1,16.5,36.9,24.7,51.0,0.0,0.0,0.0,0.0,0.0,0.0,0.0,0.0,(CONTRACTS OF 100 TROY OUNCES),N20,GOLD,PRECIOUS METALS,NATURAL RESOURCES,FutOnly,9,20,102,21,44,9,20,102,21,44
240723088691F,GOLD - COMMODITY EXCHANGE INC.,2024-07-23T00:00:00.000,2024 Report Week 30,GOLD,088691,CMX ,NYC,088 ,GOLD,572306,15685,69900,58598,305308,27954,197802,34942,41039,143798,33584,33725,518601,546452,53705,25854,572306,15685,69900,58598,305308,27954,197802,34942,41039,143798,33584,33725,518601,546452,53705,25854,0,0,0,0,0,0,0,0,0,0,0,0,0,0,0,0,-7556,-8104,-14207,-4077,-6353,4377,-18700,2972,9739,10473,751,-1155,-7447,-3876,-109,-3680,100.0,2.7,12.2,10.2,53.3,4.9,34.6,6.1,7.2,25.1,5.9,5.9,90.6,95.5,9.4,4.5,100.0,2.7,12.2,10.2,53.3,4.9,34.6,6.1,7.2,25.1,5.9,5.9,90.6,95.5,9.4,4.5,100.0,0.0,0.0,0.0,0.0,0.0,0.0,0.0,0.0,0.0,0.0,0.0,0.0,0.0,0.0,0.0,332,14,24,27,93,41,35,279,167,332,14,24,27,93,41,35,279,167,0,0,0,0,0,0,0,0,0,0,0,0,0,0,15.3,35.7,26.0,49.9,14.3,34.3,23.0,48.2,15.3,35.7,26.0,49.9,14.3,34.3,23.0,48.2,0.0,0.0,0.0,0.0,0.0,0.0,0.0,0.0,(CONTRACTS OF 100 TROY OUNCES),N20,GOLD,PRECIOUS METALS,NATURAL RESOURCES,FutOnly,12,21,105,23,47,12,21,105,23,47
240723088695F,MICRO GOLD - COMMODITY EXCHANGE INC.,2024-07-23T00:00:00.000,2024 Report Week 30,MICRO GOLD,088695,CMX ,NYC,088 ,GOLD,43847,0,0,0,0,0,748,0,0,13671,10267,10621,25040,20888,18807,22959,43847,0,0,0,0,0,748,0,0,13671,10267,10621,25040,20888,18807,22959,0,0,0,0,0,0,0,0,0,0,0,0,0,0,0,0,92,0,0,0,0,0,-2097,0,0,1094,1685,112,-891,1797,983,-1705,100.0,0.0,0.0,0.0,0.0,0.0,1.7,0.0,0.0,31.2,23.4,24.2,57.1,47.6,42.9,52.4,100.0,0.0,0.0,0.0,0.0,0.0,1.7,0.0,0.0,31.2,23.4,24.2,57.1,47.6,42.9,52.4,100.0,0.0,0.0,0.0,0.0,0.0,0.0,0.0,0.0,0.0,0.0,0.0,0.0,0.0,0.0,0.0,21,0,0,0,11,8,9,17,13,21,0,0,0,11,8,9,17,13,0,0,0,0,0,0,0,0,0,0,0,0,0,0,37.4,36.9,50.5,44.4,21.6,21.5,28.9,23.4,37.4,36.9,50.5,44.4,21.6,21.5,28.9,23.4,0.0,0.0,0.0,0.0,0.0,0.0,0.0,0.0,(CONTRACTS OF 10 TROY OUNCES),N20,GOLD,PRECIOUS METALS,NATURAL RESOURCES,FutOnly,0,0,,0,0,0,0,,0,0
240716088691F,GOLD - COMMODITY EXCHANGE INC.,2024-07-16T00:00:00.000,2024 Report Week 29,GOLD,088691,CMX ,NYC,088 ,GOLD,579862,23789,84107,62675,311661,23577,216502,31970,31300,133325,32833,34880,526048,550328,53814,29534,579862,23789,84107,62675,311661,23577,216502,31970,31300,133325,32833,34880,526048,550328,53814,29534,0,0,0,0,0,0,0,0,0,0,0,0,0,0,0,0,63538,9758,17685,492,21240,6884,34520,7455,-11634,12264,9080,8063,60347,58773,3191,4765,100.0,4.1,14.5,10.8,53.7,4.1,37.3,5.5,5.4,23.0,5.7,6.0,90.7,94.9,9.3,5.1,100.0,4.1,14.5,10.8,53.7,4.1,37.3,5.5,5.4,23.0,5.7,6.0,90.7,94.9,9.3,5.1,100.0,0.0,0.0,0.0,0.0,0.0,0.0,0.0,0.0,0.0,0.0,0.0,0.0,0.0,0.0,0.0,343,17,26,28,94,47,36,278,181,343,17,26,28,94,47,36,278,181,0,0,0,0,0,0,0,0,0,0,0,0,0,0,14.6,36.4,24.9,50.0,14.2,33.5,23.2,46.7,14.6,36.4,24.9,50.0,14.2,33.5,23.2,46.7,0.0,0.0,0.0,0.0,0.0,0.0,0.0,0.0,(CONTRACTS OF 100 TROY OUNCES),N20,GOLD,PRECIOUS METALS,NATURAL RESOURCES,FutOnly,9,19,111,19,49,9,19,111,19,49
240716088695F,MICRO GOLD - COMMODITY EXCHANGE INC.,2024-07-16T00:00:00.000,2024 Report Week 29,MICRO GOLD,088695,CMX ,NYC,088 ,GOLD,43755,0,0,0,0,0,2845,0,0,12577,8582,10509,25931,19091,17824,24664,43755,0,0,0,0,0,2845,0,0,12577,8582,10509,25931,19091,17824,24664,0,0,0,0,0,0,0,0,0,0,0,0,0,0,0,0,5095,0,0,0,0,0,2569,-1320,0,1504,-1046,1179,5252,-1187,-157,6282,100.0,0.0,0.0,0.0,0.0,0.0,6.5,0.0,0.0,28.7,19.6,24.0,59.3,43.6,40.7,56.4,100.0,0.0,0.0,0.0,0.0,0.0,6.5,0.0,0.0,28.7,19.6,24.0,59.3,43.6,40.7,56.4,100.0,0.0,0.0,0.0,0.0,0.0,0.0,0.0,0.0,0.0,0.0,0.0,0.0,0.0,0.0,0.0,20,0,0,0,11,7,8,16,12,20,0,0,0,11,7,8,16,12,0,0,0,0,0,0,0,0,0,0,0,0,0,0,36.9,32.6,53.8,41.3,23.6,17.7,31.8,19.6,36.9,32.6,53.8,41.3,23.6,17.7,31.8,19.6,0.0,0.0,0.0,0.0,0.0,0.0,0.0,0.0,(CONTRACTS OF 10 TROY OUNCES),N20,GOLD,PRECIOUS METALS,NATURAL RESOURCES,FutOnly,0,0,,0,0,0,0,,0,0
240709088695F,MICRO GOLD - COMMODITY EXCHANGE INC.,2024-07-09T00:00:00.000,2024 Report Week 28,MICRO GOLD,088695,CMX ,NYC,088 ,GOLD,38660,0,0,0,0,0,276,1320,0,11073,9628,9330,20679,20278,17981,18382,38660,0,0,0,0,0,276,1320,0,11073,9628,9330,20679,20278,17981,18382,0,0,0,0,0,0,0,0,0,0,0,0,0,0,0,0,7699,0,0,0,0,0,-219,-78,-2,1497,537,5978,7254,6435,445,1264,100.0,0.0,0.0,0.0,0.0,0.0,0.7,3.4,0.0,28.6,24.9,24.1,53.5,52.5,46.5,47.5,100.0,0.0,0.0,0.0,0.0,0.0,0.7,3.4,0.0,28.6,24.9,24.1,53.5,52.5,46.5,47.5,100.0,0.0,0.0,0.0,0.0,0.0,0.0,0.0,0.0,0.0,0.0,0.0,0.0,0.0,0.0,0.0,21,0,0,0,11,7,8,16,13,21,0,0,0,11,7,8,16,13,0,0,0,0,0,0,0,0,0,0,0,0,0,0,35.3,38.0,47.6,48.4,20.6,25.3,26.6,28.3,35.3,38.0,47.6,48.4,20.6,25.3,26.6,28.3,0.0,0.0,0.0,0.0,0.0,0.0,0.0,0.0,(CONTRACTS OF 10 TROY OUNCES),N20,GOLD,PRECIOUS METALS,NATURAL RESOURCES,FutOnly,0,0,,,0,0,0,,,0
240709088691F,GOLD - COMMODITY EXCHANGE INC.,2024-07-09T00:00:00.000,2024 Report Week 28,GOLD,088691,CMX ,NYC,088 ,GOLD,516324,14031,66422,62183,290421,16693,181982,24515,42934,121061,23753,26817,465701,491555,50623,24769,516324,14031,66422,62183,290421,16693,181982,24515,42934,121061,23753,26817,465701,491555,50623,24769,0,0,0,0,0,0,0,0,0,0,0,0,0,0,0,0,61594,-393,7253,2258,10442,4137,14294,7642,20635,8632,2052,9102,58665,61263,2929,331,100.0,2.7,12.9,12.0,56.2,3.2,35.2,4.7,8.3,23.4,4.6,5.2,90.2,95.2,9.8,4.8,100.0,2.7,12.9,12.0,56.2,3.2,35.2,4.7,8.3,23.4,4.6,5.2,90.2,95.2,9.8,4.8,100.0,0.0,0.0,0.0,0.0,0.0,0.0,0.0,0.0,0.0,0.0,0.0,0.0,0.0,0.0,0.0,321,16,25,24,94,29,34,266,171,321,16,25,24,94,29,34,266,171,0,0,0,0,0,0,0,0,0,0,0,0,0,0,16.3,37.2,26.7,51.9,15.2,35.7,23.3,49.7,16.3,37.2,26.7,51.9,15.2,35.7,23.3,49.7,0.0,0.0,0.0,0.0,0.0,0.0,0.0,0.0,(CONTRACTS OF 100 TROY OUNCES),N20,GOLD,PRECIOUS METALS,NATURAL RESOURCES,FutOnly,9,23,103,23,53,9,23,103,23,53
240702088691F,GOLD - COMMODITY EXCHANGE INC.,2024-07-02T00:00:00.000,2024 Report Week 27,GOLD,088691,CMX ,NYC,088 ,GOLD,454730,14424,59169,59925,279979,12556,167688,16873,22299,112429,21701,17715,407036,430292,47694,24438,454730,14424,59169,59925,279979,12556,167688,16873,22299,112429,21701,17715,407036,430292,47694,24438,0,0,0,0,0,0,0,0,0,0,0,0,0,0,0,0,2540,-1177,965,1174,-7657,357,-7068,319,4725,2300,-401,2971,3282,1279,-742,1261,100.0,3.2,13.0,13.2,61.6,2.8,36.9,3.7,4.9,24.7,4.8,3.9,89.5,94.6,10.5,5.4,100.0,3.2,13.0,13.2,61.6,2.8,36.9,3.7,4.9,24.7,4.8,3.9,89.5,94.6,10.5,5.4,100.0,0.0,0.0,0.0,0.0,0.0,0.0,0.0,0.0,0.0,0.0,0.0,0.0,0.0,0.0,0.0,306,13,26,23,86,27,32,254,159,306,13,26,23,86,27,32,254,159,0,0,0,0,0,0,0,0,0,0,0,0,0,0,17.0,41.4,26.8,57.1,16.9,39.2,25.6,54.8,17.0,41.4,26.8,57.1,16.9,39.2,25.6,54.8,0.0,0.0,0.0,0.0,0.0,0.0,0.0,0.0,(CONTRACTS OF 100 TROY OUNCES),N20,GOLD,PRECIOUS METALS,NATURAL RESOURCES,FutOnly,9,21,102,22,49,9,21,102,22,49
240702088695F,MICRO GOLD - COMMODITY EXCHANGE INC.,2024-07-02T00:00:00.000,2024 Report Week 27,MICRO GOLD,088695,CMX ,NYC,088 ,GOLD,30961,0,0,0,0,0,495,1398,2,9576,9091,3352,13425,13843,17536,17118,30961,0,0,0,0,0,495,1398,2,9576,9091,3352,13425,13843,17536,17118,0,0,0,0,0,0,0,0,0,0,0,0,0,0,0,0,601,0,0,0,0,0,24,822,-80,333,-183,703,980,1262,-379,-661,100.0,0.0,0.0,0.0,0.0,0.0,1.6,4.5,0.0,30.9,29.4,10.8,43.4,44.7,56.6,55.3,100.0,0.0,0.0,0.0,0.0,0.0,1.6,4.5,0.0,30.9,29.4,10.8,43.4,44.7,56.6,55.3,100.0,0.0,0.0,0.0,0.0,0.0,0.0,0.0,0.0,0.0,0.0,0.0,0.0,0.0,0.0,0.0,22,0,0,0,10,8,8,17,14,22,0,0,0,10,8,8,17,14,0,0,0,0,0,0,0,0,0,0,0,0,0,0,28.1,32.1,36.9,41.1,22.3,29.6,29.2,33.4,28.1,32.1,36.9,41.1,22.3,29.6,29.2,33.4,0.0,0.0,0.0,0.0,0.0,0.0,0.0,0.0,(CONTRACTS OF 10 TROY OUNCES),N20,GOLD,PRECIOUS METALS,NATURAL RESOURCES,FutOnly,0,0,,,,0,0,,,
240625088691F,GOLD - COMMODITY EXCHANGE INC.,2024-06-25T00:00:00.000,2024 Report Week 26,GOLD,088691,CMX ,NYC,088 ,GOLD,452190,15601,58204,58751,287636,12199,174756,16554,17574,110129,22102,14744,403754,429013,48436,23177,452190,15601,58204,58751,287636,12199,174756,16554,17574,110129,22102,14744,403754,429013,48436,23177,0,0,0,0,0,0,0,0,0,0,0,0,0,0,0,0,7845,571,616,2841,6554,-301,-2883,-464,2208,621,-4943,4011,7068,7681,777,164,100.0,3.5,12.9,13.0,63.6,2.7,38.6,3.7,3.9,24.4,4.9,3.3,89.3,94.9,10.7,5.1,100.0,3.5,12.9,13.0,63.6,2.7,38.6,3.7,3.9,24.4,4.9,3.3,89.3,94.9,10.7,5.1,100.0,0.0,0.0,0.0,0.0,0.0,0.0,0.0,0.0,0.0,0.0,0.0,0.0,0.0,0.0,0.0,300,14,28,25,84,29,27,243,158,300,14,28,25,84,29,27,243,158,0,0,0,0,0,0,0,0,0,0,0,0,0,0,17.7,42.6,27.9,58.7,17.5,40.3,26.5,56.4,17.7,42.6,27.9,58.7,17.5,40.3,26.5,56.4,0.0,0.0,0.0,0.0,0.0,0.0,0.0,0.0,(CONTRACTS OF 100 TROY OUNCES),N20,GOLD,PRECIOUS METALS,NATURAL RESOURCES,FutOnly,8,19,96,24,45,8,19,96,24,45
240625088695F,MICRO GOLD - COMMODITY EXCHANGE INC.,2024-06-25T00:00:00.000,2024 Report Week 26,MICRO GOLD,088695,CMX ,NYC,088 ,GOLD,30360,0,0,0,0,0,471,576,82,9243,9274,2649,12445,12581,17915,17779,30360,0,0,0,0,0,471,576,82,9243,9274,2649,12445,12581,17915,17779,0,0,0,0,0,0,0,0,0,0,0,0,0,0,0,0,-1220,0,0,0,0,0,5,90,-68,-3671,-761,215,-3519,-524,2299,-696,100.0,0.0,0.0,0.0,0.0,0.0,1.6,1.9,0.3,30.4,30.5,8.7,41.0,41.4,59.0,58.6,100.0,0.0,0.0,0.0,0.0,0.0,1.6,1.9,0.3,30.4,30.5,8.7,41.0,41.4,59.0,58.6,100.0,0.0,0.0,0.0,0.0,0.0,0.0,0.0,0.0,0.0,0.0,0.0,0.0,0.0,0.0,0.0,21,0,0,0,11,7,7,16,13,21,0,0,0,11,7,7,16,13,0,0,0,0,0,0,0,0,0,0,0,0,0,0,26.2,30.3,35.1,37.9,19.7,29.0,27.5,32.4,26.2,30.3,35.1,37.9,19.7,29.0,27.5,32.4,0.0,0.0,0.0,0.0,0.0,0.0,0.0,0.0,(CONTRACTS OF 10 TROY OUNCES),N20,GOLD,PRECIOUS METALS,NATURAL RESOURCES,FutOnly,0,0,,,,0,0,,,
240618088691F,GOLD - COMMODITY EXCHANGE INC.,2024-06-18T00:00:00.000,2024 Report Week 25,GOLD,088691,CMX ,NYC,088 ,GOLD,444345,15030,57588,55910,281082,12500,177639,17018,15366,109508,27045,10733,396686,421332,47659,23013,444345,15030,57588,55910,281082,12500,177639,17018,15366,109508,27045,10733,396686,421332,47659,23013,0,0,0,0,0,0,0,0,0,0,0,0,0,0,0,0,7488,-892,859,436,5904,1722,9215,1559,-592,1163,-339,-912,10140,8201,-2652,-713,100.0,3.4,13.0,12.6,63.3,2.8,40.0,3.8,3.5,24.6,6.1,2.4,89.3,94.8,10.7,5.2,100.0,3.4,13.0,12.6,63.3,2.8,40.0,3.8,3.5,24.6,6.1,2.4,89.3,94.8,10.7,5.2,100.0,0.0,0.0,0.0,0.0,0.0,0.0,0.0,0.0,0.0,0.0,0.0,0.0,0.0,0.0,0.0,308,15,27,27,84,34,31,248,160,308,15,27,27,84,34,31,248,160,0,0,0,0,0,0,0,0,0,0,0,0,0,0,17.8,42.1,28.1,58.5,17.8,39.9,26.8,56.1,17.8,42.1,28.1,58.5,17.8,39.9,26.8,56.1,0.0,0.0,0.0,0.0,0.0,0.0,0.0,0.0,(CONTRACTS OF 100 TROY OUNCES),N20,GOLD,PRECIOUS METALS,NATURAL RESOURCES,FutOnly,8,21,98,23,37,8,21,98,23,37
240618088695F,MICRO GOLD - COMMODITY EXCHANGE INC.,2024-06-18T00:00:00.000,2024 Report Week 25,MICRO GOLD,088695,CMX ,NYC,088 ,GOLD,31580,0,0,0,0,0,466,486,150,12914,10035,2434,15964,13105,15616,18475,31580,0,0,0,0,0,466,486,150,12914,10035,2434,15964,13105,15616,18475,0,0,0,0,0,0,0,0,0,0,0,0,0,0,0,0,-929,0,0,0,-390,0,-666,-316,137,1070,-353,503,1044,-419,-1973,-510,100.0,0.0,0.0,0.0,0.0,0.0,1.5,1.5,0.5,40.9,31.8,7.7,50.6,41.5,49.4,58.5,100.0,0.0,0.0,0.0,0.0,0.0,1.5,1.5,0.5,40.9,31.8,7.7,50.6,41.5,49.4,58.5,100.0,0.0,0.0,0.0,0.0,0.0,0.0,0.0,0.0,0.0,0.0,0.0,0.0,0.0,0.0,0.0,22,0,0,0,12,7,7,18,12,22,0,0,0,12,7,7,18,12,0,0,0,0,0,0,0,0,0,0,0,0,0,0,30.8,32.0,43.4,39.7,28.0,30.3,37.7,33.3,30.8,32.0,43.4,39.7,28.0,30.3,37.7,33.3,0.0,0.0,0.0,0.0,0.0,0.0,0.0,0.0,(CONTRACTS OF 10 TROY OUNCES),N20,GOLD,PRECIOUS METALS,NATURAL RESOURCES,FutOnly,0,0,,,,0,0,,,
240611088691F,GOLD - COMMODITY EXCHANGE INC.,2024-06-11T00:00:00.000,2024 Report Week 24,GOLD,088691,CMX ,NYC,088 ,GOLD,436857,15922,56729,55474,275178,10778,168424,15459,15958,108345,27384,11645,386546,413131,50311,23726,436857,15922,56729,55474,275178,10778,168424,15459,15958,108345,27384,11645,386546,413131,50311,23726,0,0,0,0,0,0,0,0,0,0,0,0,0,0,0,0,-10631,-40,881,-1264,-7605,60,-4136,-4802,-2020,-3661,381,-74,-11135,-13179,504,2548,100.0,3.6,13.0,12.7,63.0,2.5,38.6,3.5,3.7,24.8,6.3,2.7,88.5,94.6,11.5,5.4,100.0,3.6,13.0,12.7,63.0,2.5,38.6,3.5,3.7,24.8,6.3,2.7,88.5,94.6,11.5,5.4,100.0,0.0,0.0,0.0,0.0,0.0,0.0,0.0,0.0,0.0,0.0,0.0,0.0,0.0,0.0,0.0,294,13,24,23,82,35,30,236,156,294,13,24,23,82,35,30,236,156,0,0,0,0,0,0,0,0,0,0,0,0,0,0,17.8,42.4,27.7,59.1,17.7,40.5,26.6,56.6,17.8,42.4,27.7,59.1,17.7,40.5,26.6,56.6,0.0,0.0,0.0,0.0,0.0,0.0,0.0,0.0,(CONTRACTS OF 100 TROY OUNCES),N20,GOLD,PRECIOUS METALS,NATURAL RESOURCES,FutOnly,8,20,88,27,40,8,20,88,27,40
240611088695F,MICRO GOLD - COMMODITY EXCHANGE INC.,2024-06-11T00:00:00.000,2024 Report Week 24,MICRO GOLD,088695,CMX ,NYC,088 ,GOLD,32509,0,0,0,390,0,1132,802,13,11844,10388,1931,14920,13524,17589,18985,32509,0,0,0,390,0,1132,802,13,11844,10388,1931,14920,13524,17589,18985,0,0,0,0,0,0,0,0,0,0,0,0,0,0,0,0,,,,,,,,,,,,,,,,,100.0,0.0,0.0,0.0,1.2,0.0,3.5,2.5,0.0,36.4,32.0,5.9,45.9,41.6,54.1,58.4,100.0,0.0,0.0,0.0,1.2,0.0,3.5,2.5,0.0,36.4,32.0,5.9,45.9,41.6,54.1,58.4,100.0,0.0,0.0,0.0,0.0,0.0,0.0,0.0,0.0,0.0,0.0,0.0,0.0,0.0,0.0,0.0,21,0,,0,11,6,7,16,13,21,0,,0,11,6,7,16,13,0,0,0,0,0,0,0,0,0,0,0,0,0,0,26.6,32.8,39.3,39.8,25.0,32.2,35.3,35.6,26.6,32.8,39.3,39.8,25.0,32.2,35.3,35.6,0.0,0.0,0.0,0.0,0.0,0.0,0.0,0.0,(CONTRACTS OF 10 TROY OUNCES),N20,GOLD,PRECIOUS METALS,NATURAL RESOURCES,FutOnly,0,0,,,,0,0,,,
240604088691F,GOLD - COMMODITY EXCHANGE INC.,2024-06-04T00:00:00.000,2024 Report Week 23,GOLD,088691,CMX ,NYC,088 ,GOLD,447488,15962,55848,56738,282783,10718,172560,20261,17978,112006,27003,11719,397681,426310,49807,21178,447488,15962,55848,56738,282783,10718,172560,20261,17978,112006,27003,11719,397681,426310,49807,21178,0,0,0,0,0,0,0,0,0,0,0,0,0,0,0,0,-37942,-2580,-3338,-12410,-6671,-10773,-1884,-5355,-6939,-287,2467,-1348,-36221,-31957,-1721,-5985,100.0,3.6,12.5,12.7,63.2,2.4,38.6,4.5,4.0,25.0,6.0,2.6,88.9,95.3,11.1,4.7,100.0,3.6,12.5,12.7,63.2,2.4,38.6,4.5,4.0,25.0,6.0,2.6,88.9,95.3,11.1,4.7,100.0,0.0,0.0,0.0,0.0,0.0,0.0,0.0,0.0,0.0,0.0,0.0,0.0,0.0,0.0,0.0,311,14,24,24,88,32,30,255,163,311,14,24,24,88,32,30,255,163,0,0,0,0,0,0,0,0,0,0,0,0,0,0,17.1,42.5,26.3,58.7,17.0,40.4,25.8,56.2,17.1,42.5,26.3,58.7,17.0,40.4,25.8,56.2,0.0,0.0,0.0,0.0,0.0,0.0,0.0,0.0,(CONTRACTS OF 100 TROY OUNCES),N20,GOLD,PRECIOUS METALS,NATURAL RESOURCES,FutOnly,9,20,95,31,48,9,20,95,31,48
240528088695F,MICRO GOLD - COMMODITY EXCHANGE INC.,2024-05-28T00:00:00.000,2024 Report Week 22,MICRO GOLD,088695,CMX ,NYC,088 ,GOLD,40454,0,0,0,0,0,1402,0,0,13787,13941,8013,23202,21954,17252,18500,40454,0,0,0,0,0,1402,0,0,13787,13941,8013,23202,21954,17252,18500,0,0,0,0,0,0,0,0,0,0,0,0,0,0,0,0,-952,0,0,0,0,0,-1807,0,0,-241,988,523,-1525,1511,573,-2463,100.0,0.0,0.0,0.0,0.0,0.0,3.5,0.0,0.0,34.1,34.5,19.8,57.4,54.3,42.6,45.7,100.0,0.0,0.0,0.0,0.0,0.0,3.5,0.0,0.0,34.1,34.5,19.8,57.4,54.3,42.6,45.7,100.0,0.0,0.0,0.0,0.0,0.0,0.0,0.0,0.0,0.0,0.0,0.0,0.0,0.0,0.0,0.0,20,0,0,0,10,8,9,17,12,20,0,0,0,10,8,9,17,12,0,0,0,0,0,0,0,0,0,0,0,0,0,0,28.9,45.0,48.6,51.6,22.8,31.4,34.5,34.5,28.9,45.0,48.6,51.6,22.8,31.4,34.5,34.5,0.0,0.0,0.0,0.0,0.0,0.0,0.0,0.0,(CONTRACTS OF 10 TROY OUNCES),N20,GOLD,PRECIOUS METALS,NATURAL RESOURCES,FutOnly,0,0,,0,0,0,0,,0,0
240528088691F,GOLD - COMMODITY EXCHANGE INC.,2024-05-28T00:00:00.000,2024 Report Week 22,GOLD,088691,CMX ,NYC,088 ,GOLD,485430,18542,59186,69148,289454,21491,174444,25616,24917,112293,24536,13067,433902,458267,51528,27163,485430,18542,59186,69148,289454,21491,174444,25616,24917,112293,24536,13067,433902,458267,51528,27163,0,0,0,0,0,0,0,0,0,0,0,0,0,0,0,0,-45161,-1948,1726,-7023,-8410,-362,-16161,-16466,-10393,2169,-4305,-7707,-41425,-45917,-3736,756,100.0,3.8,12.2,14.2,59.6,4.4,35.9,5.3,5.1,23.1,5.1,2.7,89.4,94.4,10.6,5.6,100.0,3.8,12.2,14.2,59.6,4.4,35.9,5.3,5.1,23.1,5.1,2.7,89.4,94.4,10.6,5.6,100.0,0.0,0.0,0.0,0.0,0.0,0.0,0.0,0.0,0.0,0.0,0.0,0.0,0.0,0.0,0.0,316,17,27,25,87,37,36,261,167,316,17,27,25,87,37,36,261,167,0,0,0,0,0,0,0,0,0,0,0,0,0,0,16.0,37.5,25.5,53.6,15.5,35.0,24.3,50.6,16.0,37.5,25.5,53.6,15.5,35.0,24.3,50.6,0.0,0.0,0.0,0.0,0.0,0.0,0.0,0.0,(CONTRACTS OF 100 TROY OUNCES),N20,GOLD,PRECIOUS METALS,NATURAL RESOURCES,FutOnly,9,17,100,26,45,9,17,100,26,45
240521088691F,GOLD - COMMODITY EXCHANGE INC.,2024-05-21T00:00:00.000,2024 Report Week 21,GOLD,088691,CMX ,NYC,088 ,GOLD,530591,20490,57460,76171,297864,21853,190605,42082,35310,110124,28841,20774,475327,504184,55264,26407,530591,20490,57460,76171,297864,21853,190605,42082,35310,110124,28841,20774,475327,504184,55264,26407,0,0,0,0,0,0,0,0,0,0,0,0,0,0,0,0,7639,-14956,-7545,961,20103,-1074,18737,649,-1047,4350,-2872,-1963,5008,6251,2631,1388,100.0,3.9,10.8,14.4,56.1,4.1,35.9,7.9,6.7,20.8,5.4,3.9,89.6,95.0,10.4,5.0,100.0,3.9,10.8,14.4,56.1,4.1,35.9,7.9,6.7,20.8,5.4,3.9,89.6,95.0,10.4,5.0,100.0,0.0,0.0,0.0,0.0,0.0,0.0,0.0,0.0,0.0,0.0,0.0,0.0,0.0,0.0,0.0,333,18,27,30,90,39,40,283,174,333,18,27,30,90,39,40,283,174,0,0,0,0,0,0,0,0,0,0,0,0,0,0,14.9,34.9,23.7,49.7,14.4,32.7,22.2,47.4,14.9,34.9,23.7,49.7,14.4,32.7,22.2,47.4,0.0,0.0,0.0,0.0,0.0,0.0,0.0,0.0,(CONTRACTS OF 100 TROY OUNCES),N20,GOLD,PRECIOUS METALS,NATURAL RESOURCES,FutOnly,10,20,103,25,49,10,20,103,25,49
240521088695F,MICRO GOLD - COMMODITY EXCHANGE INC.,2024-05-21T00:00:00.000,2024 Report Week 21,MICRO GOLD,088695,CMX ,NYC,088 ,GOLD,41406,0,0,0,0,0,3209,0,0,14028,12953,7490,24727,20443,16679,20963,41406,0,0,0,0,0,3209,0,0,14028,12953,7490,24727,20443,16679,20963,0,0,0,0,0,0,0,0,0,0,0,0,0,0,0,0,808,0,0,0,0,0,95,-352,-57,442,694,0,480,285,328,523,100.0,0.0,0.0,0.0,0.0,0.0,7.8,0.0,0.0,33.9,31.3,18.1,59.7,49.4,40.3,50.6,100.0,0.0,0.0,0.0,0.0,0.0,7.8,0.0,0.0,33.9,31.3,18.1,59.7,49.4,40.3,50.6,100.0,0.0,0.0,0.0,0.0,0.0,0.0,0.0,0.0,0.0,0.0,0.0,0.0,0.0,0.0,0.0,22,0,0,0,9,8,9,19,12,22,0,0,0,9,8,9,19,12,0,0,0,0,0,0,0,0,0,0,0,0,0,0,32.9,39.6,50.1,47.6,23.3,28.3,35.9,31.3,32.9,39.6,50.1,47.6,23.3,28.3,35.9,31.3,0.0,0.0,0.0,0.0,0.0,0.0,0.0,0.0,(CONTRACTS OF 10 TROY OUNCES),N20,GOLD,PRECIOUS METALS,NATURAL RESOURCES,FutOnly,0,0,5,0,0,0,0,5,0,0
240514088695F,MICRO GOLD - COMMODITY EXCHANGE INC.,2024-05-14T00:00:00.000,2024 Report Week 20,MICRO GOLD,088695,CMX ,NYC,088 ,GOLD,40598,0,0,0,0,0,3114,352,57,13586,12259,7490,24247,20158,16351,20440,40598,0,0,0,0,0,3114,352,57,13586,12259,7490,24247,20158,16351,20440,0,0,0,0,0,0,0,0,0,0,0,0,0,0,0,0,,,,,,,,,,,,,,,,,100.0,0.0,0.0,0.0,0.0,0.0,7.7,0.9,0.1,33.5,30.2,18.4,59.7,49.7,40.3,50.3,100.0,0.0,0.0,0.0,0.0,0.0,7.7,0.9,0.1,33.5,30.2,18.4,59.7,49.7,40.3,50.3,100.0,0.0,0.0,0.0,0.0,0.0,0.0,0.0,0.0,0.0,0.0,0.0,0.0,0.0,0.0,0.0,21,0,0,0,9,8,8,17,13,21,0,0,0,9,8,8,17,13,0,0,0,0,0,0,0,0,0,0,0,0,0,0,35.7,39.9,53.2,47.1,23.4,27.1,37.9,30.4,35.7,39.9,53.2,47.1,23.4,27.1,37.9,30.4,0.0,0.0,0.0,0.0,0.0,0.0,0.0,0.0,(CONTRACTS OF 10 TROY OUNCES),N20,GOLD,PRECIOUS METALS,NATURAL RESOURCES,FutOnly,0,0,,,,0,0,,,
240514088691F,GOLD - COMMODITY EXCHANGE INC.,2024-05-14T00:00:00.000,2024 Report Week 20,GOLD,088691,CMX ,NYC,088 ,GOLD,522952,35446,65005,75210,277761,22927,171868,41433,36357,105774,31713,22737,470319,497933,52633,25019,522952,35446,65005,75210,277761,22927,171868,41433,36357,105774,31713,22737,470319,497933,52633,25019,0,0,0,0,0,0,0,0,0,0,0,0,0,0,0,0,-6883,-42,-2653,2079,9534,6647,7088,2752,-20442,-1590,-2183,1445,-4815,-4900,-2068,-1983,100.0,6.8,12.4,14.4,53.1,4.4,32.9,7.9,7.0,20.2,6.1,4.3,89.9,95.2,10.1,4.8,100.0,6.8,12.4,14.4,53.1,4.4,32.9,7.9,7.0,20.2,6.1,4.3,89.9,95.2,10.1,4.8,100.0,0.0,0.0,0.0,0.0,0.0,0.0,0.0,0.0,0.0,0.0,0.0,0.0,0.0,0.0,0.0,338,16,28,25,94,42,38,279,180,338,16,28,25,94,42,38,279,180,0,0,0,0,0,0,0,0,0,0,0,0,0,0,16.5,36.4,26.8,50.5,14.3,31.2,22.0,45.1,16.5,36.4,26.8,50.5,14.3,31.2,22.0,45.1,0.0,0.0,0.0,0.0,0.0,0.0,0.0,0.0,(CONTRACTS OF 100 TROY OUNCES),N20,GOLD,PRECIOUS METALS,NATURAL RESOURCES,FutOnly,13,19,100,29,50,13,19,100,29,50
240507088691F,GOLD - COMMODITY EXCHANGE INC.,2024-05-07T00:00:00.000,2024 Report Week 19,GOLD,088691,CMX ,NYC,088 ,GOLD,529835,35488,67658,73131,268227,16280,164780,38681,56799,107364,33896,21292,475134,502833,54701,27002,529835,35488,67658,73131,268227,16280,164780,38681,56799,107364,33896,21292,475134,502833,54701,27002,0,0,0,0,0,0,0,0,0,0,0,0,0,0,0,0,10044,-2429,-986,46,-1629,357,-7073,1855,8154,367,-3918,6195,5617,10028,4427,16,100.0,6.7,12.8,13.8,50.6,3.1,31.1,7.3,10.7,20.3,6.4,4.0,89.7,94.9,10.3,5.1,100.0,6.7,12.8,13.8,50.6,3.1,31.1,7.3,10.7,20.3,6.4,4.0,89.7,94.9,10.3,5.1,100.0,0.0,0.0,0.0,0.0,0.0,0.0,0.0,0.0,0.0,0.0,0.0,0.0,0.0,0.0,0.0,327,17,27,25,86,45,37,261,176,327,17,27,25,86,45,37,261,176,0,0,0,0,0,0,0,0,0,0,0,0,0,0,19.0,36.4,29.2,52.7,13.8,30.4,21.3,43.9,19.0,36.4,29.2,52.7,13.8,30.4,21.3,43.9,0.0,0.0,0.0,0.0,0.0,0.0,0.0,0.0,(CONTRACTS OF 100 TROY OUNCES),N20,GOLD,PRECIOUS METALS,NATURAL RESOURCES,FutOnly,8,18,97,28,45,8,18,97,28,45
240430088695F,MICRO GOLD - COMMODITY EXCHANGE INC.,2024-04-30T00:00:00.000,2024 Report Week 18,MICRO GOLD,088695,CMX ,NYC,088 ,GOLD,37555,0,0,0,0,0,3594,0,5,10242,13754,4189,18030,17948,19525,19607,37555,0,0,0,0,0,3594,0,5,10242,13754,4189,18030,17948,19525,19607,0,0,0,0,0,0,0,0,0,0,0,0,0,0,0,0,,,,,,,,,,,,,,,,,100.0,0.0,0.0,0.0,0.0,0.0,9.6,0.0,0.0,27.3,36.6,11.2,48.0,47.8,52.0,52.2,100.0,0.0,0.0,0.0,0.0,0.0,9.6,0.0,0.0,27.3,36.6,11.2,48.0,47.8,52.0,52.2,100.0,0.0,0.0,0.0,0.0,0.0,0.0,0.0,0.0,0.0,0.0,0.0,0.0,0.0,0.0,0.0,21,0,0,0,9,8,5,15,12,21,0,0,0,9,8,5,15,12,0,0,0,0,0,0,0,0,0,0,0,0,0,0,29.6,38.4,41.8,46.6,22.0,31.8,32.5,36.6,29.6,38.4,41.8,46.6,22.0,31.8,32.5,36.6,0.0,0.0,0.0,0.0,0.0,0.0,0.0,0.0,(CONTRACTS OF 10 TROY OUNCES),N20,GOLD,PRECIOUS METALS,NATURAL RESOURCES,FutOnly,0,0,4,0,,0,0,4,0,
240430088691F,GOLD - COMMODITY EXCHANGE INC.,2024-04-30T00:00:00.000,2024 Report Week 18,GOLD,088691,CMX ,NYC,088 ,GOLD,519791,37917,68644,73085,269856,15923,171853,36826,48645,106997,37814,15097,469517,492805,50274,26986,519791,37917,68644,73085,269856,15923,171853,36826,48645,106997,37814,15097,469517,492805,50274,26986,0,0,0,0,0,0,0,0,0,0,0,0,0,0,0,0,3542,0,-1866,-2788,-296,630,-4547,2565,4630,3862,-4569,395,2182,1489,1360,2053,100.0,7.3,13.2,14.1,51.9,3.1,33.1,7.1,9.4,20.6,7.3,2.9,90.3,94.8,9.7,5.2,100.0,7.3,13.2,14.1,51.9,3.1,33.1,7.1,9.4,20.6,7.3,2.9,90.3,94.8,9.7,5.2,100.0,0.0,0.0,0.0,0.0,0.0,0.0,0.0,0.0,0.0,0.0,0.0,0.0,0.0,0.0,0.0,326,16,28,27,92,41,40,261,184,326,16,28,27,92,41,40,261,184,0,0,0,0,0,0,0,0,0,0,0,0,0,0,18.3,36.0,28.6,51.8,14.2,30.1,22.0,44.2,18.3,36.0,28.6,51.8,14.2,30.1,22.0,44.2,0.0,0.0,0.0,0.0,0.0,0.0,0.0,0.0,(CONTRACTS OF 100 TROY OUNCES),N20,GOLD,PRECIOUS METALS,NATURAL RESOURCES,FutOnly,7,20,97,25,49,7,20,97,25,49
240423088691F,GOLD - COMMODITY EXCHANGE INC.,2024-04-23T00:00:00.000,2024 Report Week 17,GOLD,088691,CMX ,NYC,088 ,GOLD,516249,37917,70510,75873,270152,15293,176400,34261,44015,103135,42383,14702,467335,491316,48914,24933,516249,37917,70510,75873,270152,15293,176400,34261,44015,103135,42383,14702,467335,491316,48914,24933,0,0,0,0,0,0,0,0,0,0,0,0,0,0,0,0,-944,120,-1190,-2139,3285,-1582,6490,-913,6950,-5732,703,-3720,387,3533,-1331,-4477,100.0,7.3,13.7,14.7,52.3,3.0,34.2,6.6,8.5,20.0,8.2,2.8,90.5,95.2,9.5,4.8,100.0,7.3,13.7,14.7,52.3,3.0,34.2,6.6,8.5,20.0,8.2,2.8,90.5,95.2,9.5,4.8,100.0,0.0,0.0,0.0,0.0,0.0,0.0,0.0,0.0,0.0,0.0,0.0,0.0,0.0,0.0,0.0,334,18,28,26,83,49,37,260,187,334,18,28,26,83,49,37,260,187,0,0,0,0,0,0,0,0,0,0,0,0,0,0,18.3,36.6,28.4,52.4,13.7,30.7,21.8,45.0,18.3,36.6,28.4,52.4,13.7,30.7,21.8,45.0,0.0,0.0,0.0,0.0,0.0,0.0,0.0,0.0,(CONTRACTS OF 100 TROY OUNCES),N20,GOLD,PRECIOUS METALS,NATURAL RESOURCES,FutOnly,8,22,105,19,47,8,22,105,19,47
240416088695F,MICRO GOLD - COMMODITY EXCHANGE INC.,2024-04-16T00:00:00.000,2024 Report Week 16,MICRO GOLD,088695,CMX ,NYC,088 ,GOLD,39775,0,0,0,0,0,3376,0,0,15570,9275,5231,24177,14506,15598,25269,39775,0,0,0,0,0,3376,0,0,15570,9275,5231,24177,14506,15598,25269,0,0,0,0,0,0,0,0,0,0,0,0,0,0,0,0,-330,0,0,0,0,0,-3377,0,0,1367,-212,916,-1094,704,764,-1034,100.0,0.0,0.0,0.0,0.0,0.0,8.5,0.0,0.0,39.1,23.3,13.2,60.8,36.5,39.2,63.5,100.0,0.0,0.0,0.0,0.0,0.0,8.5,0.0,0.0,39.1,23.3,13.2,60.8,36.5,39.2,63.5,100.0,0.0,0.0,0.0,0.0,0.0,0.0,0.0,0.0,0.0,0.0,0.0,0.0,0.0,0.0,0.0,24,0,0,0,11,9,5,17,12,24,0,0,0,11,9,5,17,12,0,0,0,0,0,0,0,0,0,0,0,0,0,0,40.9,28.9,54.5,34.5,31.1,20.4,41.8,22.8,40.9,28.9,54.5,34.5,31.1,20.4,41.8,22.8,0.0,0.0,0.0,0.0,0.0,0.0,0.0,0.0,(CONTRACTS OF 10 TROY OUNCES),N20,GOLD,PRECIOUS METALS,NATURAL RESOURCES,FutOnly,0,0,4,0,0,0,0,4,0,0
240416088691F,GOLD - COMMODITY EXCHANGE INC.,2024-04-16T00:00:00.000,2024 Report Week 16,GOLD,088691,CMX ,NYC,088 ,GOLD,517193,37797,71700,78012,266867,16875,169910,35174,37065,108867,41680,18422,466948,487783,50245,29410,517193,37797,71700,78012,266867,16875,169910,35174,37065,108867,41680,18422,466948,487783,50245,29410,0,0,0,0,0,0,0,0,0,0,0,0,0,0,0,0,11979,3606,-4517,-1216,5083,2200,-4707,2289,7476,3685,-2815,2249,13293,11965,-1314,14,100.0,7.3,13.9,15.1,51.6,3.3,32.9,6.8,7.2,21.0,8.1,3.6,90.3,94.3,9.7,5.7,100.0,7.3,13.9,15.1,51.6,3.3,32.9,6.8,7.2,21.0,8.1,3.6,90.3,94.3,9.7,5.7,100.0,0.0,0.0,0.0,0.0,0.0,0.0,0.0,0.0,0.0,0.0,0.0,0.0,0.0,0.0,0.0,340,19,29,29,86,50,34,268,186,340,19,29,29,86,50,34,268,186,0,0,0,0,0,0,0,0,0,0,0,0,0,0,17.0,36.0,27.0,51.1,13.5,30.2,21.3,44.6,17.0,36.0,27.0,51.1,13.5,30.2,21.3,44.6,0.0,0.0,0.0,0.0,0.0,0.0,0.0,0.0,(CONTRACTS OF 100 TROY OUNCES),N20,GOLD,PRECIOUS METALS,NATURAL RESOURCES,FutOnly,10,22,100,27,46,10,22,100,27,46
240409088691F,GOLD - COMMODITY EXCHANGE INC.,2024-04-09T00:00:00.000,2024 Report Week 15,GOLD,088691,CMX ,NYC,088 ,GOLD,505214,34191,76217,79228,261784,14675,174617,32885,29589,105182,44495,16173,453655,475818,51559,29396,505214,34191,76217,79228,261784,14675,174617,32885,29589,105182,44495,16173,453655,475818,51559,29396,0,0,0,0,0,0,0,0,0,0,0,0,0,0,0,0,5169,1956,-905,-989,740,13,1544,6892,-564,-3144,-3661,3725,2541,6240,2628,-1071,100.0,6.8,15.1,15.7,51.8,2.9,34.6,6.5,5.9,20.8,8.8,3.2,89.8,94.2,10.2,5.8,100.0,6.8,15.1,15.7,51.8,2.9,34.6,6.5,5.9,20.8,8.8,3.2,89.8,94.2,10.2,5.8,100.0,0.0,0.0,0.0,0.0,0.0,0.0,0.0,0.0,0.0,0.0,0.0,0.0,0.0,0.0,0.0,335,20,29,28,81,50,36,258,191,335,20,29,28,81,50,36,258,191,0,0,0,0,0,0,0,0,0,0,0,0,0,0,16.7,36.0,27.0,51.5,13.6,30.6,22.5,45.5,16.7,36.0,27.0,51.5,13.6,30.6,22.5,45.5,0.0,0.0,0.0,0.0,0.0,0.0,0.0,0.0,(CONTRACTS OF 100 TROY OUNCES),N20,GOLD,PRECIOUS METALS,NATURAL RESOURCES,FutOnly,10,21,96,30,45,10,21,96,30,45
240409088695F,MICRO GOLD - COMMODITY EXCHANGE INC.,2024-04-09T00:00:00.000,2024 Report Week 15,MICRO GOLD,088695,CMX ,NYC,088 ,GOLD,40105,0,0,0,0,0,6753,0,0,14203,9487,4315,25271,13802,14834,26303,40105,0,0,0,0,0,6753,0,0,14203,9487,4315,25271,13802,14834,26303,0,0,0,0,0,0,0,0,0,0,0,0,0,0,0,0,3993,0,0,0,0,0,786,0,0,117,386,1929,2832,2315,1161,1678,100.0,0.0,0.0,0.0,0.0,0.0,16.8,0.0,0.0,35.4,23.7,10.8,63.0,34.4,37.0,65.6,100.0,0.0,0.0,0.0,0.0,0.0,16.8,0.0,0.0,35.4,23.7,10.8,63.0,34.4,37.0,65.6,100.0,0.0,0.0,0.0,0.0,0.0,0.0,0.0,0.0,0.0,0.0,0.0,0.0,0.0,0.0,0.0,24,0,0,0,10,9,6,16,14,24,0,0,0,10,9,6,16,14,0,0,0,0,0,0,0,0,0,0,0,0,0,0,37.9,23.1,54.1,31.1,31.5,20.7,44.2,23.1,37.9,23.1,54.1,31.1,31.5,20.7,44.2,23.1,0.0,0.0,0.0,0.0,0.0,0.0,0.0,0.0,(CONTRACTS OF 10 TROY OUNCES),N20,GOLD,PRECIOUS METALS,NATURAL RESOURCES,FutOnly,0,0,5,0,0,0,0,5,0,0
240402088691F,GOLD - COMMODITY EXCHANGE INC.,2024-04-02T00:00:00.000,2024 Report Week 14,GOLD,088691,CMX ,NYC,088 ,GOLD,500045,32235,77122,80217,261044,14662,173073,25993,30153,108326,48156,12448,451114,469578,48931,30467,500045,32235,77122,80217,261044,14662,173073,25993,30153,108326,48156,12448,451114,469578,48931,30467,0,0,0,0,0,0,0,0,0,0,0,0,0,0,0,0,-3597,-530,-3148,-204,9788,-13926,10067,-1218,-2987,5685,9014,-2629,-4524,-5106,927,1509,100.0,6.4,15.4,16.0,52.2,2.9,34.6,5.2,6.0,21.7,9.6,2.5,90.2,93.9,9.8,6.1,100.0,6.4,15.4,16.0,52.2,2.9,34.6,5.2,6.0,21.7,9.6,2.5,90.2,93.9,9.8,6.1,100.0,0.0,0.0,0.0,0.0,0.0,0.0,0.0,0.0,0.0,0.0,0.0,0.0,0.0,0.0,0.0,348,21,28,27,83,56,34,271,188,348,21,28,27,83,56,34,271,188,0,0,0,0,0,0,0,0,0,0,0,0,0,0,15.9,35.9,26.6,51.8,13.2,30.6,22.4,45.5,15.9,35.9,26.6,51.8,13.2,30.6,22.4,45.5,0.0,0.0,0.0,0.0,0.0,0.0,0.0,0.0,(CONTRACTS OF 100 TROY OUNCES),N20,GOLD,PRECIOUS METALS,NATURAL RESOURCES,FutOnly,9,20,105,28,45,9,20,105,28,45
240402088695F,MICRO GOLD - COMMODITY EXCHANGE INC.,2024-04-02T00:00:00.000,2024 Report Week 14,MICRO GOLD,088695,CMX ,NYC,088 ,GOLD,36112,0,0,0,0,0,5967,0,0,14086,9101,2386,22439,11487,13673,24625,36112,0,0,0,0,0,5967,0,0,14086,9101,2386,22439,11487,13673,24625,0,0,0,0,0,0,0,0,0,0,0,0,0,0,0,0,,,,,,,,,,,,,,,,,100.0,0.0,0.0,0.0,0.0,0.0,16.5,0.0,0.0,39.0,25.2,6.6,62.1,31.8,37.9,68.2,100.0,0.0,0.0,0.0,0.0,0.0,16.5,0.0,0.0,39.0,25.2,6.6,62.1,31.8,37.9,68.2,100.0,0.0,0.0,0.0,0.0,0.0,0.0,0.0,0.0,0.0,0.0,0.0,0.0,0.0,0.0,0.0,26,0,0,0,11,10,5,17,14,26,0,0,0,11,10,5,17,14,0,0,0,0,0,0,0,0,0,0,0,0,0,0,30.1,25.7,47.9,29.1,29.7,21.4,44.3,24.1,30.1,25.7,47.9,29.1,29.7,21.4,44.3,24.1,0.0,0.0,0.0,0.0,0.0,0.0,0.0,0.0,(CONTRACTS OF 10 TROY OUNCES),N20,GOLD,PRECIOUS METALS,NATURAL RESOURCES,FutOnly,0,0,5,0,0,0,0,5,0,0
240326088691F,GOLD - COMMODITY EXCHANGE INC.,2024-03-26T00:00:00.000,2024 Report Week 13,GOLD,088691,CMX ,NYC,088 ,GOLD,503642,32765,80270,80421,251256,28588,163006,27211,33140,102641,39142,15077,455638,474684,48004,28958,503642,32765,80270,80421,251256,28588,163006,27211,33140,102641,39142,15077,455638,474684,48004,28958,0,0,0,0,0,0,0,0,0,0,0,0,0,0,0,0,-31405,629,-1076,3354,5869,-311,-9582,-2481,-16661,-3503,-8296,-4204,-30278,-27160,-1127,-4245,100.0,6.5,15.9,16.0,49.9,5.7,32.4,5.4,6.6,20.4,7.8,3.0,90.5,94.3,9.5,5.7,100.0,6.5,15.9,16.0,49.9,5.7,32.4,5.4,6.6,20.4,7.8,3.0,90.5,94.3,9.5,5.7,100.0,0.0,0.0,0.0,0.0,0.0,0.0,0.0,0.0,0.0,0.0,0.0,0.0,0.0,0.0,0.0,332,21,28,30,85,40,33,270,179,332,21,28,30,85,40,33,270,179,0,0,0,0,0,0,0,0,0,0,0,0,0,0,14.9,36.8,25.6,52.8,12.6,31.4,21.4,45.1,14.9,36.8,25.6,52.8,12.6,31.4,21.4,45.1,0.0,0.0,0.0,0.0,0.0,0.0,0.0,0.0,(CONTRACTS OF 100 TROY OUNCES),N20,GOLD,PRECIOUS METALS,NATURAL RESOURCES,FutOnly,11,22,101,29,47,11,22,101,29,47
240319088695F,MICRO GOLD - COMMODITY EXCHANGE INC.,2024-03-19T00:00:00.000,2024 Report Week 12,MICRO GOLD,088695,CMX ,NYC,088 ,GOLD,39169,0,0,0,0,0,4201,0,0,8899,8647,12043,25143,20690,14026,18479,39169,0,0,0,0,0,4201,0,0,8899,8647,12043,25143,20690,14026,18479,0,0,0,0,0,0,0,0,0,0,0,0,0,0,0,0,1283,0,0,0,0,0,315,0,0,708,1182,-80,943,1102,340,181,100.0,0.0,0.0,0.0,0.0,0.0,10.7,0.0,0.0,22.7,22.1,30.7,64.2,52.8,35.8,47.2,100.0,0.0,0.0,0.0,0.0,0.0,10.7,0.0,0.0,22.7,22.1,30.7,64.2,52.8,35.8,47.2,100.0,0.0,0.0,0.0,0.0,0.0,0.0,0.0,0.0,0.0,0.0,0.0,0.0,0.0,0.0,0.0,23,0,0,0,9,10,7,16,14,23,0,0,0,9,10,7,16,14,0,0,0,0,0,0,0,0,0,0,0,0,0,0,31.5,37.2,47.6,47.9,19.0,18.1,29.3,21.4,31.5,37.2,47.6,47.9,19.0,18.1,29.3,21.4,0.0,0.0,0.0,0.0,0.0,0.0,0.0,0.0,(CONTRACTS OF 10 TROY OUNCES),N20,GOLD,PRECIOUS METALS,NATURAL RESOURCES,FutOnly,0,0,4,0,0,0,0,4,0,0
240319088691F,GOLD - COMMODITY EXCHANGE INC.,2024-03-19T00:00:00.000,2024 Report Week 12,GOLD,088691,CMX ,NYC,088 ,GOLD,535047,32136,81346,77067,245387,28899,172588,29692,49801,106144,47438,19281,485916,501844,49131,33203,535047,32136,81346,77067,245387,28899,172588,29692,49801,106144,47438,19281,485916,501844,49131,33203,0,0,0,0,0,0,0,0,0,0,0,0,0,0,0,0,18990,1665,2435,1991,478,5014,-1406,-3219,10801,-2924,-1111,2710,17851,17108,1139,1882,100.0,6.0,15.2,14.4,45.9,5.4,32.3,5.5,9.3,19.8,8.9,3.6,90.8,93.8,9.2,6.2,100.0,6.0,15.2,14.4,45.9,5.4,32.3,5.5,9.3,19.8,8.9,3.6,90.8,93.8,9.2,6.2,100.0,0.0,0.0,0.0,0.0,0.0,0.0,0.0,0.0,0.0,0.0,0.0,0.0,0.0,0.0,0.0,340,20,29,27,81,54,38,265,201,340,20,29,27,81,54,38,265,201,0,0,0,0,0,0,0,0,0,0,0,0,0,0,14.3,33.6,24.9,47.4,12.2,28.5,20.4,40.7,14.3,33.6,24.9,47.4,12.2,28.5,20.4,40.7,0.0,0.0,0.0,0.0,0.0,0.0,0.0,0.0,(CONTRACTS OF 100 TROY OUNCES),N20,GOLD,PRECIOUS METALS,NATURAL RESOURCES,FutOnly,12,21,95,34,52,12,21,95,34,52
240312088695F,MICRO GOLD - COMMODITY EXCHANGE INC.,2024-03-12T00:00:00.000,2024 Report Week 11,MICRO GOLD,088695,CMX ,NYC,088 ,GOLD,37886,0,0,0,0,0,3886,0,0,8191,7465,12123,24200,19588,13686,18298,37886,0,0,0,0,0,3886,0,0,8191,7465,12123,24200,19588,13686,18298,0,0,0,0,0,0,0,0,0,0,0,0,0,0,0,0,7900,0,0,0,0,0,1122,0,0,365,1252,6400,7887,7652,13,248,100.0,0.0,0.0,0.0,0.0,0.0,10.3,0.0,0.0,21.6,19.7,32.0,63.9,51.7,36.1,48.3,100.0,0.0,0.0,0.0,0.0,0.0,10.3,0.0,0.0,21.6,19.7,32.0,63.9,51.7,36.1,48.3,100.0,0.0,0.0,0.0,0.0,0.0,0.0,0.0,0.0,0.0,0.0,0.0,0.0,0.0,0.0,0.0,27,0,0,0,9,13,7,17,17,27,0,0,0,9,13,7,17,17,0,0,0,0,0,0,0,0,0,0,0,0,0,0,33.3,33.3,49.8,44.3,19.8,13.8,28.3,17.2,33.3,33.3,49.8,44.3,19.8,13.8,28.3,17.2,0.0,0.0,0.0,0.0,0.0,0.0,0.0,0.0,(CONTRACTS OF 10 TROY OUNCES),N20,GOLD,PRECIOUS METALS,NATURAL RESOURCES,FutOnly,0,0,5,0,0,0,0,5,0,0
240312088691F,GOLD - COMMODITY EXCHANGE INC.,2024-03-12T00:00:00.000,2024 Report Week 11,GOLD,088691,CMX ,NYC,088 ,GOLD,516057,30471,78911,75076,244909,23885,173994,32911,39000,109068,48549,16571,468065,484736,47992,31321,516057,30471,78911,75076,244909,23885,173994,32911,39000,109068,48549,16571,468065,484736,47992,31321,0,0,0,0,0,0,0,0,0,0,0,0,0,0,0,0,44441,18821,18374,-1933,9995,8521,28888,-2432,496,-9974,11037,-3588,41231,42403,3210,2038,100.0,5.9,15.3,14.5,47.5,4.6,33.7,6.4,7.6,21.1,9.4,3.2,90.7,93.9,9.3,6.1,100.0,5.9,15.3,14.5,47.5,4.6,33.7,6.4,7.6,21.1,9.4,3.2,90.7,93.9,9.3,6.1,100.0,0.0,0.0,0.0,0.0,0.0,0.0,0.0,0.0,0.0,0.0,0.0,0.0,0.0,0.0,0.0,342,19,29,27,85,51,33,262,195,342,19,29,27,85,51,33,262,195,0,0,0,0,0,0,0,0,0,0,0,0,0,0,14.4,33.5,24.1,48.0,12.3,28.2,20.8,41.0,14.4,33.5,24.1,48.0,12.3,28.2,20.8,41.0,0.0,0.0,0.0,0.0,0.0,0.0,0.0,0.0,(CONTRACTS OF 100 TROY OUNCES),N20,GOLD,PRECIOUS METALS,NATURAL RESOURCES,FutOnly,8,18,99,34,51,8,18,99,34,51
240305088691F,GOLD - COMMODITY EXCHANGE INC.,2024-03-05T00:00:00.000,2024 Report Week 10,GOLD,088691,CMX ,NYC,088 ,GOLD,471616,11650,60537,77009,234914,15364,145106,35343,38504,119042,37512,20159,426834,442333,44782,29283,471616,11650,60537,77009,234914,15364,145106,35343,38504,119042,37512,20159,426834,442333,44782,29283,0,0,0,0,0,0,0,0,0,0,0,0,0,0,0,0,60421,272,9487,-1734,37491,-2947,41221,-12389,2227,7979,11932,7564,54582,53365,5839,7056,100.0,2.5,12.8,16.3,49.8,3.3,30.8,7.5,8.2,25.2,8.0,4.3,90.5,93.8,9.5,6.2,100.0,2.5,12.8,16.3,49.8,3.3,30.8,7.5,8.2,25.2,8.0,4.3,90.5,93.8,9.5,6.2,100.0,0.0,0.0,0.0,0.0,0.0,0.0,0.0,0.0,0.0,0.0,0.0,0.0,0.0,0.0,0.0,342,19,30,24,86,49,38,274,188,342,19,30,24,86,49,38,274,188,0,0,0,0,0,0,0,0,0,0,0,0,0,0,12.9,29.5,22.5,45.5,12.9,28.0,21.9,42.8,12.9,29.5,22.5,45.5,12.9,28.0,21.9,42.8,0.0,0.0,0.0,0.0,0.0,0.0,0.0,0.0,(CONTRACTS OF 100 TROY OUNCES),N20,GOLD,PRECIOUS METALS,NATURAL RESOURCES,FutOnly,9,20,96,38,51,9,20,96,38,51
240305088695F,MICRO GOLD - COMMODITY EXCHANGE INC.,2024-03-05T00:00:00.000,2024 Report Week 10,MICRO GOLD,088695,CMX ,NYC,088 ,GOLD,29986,0,0,0,0,0,2764,0,0,7826,6213,5723,16313,11936,13673,18050,29986,0,0,0,0,0,2764,0,0,7826,6213,5723,16313,11936,13673,18050,0,0,0,0,0,0,0,0,0,0,0,0,0,0,0,0,,,,,,,,,,,,,,,,,100.0,0.0,0.0,0.0,0.0,0.0,9.2,0.0,0.0,26.1,20.7,19.1,54.4,39.8,45.6,60.2,100.0,0.0,0.0,0.0,0.0,0.0,9.2,0.0,0.0,26.1,20.7,19.1,54.4,39.8,45.6,60.2,100.0,0.0,0.0,0.0,0.0,0.0,0.0,0.0,0.0,0.0,0.0,0.0,0.0,0.0,0.0,0.0,21,0,0,0,7,11,6,13,14,21,0,0,0,7,11,6,13,14,0,0,0,0,0,0,0,0,0,0,0,0,0,0,33.1,25.4,47.6,34.1,24.5,14.9,34.4,19.2,33.1,25.4,47.6,34.1,24.5,14.9,34.4,19.2,0.0,0.0,0.0,0.0,0.0,0.0,0.0,0.0,(CONTRACTS OF 10 TROY OUNCES),N20,GOLD,PRECIOUS METALS,NATURAL RESOURCES,FutOnly,0,0,,0,0,0,0,,0,0
240227088691F,GOLD - COMMODITY EXCHANGE INC.,2024-02-27T00:00:00.000,2024 Report Week 09,GOLD,088691,CMX ,NYC,088 ,GOLD,411195,11378,51050,78743,197423,18311,103885,47732,36277,111063,25580,12595,372252,388968,38943,22227,411195,11378,51050,78743,197423,18311,103885,47732,36277,111063,25580,12595,372252,388968,38943,22227,0,0,0,0,0,0,0,0,0,0,0,0,0,0,0,0,4132,764,1985,763,-1517,486,5045,-1185,607,-1131,3725,501,7035,4602,-2903,-470,100.0,2.8,12.4,19.1,48.0,4.5,25.3,11.6,8.8,27.0,6.2,3.1,90.5,94.6,9.5,5.4,100.0,2.8,12.4,19.1,48.0,4.5,25.3,11.6,8.8,27.0,6.2,3.1,90.5,94.6,9.5,5.4,100.0,0.0,0.0,0.0,0.0,0.0,0.0,0.0,0.0,0.0,0.0,0.0,0.0,0.0,0.0,0.0,320,15,25,28,89,32,38,262,186,320,15,25,28,89,32,38,262,186,0,0,0,0,0,0,0,0,0,0,0,0,0,0,14.1,30.0,24.1,47.1,14.0,27.9,23.8,43.8,14.1,30.0,24.1,47.1,14.0,27.9,23.8,43.8,0.0,0.0,0.0,0.0,0.0,0.0,0.0,0.0,(CONTRACTS OF 100 TROY OUNCES),N20,GOLD,PRECIOUS METALS,NATURAL RESOURCES,FutOnly,10,24,81,47,55,10,24,81,47,55
240220088691F,GOLD - COMMODITY EXCHANGE INC.,2024-02-20T00:00:00.000,2024 Report Week 08,GOLD,088691,CMX ,NYC,088 ,GOLD,407063,10614,49065,77980,198940,17825,98840,48917,35670,112194,21855,12094,365217,384366,41846,22697,407063,10614,49065,77980,198940,17825,98840,48917,35670,112194,21855,12094,365217,384366,41846,22697,0,0,0,0,0,0,0,0,0,0,0,0,0,0,0,0,-13749,-5274,934,-874,-651,3038,-1802,-17549,-1028,-4669,1984,-758,-11367,-14030,-2382,281,100.0,2.6,12.1,19.2,48.9,4.4,24.3,12.0,8.8,27.6,5.4,3.0,89.7,94.4,10.3,5.6,100.0,2.6,12.1,19.2,48.9,4.4,24.3,12.0,8.8,27.6,5.4,3.0,89.7,94.4,10.3,5.6,100.0,0.0,0.0,0.0,0.0,0.0,0.0,0.0,0.0,0.0,0.0,0.0,0.0,0.0,0.0,0.0,308,14,24,30,93,30,35,254,177,308,14,24,30,93,30,35,254,177,0,0,0,0,0,0,0,0,0,0,0,0,0,0,14.2,31.8,24.1,49.1,14.2,29.9,23.6,46.4,14.2,31.8,24.1,49.1,14.2,29.9,23.6,46.4,0.0,0.0,0.0,0.0,0.0,0.0,0.0,0.0,(CONTRACTS OF 100 TROY OUNCES),N20,GOLD,PRECIOUS METALS,NATURAL RESOURCES,FutOnly,8,24,76,43,52,8,24,76,43,52
240213088695F,MICRO GOLD - COMMODITY EXCHANGE INC.,2024-02-13T00:00:00.000,2024 Report Week 07,MICRO GOLD,088695,CMX ,NYC,088 ,GOLD,30686,0,0,0,0,0,2248,338,0,8686,12567,4328,15262,17233,15424,13453,30686,0,0,0,0,0,2248,338,0,8686,12567,4328,15262,17233,15424,13453,0,0,0,0,0,0,0,0,0,0,0,0,0,0,0,0,,,,,,,,,,,,,,,,,100.0,0.0,0.0,0.0,0.0,0.0,7.3,1.1,0.0,28.3,41.0,14.1,49.7,56.2,50.3,43.8,100.0,0.0,0.0,0.0,0.0,0.0,7.3,1.1,0.0,28.3,41.0,14.1,49.7,56.2,50.3,43.8,100.0,0.0,0.0,0.0,0.0,0.0,0.0,0.0,0.0,0.0,0.0,0.0,0.0,0.0,0.0,0.0,20,0,0,0,7,10,7,13,14,20,0,0,0,7,10,7,13,14,0,0,0,0,0,0,0,0,0,0,0,0,0,0,31.2,37.5,45.4,50.5,25.9,33.5,34.6,40.6,31.2,37.5,45.4,50.5,25.9,33.5,34.6,40.6,0.0,0.0,0.0,0.0,0.0,0.0,0.0,0.0,(CONTRACTS OF 10 TROY OUNCES),N20,GOLD,PRECIOUS METALS,NATURAL RESOURCES,FutOnly,0,0,,,0,0,0,,,0
240213088691F,GOLD - COMMODITY EXCHANGE INC.,2024-02-13T00:00:00.000,2024 Report Week 07,GOLD,088691,CMX ,NYC,088 ,GOLD,420812,15888,48131,78854,199591,14787,100642,66466,36698,116863,19871,12852,376584,398396,44228,22416,420812,15888,48131,78854,199591,14787,100642,66466,36698,116863,19871,12852,376584,398396,44228,22416,0,0,0,0,0,0,0,0,0,0,0,0,0,0,0,0,1691,1603,-2772,1120,-21766,2462,-13674,20219,5232,2556,-767,27,-674,2635,2365,-944,100.0,3.8,11.4,18.7,47.4,3.5,23.9,15.8,8.7,27.8,4.7,3.1,89.5,94.7,10.5,5.3,100.0,3.8,11.4,18.7,47.4,3.5,23.9,15.8,8.7,27.8,4.7,3.1,89.5,94.7,10.5,5.3,100.0,0.0,0.0,0.0,0.0,0.0,0.0,0.0,0.0,0.0,0.0,0.0,0.0,0.0,0.0,0.0,309,17,23,29,93,27,36,254,183,309,17,23,29,93,27,36,254,183,0,0,0,0,0,0,0,0,0,0,0,0,0,0,13.6,31.3,23.4,48.1,13.5,29.0,23.1,44.8,13.6,31.3,23.4,48.1,13.5,29.0,23.1,44.8,0.0,0.0,0.0,0.0,0.0,0.0,0.0,0.0,(CONTRACTS OF 100 TROY OUNCES),N20,GOLD,PRECIOUS METALS,NATURAL RESOURCES,FutOnly,11,24,66,52,55,11,24,66,52,55
240206088691F,GOLD - COMMODITY EXCHANGE INC.,2024-02-06T00:00:00.000,2024 Report Week 06,GOLD,088691,CMX ,NYC,088 ,GOLD,419121,14285,50903,77734,221357,12325,114316,46247,31466,114307,20638,12825,377258,395761,41863,23360,419121,14285,50903,77734,221357,12325,114316,46247,31466,114307,20638,12825,377258,395761,41863,23360,0,0,0,0,0,0,0,0,0,0,0,0,0,0,0,0,-11207,-987,1272,-148,7316,-12046,6223,-5822,-1739,3178,1276,-2187,-7706,-11930,-3501,723,100.0,3.4,12.1,18.5,52.8,2.9,27.3,11.0,7.5,27.3,4.9,3.1,90.0,94.4,10.0,5.6,100.0,3.4,12.1,18.5,52.8,2.9,27.3,11.0,7.5,27.3,4.9,3.1,90.0,94.4,10.0,5.6,100.0,0.0,0.0,0.0,0.0,0.0,0.0,0.0,0.0,0.0,0.0,0.0,0.0,0.0,0.0,0.0,305,15,25,27,93,30,32,251,166,305,15,25,27,93,30,32,251,166,0,0,0,0,0,0,0,0,0,0,0,0,0,0,14.0,33.9,24.1,52.2,13.9,31.7,24.0,49.0,14.0,33.9,24.1,52.2,13.9,31.7,24.0,49.0,0.0,0.0,0.0,0.0,0.0,0.0,0.0,0.0,(CONTRACTS OF 100 TROY OUNCES),N20,GOLD,PRECIOUS METALS,NATURAL RESOURCES,FutOnly,8,23,79,34,48,8,23,79,34,48
240130088691F,GOLD - COMMODITY EXCHANGE INC.,2024-01-30T00:00:00.000,2024 Report Week 05,GOLD,088691,CMX ,NYC,088 ,GOLD,430328,15272,49631,77882,214041,24371,108093,52069,33205,111129,19362,15012,384964,407691,45364,22637,430328,15272,49631,77882,214041,24371,108093,52069,33205,111129,19362,15012,384964,407691,45364,22637,0,0,0,0,0,0,0,0,0,0,0,0,0,0,0,0,-35544,1548,-3042,-653,-17638,3536,-3205,1804,-7316,-18673,-1999,-10501,-35264,-35156,-280,-388,100.0,3.5,11.5,18.1,49.7,5.7,25.1,12.1,7.7,25.8,4.5,3.5,89.5,94.7,10.5,5.3,100.0,3.5,11.5,18.1,49.7,5.7,25.1,12.1,7.7,25.8,4.5,3.5,89.5,94.7,10.5,5.3,100.0,0.0,0.0,0.0,0.0,0.0,0.0,0.0,0.0,0.0,0.0,0.0,0.0,0.0,0.0,0.0,300,16,23,29,91,24,29,251,162,300,16,23,29,91,24,29,251,162,0,0,0,0,0,0,0,0,0,0,0,0,0,0,13.4,32.8,23.2,51.1,13.4,30.8,22.9,46.1,13.4,32.8,23.2,51.1,13.4,30.8,22.9,46.1,0.0,0.0,0.0,0.0,0.0,0.0,0.0,0.0,(CONTRACTS OF 100 TROY OUNCES),N20,GOLD,PRECIOUS METALS,NATURAL RESOURCES,FutOnly,8,26,78,38,49,8,26,78,38,49
240123088691F,GOLD - COMMODITY EXCHANGE INC.,2024-01-23T00:00:00.000,2024 Report Week 04,GOLD,088691,CMX ,NYC,088 ,GOLD,465872,13724,52673,78535,231679,20835,111298,50265,40521,129802,21361,25513,420228,442847,45644,23025,465872,13724,52673,78535,231679,20835,111298,50265,40521,129802,21361,25513,420228,442847,45644,23025,0,0,0,0,0,0,0,0,0,0,0,0,0,0,0,0,-23462,860,-745,2744,-10978,203,-19633,2563,-1392,-1627,-13404,-621,-19466,-24374,-3996,912,100.0,2.9,11.3,16.9,49.7,4.5,23.9,10.8,8.7,27.9,4.6,5.5,90.2,95.1,9.8,4.9,100.0,2.9,11.3,16.9,49.7,4.5,23.9,10.8,8.7,27.9,4.6,5.5,90.2,95.1,9.8,4.9,100.0,0.0,0.0,0.0,0.0,0.0,0.0,0.0,0.0,0.0,0.0,0.0,0.0,0.0,0.0,0.0,302,14,23,33,88,28,40,261,179,302,14,23,33,88,28,40,261,179,0,0,0,0,0,0,0,0,0,0,0,0,0,0,15.0,33.3,24.1,49.8,14.8,31.8,23.5,46.8,15.0,33.3,24.1,49.8,14.8,31.8,23.5,46.8,0.0,0.0,0.0,0.0,0.0,0.0,0.0,0.0,(CONTRACTS OF 100 TROY OUNCES),N20,GOLD,PRECIOUS METALS,NATURAL RESOURCES,FutOnly,10,25,77,39,58,10,25,77,39,58
240123088695F,MICRO GOLD - COMMODITY EXCHANGE INC.,2024-01-23T00:00:00.000,2024 Report Week 04,MICRO GOLD,088695,CMX ,NYC,088 ,GOLD,39256,0,0,0,0,0,1499,0,480,14834,18001,8393,25206,26874,14050,12382,39256,0,0,0,0,0,1499,0,480,14834,18001,8393,25206,26874,14050,12382,0,0,0,0,0,0,0,0,0,0,0,0,0,0,0,0,720,0,0,0,0,0,856,0,-620,52,-284,2037,2325,1133,-1605,-413,100.0,0.0,0.0,0.0,0.0,0.0,3.8,0.0,1.2,37.8,45.9,21.4,64.2,68.5,35.8,31.5,100.0,0.0,0.0,0.0,0.0,0.0,3.8,0.0,1.2,37.8,45.9,21.4,64.2,68.5,35.8,31.5,100.0,0.0,0.0,0.0,0.0,0.0,0.0,0.0,0.0,0.0,0.0,0.0,0.0,0.0,0.0,0.0,21,0,0,0,10,9,7,13,16,21,0,0,0,10,9,7,13,16,0,0,0,0,0,0,0,0,0,0,0,0,0,0,35.7,53.0,54.4,62.4,26.8,42.5,38.4,45.3,35.7,53.0,54.4,62.4,26.8,42.5,38.4,45.3,0.0,0.0,0.0,0.0,0.0,0.0,0.0,0.0,(CONTRACTS OF 10 TROY OUNCES),N20,GOLD,PRECIOUS METALS,NATURAL RESOURCES,FutOnly,0,0,,0,,0,0,,0,
240116088695F,MICRO GOLD - COMMODITY EXCHANGE INC.,2024-01-16T00:00:00.000,2024 Report Week 03,MICRO GOLD,088695,CMX ,NYC,088 ,GOLD,38536,0,0,0,0,0,643,0,1100,14782,18285,6356,22881,25741,15655,12795,38536,0,0,0,0,0,643,0,1100,14782,18285,6356,22881,25741,15655,12795,0,0,0,0,0,0,0,0,0,0,0,0,0,0,0,0,2165,0,0,0,0,0,-816,-228,-324,-498,-436,2812,1174,1824,991,341,100.0,0.0,0.0,0.0,0.0,0.0,1.7,0.0,2.9,38.4,47.4,16.5,59.4,66.8,40.6,33.2,100.0,0.0,0.0,0.0,0.0,0.0,1.7,0.0,2.9,38.4,47.4,16.5,59.4,66.8,40.6,33.2,100.0,0.0,0.0,0.0,0.0,0.0,0.0,0.0,0.0,0.0,0.0,0.0,0.0,0.0,0.0,0.0,20,0,0,0,9,9,7,13,15,20,0,0,0,9,9,7,13,15,0,0,0,0,0,0,0,0,0,0,0,0,0,0,37.7,50.8,52.6,61.6,26.8,43.0,37.2,46.9,37.7,50.8,52.6,61.6,26.8,43.0,37.2,46.9,0.0,0.0,0.0,0.0,0.0,0.0,0.0,0.0,(CONTRACTS OF 10 TROY OUNCES),N20,GOLD,PRECIOUS METALS,NATURAL RESOURCES,FutOnly,0,0,,0,,0,0,,0,
240116088691F,GOLD - COMMODITY EXCHANGE INC.,2024-01-16T00:00:00.000,2024 Report Week 03,GOLD,088691,CMX ,NYC,088 ,GOLD,489334,12864,53418,75791,242657,20632,130931,47702,41913,131429,34765,26134,439694,467221,49640,22113,489334,12864,53418,75791,242657,20632,130931,47702,41913,131429,34765,26134,439694,467221,49640,22113,0,0,0,0,0,0,0,0,0,0,0,0,0,0,0,0,-515,915,-3532,-2422,-8256,4305,-3402,1828,6045,-5903,-2412,881,419,-1141,-934,626,100.0,2.6,10.9,15.5,49.6,4.2,26.8,9.7,8.6,26.9,7.1,5.3,89.9,95.5,10.1,4.5,100.0,2.6,10.9,15.5,49.6,4.2,26.8,9.7,8.6,26.9,7.1,5.3,89.9,95.5,10.1,4.5,100.0,0.0,0.0,0.0,0.0,0.0,0.0,0.0,0.0,0.0,0.0,0.0,0.0,0.0,0.0,0.0,308,14,22,28,88,33,39,258,180,308,14,22,28,88,33,39,258,180,0,0,0,0,0,0,0,0,0,0,0,0,0,0,14.3,32.6,22.9,48.8,14.1,31.5,22.4,46.0,14.3,32.6,22.9,48.8,14.1,31.5,22.4,46.0,0.0,0.0,0.0,0.0,0.0,0.0,0.0,0.0,(CONTRACTS OF 100 TROY OUNCES),N20,GOLD,PRECIOUS METALS,NATURAL RESOURCES,FutOnly,10,25,81,36,57,10,25,81,36,57
240109088695F,MICRO GOLD - COMMODITY EXCHANGE INC.,2024-01-09T00:00:00.000,2024 Report Week 02,MICRO GOLD,088695,CMX ,NYC,088 ,GOLD,36371,0,0,0,0,0,1459,228,1424,15280,18721,3544,21707,23917,14664,12454,36371,0,0,0,0,0,1459,228,1424,15280,18721,3544,21707,23917,14664,12454,0,0,0,0,0,0,0,0,0,0,0,0,0,0,0,0,,,,,,,,,,,,,,,,,100.0,0.0,0.0,0.0,0.0,0.0,4.0,0.6,3.9,42.0,51.5,9.7,59.7,65.8,40.3,34.2,100.0,0.0,0.0,0.0,0.0,0.0,4.0,0.6,3.9,42.0,51.5,9.7,59.7,65.8,40.3,34.2,100.0,0.0,0.0,0.0,0.0,0.0,0.0,0.0,0.0,0.0,0.0,0.0,0.0,0.0,0.0,0.0,22,0,0,0,9,10,8,15,17,22,0,0,0,9,10,8,15,17,0,0,0,0,0,0,0,0,0,0,0,0,0,0,36.6,47.5,54.2,59.0,29.4,44.9,42.4,50.3,36.6,47.5,54.2,59.0,29.4,44.9,42.4,50.3,0.0,0.0,0.0,0.0,0.0,0.0,0.0,0.0,(CONTRACTS OF 10 TROY OUNCES),N20,GOLD,PRECIOUS METALS,NATURAL RESOURCES,FutOnly,0,0,,,,0,0,,,
240109088691F,GOLD - COMMODITY EXCHANGE INC.,2024-01-09T00:00:00.000,2024 Report Week 02,GOLD,088691,CMX ,NYC,088 ,GOLD,489849,11949,56950,78213,250913,16327,134333,45874,35868,137332,37177,25253,439275,468362,50574,21487,489849,11949,56950,78213,250913,16327,134333,45874,35868,137332,37177,25253,439275,468362,50574,21487,0,0,0,0,0,0,0,0,0,0,0,0,0,0,0,0,-10515,-1725,1575,2096,-18981,-2686,-20051,639,2630,1010,-645,6837,-11889,-10631,1374,116,100.0,2.4,11.6,16.0,51.2,3.3,27.4,9.4,7.3,28.0,7.6,5.2,89.7,95.6,10.3,4.4,100.0,2.4,11.6,16.0,51.2,3.3,27.4,9.4,7.3,28.0,7.6,5.2,89.7,95.6,10.3,4.4,100.0,0.0,0.0,0.0,0.0,0.0,0.0,0.0,0.0,0.0,0.0,0.0,0.0,0.0,0.0,0.0,309,14,21,24,91,35,38,260,170,309,14,21,24,91,35,38,260,170,0,0,0,0,0,0,0,0,0,0,0,0,0,0,14.3,33.0,23.5,49.7,14.2,32.1,22.7,47.3,14.3,33.0,23.5,49.7,14.2,32.1,22.7,47.3,0.0,0.0,0.0,0.0,0.0,0.0,0.0,0.0,(CONTRACTS OF 100 TROY OUNCES),N20,GOLD,PRECIOUS METALS,NATURAL RESOURCES,FutOnly,10,24,83,33,53,10,24,83,33,53
240102088691F,GOLD - COMMODITY EXCHANGE INC.,2024-01-02T00:00:00.000,2024 Report Week 01,GOLD,088691,CMX ,NYC,088 ,GOLD,500364,13674,55375,76117,269894,19013,154384,45235,33238,136322,37822,18416,451164,478993,49200,21371,500364,13674,55375,76117,269894,19013,154384,45235,33238,136322,37822,18416,451164,478993,49200,21371,0,0,0,0,0,0,0,0,0,0,0,0,0,0,0,0,9021,431,-2881,1717,8162,705,1583,-1112,3058,-720,2044,1083,7857,11059,1164,-2038,100.0,2.7,11.1,15.2,53.9,3.8,30.9,9.0,6.6,27.2,7.6,3.7,90.2,95.7,9.8,4.3,100.0,2.7,11.1,15.2,53.9,3.8,30.9,9.0,6.6,27.2,7.6,3.7,90.2,95.7,9.8,4.3,100.0,0.0,0.0,0.0,0.0,0.0,0.0,0.0,0.0,0.0,0.0,0.0,0.0,0.0,0.0,0.0,319,15,26,27,88,36,37,270,173,319,15,26,27,88,36,37,270,173,0,0,0,0,0,0,0,0,0,0,0,0,0,0,14.0,32.9,23.0,50.3,13.8,31.6,22.2,46.5,14.0,32.9,23.0,50.3,13.8,31.6,22.2,46.5,0.0,0.0,0.0,0.0,0.0,0.0,0.0,0.0,(CONTRACTS OF 100 TROY OUNCES),N20,GOLD,PRECIOUS METALS,NATURAL RESOURCES,FutOnly,13,24,91,30,51,13,24,91,30,51
231226088691F,GOLD - COMMODITY EXCHANGE INC.,2023-12-26T00:00:00.000,2023 Report Week 52,GOLD,088691,CMX ,NYC,088 ,GOLD,491343,13243,58256,74400,261732,18308,152801,46347,30180,137042,35778,17333,443307,467934,48036,23409,491343,13243,58256,74400,261732,18308,152801,46347,30180,137042,35778,17333,443307,467934,48036,23409,0,0,0,0,0,0,0,0,0,0,0,0,0,0,0,0,10140,407,-2596,-617,7673,602,-2896,-1074,1295,11767,3566,-435,10123,9031,17,1109,100.0,2.7,11.9,15.1,53.3,3.7,31.1,9.4,6.1,27.9,7.3,3.5,90.2,95.2,9.8,4.8,100.0,2.7,11.9,15.1,53.3,3.7,31.1,9.4,6.1,27.9,7.3,3.5,90.2,95.2,9.8,4.8,100.0,0.0,0.0,0.0,0.0,0.0,0.0,0.0,0.0,0.0,0.0,0.0,0.0,0.0,0.0,0.0,319,16,26,28,91,32,32,271,167,319,16,26,28,91,32,32,271,167,0,0,0,0,0,0,0,0,0,0,0,0,0,0,14.0,33.3,23.0,50.9,13.9,31.3,22.4,46.7,14.0,33.3,23.0,50.9,13.9,31.3,22.4,46.7,0.0,0.0,0.0,0.0,0.0,0.0,0.0,0.0,(CONTRACTS OF 100 TROY OUNCES),N20,GOLD,PRECIOUS METALS,NATURAL RESOURCES,FutOnly,13,23,94,30,50,13,23,94,30,50
231219088691F,GOLD - COMMODITY EXCHANGE INC.,2023-12-19T00:00:00.000,2023 Report Week 51,GOLD,088691,CMX ,NYC,088 ,GOLD,481203,12836,60852,75017,254059,17706,155697,47421,28885,125275,32212,17768,433184,458903,48019,22300,481203,12836,60852,75017,254059,17706,155697,47421,28885,125275,32212,17768,433184,458903,48019,22300,0,0,0,0,0,0,0,0,0,0,0,0,0,0,0,0,11264,-584,2317,-1064,10285,1497,6063,-6685,354,1373,1015,2063,9702,10846,1562,418,100.0,2.7,12.6,15.6,52.8,3.7,32.4,9.9,6.0,26.0,6.7,3.7,90.0,95.4,10.0,4.6,100.0,2.7,12.6,15.6,52.8,3.7,32.4,9.9,6.0,26.0,6.7,3.7,90.0,95.4,10.0,4.6,100.0,0.0,0.0,0.0,0.0,0.0,0.0,0.0,0.0,0.0,0.0,0.0,0.0,0.0,0.0,0.0,316,18,27,28,93,28,34,269,165,316,18,27,28,93,28,34,269,165,0,0,0,0,0,0,0,0,0,0,0,0,0,0,14.2,34.5,23.6,52.1,14.2,31.9,23.0,47.9,14.2,34.5,23.6,52.1,14.2,31.9,23.0,47.9,0.0,0.0,0.0,0.0,0.0,0.0,0.0,0.0,(CONTRACTS OF 100 TROY OUNCES),N20,GOLD,PRECIOUS METALS,NATURAL RESOURCES,FutOnly,10,24,94,25,48,10,24,94,25,48
231219088695F,MICRO GOLD - COMMODITY EXCHANGE INC.,2023-12-19T00:00:00.000,2023 Report Week 51,MICRO GOLD,088695,CMX ,NYC,088 ,GOLD,32144,0,0,0,0,0,1185,0,1300,13012,14953,2240,17737,18493,14407,13651,32144,0,0,0,0,0,1185,0,1300,13012,14953,2240,17737,18493,14407,13651,0,0,0,0,0,0,0,0,0,0,0,0,0,0,0,0,,,,,,,,,,,,,,,,,100.0,0.0,0.0,0.0,0.0,0.0,3.7,0.0,4.0,40.5,46.5,7.0,55.2,57.5,44.8,42.5,100.0,0.0,0.0,0.0,0.0,0.0,3.7,0.0,4.0,40.5,46.5,7.0,55.2,57.5,44.8,42.5,100.0,0.0,0.0,0.0,0.0,0.0,0.0,0.0,0.0,0.0,0.0,0.0,0.0,0.0,0.0,0.0,21,0,0,0,9,10,8,14,16,21,0,0,0,9,10,8,14,16,0,0,0,0,0,0,0,0,0,0,0,0,0,0,31.4,46.2,46.7,52.0,27.8,41.4,39.5,45.2,31.4,46.2,46.7,52.0,27.8,41.4,39.5,45.2,0.0,0.0,0.0,0.0,0.0,0.0,0.0,0.0,(CONTRACTS OF 10 TROY OUNCES),N20,GOLD,PRECIOUS METALS,NATURAL RESOURCES,FutOnly,0,0,,0,,0,0,,0,
231212088691F,GOLD - COMMODITY EXCHANGE INC.,2023-12-12T00:00:00.000,2023 Report Week 50,GOLD,088691,CMX ,NYC,088 ,GOLD,469939,13420,58535,76081,243774,16209,149634,54106,28531,123902,31197,15705,423482,448057,46457,21882,469939,13420,58535,76081,243774,16209,149634,54106,28531,123902,31197,15705,423482,448057,46457,21882,0,0,0,0,0,0,0,0,0,0,0,0,0,0,0,0,-17530,789,-3790,-295,-9853,2023,-10273,3586,1140,-5031,-3579,-4857,-16504,-15330,-1026,-2200,100.0,2.9,12.5,16.2,51.9,3.4,31.8,11.5,6.1,26.4,6.6,3.3,90.1,95.3,9.9,4.7,100.0,2.9,12.5,16.2,51.9,3.4,31.8,11.5,6.1,26.4,6.6,3.3,90.1,95.3,9.9,4.7,100.0,0.0,0.0,0.0,0.0,0.0,0.0,0.0,0.0,0.0,0.0,0.0,0.0,0.0,0.0,0.0,321,18,27,24,96,29,38,266,172,321,18,27,24,96,29,38,266,172,0,0,0,0,0,0,0,0,0,0,0,0,0,0,15.1,35.9,24.5,52.6,15.1,33.0,24.1,48.3,15.1,35.9,24.5,52.6,15.1,33.0,24.1,48.3,0.0,0.0,0.0,0.0,0.0,0.0,0.0,0.0,(CONTRACTS OF 100 TROY OUNCES),N20,GOLD,PRECIOUS METALS,NATURAL RESOURCES,FutOnly,12,19,94,29,49,12,19,94,29,49
231205088695F,MICRO GOLD - COMMODITY EXCHANGE INC.,2023-12-05T00:00:00.000,2023 Report Week 49,MICRO GOLD,088695,CMX ,NYC,088 ,GOLD,30478,0,0,0,0,0,658,558,0,14119,12308,2174,16951,15040,13527,15438,30478,0,0,0,0,0,658,558,0,14119,12308,2174,16951,15040,13527,15438,0,0,0,0,0,0,0,0,0,0,0,0,0,0,0,0,-9907,0,0,0,0,0,-106,-629,0,-5136,5972,-6263,-11505,-920,1598,-8987,100.0,0.0,0.0,0.0,0.0,0.0,2.2,1.8,0.0,46.3,40.4,7.1,55.6,49.3,44.4,50.7,100.0,0.0,0.0,0.0,0.0,0.0,2.2,1.8,0.0,46.3,40.4,7.1,55.6,49.3,44.4,50.7,100.0,0.0,0.0,0.0,0.0,0.0,0.0,0.0,0.0,0.0,0.0,0.0,0.0,0.0,0.0,0.0,20,0,0,0,11,6,7,14,13,20,0,0,0,11,6,7,14,13,0,0,0,0,0,0,0,0,0,0,0,0,0,0,31.2,39.9,47.8,46.4,28.3,38.3,43.1,42.2,31.2,39.9,47.8,46.4,28.3,38.3,43.1,42.2,0.0,0.0,0.0,0.0,0.0,0.0,0.0,0.0,(CONTRACTS OF 10 TROY OUNCES),N20,GOLD,PRECIOUS METALS,NATURAL RESOURCES,FutOnly,0,0,,,0,0,0,,,0
231205088691F,GOLD - COMMODITY EXCHANGE INC.,2023-12-05T00:00:00.000,2023 Report Week 49,GOLD,088691,CMX ,NYC,088 ,GOLD,487469,12631,62325,76376,253627,14186,159907,50520,27391,128933,34776,20562,439986,463387,47483,24082,487469,12631,62325,76376,253627,14186,159907,50520,27391,128933,34776,20562,439986,463387,47483,24082,0,0,0,0,0,0,0,0,0,0,0,0,0,0,0,0,-18189,-1702,-2616,-428,8839,-10273,-9788,-4282,-1551,8783,-183,-5063,-20022,-15129,1833,-3060,100.0,2.6,12.8,15.7,52.0,2.9,32.8,10.4,5.6,26.4,7.1,4.2,90.3,95.1,9.7,4.9,100.0,2.6,12.8,15.7,52.0,2.9,32.8,10.4,5.6,26.4,7.1,4.2,90.3,95.1,9.7,4.9,100.0,0.0,0.0,0.0,0.0,0.0,0.0,0.0,0.0,0.0,0.0,0.0,0.0,0.0,0.0,0.0,331,19,29,27,96,38,41,268,183,331,19,29,27,96,38,41,268,183,0,0,0,0,0,0,0,0,0,0,0,0,0,0,14.8,36.4,23.9,51.8,14.8,33.6,23.7,48.5,14.8,36.4,23.9,51.8,14.8,33.6,23.7,48.5,0.0,0.0,0.0,0.0,0.0,0.0,0.0,0.0,(CONTRACTS OF 100 TROY OUNCES),N20,GOLD,PRECIOUS METALS,NATURAL RESOURCES,FutOnly,9,21,94,28,48,9,21,94,28,48
231128088695F,MICRO GOLD - COMMODITY EXCHANGE INC.,2023-11-28T00:00:00.000,2023 Report Week 48,MICRO GOLD,088695,CMX ,NYC,088 ,GOLD,40385,0,0,0,0,0,764,1187,0,19255,6336,8437,28456,15960,11929,24425,40385,0,0,0,0,0,764,1187,0,19255,6336,8437,28456,15960,11929,24425,0,0,0,0,0,0,0,0,0,0,0,0,0,0,0,0,6270,0,0,0,0,0,-57,1187,-490,6501,-4856,765,6719,-3394,-449,9664,100.0,0.0,0.0,0.0,0.0,0.0,1.9,2.9,0.0,47.7,15.7,20.9,70.5,39.5,29.5,60.5,100.0,0.0,0.0,0.0,0.0,0.0,1.9,2.9,0.0,47.7,15.7,20.9,70.5,39.5,29.5,60.5,100.0,0.0,0.0,0.0,0.0,0.0,0.0,0.0,0.0,0.0,0.0,0.0,0.0,0.0,0.0,0.0,20,0,0,0,12,5,9,15,14,20,0,0,0,12,5,9,15,14,0,0,0,0,0,0,0,0,0,0,0,0,0,0,42.6,26.3,63.2,36.2,31.7,16.3,44.0,18.6,42.6,26.3,63.2,36.2,31.7,16.3,44.0,18.6,0.0,0.0,0.0,0.0,0.0,0.0,0.0,0.0,(CONTRACTS OF 10 TROY OUNCES),N20,GOLD,PRECIOUS METALS,NATURAL RESOURCES,FutOnly,0,0,,,0,0,0,,,0
231128088691F,GOLD - COMMODITY EXCHANGE INC.,2023-11-28T00:00:00.000,2023 Report Week 48,GOLD,088691,CMX ,NYC,088 ,GOLD,505658,14333,64941,76804,244788,24459,169695,54802,28942,120150,34959,25625,460008,478516,45650,27142,505658,14333,64941,76804,244788,24459,169695,54802,28942,120150,34959,25625,460008,478516,45650,27142,0,0,0,0,0,0,0,0,0,0,0,0,0,0,0,0,-2771,252,4951,-4142,19516,3549,25314,-10444,-13202,-5170,2209,-11063,-4462,-4484,1691,1713,100.0,2.8,12.8,15.2,48.4,4.8,33.6,10.8,5.7,23.8,6.9,5.1,91.0,94.6,9.0,5.4,100.0,2.8,12.8,15.2,48.4,4.8,33.6,10.8,5.7,23.8,6.9,5.1,91.0,94.6,9.0,5.4,100.0,0.0,0.0,0.0,0.0,0.0,0.0,0.0,0.0,0.0,0.0,0.0,0.0,0.0,0.0,0.0,329,19,27,27,95,36,42,279,173,329,19,27,27,95,36,42,279,173,0,0,0,0,0,0,0,0,0,0,0,0,0,0,14.1,33.8,23.1,49.2,13.5,30.8,22.3,44.7,14.1,33.8,23.1,49.2,13.5,30.8,22.3,44.7,0.0,0.0,0.0,0.0,0.0,0.0,0.0,0.0,(CONTRACTS OF 100 TROY OUNCES),N20,GOLD,PRECIOUS METALS,NATURAL RESOURCES,FutOnly,11,20,97,26,48,11,20,97,26,48
231121088695F,MICRO GOLD - COMMODITY EXCHANGE INC.,2023-11-21T00:00:00.000,2023 Report Week 47,MICRO GOLD,088695,CMX ,NYC,088 ,GOLD,34115,0,0,0,0,0,821,0,490,12754,11192,7672,21737,19354,12378,14761,34115,0,0,0,0,0,821,0,490,12754,11192,7672,21737,19354,12378,14761,0,0,0,0,0,0,0,0,0,0,0,0,0,0,0,0,1019,0,0,0,0,0,409,-81,81,3119,-400,-787,2822,-1187,-1803,2206,100.0,0.0,0.0,0.0,0.0,0.0,2.4,0.0,1.4,37.4,32.8,22.5,63.7,56.7,36.3,43.3,100.0,0.0,0.0,0.0,0.0,0.0,2.4,0.0,1.4,37.4,32.8,22.5,63.7,56.7,36.3,43.3,100.0,0.0,0.0,0.0,0.0,0.0,0.0,0.0,0.0,0.0,0.0,0.0,0.0,0.0,0.0,0.0,23,0,0,0,13,8,8,16,16,23,0,0,0,13,8,8,16,16,0,0,0,0,0,0,0,0,0,0,0,0,0,0,37.1,39.6,52.5,51.4,23.8,27.2,32.8,32.8,37.1,39.6,52.5,51.4,23.8,27.2,32.8,32.8,0.0,0.0,0.0,0.0,0.0,0.0,0.0,0.0,(CONTRACTS OF 10 TROY OUNCES),N20,GOLD,PRECIOUS METALS,NATURAL RESOURCES,FutOnly,0,0,,0,,0,0,,0,
231121088691F,GOLD - COMMODITY EXCHANGE INC.,2023-11-21T00:00:00.000,2023 Report Week 47,GOLD,088691,CMX ,NYC,088 ,GOLD,508429,14081,59990,80946,225272,20910,144381,65246,42144,125320,32750,36688,464470,483000,43959,25429,508429,14081,59990,80946,225272,20910,144381,65246,42144,125320,32750,36688,464470,483000,43959,25429,0,0,0,0,0,0,0,0,0,0,0,0,0,0,0,0,21795,1905,4749,-2760,7612,6064,11457,-3363,-4494,3892,2383,7181,23245,20132,-1450,1663,100.0,2.8,11.8,15.9,44.3,4.1,28.4,12.8,8.3,24.6,6.4,7.2,91.4,95.0,8.6,5.0,100.0,2.8,11.8,15.9,44.3,4.1,28.4,12.8,8.3,24.6,6.4,7.2,91.4,95.0,8.6,5.0,100.0,0.0,0.0,0.0,0.0,0.0,0.0,0.0,0.0,0.0,0.0,0.0,0.0,0.0,0.0,0.0,327,19,26,28,97,28,47,272,192,327,19,26,28,97,28,47,272,192,0,0,0,0,0,0,0,0,0,0,0,0,0,0,14.4,31.7,23.7,45.6,13.7,28.7,22.4,41.8,14.4,31.7,23.7,45.6,13.7,28.7,22.4,41.8,0.0,0.0,0.0,0.0,0.0,0.0,0.0,0.0,(CONTRACTS OF 100 TROY OUNCES),N20,GOLD,PRECIOUS METALS,NATURAL RESOURCES,FutOnly,11,25,89,33,56,11,25,89,33,56
231114088695F,MICRO GOLD - COMMODITY EXCHANGE INC.,2023-11-14T00:00:00.000,2023 Report Week 46,MICRO GOLD,088695,CMX ,NYC,088 ,GOLD,33096,0,0,0,0,0,412,81,409,9635,11592,8459,18915,20541,14181,12555,33096,0,0,0,0,0,412,81,409,9635,11592,8459,18915,20541,14181,12555,0,0,0,0,0,0,0,0,0,0,0,0,0,0,0,0,1389,0,0,0,0,0,-1041,-614,399,304,1882,1168,830,2835,559,-1446,100.0,0.0,0.0,0.0,0.0,0.0,1.2,0.2,1.2,29.1,35.0,25.6,57.2,62.1,42.8,37.9,100.0,0.0,0.0,0.0,0.0,0.0,1.2,0.2,1.2,29.1,35.0,25.6,57.2,62.1,42.8,37.9,100.0,0.0,0.0,0.0,0.0,0.0,0.0,0.0,0.0,0.0,0.0,0.0,0.0,0.0,0.0,0.0,22,0,0,0,9,11,8,13,18,22,0,0,0,9,11,8,13,18,0,0,0,0,0,0,0,0,0,0,0,0,0,0,37.7,42.0,50.3,53.6,22.3,25.7,28.8,32.3,37.7,42.0,50.3,53.6,22.3,25.7,28.8,32.3,0.0,0.0,0.0,0.0,0.0,0.0,0.0,0.0,(CONTRACTS OF 10 TROY OUNCES),N20,GOLD,PRECIOUS METALS,NATURAL RESOURCES,FutOnly,0,0,,,,0,0,,,
231114088691F,GOLD - COMMODITY EXCHANGE INC.,2023-11-14T00:00:00.000,2023 Report Week 46,GOLD,088691,CMX ,NYC,088 ,GOLD,486634,12176,55241,83706,217660,14846,132924,68609,46638,121428,30367,29507,441225,462868,45409,23766,486634,12176,55241,83706,217660,14846,132924,68609,46638,121428,30367,29507,441225,462868,45409,23766,0,0,0,0,0,0,0,0,0,0,0,0,0,0,0,0,2287,1689,-229,1692,-5462,-3304,-7685,6235,2076,384,-2696,7510,2362,4130,-75,-1843,100.0,2.5,11.4,17.2,44.7,3.1,27.3,14.1,9.6,25.0,6.2,6.1,90.7,95.1,9.3,4.9,100.0,2.5,11.4,17.2,44.7,3.1,27.3,14.1,9.6,25.0,6.2,6.1,90.7,95.1,9.3,4.9,100.0,0.0,0.0,0.0,0.0,0.0,0.0,0.0,0.0,0.0,0.0,0.0,0.0,0.0,0.0,0.0,317,20,24,27,99,23,39,260,181,317,20,24,27,99,23,39,260,181,0,0,0,0,0,0,0,0,0,0,0,0,0,0,15.6,33.7,25.0,48.1,14.2,31.1,23.2,44.0,15.6,33.7,25.0,48.1,14.2,31.1,23.2,44.0,0.0,0.0,0.0,0.0,0.0,0.0,0.0,0.0,(CONTRACTS OF 100 TROY OUNCES),N20,GOLD,PRECIOUS METALS,NATURAL RESOURCES,FutOnly,9,25,83,34,51,9,25,83,34,51
231107088691F,GOLD - COMMODITY EXCHANGE INC.,2023-11-07T00:00:00.000,2023 Report Week 45,GOLD,088691,CMX ,NYC,088 ,GOLD,484347,10487,55470,82014,223122,18150,140609,62374,44562,121044,33063,21997,438863,458738,45484,25609,484347,10487,55470,82014,223122,18150,140609,62374,44562,121044,33063,21997,438863,458738,45484,25609,0,0,0,0,0,0,0,0,0,0,0,0,0,0,0,0,8539,-678,120,2720,5306,2638,498,-2897,2694,102,706,-127,7847,8440,692,99,100.0,2.2,11.5,16.9,46.1,3.7,29.0,12.9,9.2,25.0,6.8,4.5,90.6,94.7,9.4,5.3,100.0,2.2,11.5,16.9,46.1,3.7,29.0,12.9,9.2,25.0,6.8,4.5,90.6,94.7,9.4,5.3,100.0,0.0,0.0,0.0,0.0,0.0,0.0,0.0,0.0,0.0,0.0,0.0,0.0,0.0,0.0,0.0,310,18,27,24,95,29,37,255,179,310,18,27,24,95,29,37,255,179,0,0,0,0,0,0,0,0,0,0,0,0,0,0,15.2,34.0,24.6,47.9,14.7,31.6,23.4,45.0,15.2,34.0,24.6,47.9,14.7,31.6,23.4,45.0,0.0,0.0,0.0,0.0,0.0,0.0,0.0,0.0,(CONTRACTS OF 100 TROY OUNCES),N20,GOLD,PRECIOUS METALS,NATURAL RESOURCES,FutOnly,9,21,84,30,58,9,21,84,30,58
231107088695F,MICRO GOLD - COMMODITY EXCHANGE INC.,2023-11-07T00:00:00.000,2023 Report Week 45,MICRO GOLD,088695,CMX ,NYC,088 ,GOLD,31707,0,0,0,0,0,1453,695,10,9331,9710,7291,18085,17706,13622,14001,31707,0,0,0,0,0,1453,695,10,9331,9710,7291,18085,17706,13622,14001,0,0,0,0,0,0,0,0,0,0,0,0,0,0,0,0,682,0,0,0,0,0,1040,424,-19,-623,-22,1518,1916,1901,-1234,-1219,100.0,0.0,0.0,0.0,0.0,0.0,4.6,2.2,0.0,29.4,30.6,23.0,57.0,55.8,43.0,44.2,100.0,0.0,0.0,0.0,0.0,0.0,4.6,2.2,0.0,29.4,30.6,23.0,57.0,55.8,43.0,44.2,100.0,0.0,0.0,0.0,0.0,0.0,0.0,0.0,0.0,0.0,0.0,0.0,0.0,0.0,0.0,0.0,27,0,0,0,11,12,8,16,20,27,0,0,0,11,12,8,16,20,0,0,0,0,0,0,0,0,0,0,0,0,0,0,36.3,37.5,49.0,45.6,21.9,21.4,29.8,28.9,36.3,37.5,49.0,45.6,21.9,21.4,29.8,28.9,0.0,0.0,0.0,0.0,0.0,0.0,0.0,0.0,(CONTRACTS OF 10 TROY OUNCES),N20,GOLD,PRECIOUS METALS,NATURAL RESOURCES,FutOnly,0,0,,,,0,0,,,
231031088695F,MICRO GOLD - COMMODITY EXCHANGE INC.,2023-10-31T00:00:00.000,2023 Report Week 44,MICRO GOLD,088695,CMX ,NYC,088 ,GOLD,31025,0,0,0,0,0,413,271,29,9954,9732,5773,16169,15805,14856,15220,31025,0,0,0,0,0,413,271,29,9954,9732,5773,16169,15805,14856,15220,0,0,0,0,0,0,0,0,0,0,0,0,0,0,0,0,976,0,0,0,0,0,-600,271,-171,-511,217,483,-799,800,1775,176,100.0,0.0,0.0,0.0,0.0,0.0,1.3,0.9,0.1,32.1,31.4,18.6,52.1,50.9,47.9,49.1,100.0,0.0,0.0,0.0,0.0,0.0,1.3,0.9,0.1,32.1,31.4,18.6,52.1,50.9,47.9,49.1,100.0,0.0,0.0,0.0,0.0,0.0,0.0,0.0,0.0,0.0,0.0,0.0,0.0,0.0,0.0,0.0,24,0,0,0,11,11,9,14,20,24,0,0,0,11,11,9,14,20,0,0,0,0,0,0,0,0,0,0,0,0,0,0,35.4,31.4,45.9,41.6,21.9,20.8,28.9,29.1,35.4,31.4,45.9,41.6,21.9,20.8,28.9,29.1,0.0,0.0,0.0,0.0,0.0,0.0,0.0,0.0,(CONTRACTS OF 10 TROY OUNCES),N20,GOLD,PRECIOUS METALS,NATURAL RESOURCES,FutOnly,0,0,,,,0,0,,,
231031088691F,GOLD - COMMODITY EXCHANGE INC.,2023-10-31T00:00:00.000,2023 Report Week 44,GOLD,088691,CMX ,NYC,088 ,GOLD,475808,11165,55350,79294,217816,15512,140111,65271,41868,120942,32357,22124,431016,450298,44792,25510,475808,11165,55350,79294,217816,15512,140111,65271,41868,120942,32357,22124,431016,450298,44792,25510,0,0,0,0,0,0,0,0,0,0,0,0,0,0,0,0,12332,523,4563,-1939,10855,1207,17655,-1437,426,-8071,-3019,-132,9669,12463,2663,-131,100.0,2.3,11.6,16.7,45.8,3.3,29.4,13.7,8.8,25.4,6.8,4.6,90.6,94.6,9.4,5.4,100.0,2.3,11.6,16.7,45.8,3.3,29.4,13.7,8.8,25.4,6.8,4.6,90.6,94.6,9.4,5.4,100.0,0.0,0.0,0.0,0.0,0.0,0.0,0.0,0.0,0.0,0.0,0.0,0.0,0.0,0.0,0.0,321,20,26,29,96,29,40,263,182,321,20,26,29,96,29,40,263,182,0,0,0,0,0,0,0,0,0,0,0,0,0,0,15.6,33.0,24.8,48.0,15.1,30.6,24.0,44.5,15.6,33.0,24.8,48.0,15.1,30.6,24.0,44.5,0.0,0.0,0.0,0.0,0.0,0.0,0.0,0.0,(CONTRACTS OF 100 TROY OUNCES),N20,GOLD,PRECIOUS METALS,NATURAL RESOURCES,FutOnly,8,25,89,26,51,8,25,89,26,51
231024088695F,MICRO GOLD - COMMODITY EXCHANGE INC.,2023-10-24T00:00:00.000,2023 Report Week 43,MICRO GOLD,088695,CMX ,NYC,088 ,GOLD,30049,0,0,0,0,0,1013,0,200,10465,9515,5290,16968,15005,13081,15044,30049,0,0,0,0,0,1013,0,200,10465,9515,5290,16968,15005,13081,15044,0,0,0,0,0,0,0,0,0,0,0,0,0,0,0,0,-42,0,0,0,0,0,657,-1477,200,123,-714,-505,475,-2496,-517,2454,100.0,0.0,0.0,0.0,0.0,0.0,3.4,0.0,0.7,34.8,31.7,17.6,56.5,49.9,43.5,50.1,100.0,0.0,0.0,0.0,0.0,0.0,3.4,0.0,0.7,34.8,31.7,17.6,56.5,49.9,43.5,50.1,100.0,0.0,0.0,0.0,0.0,0.0,0.0,0.0,0.0,0.0,0.0,0.0,0.0,0.0,0.0,0.0,26,0,0,0,11,13,8,14,21,26,0,0,0,11,13,8,14,21,0,0,0,0,0,0,0,0,0,0,0,0,0,0,33.9,30.5,47.9,39.8,23.1,20.6,31.7,27.8,33.9,30.5,47.9,39.8,23.1,20.6,31.7,27.8,0.0,0.0,0.0,0.0,0.0,0.0,0.0,0.0,(CONTRACTS OF 10 TROY OUNCES),N20,GOLD,PRECIOUS METALS,NATURAL RESOURCES,FutOnly,0,0,,0,,0,0,,0,
231024088691F,GOLD - COMMODITY EXCHANGE INC.,2023-10-24T00:00:00.000,2023 Report Week 43,GOLD,088691,CMX ,NYC,088 ,GOLD,463476,10642,50787,81233,206961,14305,122456,66708,41442,129013,35376,22256,421347,437835,42129,25641,463476,10642,50787,81233,206961,14305,122456,66708,41442,129013,35376,22256,421347,437835,42129,25641,0,0,0,0,0,0,0,0,0,0,0,0,0,0,0,0,23895,-1095,9084,-3359,24336,572,17748,-22897,1895,2309,6307,4559,22629,23856,1266,39,100.0,2.3,11.0,17.5,44.7,3.1,26.4,14.4,8.9,27.8,7.6,4.8,90.9,94.5,9.1,5.5,100.0,2.3,11.0,17.5,44.7,3.1,26.4,14.4,8.9,27.8,7.6,4.8,90.9,94.5,9.1,5.5,100.0,0.0,0.0,0.0,0.0,0.0,0.0,0.0,0.0,0.0,0.0,0.0,0.0,0.0,0.0,0.0,316,20,25,28,87,33,38,255,182,316,20,25,28,87,33,38,255,182,0,0,0,0,0,0,0,0,0,0,0,0,0,0,15.6,32.3,25.1,47.9,15.1,29.8,24.2,44.2,15.6,32.3,25.1,47.9,15.1,29.8,24.2,44.2,0.0,0.0,0.0,0.0,0.0,0.0,0.0,0.0,(CONTRACTS OF 100 TROY OUNCES),N20,GOLD,PRECIOUS METALS,NATURAL RESOURCES,FutOnly,7,24,81,39,51,7,24,81,39,51
231017088695F,MICRO GOLD - COMMODITY EXCHANGE INC.,2023-10-17T00:00:00.000,2023 Report Week 42,MICRO GOLD,088695,CMX ,NYC,088 ,GOLD,30091,0,0,0,0,0,356,1477,0,10342,10229,5795,16493,17501,13598,12590,30091,0,0,0,0,0,356,1477,0,10342,10229,5795,16493,17501,13598,12590,0,0,0,0,0,0,0,0,0,0,0,0,0,0,0,0,-2019,0,0,0,0,0,-1305,-213,0,2466,-5430,2120,3281,-3523,-5300,1504,100.0,0.0,0.0,0.0,0.0,0.0,1.2,4.9,0.0,34.4,34.0,19.3,54.8,58.2,45.2,41.8,100.0,0.0,0.0,0.0,0.0,0.0,1.2,4.9,0.0,34.4,34.0,19.3,54.8,58.2,45.2,41.8,100.0,0.0,0.0,0.0,0.0,0.0,0.0,0.0,0.0,0.0,0.0,0.0,0.0,0.0,0.0,0.0,23,0,0,0,12,9,8,14,17,23,0,0,0,12,9,8,14,17,0,0,0,0,0,0,0,0,0,0,0,0,0,0,36.4,40.3,47.9,51.4,26.1,31.0,31.2,37.6,36.4,40.3,47.9,51.4,26.1,31.0,31.2,37.6,0.0,0.0,0.0,0.0,0.0,0.0,0.0,0.0,(CONTRACTS OF 10 TROY OUNCES),N20,GOLD,PRECIOUS METALS,NATURAL RESOURCES,FutOnly,0,0,,,0,0,0,,,0
231017088691F,GOLD - COMMODITY EXCHANGE INC.,2023-10-17T00:00:00.000,2023 Report Week 42,GOLD,088691,CMX ,NYC,088 ,GOLD,439581,11737,41703,84592,182625,13733,104708,89605,39547,126704,29069,17697,398718,413979,40863,25602,439581,11737,41703,84592,182625,13733,104708,89605,39547,126704,29069,17697,398718,413979,40863,25602,0,0,0,0,0,0,0,0,0,0,0,0,0,0,0,0,3082,-7273,4266,-7027,19005,3021,10774,-31096,4607,306,871,2281,6689,2955,-3607,127,100.0,2.7,9.5,19.2,41.5,3.1,23.8,20.4,9.0,28.8,6.6,4.0,90.7,94.2,9.3,5.8,100.0,2.7,9.5,19.2,41.5,3.1,23.8,20.4,9.0,28.8,6.6,4.0,90.7,94.2,9.3,5.8,100.0,0.0,0.0,0.0,0.0,0.0,0.0,0.0,0.0,0.0,0.0,0.0,0.0,0.0,0.0,0.0,308,18,22,27,91,21,36,252,176,308,18,22,27,91,21,36,252,176,0,0,0,0,0,0,0,0,0,0,0,0,0,0,15.9,31.5,25.8,49.5,15.3,29.1,24.8,44.8,15.9,31.5,25.8,49.5,15.3,29.1,24.8,44.8,0.0,0.0,0.0,0.0,0.0,0.0,0.0,0.0,(CONTRACTS OF 100 TROY OUNCES),N20,GOLD,PRECIOUS METALS,NATURAL RESOURCES,FutOnly,12,24,75,47,51,12,24,75,47,51
231010088695F,MICRO GOLD - COMMODITY EXCHANGE INC.,2023-10-10T00:00:00.000,2023 Report Week 41,MICRO GOLD,088695,CMX ,NYC,088 ,GOLD,32110,0,0,0,0,0,1661,1690,0,7876,15659,3675,13212,21024,18898,11086,32110,0,0,0,0,0,1661,1690,0,7876,15659,3675,13212,21024,18898,11086,0,0,0,0,0,0,0,0,0,0,0,0,0,0,0,0,205,0,0,0,0,0,91,1463,0,1683,-1647,628,2402,444,-2197,-239,100.0,0.0,0.0,0.0,0.0,0.0,5.2,5.3,0.0,24.5,48.8,11.4,41.1,65.5,58.9,34.5,100.0,0.0,0.0,0.0,0.0,0.0,5.2,5.3,0.0,24.5,48.8,11.4,41.1,65.5,58.9,34.5,100.0,0.0,0.0,0.0,0.0,0.0,0.0,0.0,0.0,0.0,0.0,0.0,0.0,0.0,0.0,0.0,23,0,0,0,9,11,7,12,18,23,0,0,0,9,11,7,12,18,0,0,0,0,0,0,0,0,0,0,0,0,0,0,29.1,43.6,37.3,57.9,23.5,35.6,28.0,49.9,29.1,43.6,37.3,57.9,23.5,35.6,28.0,49.9,0.0,0.0,0.0,0.0,0.0,0.0,0.0,0.0,(CONTRACTS OF 10 TROY OUNCES),N20,GOLD,PRECIOUS METALS,NATURAL RESOURCES,FutOnly,0,0,,,0,0,0,,,0
231010088691F,GOLD - COMMODITY EXCHANGE INC.,2023-10-10T00:00:00.000,2023 Report Week 41,GOLD,088691,CMX ,NYC,088 ,GOLD,436499,19010,37437,91619,163620,10712,93934,120701,34940,126398,28198,15416,392029,411024,44470,25475,436499,19010,37437,91619,163620,10712,93934,120701,34940,126398,28198,15416,392029,411024,44470,25475,0,0,0,0,0,0,0,0,0,0,0,0,0,0,0,0,5273,2396,-1373,5872,-11913,2407,-6566,12640,2000,-1508,-921,1458,6059,4298,-786,975,100.0,4.4,8.6,21.0,37.5,2.5,21.5,27.7,8.0,29.0,6.5,3.5,89.8,94.2,10.2,5.8,100.0,4.4,8.6,21.0,37.5,2.5,21.5,27.7,8.0,29.0,6.5,3.5,89.8,94.2,10.2,5.8,100.0,0.0,0.0,0.0,0.0,0.0,0.0,0.0,0.0,0.0,0.0,0.0,0.0,0.0,0.0,0.0,304,11,19,26,92,21,32,247,171,304,11,19,26,92,21,32,247,171,0,0,0,0,0,0,0,0,0,0,0,0,0,0,16.1,29.9,25.8,47.5,15.6,27.5,24.3,43.1,16.1,29.9,25.8,47.5,15.6,27.5,24.3,43.1,0.0,0.0,0.0,0.0,0.0,0.0,0.0,0.0,(CONTRACTS OF 100 TROY OUNCES),N20,GOLD,PRECIOUS METALS,NATURAL RESOURCES,FutOnly,17,25,65,55,52,17,25,65,55,52
231003088691F,GOLD - COMMODITY EXCHANGE INC.,2023-10-03T00:00:00.000,2023 Report Week 40,GOLD,088691,CMX ,NYC,088 ,GOLD,431226,16614,38810,85747,175533,8305,100500,108061,32940,127906,29119,13958,385970,406726,45256,24500,431226,16614,38810,85747,175533,8305,100500,108061,32940,127906,29119,13958,385970,406726,45256,24500,0,0,0,0,0,0,0,0,0,0,0,0,0,0,0,0,-4394,3462,-1009,-2379,-20762,-1261,-14168,16831,-2342,7014,604,5237,-4437,-2702,43,-1692,100.0,3.9,9.0,19.9,40.7,1.9,23.3,25.1,7.6,29.7,6.8,3.2,89.5,94.3,10.5,5.7,100.0,3.9,9.0,19.9,40.7,1.9,23.3,25.1,7.6,29.7,6.8,3.2,89.5,94.3,10.5,5.7,100.0,0.0,0.0,0.0,0.0,0.0,0.0,0.0,0.0,0.0,0.0,0.0,0.0,0.0,0.0,0.0,317,15,18,25,94,26,31,249,180,317,15,18,25,94,26,31,249,180,0,0,0,0,0,0,0,0,0,0,0,0,0,0,16.3,31.7,25.5,49.8,15.6,29.4,24.4,45.9,16.3,31.7,25.5,49.8,15.6,29.4,24.4,45.9,0.0,0.0,0.0,0.0,0.0,0.0,0.0,0.0,(CONTRACTS OF 100 TROY OUNCES),N20,GOLD,PRECIOUS METALS,NATURAL RESOURCES,FutOnly,15,26,68,56,51,15,26,68,56,51
231003088695F,MICRO GOLD - COMMODITY EXCHANGE INC.,2023-10-03T00:00:00.000,2023 Report Week 40,MICRO GOLD,088695,CMX ,NYC,088 ,GOLD,31905,0,0,0,0,0,1570,227,0,6193,17306,3047,10810,20580,21095,11325,31905,0,0,0,0,0,1570,227,0,6193,17306,3047,10810,20580,21095,11325,0,0,0,0,0,0,0,0,0,0,0,0,0,0,0,0,,,,,,,,,,,,,,,,,100.0,0.0,0.0,0.0,0.0,0.0,4.9,0.7,0.0,19.4,54.2,9.6,33.9,64.5,66.1,35.5,100.0,0.0,0.0,0.0,0.0,0.0,4.9,0.7,0.0,19.4,54.2,9.6,33.9,64.5,66.1,35.5,100.0,0.0,0.0,0.0,0.0,0.0,0.0,0.0,0.0,0.0,0.0,0.0,0.0,0.0,0.0,0.0,22,0,0,0,8,11,6,12,16,22,0,0,0,8,11,6,12,16,0,0,0,0,0,0,0,0,0,0,0,0,0,0,24.7,51.3,30.4,59.5,18.4,45.0,22.9,52.1,24.7,51.3,30.4,59.5,18.4,45.0,22.9,52.1,0.0,0.0,0.0,0.0,0.0,0.0,0.0,0.0,(CONTRACTS OF 10 TROY OUNCES),N20,GOLD,PRECIOUS METALS,NATURAL RESOURCES,FutOnly,0,0,,,0,0,0,,,0
230926088691F,GOLD - COMMODITY EXCHANGE INC.,2023-09-26T00:00:00.000,2023 Report Week 39,GOLD,088691,CMX ,NYC,088 ,GOLD,435620,13152,39819,88126,196295,9566,114668,91230,35282,120892,28515,8721,390407,409428,45213,26192,435620,13152,39819,88126,196295,9566,114668,91230,35282,120892,28515,8721,390407,409428,45213,26192,0,0,0,0,0,0,0,0,0,0,0,0,0,0,0,0,-2458,-2153,-774,5520,-13955,-2537,-6504,17448,-443,4348,-256,-1981,-3750,-2498,1292,40,100.0,3.0,9.1,20.2,45.1,2.2,26.3,20.9,8.1,27.8,6.5,2.0,89.6,94.0,10.4,6.0,100.0,3.0,9.1,20.2,45.1,2.2,26.3,20.9,8.1,27.8,6.5,2.0,89.6,94.0,10.4,6.0,100.0,0.0,0.0,0.0,0.0,0.0,0.0,0.0,0.0,0.0,0.0,0.0,0.0,0.0,0.0,0.0,310,15,20,26,93,24,27,247,172,310,15,20,26,93,24,27,247,172,0,0,0,0,0,0,0,0,0,0,0,0,0,0,16.5,34.0,26.6,51.4,16.4,31.4,25.9,48.1,16.5,34.0,26.6,51.4,16.4,31.4,25.9,48.1,0.0,0.0,0.0,0.0,0.0,0.0,0.0,0.0,(CONTRACTS OF 100 TROY OUNCES),N20,GOLD,PRECIOUS METALS,NATURAL RESOURCES,FutOnly,11,23,73,56,49,11,23,73,56,49
230919088695F,MICRO GOLD - COMMODITY EXCHANGE INC.,2023-09-19T00:00:00.000,2023 Report Week 38,MICRO GOLD,088695,CMX ,NYC,088 ,GOLD,28783,0,0,0,0,0,412,2239,0,9164,9065,3586,13162,14890,15621,13893,28783,0,0,0,0,0,412,2239,0,9164,9065,3586,13162,14890,15621,13893,0,0,0,0,0,0,0,0,0,0,0,0,0,0,0,0,-2946,0,0,0,0,0,170,676,0,-2799,-5244,401,-2228,-4167,-718,1221,100.0,0.0,0.0,0.0,0.0,0.0,1.4,7.8,0.0,31.8,31.5,12.5,45.7,51.7,54.3,48.3,100.0,0.0,0.0,0.0,0.0,0.0,1.4,7.8,0.0,31.8,31.5,12.5,45.7,51.7,54.3,48.3,100.0,0.0,0.0,0.0,0.0,0.0,0.0,0.0,0.0,0.0,0.0,0.0,0.0,0.0,0.0,0.0,21,0,0,0,10,8,5,13,13,21,0,0,0,10,8,5,13,13,0,0,0,0,0,0,0,0,0,0,0,0,0,0,35.8,33.5,41.5,48.6,26.0,27.1,30.9,37.7,35.8,33.5,41.5,48.6,26.0,27.1,30.9,37.7,0.0,0.0,0.0,0.0,0.0,0.0,0.0,0.0,(CONTRACTS OF 10 TROY OUNCES),N20,GOLD,PRECIOUS METALS,NATURAL RESOURCES,FutOnly,0,0,,,0,0,0,,,0
230919088691F,GOLD - COMMODITY EXCHANGE INC.,2023-09-19T00:00:00.000,2023 Report Week 38,GOLD,088691,CMX ,NYC,088 ,GOLD,438078,15305,40593,82606,210250,12103,121172,73782,35725,116544,28771,10702,394157,411926,43921,26152,438078,15305,40593,82606,210250,12103,121172,73782,35725,116544,28771,10702,394157,411926,43921,26152,0,0,0,0,0,0,0,0,0,0,0,0,0,0,0,0,-3143,-2056,884,-668,4514,-324,3435,-9384,1623,-1423,97,-911,-324,-3501,-2819,358,100.0,3.5,9.3,18.9,48.0,2.8,27.7,16.8,8.2,26.6,6.6,2.4,90.0,94.0,10.0,6.0,100.0,3.5,9.3,18.9,48.0,2.8,27.7,16.8,8.2,26.6,6.6,2.4,90.0,94.0,10.0,6.0,100.0,0.0,0.0,0.0,0.0,0.0,0.0,0.0,0.0,0.0,0.0,0.0,0.0,0.0,0.0,0.0,291,14,21,27,80,21,35,249,165,291,14,21,27,80,21,35,249,165,0,0,0,0,0,0,0,0,0,0,0,0,0,0,16.6,33.6,27.3,52.0,16.5,31.1,26.7,48.1,16.6,33.6,27.3,52.0,16.5,31.1,26.7,48.1,0.0,0.0,0.0,0.0,0.0,0.0,0.0,0.0,(CONTRACTS OF 100 TROY OUNCES),N20,GOLD,PRECIOUS METALS,NATURAL RESOURCES,FutOnly,12,22,78,45,55,12,22,78,45,55
230912088691F,GOLD - COMMODITY EXCHANGE INC.,2023-09-12T00:00:00.000,2023 Report Week 37,GOLD,088691,CMX ,NYC,088 ,GOLD,441221,17361,39709,83274,205736,12427,117737,83166,34102,117967,28674,11613,394481,415427,46740,25794,441221,17361,39709,83274,205736,12427,117737,83166,34102,117967,28674,11613,394481,415427,46740,25794,0,0,0,0,0,0,0,0,0,0,0,0,0,0,0,0,2549,-633,-2659,1559,-9844,680,-2485,13309,998,2387,735,-731,1775,2488,774,61,100.0,3.9,9.0,18.9,46.6,2.8,26.7,18.8,7.7,26.7,6.5,2.6,89.4,94.2,10.6,5.8,100.0,3.9,9.0,18.9,46.6,2.8,26.7,18.8,7.7,26.7,6.5,2.6,89.4,94.2,10.6,5.8,100.0,0.0,0.0,0.0,0.0,0.0,0.0,0.0,0.0,0.0,0.0,0.0,0.0,0.0,0.0,0.0,302,13,20,30,89,19,36,250,174,302,13,20,30,89,19,36,250,174,0,0,0,0,0,0,0,0,0,0,0,0,0,0,16.2,33.4,26.6,51.6,16.1,30.7,26.1,47.3,16.2,33.4,26.6,51.6,16.1,30.7,26.1,47.3,0.0,0.0,0.0,0.0,0.0,0.0,0.0,0.0,(CONTRACTS OF 100 TROY OUNCES),N20,GOLD,PRECIOUS METALS,NATURAL RESOURCES,FutOnly,13,25,74,51,50,13,25,74,51,50
230912088695F,MICRO GOLD - COMMODITY EXCHANGE INC.,2023-09-12T00:00:00.000,2023 Report Week 37,MICRO GOLD,088695,CMX ,NYC,088 ,GOLD,31729,0,0,0,0,0,242,1563,0,11963,14309,3185,15390,19057,16339,12672,31729,0,0,0,0,0,242,1563,0,11963,14309,3185,15390,19057,16339,12672,0,0,0,0,0,0,0,0,0,0,0,0,0,0,0,0,,,,,,,,,,,,,,,,,100.0,0.0,0.0,0.0,0.0,0.0,0.8,4.9,0.0,37.7,45.1,10.0,48.5,60.1,51.5,39.9,100.0,0.0,0.0,0.0,0.0,0.0,0.8,4.9,0.0,37.7,45.1,10.0,48.5,60.1,51.5,39.9,100.0,0.0,0.0,0.0,0.0,0.0,0.0,0.0,0.0,0.0,0.0,0.0,0.0,0.0,0.0,0.0,22,0,0,0,9,10,7,13,16,22,0,0,0,9,10,7,13,16,0,0,0,0,0,0,0,0,0,0,0,0,0,0,41.1,37.9,45.3,55.0,33.8,33.3,37.2,47.1,41.1,37.9,45.3,55.0,33.8,33.3,37.2,47.1,0.0,0.0,0.0,0.0,0.0,0.0,0.0,0.0,(CONTRACTS OF 10 TROY OUNCES),N20,GOLD,PRECIOUS METALS,NATURAL RESOURCES,FutOnly,0,0,,,0,0,0,,,0
230905088691F,GOLD - COMMODITY EXCHANGE INC.,2023-09-05T00:00:00.000,2023 Report Week 36,GOLD,088691,CMX ,NYC,088 ,GOLD,438672,17994,42368,81715,215580,11747,120222,69857,33104,115580,27939,12344,392706,412939,45966,25733,438672,17994,42368,81715,215580,11747,120222,69857,33104,115580,27939,12344,392706,412939,45966,25733,0,0,0,0,0,0,0,0,0,0,0,0,0,0,0,0,-4134,-2570,1337,-2044,11694,-2062,-387,-11510,-432,135,-3476,1027,-6333,-3422,2199,-712,100.0,4.1,9.7,18.6,49.1,2.7,27.4,15.9,7.5,26.3,6.4,2.8,89.5,94.1,10.5,5.9,100.0,4.1,9.7,18.6,49.1,2.7,27.4,15.9,7.5,26.3,6.4,2.8,89.5,94.1,10.5,5.9,100.0,0.0,0.0,0.0,0.0,0.0,0.0,0.0,0.0,0.0,0.0,0.0,0.0,0.0,0.0,0.0,304,17,24,31,87,23,34,249,176,304,17,24,31,87,23,34,249,176,0,0,0,0,0,0,0,0,0,0,0,0,0,0,16.7,34.3,27.2,52.4,16.7,32.2,26.8,47.9,16.7,34.3,27.2,52.4,16.7,32.2,26.8,47.9,0.0,0.0,0.0,0.0,0.0,0.0,0.0,0.0,(CONTRACTS OF 100 TROY OUNCES),N20,GOLD,PRECIOUS METALS,NATURAL RESOURCES,FutOnly,12,22,76,46,50,12,22,76,46,50
230829088695F,MICRO GOLD - COMMODITY EXCHANGE INC.,2023-08-29T00:00:00.000,2023 Report Week 35,MICRO GOLD,088695,CMX ,NYC,088 ,GOLD,30968,0,0,0,0,0,232,3077,7,12134,11645,3418,15791,18147,15177,12821,30968,0,0,0,0,0,232,3077,7,12134,11645,3418,15791,18147,15177,12821,0,0,0,0,0,0,0,0,0,0,0,0,0,0,0,0,,,,,,,,,,,,,,,,,100.0,0.0,0.0,0.0,0.0,0.0,0.7,9.9,0.0,39.2,37.6,11.0,51.0,58.6,49.0,41.4,100.0,0.0,0.0,0.0,0.0,0.0,0.7,9.9,0.0,39.2,37.6,11.0,51.0,58.6,49.0,41.4,100.0,0.0,0.0,0.0,0.0,0.0,0.0,0.0,0.0,0.0,0.0,0.0,0.0,0.0,0.0,0.0,20,0,0,0,8,9,8,12,17,20,0,0,0,8,9,8,12,17,0,0,0,0,0,0,0,0,0,0,0,0,0,0,40.4,33.9,48.9,51.6,33.3,31.4,39.2,45.0,40.4,33.9,48.9,51.6,33.3,31.4,39.2,45.0,0.0,0.0,0.0,0.0,0.0,0.0,0.0,0.0,(CONTRACTS OF 10 TROY OUNCES),N20,GOLD,PRECIOUS METALS,NATURAL RESOURCES,FutOnly,0,0,,,,0,0,,,
230829088691F,GOLD - COMMODITY EXCHANGE INC.,2023-08-29T00:00:00.000,2023 Report Week 35,GOLD,088691,CMX ,NYC,088 ,GOLD,442806,20564,41031,83759,203886,13809,120609,81367,33536,115445,31415,11317,399039,416361,43767,26445,442806,20564,41031,83759,203886,13809,120609,81367,33536,115445,31415,11317,399039,416361,43767,26445,0,0,0,0,0,0,0,0,0,0,0,0,0,0,0,0,12567,2226,5091,-3407,13286,1667,15524,-14609,1363,-5810,2997,2549,14112,12344,-1545,223,100.0,4.6,9.3,18.9,46.0,3.1,27.2,18.4,7.6,26.1,7.1,2.6,90.1,94.0,9.9,6.0,100.0,4.6,9.3,18.9,46.0,3.1,27.2,18.4,7.6,26.1,7.1,2.6,90.1,94.0,9.9,6.0,100.0,0.0,0.0,0.0,0.0,0.0,0.0,0.0,0.0,0.0,0.0,0.0,0.0,0.0,0.0,0.0,300,17,23,31,91,19,38,252,172,300,17,23,31,91,19,38,252,172,0,0,0,0,0,0,0,0,0,0,0,0,0,0,16.5,32.7,26.3,50.2,16.4,30.5,25.9,45.7,16.5,32.7,26.3,50.2,16.4,30.5,25.9,45.7,0.0,0.0,0.0,0.0,0.0,0.0,0.0,0.0,(CONTRACTS OF 100 TROY OUNCES),N20,GOLD,PRECIOUS METALS,NATURAL RESOURCES,FutOnly,12,23,79,39,49,12,23,79,39,49
230822088691F,GOLD - COMMODITY EXCHANGE INC.,2023-08-22T00:00:00.000,2023 Report Week 34,GOLD,088691,CMX ,NYC,088 ,GOLD,430239,18338,35940,87166,190600,12142,105085,95976,32173,121255,28418,8768,384927,404017,45312,26222,430239,18338,35940,87166,190600,12142,105085,95976,32173,121255,28418,8768,384927,404017,45312,26222,0,0,0,0,0,0,0,0,0,0,0,0,0,0,0,0,-3372,476,-3452,478,-16488,630,-8061,12366,1245,1323,86,-438,-4347,-6051,975,2679,100.0,4.3,8.4,20.3,44.3,2.8,24.4,22.3,7.5,28.2,6.6,2.0,89.5,93.9,10.5,6.1,100.0,4.3,8.4,20.3,44.3,2.8,24.4,22.3,7.5,28.2,6.6,2.0,89.5,93.9,10.5,6.1,100.0,0.0,0.0,0.0,0.0,0.0,0.0,0.0,0.0,0.0,0.0,0.0,0.0,0.0,0.0,0.0,308,15,22,32,93,20,32,248,179,308,15,22,32,93,20,32,248,179,0,0,0,0,0,0,0,0,0,0,0,0,0,0,16.4,31.9,26.1,49.7,16.3,29.7,25.3,44.9,16.4,31.9,26.1,49.7,16.3,29.7,25.3,44.9,0.0,0.0,0.0,0.0,0.0,0.0,0.0,0.0,(CONTRACTS OF 100 TROY OUNCES),N20,GOLD,PRECIOUS METALS,NATURAL RESOURCES,FutOnly,11,24,72,52,50,11,24,72,52,50
230815088691F,GOLD - COMMODITY EXCHANGE INC.,2023-08-15T00:00:00.000,2023 Report Week 33,GOLD,088691,CMX ,NYC,088 ,GOLD,433611,17862,39392,86688,207088,11512,113146,83610,30928,119932,28332,9206,389274,410068,44337,23543,433611,17862,39392,86688,207088,11512,113146,83610,30928,119932,28332,9206,389274,410068,44337,23543,0,0,0,0,0,0,0,0,0,0,0,0,0,0,0,0,5852,2451,-2469,-1496,-22200,1217,-1439,27631,975,5671,-1550,-868,6511,2736,-659,3116,100.0,4.1,9.1,20.0,47.8,2.7,26.1,19.3,7.1,27.7,6.5,2.1,89.8,94.6,10.2,5.4,100.0,4.1,9.1,20.0,47.8,2.7,26.1,19.3,7.1,27.7,6.5,2.1,89.8,94.6,10.2,5.4,100.0,0.0,0.0,0.0,0.0,0.0,0.0,0.0,0.0,0.0,0.0,0.0,0.0,0.0,0.0,0.0,302,11,21,30,91,19,30,249,171,302,11,21,30,91,19,30,249,171,0,0,0,0,0,0,0,0,0,0,0,0,0,0,16.7,33.7,26.3,49.8,16.7,31.6,25.7,45.6,16.7,33.7,26.3,49.8,16.7,31.6,25.7,45.6,0.0,0.0,0.0,0.0,0.0,0.0,0.0,0.0,(CONTRACTS OF 100 TROY OUNCES),N20,GOLD,PRECIOUS METALS,NATURAL RESOURCES,FutOnly,13,24,70,54,54,13,24,70,54,54
230808088691F,GOLD - COMMODITY EXCHANGE INC.,2023-08-08T00:00:00.000,2023 Report Week 32,GOLD,088691,CMX ,NYC,088 ,GOLD,427759,15411,41861,88184,229288,10295,114585,55979,29953,114261,29882,10074,382763,407332,44996,20427,427759,15411,41861,88184,229288,10295,114585,55979,29953,114261,29882,10074,382763,407332,44996,20427,0,0,0,0,0,0,0,0,0,0,0,0,0,0,0,0,-11624,-923,-4685,-168,-15697,-2629,-9217,12186,-76,-922,-386,569,-13366,-10718,1742,-906,100.0,3.6,9.8,20.6,53.6,2.4,26.8,13.1,7.0,26.7,7.0,2.4,89.5,95.2,10.5,4.8,100.0,3.6,9.8,20.6,53.6,2.4,26.8,13.1,7.0,26.7,7.0,2.4,89.5,95.2,10.5,4.8,100.0,0.0,0.0,0.0,0.0,0.0,0.0,0.0,0.0,0.0,0.0,0.0,0.0,0.0,0.0,0.0,296,15,24,24,80,23,30,239,166,296,15,24,24,80,23,30,239,166,0,0,0,0,0,0,0,0,0,0,0,0,0,0,16.8,37.5,26.0,52.7,16.8,35.4,25.3,48.9,16.8,37.5,26.0,52.7,16.8,35.4,25.3,48.9,0.0,0.0,0.0,0.0,0.0,0.0,0.0,0.0,(CONTRACTS OF 100 TROY OUNCES),N20,GOLD,PRECIOUS METALS,NATURAL RESOURCES,FutOnly,11,23,76,43,50,11,23,76,43,50
230801088691F,GOLD - COMMODITY EXCHANGE INC.,2023-08-01T00:00:00.000,2023 Report Week 31,GOLD,088691,CMX ,NYC,088 ,GOLD,439383,16334,46546,88352,244985,12924,123802,43793,30029,115183,30268,9505,396129,418050,43254,21333,439383,16334,46546,88352,244985,12924,123802,43793,30029,115183,30268,9505,396129,418050,43254,21333,0,0,0,0,0,0,0,0,0,0,0,0,0,0,0,0,-36793,-118,-8850,2299,-334,-10062,-8801,6477,-5469,-443,-7006,-10153,-32747,-35397,-4046,-1396,100.0,3.7,10.6,20.1,55.8,2.9,28.2,10.0,6.8,26.2,6.9,2.2,90.2,95.1,9.8,4.9,100.0,3.7,10.6,20.1,55.8,2.9,28.2,10.0,6.8,26.2,6.9,2.2,90.2,95.1,9.8,4.9,100.0,0.0,0.0,0.0,0.0,0.0,0.0,0.0,0.0,0.0,0.0,0.0,0.0,0.0,0.0,0.0,304,16,23,28,88,24,31,247,169,304,16,23,28,88,24,31,247,169,0,0,0,0,0,0,0,0,0,0,0,0,0,0,16.7,38.5,25.7,52.1,16.6,36.1,25.2,48.9,16.7,38.5,25.7,52.1,16.6,36.1,25.2,48.9,0.0,0.0,0.0,0.0,0.0,0.0,0.0,0.0,(CONTRACTS OF 100 TROY OUNCES),N20,GOLD,PRECIOUS METALS,NATURAL RESOURCES,FutOnly,11,23,77,43,48,11,23,77,43,48
230725088691F,GOLD - COMMODITY EXCHANGE INC.,2023-07-25T00:00:00.000,2023 Report Week 30,GOLD,088691,CMX ,NYC,088 ,GOLD,476176,16452,55396,86053,245319,22986,132603,37316,35498,115626,37274,19658,428876,453447,47300,22729,476176,16452,55396,86053,245319,22986,132603,37316,35498,115626,37274,19658,428876,453447,47300,22729,0,0,0,0,0,0,0,0,0,0,0,0,0,0,0,0,-5928,2171,1841,1126,-14049,6696,-15041,4990,2069,-470,-792,-3995,-7444,-3240,1516,-2688,100.0,3.5,11.6,18.1,51.5,4.8,27.8,7.8,7.5,24.3,7.8,4.1,90.1,95.2,9.9,4.8,100.0,3.5,11.6,18.1,51.5,4.8,27.8,7.8,7.5,24.3,7.8,4.1,90.1,95.2,9.9,4.8,100.0,0.0,0.0,0.0,0.0,0.0,0.0,0.0,0.0,0.0,0.0,0.0,0.0,0.0,0.0,0.0,314,17,26,33,79,36,35,254,181,314,17,26,33,79,36,35,254,181,0,0,0,0,0,0,0,0,0,0,0,0,0,0,15.9,36.7,24.9,48.8,15.9,34.8,24.1,46.4,15.9,36.7,24.9,48.8,15.9,34.8,24.1,46.4,0.0,0.0,0.0,0.0,0.0,0.0,0.0,0.0,(CONTRACTS OF 100 TROY OUNCES),N20,GOLD,PRECIOUS METALS,NATURAL RESOURCES,FutOnly,9,21,89,36,49,9,21,89,36,49
230718088691F,GOLD - COMMODITY EXCHANGE INC.,2023-07-18T00:00:00.000,2023 Report Week 29,GOLD,088691,CMX ,NYC,088 ,GOLD,482104,14281,53555,84927,259368,16290,147644,32326,33429,116096,38066,23653,436320,456687,45784,25417,482104,14281,53555,84927,259368,16290,147644,32326,33429,116096,38066,23653,436320,456687,45784,25417,0,0,0,0,0,0,0,0,0,0,0,0,0,0,0,0,-1066,1219,11419,-4566,11200,4055,23250,-9625,-8035,-56,5225,-16099,-232,-1860,-834,794,100.0,3.0,11.1,17.6,53.8,3.4,30.6,6.7,6.9,24.1,7.9,4.9,90.5,94.7,9.5,5.3,100.0,3.0,11.1,17.6,53.8,3.4,30.6,6.7,6.9,24.1,7.9,4.9,90.5,94.7,9.5,5.3,100.0,0.0,0.0,0.0,0.0,0.0,0.0,0.0,0.0,0.0,0.0,0.0,0.0,0.0,0.0,0.0,310,17,26,28,84,30,34,255,175,310,17,26,28,84,30,34,255,175,0,0,0,0,0,0,0,0,0,0,0,0,0,0,15.6,37.0,24.3,49.5,15.6,35.6,24.0,47.7,15.6,37.0,24.3,49.5,15.6,35.6,24.0,47.7,0.0,0.0,0.0,0.0,0.0,0.0,0.0,0.0,(CONTRACTS OF 100 TROY OUNCES),N20,GOLD,PRECIOUS METALS,NATURAL RESOURCES,FutOnly,12,20,95,30,51,12,20,95,30,51
230711088691F,GOLD - COMMODITY EXCHANGE INC.,2023-07-11T00:00:00.000,2023 Report Week 28,GOLD,088691,CMX ,NYC,088 ,GOLD,483170,13062,42136,89493,248168,12235,124394,41951,41464,116152,32841,39752,436552,458547,46618,24623,483170,13062,42136,89493,248168,12235,124394,41951,41464,116152,32841,39752,436552,458547,46618,24623,0,0,0,0,0,0,0,0,0,0,0,0,0,0,0,0,35107,-904,745,-961,422,1750,1377,2082,8741,4088,726,19888,33979,34354,1128,753,100.0,2.7,8.7,18.5,51.4,2.5,25.7,8.7,8.6,24.0,6.8,8.2,90.4,94.9,9.6,5.1,100.0,2.7,8.7,18.5,51.4,2.5,25.7,8.7,8.6,24.0,6.8,8.2,90.4,94.9,9.6,5.1,100.0,0.0,0.0,0.0,0.0,0.0,0.0,0.0,0.0,0.0,0.0,0.0,0.0,0.0,0.0,0.0,299,13,25,26,79,27,33,248,160,299,13,25,26,79,27,33,248,160,0,0,0,0,0,0,0,0,0,0,0,0,0,0,16.1,34.7,25.4,48.2,15.5,33.8,24.1,46.4,16.1,34.7,25.4,48.2,15.5,33.8,24.1,46.4,0.0,0.0,0.0,0.0,0.0,0.0,0.0,0.0,(CONTRACTS OF 100 TROY OUNCES),N20,GOLD,PRECIOUS METALS,NATURAL RESOURCES,FutOnly,11,21,89,32,47,11,21,89,32,47
230703088691F,GOLD - COMMODITY EXCHANGE INC.,2023-07-03T00:00:00.000,2023 Report Week 27,GOLD,088691,CMX ,NYC,088 ,GOLD,448063,13966,41391,90454,247746,10485,123017,39869,32723,112064,32115,19864,402573,424193,45490,23870,448063,13966,41391,90454,247746,10485,123017,39869,32723,112064,32115,19864,402573,424193,45490,23870,0,0,0,0,0,0,0,0,0,0,0,0,0,0,0,0,16202,2573,3765,-4646,3544,-2076,14808,1335,1444,-608,1678,7259,18754,16949,-2552,-747,100.0,3.1,9.2,20.2,55.3,2.3,27.5,8.9,7.3,25.0,7.2,4.4,89.8,94.7,10.2,5.3,100.0,3.1,9.2,20.2,55.3,2.3,27.5,8.9,7.3,25.0,7.2,4.4,89.8,94.7,10.2,5.3,100.0,0.0,0.0,0.0,0.0,0.0,0.0,0.0,0.0,0.0,0.0,0.0,0.0,0.0,0.0,0.0,289,13,25,28,70,30,30,234,165,289,13,25,28,70,30,30,234,165,0,0,0,0,0,0,0,0,0,0,0,0,0,0,16.8,37.6,26.3,51.0,16.8,36.5,26.0,49.7,16.8,37.6,26.3,51.0,16.8,36.5,26.0,49.7,0.0,0.0,0.0,0.0,0.0,0.0,0.0,0.0,(CONTRACTS OF 100 TROY OUNCES),N20,GOLD,PRECIOUS METALS,NATURAL RESOURCES,FutOnly,12,21,82,37,47,12,21,82,37,47
230627088691F,GOLD - COMMODITY EXCHANGE INC.,2023-06-27T00:00:00.000,2023 Report Week 26,GOLD,088691,CMX ,NYC,088 ,GOLD,431861,11393,37626,95100,244202,12561,108209,38534,31279,112672,30437,12605,383819,407244,48042,24617,431861,11393,37626,95100,244202,12561,108209,38534,31279,112672,30437,12605,383819,407244,48042,24617,0,0,0,0,0,0,0,0,0,0,0,0,0,0,0,0,-6176,-2270,-2916,512,-10044,-607,-2105,4259,822,-6322,-1621,3154,-6816,-6953,640,777,100.0,2.6,8.7,22.0,56.5,2.9,25.1,8.9,7.2,26.1,7.0,2.9,88.9,94.3,11.1,5.7,100.0,2.6,8.7,22.0,56.5,2.9,25.1,8.9,7.2,26.1,7.0,2.9,88.9,94.3,11.1,5.7,100.0,0.0,0.0,0.0,0.0,0.0,0.0,0.0,0.0,0.0,0.0,0.0,0.0,0.0,0.0,0.0,286,11,23,28,75,25,32,240,166,286,11,23,28,75,25,32,240,166,0,0,0,0,0,0,0,0,0,0,0,0,0,0,17.7,39.3,27.6,53.5,17.7,38.5,27.5,52.2,17.7,39.3,27.6,53.5,17.7,38.5,27.5,52.2,0.0,0.0,0.0,0.0,0.0,0.0,0.0,0.0,(CONTRACTS OF 100 TROY OUNCES),N20,GOLD,PRECIOUS METALS,NATURAL RESOURCES,FutOnly,14,24,78,41,52,14,24,78,41,52
230620088691F,GOLD - COMMODITY EXCHANGE INC.,2023-06-20T00:00:00.000,2023 Report Week 25,GOLD,088691,CMX ,NYC,088 ,GOLD,438037,13663,40542,94588,254246,13168,110314,34275,30457,118994,32058,9451,390635,414197,47402,23840,438037,13663,40542,94588,254246,13168,110314,34275,30457,118994,32058,9451,390635,414197,47402,23840,0,0,0,0,0,0,0,0,0,0,0,0,0,0,0,0,5139,-562,-842,1003,1758,517,-198,-1594,3093,2189,819,648,6690,4399,-1551,740,100.0,3.1,9.3,21.6,58.0,3.0,25.2,7.8,7.0,27.2,7.3,2.2,89.2,94.6,10.8,5.4,100.0,3.1,9.3,21.6,58.0,3.0,25.2,7.8,7.0,27.2,7.3,2.2,89.2,94.6,10.8,5.4,100.0,0.0,0.0,0.0,0.0,0.0,0.0,0.0,0.0,0.0,0.0,0.0,0.0,0.0,0.0,0.0,308,18,23,29,80,30,31,251,173,308,18,23,29,80,30,31,251,173,0,0,0,0,0,0,0,0,0,0,0,0,0,0,17.3,40.1,26.9,54.2,17.3,39.1,26.8,52.6,17.3,40.1,26.9,54.2,17.3,39.1,26.8,52.6,0.0,0.0,0.0,0.0,0.0,0.0,0.0,0.0,(CONTRACTS OF 100 TROY OUNCES),N20,GOLD,PRECIOUS METALS,NATURAL RESOURCES,FutOnly,17,23,78,42,49,17,23,78,42,49
230613088691F,GOLD - COMMODITY EXCHANGE INC.,2023-06-13T00:00:00.000,2023 Report Week 24,GOLD,088691,CMX ,NYC,088 ,GOLD,432898,14225,41384,93585,252488,12651,110512,35869,27364,116805,31239,8803,383945,409798,48953,23100,432898,14225,41384,93585,252488,12651,110512,35869,27364,116805,31239,8803,383945,409798,48953,23100,0,0,0,0,0,0,0,0,0,0,0,0,0,0,0,0,-3403,365,-2254,2311,-7195,1422,-10473,8312,869,323,-3030,422,-4761,-1454,1358,-1949,100.0,3.3,9.6,21.6,58.3,2.9,25.5,8.3,6.3,27.0,7.2,2.0,88.7,94.7,11.3,5.3,100.0,3.3,9.6,21.6,58.3,2.9,25.5,8.3,6.3,27.0,7.2,2.0,88.7,94.7,11.3,5.3,100.0,0.0,0.0,0.0,0.0,0.0,0.0,0.0,0.0,0.0,0.0,0.0,0.0,0.0,0.0,0.0,298,15,23,29,73,27,33,244,171,298,15,23,29,73,27,33,244,171,0,0,0,0,0,0,0,0,0,0,0,0,0,0,17.5,40.6,27.1,54.8,17.5,39.7,27.1,53.3,17.5,40.6,27.1,54.8,17.5,39.7,27.1,53.3,0.0,0.0,0.0,0.0,0.0,0.0,0.0,0.0,(CONTRACTS OF 100 TROY OUNCES),N20,GOLD,PRECIOUS METALS,NATURAL RESOURCES,FutOnly,16,22,81,42,50,16,22,81,42,50
230606088691F,GOLD - COMMODITY EXCHANGE INC.,2023-06-06T00:00:00.000,2023 Report Week 23,GOLD,088691,CMX ,NYC,088 ,GOLD,436301,13860,43638,91274,259683,11229,120985,27557,26495,116482,34269,8381,388706,411252,47595,25049,436301,13860,43638,91274,259683,11229,120985,27557,26495,116482,34269,8381,388706,411252,47595,25049,0,0,0,0,0,0,0,0,0,0,0,0,0,0,0,0,-13214,1464,-130,-2060,7716,-16370,-1919,-8644,1593,2080,2480,-1986,-17198,-15341,3984,2127,100.0,3.2,10.0,20.9,59.5,2.6,27.7,6.3,6.1,26.7,7.9,1.9,89.1,94.3,10.9,5.7,100.0,3.2,10.0,20.9,59.5,2.6,27.7,6.3,6.1,26.7,7.9,1.9,89.1,94.3,10.9,5.7,100.0,0.0,0.0,0.0,0.0,0.0,0.0,0.0,0.0,0.0,0.0,0.0,0.0,0.0,0.0,0.0,296,16,23,30,70,37,29,239,165,296,16,23,30,70,37,29,239,165,0,0,0,0,0,0,0,0,0,0,0,0,0,0,17.6,41.1,26.9,54.4,17.6,40.5,26.8,53.4,17.6,41.1,26.9,54.4,17.6,40.5,26.8,53.4,0.0,0.0,0.0,0.0,0.0,0.0,0.0,0.0,(CONTRACTS OF 100 TROY OUNCES),N20,GOLD,PRECIOUS METALS,NATURAL RESOURCES,FutOnly,13,20,86,32,45,13,20,86,32,45
230530088691F,GOLD - COMMODITY EXCHANGE INC.,2023-05-30T00:00:00.000,2023 Report Week 22,GOLD,088691,CMX ,NYC,088 ,GOLD,449515,12396,43768,93334,251967,27599,122904,36201,24902,114402,31789,10367,405904,426593,43611,22922,449515,12396,43768,93334,251967,27599,122904,36201,24902,114402,31789,10367,405904,426593,43611,22922,0,0,0,0,0,0,0,0,0,0,0,0,0,0,0,0,-29565,-6039,-1092,-6403,-8368,2787,-5646,790,-2677,6803,-8217,-12674,-23849,-29451,-5716,-114,100.0,2.8,9.7,20.8,56.1,6.1,27.3,8.1,5.5,25.4,7.1,2.3,90.3,94.9,9.7,5.1,100.0,2.8,9.7,20.8,56.1,6.1,27.3,8.1,5.5,25.4,7.1,2.3,90.3,94.9,9.7,5.1,100.0,0.0,0.0,0.0,0.0,0.0,0.0,0.0,0.0,0.0,0.0,0.0,0.0,0.0,0.0,0.0,303,17,26,28,70,32,33,245,172,303,17,26,28,70,32,33,245,172,0,0,0,0,0,0,0,0,0,0,0,0,0,0,17.3,40.0,26.3,53.8,17.3,38.8,25.9,51.2,17.3,40.0,26.3,53.8,17.3,38.8,25.9,51.2,0.0,0.0,0.0,0.0,0.0,0.0,0.0,0.0,(CONTRACTS OF 100 TROY OUNCES),N20,GOLD,PRECIOUS METALS,NATURAL RESOURCES,FutOnly,15,21,88,32,47,15,21,88,32,47
230523088691F,GOLD - COMMODITY EXCHANGE INC.,2023-05-23T00:00:00.000,2023 Report Week 21,GOLD,088691,CMX ,NYC,088 ,GOLD,479080,18435,44860,99737,260335,24812,128550,35411,27579,107599,40006,23041,429753,456044,49327,23036,479080,18435,44860,99737,260335,24812,128550,35411,27579,107599,40006,23041,429753,456044,49327,23036,0,0,0,0,0,0,0,0,0,0,0,0,0,0,0,0,-42752,287,-7502,-236,-16981,4611,-11236,-392,-17438,-7865,373,-5350,-37227,-42679,-5525,-73,100.0,3.8,9.4,20.8,54.3,5.2,26.8,7.4,5.8,22.5,8.4,4.8,89.7,95.2,10.3,4.8,100.0,3.8,9.4,20.8,54.3,5.2,26.8,7.4,5.8,22.5,8.4,4.8,89.7,95.2,10.3,4.8,100.0,0.0,0.0,0.0,0.0,0.0,0.0,0.0,0.0,0.0,0.0,0.0,0.0,0.0,0.0,0.0,316,19,24,31,74,38,35,261,179,316,19,24,31,74,38,35,261,179,0,0,0,0,0,0,0,0,0,0,0,0,0,0,16.3,37.6,26.3,50.0,16.3,35.8,25.6,47.4,16.3,37.6,26.3,50.0,16.3,35.8,25.6,47.4,0.0,0.0,0.0,0.0,0.0,0.0,0.0,0.0,(CONTRACTS OF 100 TROY OUNCES),N20,GOLD,PRECIOUS METALS,NATURAL RESOURCES,FutOnly,13,21,98,30,53,13,21,98,30,53
230516088691F,GOLD - COMMODITY EXCHANGE INC.,2023-05-16T00:00:00.000,2023 Report Week 20,GOLD,088691,CMX ,NYC,088 ,GOLD,521832,18148,52362,99973,277316,20201,139786,35803,45017,115464,39633,28391,466980,498723,54852,23109,521832,18148,52362,99973,277316,20201,139786,35803,45017,115464,39633,28391,466980,498723,54852,23109,0,0,0,0,0,0,0,0,0,0,0,0,0,0,0,0,2881,-102,-2656,198,-8206,7241,-3677,3326,-2141,-7545,1452,6067,41,5083,2840,-2202,100.0,3.5,10.0,19.2,53.1,3.9,26.8,6.9,8.6,22.1,7.6,5.4,89.5,95.6,10.5,4.4,100.0,3.5,10.0,19.2,53.1,3.9,26.8,6.9,8.6,22.1,7.6,5.4,89.5,95.6,10.5,4.4,100.0,0.0,0.0,0.0,0.0,0.0,0.0,0.0,0.0,0.0,0.0,0.0,0.0,0.0,0.0,0.0,330,20,23,28,79,40,38,265,190,330,20,23,28,79,40,38,265,190,0,0,0,0,0,0,0,0,0,0,0,0,0,0,15.4,35.8,24.6,47.7,15.1,34.1,23.1,45.0,15.4,35.8,24.6,47.7,15.1,34.1,23.1,45.0,0.0,0.0,0.0,0.0,0.0,0.0,0.0,0.0,(CONTRACTS OF 100 TROY OUNCES),N20,GOLD,PRECIOUS METALS,NATURAL RESOURCES,FutOnly,12,22,97,36,53,12,22,97,36,53
230509088691F,GOLD - COMMODITY EXCHANGE INC.,2023-05-09T00:00:00.000,2023 Report Week 19,GOLD,088691,CMX ,NYC,088 ,GOLD,518951,18250,55018,99775,285522,12960,143463,32477,47158,123009,38181,22324,466939,493640,52012,25311,518951,18250,55018,99775,285522,12960,143463,32477,47158,123009,38181,22324,466939,493640,52012,25311,0,0,0,0,0,0,0,0,0,0,0,0,0,0,0,0,25147,-512,725,1450,5144,2596,272,3076,15308,3787,736,-2264,20637,25321,4510,-174,100.0,3.5,10.6,19.2,55.0,2.5,27.6,6.3,9.1,23.7,7.4,4.3,90.0,95.1,10.0,4.9,100.0,3.5,10.6,19.2,55.0,2.5,27.6,6.3,9.1,23.7,7.4,4.3,90.0,95.1,10.0,4.9,100.0,0.0,0.0,0.0,0.0,0.0,0.0,0.0,0.0,0.0,0.0,0.0,0.0,0.0,0.0,0.0,337,16,24,25,89,44,37,271,184,337,16,24,25,89,44,37,271,184,0,0,0,0,0,0,0,0,0,0,0,0,0,0,16.2,36.4,26.0,49.3,15.2,34.5,23.4,45.7,16.2,36.4,26.0,49.3,15.2,34.5,23.4,45.7,0.0,0.0,0.0,0.0,0.0,0.0,0.0,0.0,(CONTRACTS OF 100 TROY OUNCES),N20,GOLD,PRECIOUS METALS,NATURAL RESOURCES,FutOnly,10,21,99,34,51,10,21,99,34,51
230502088691F,GOLD - COMMODITY EXCHANGE INC.,2023-05-02T00:00:00.000,2023 Report Week 18,GOLD,088691,CMX ,NYC,088 ,GOLD,493804,18762,54293,98325,280378,10364,143191,29401,31850,119222,37445,24588,446302,468319,47502,25485,493804,18762,54293,98325,280378,10364,143191,29401,31850,119222,37445,24588,446302,468319,47502,25485,0,0,0,0,0,0,0,0,0,0,0,0,0,0,0,0,20595,1219,1730,1169,6314,545,7212,-3775,4143,2015,2699,7838,24141,19494,-3546,1101,100.0,3.8,11.0,19.9,56.8,2.1,29.0,6.0,6.4,24.1,7.6,5.0,90.4,94.8,9.6,5.2,100.0,3.8,11.0,19.9,56.8,2.1,29.0,6.0,6.4,24.1,7.6,5.0,90.4,94.8,9.6,5.2,100.0,0.0,0.0,0.0,0.0,0.0,0.0,0.0,0.0,0.0,0.0,0.0,0.0,0.0,0.0,0.0,332,17,23,26,86,43,40,275,174,332,17,23,26,86,43,40,275,174,0,0,0,0,0,0,0,0,0,0,0,0,0,0,15.5,37.8,24.6,49.7,15.5,35.7,24.1,47.4,15.5,37.8,24.6,49.7,15.5,35.7,24.1,47.4,0.0,0.0,0.0,0.0,0.0,0.0,0.0,0.0,(CONTRACTS OF 100 TROY OUNCES),N20,GOLD,PRECIOUS METALS,NATURAL RESOURCES,FutOnly,10,21,103,29,46,10,21,103,29,46
230502088695F,MICRO GOLD - COMMODITY EXCHANGE INC.,2023-05-02T00:00:00.000,2023 Report Week 18,MICRO GOLD,088695,CMX ,NYC,088 ,GOLD,24422,0,398,0,0,0,318,353,0,6598,3983,3420,10336,8154,14086,16268,24422,0,398,0,0,0,318,353,0,6598,3983,3420,10336,8154,14086,16268,0,0,0,0,0,0,0,0,0,0,0,0,0,0,0,0,642,0,45,0,0,0,23,353,0,1359,-792,315,1697,-79,-1055,721,100.0,0.0,1.6,0.0,0.0,0.0,1.3,1.4,0.0,27.0,16.3,14.0,42.3,33.4,57.7,66.6,100.0,0.0,1.6,0.0,0.0,0.0,1.3,1.4,0.0,27.0,16.3,14.0,42.3,33.4,57.7,66.6,100.0,0.0,0.0,0.0,0.0,0.0,0.0,0.0,0.0,0.0,0.0,0.0,0.0,0.0,0.0,0.0,21,,0,0,10,8,6,13,14,21,,0,0,10,8,6,13,14,0,0,0,0,0,0,0,0,0,0,0,0,0,0,27.4,19.2,37.1,28.4,18.6,12.9,25.7,17.5,27.4,19.2,37.1,28.4,18.6,12.9,25.7,17.5,0.0,0.0,0.0,0.0,0.0,0.0,0.0,0.0,(CONTRACTS OF 10 TROY OUNCES),N20,GOLD,PRECIOUS METALS,NATURAL RESOURCES,FutOnly,0,0,,,0,0,0,,,0
230425088691F,GOLD - COMMODITY EXCHANGE INC.,2023-04-25T00:00:00.000,2023 Report Week 17,GOLD,088691,CMX ,NYC,088 ,GOLD,473209,17543,52563,97156,274064,9819,135979,33176,27707,117207,34746,16750,422161,448825,51048,24384,473209,17543,52563,97156,274064,9819,135979,33176,27707,117207,34746,16750,422161,448825,51048,24384,0,0,0,0,0,0,0,0,0,0,0,0,0,0,0,0,-9045,196,1272,97,-5476,729,-1191,-1298,-3339,-5684,-948,-254,-9446,-9314,401,269,100.0,3.7,11.1,20.5,57.9,2.1,28.7,7.0,5.9,24.8,7.3,3.5,89.2,94.8,10.8,5.2,100.0,3.7,11.1,20.5,57.9,2.1,28.7,7.0,5.9,24.8,7.3,3.5,89.2,94.8,10.8,5.2,100.0,0.0,0.0,0.0,0.0,0.0,0.0,0.0,0.0,0.0,0.0,0.0,0.0,0.0,0.0,0.0,315,15,22,25,85,39,33,255,167,315,15,22,25,85,39,33,255,167,0,0,0,0,0,0,0,0,0,0,0,0,0,0,15.7,38.6,25.3,51.5,15.7,36.8,24.5,49.2,15.7,38.6,25.3,51.5,15.7,36.8,24.5,49.2,0.0,0.0,0.0,0.0,0.0,0.0,0.0,0.0,(CONTRACTS OF 100 TROY OUNCES),N20,GOLD,PRECIOUS METALS,NATURAL RESOURCES,FutOnly,11,21,93,29,44,11,21,93,29,44
230425088695F,MICRO GOLD - COMMODITY EXCHANGE INC.,2023-04-25T00:00:00.000,2023 Report Week 17,MICRO GOLD,088695,CMX ,NYC,088 ,GOLD,23780,0,353,0,0,0,295,0,0,5239,4775,3105,8639,8233,15141,15547,23780,0,353,0,0,0,295,0,0,5239,4775,3105,8639,8233,15141,15547,0,0,0,0,0,0,0,0,0,0,0,0,0,0,0,0,,,,,,,,,,,,,,,,,100.0,0.0,1.5,0.0,0.0,0.0,1.2,0.0,0.0,22.0,20.1,13.1,36.3,34.6,63.7,65.4,100.0,0.0,1.5,0.0,0.0,0.0,1.2,0.0,0.0,22.0,20.1,13.1,36.3,34.6,63.7,65.4,100.0,0.0,0.0,0.0,0.0,0.0,0.0,0.0,0.0,0.0,0.0,0.0,0.0,0.0,0.0,0.0,20,,0,0,9,8,7,14,13,20,,0,0,9,8,7,14,13,0,0,0,0,0,0,0,0,0,0,0,0,0,0,18.8,22.9,28.1,29.7,15.8,16.3,21.7,20.7,18.8,22.9,28.1,29.7,15.8,16.3,21.7,20.7,0.0,0.0,0.0,0.0,0.0,0.0,0.0,0.0,(CONTRACTS OF 10 TROY OUNCES),N20,GOLD,PRECIOUS METALS,NATURAL RESOURCES,FutOnly,0,0,,0,0,0,0,,0,0
230418088691F,GOLD - COMMODITY EXCHANGE INC.,2023-04-18T00:00:00.000,2023 Report Week 16,GOLD,088691,CMX ,NYC,088 ,GOLD,482254,17347,51291,97059,279540,9090,137170,34474,31046,122891,35694,17004,431607,458139,50647,24115,482254,17347,51291,97059,279540,9090,137170,34474,31046,122891,35694,17004,431607,458139,50647,24115,0,0,0,0,0,0,0,0,0,0,0,0,0,0,0,0,5687,831,-158,1242,2108,1713,2155,4065,-1393,-2259,-1317,1853,4142,6871,1545,-1184,100.0,3.6,10.6,20.1,58.0,1.9,28.4,7.1,6.4,25.5,7.4,3.5,89.5,95.0,10.5,5.0,100.0,3.6,10.6,20.1,58.0,1.9,28.4,7.1,6.4,25.5,7.4,3.5,89.5,95.0,10.5,5.0,100.0,0.0,0.0,0.0,0.0,0.0,0.0,0.0,0.0,0.0,0.0,0.0,0.0,0.0,0.0,0.0,319,16,21,26,83,37,34,257,173,319,16,21,26,83,37,34,257,173,0,0,0,0,0,0,0,0,0,0,0,0,0,0,15.4,38.4,24.9,51.1,15.4,36.5,24.2,48.8,15.4,38.4,24.9,51.1,15.4,36.5,24.2,48.8,0.0,0.0,0.0,0.0,0.0,0.0,0.0,0.0,(CONTRACTS OF 100 TROY OUNCES),N20,GOLD,PRECIOUS METALS,NATURAL RESOURCES,FutOnly,12,22,93,35,47,12,22,93,35,47
230411088691F,GOLD - COMMODITY EXCHANGE INC.,2023-04-11T00:00:00.000,2023 Report Week 15,GOLD,088691,CMX ,NYC,088 ,GOLD,476567,16516,51449,95817,277432,7377,135015,30409,32439,125150,37011,15151,427465,451268,49102,25299,476567,16516,51449,95817,277432,7377,135015,30409,32439,125150,37011,15151,427465,451268,49102,25299,0,0,0,0,0,0,0,0,0,0,0,0,0,0,0,0,-25,753,-253,2354,1658,-266,-7333,-1808,746,1334,-1720,2025,-387,382,362,-407,100.0,3.5,10.8,20.1,58.2,1.5,28.3,6.4,6.8,26.3,7.8,3.2,89.7,94.7,10.3,5.3,100.0,3.5,10.8,20.1,58.2,1.5,28.3,6.4,6.8,26.3,7.8,3.2,89.7,94.7,10.3,5.3,100.0,0.0,0.0,0.0,0.0,0.0,0.0,0.0,0.0,0.0,0.0,0.0,0.0,0.0,0.0,0.0,329,16,25,28,88,37,33,269,172,329,16,25,28,88,37,33,269,172,0,0,0,0,0,0,0,0,0,0,0,0,0,0,15.5,38.1,25.1,50.9,15.5,36.3,24.5,48.8,15.5,38.1,25.1,50.9,15.5,36.3,24.5,48.8,0.0,0.0,0.0,0.0,0.0,0.0,0.0,0.0,(CONTRACTS OF 100 TROY OUNCES),N20,GOLD,PRECIOUS METALS,NATURAL RESOURCES,FutOnly,12,20,102,29,47,12,20,102,29,47
230404088691F,GOLD - COMMODITY EXCHANGE INC.,2023-04-04T00:00:00.000,2023 Report Week 14,GOLD,088691,CMX ,NYC,088 ,GOLD,476592,15763,51702,93463,275774,7643,142348,32217,31693,123816,38731,13126,427852,450886,48740,25706,476592,15763,51702,93463,275774,7643,142348,32217,31693,123816,38731,13126,427852,450886,48740,25706,0,0,0,0,0,0,0,0,0,0,0,0,0,0,0,0,-2019,54,-8336,307,25439,-15278,11818,847,-10950,9211,6596,1467,-3371,-215,1352,-1804,100.0,3.3,10.8,19.6,57.9,1.6,29.9,6.8,6.6,26.0,8.1,2.8,89.8,94.6,10.2,5.4,100.0,3.3,10.8,19.6,57.9,1.6,29.9,6.8,6.6,26.0,8.1,2.8,89.8,94.6,10.2,5.4,100.0,0.0,0.0,0.0,0.0,0.0,0.0,0.0,0.0,0.0,0.0,0.0,0.0,0.0,0.0,0.0,334,18,25,27,89,38,30,271,170,334,18,25,27,89,38,30,271,170,0,0,0,0,0,0,0,0,0,0,0,0,0,0,15.6,36.5,25.1,48.8,15.6,34.7,24.4,46.8,15.6,36.5,25.1,48.8,15.6,34.7,24.4,46.8,0.0,0.0,0.0,0.0,0.0,0.0,0.0,0.0,(CONTRACTS OF 100 TROY OUNCES),N20,GOLD,PRECIOUS METALS,NATURAL RESOURCES,FutOnly,13,20,106,26,46,13,20,106,26,46
230328088691F,GOLD - COMMODITY EXCHANGE INC.,2023-03-28T00:00:00.000,2023 Report Week 13,GOLD,088691,CMX ,NYC,088 ,GOLD,478611,15709,60038,93156,250335,22921,130530,31370,42643,114605,32135,11659,431223,451101,47388,27510,478611,15709,60038,93156,250335,22921,130530,31370,42643,114605,32135,11659,431223,451101,47388,27510,0,0,0,0,0,0,0,0,0,0,0,0,0,0,0,0,8737,1207,4250,-1815,13082,10716,5440,-12491,-2364,1804,-3290,-6015,8973,3888,-236,4849,100.0,3.3,12.5,19.5,52.3,4.8,27.3,6.6,8.9,23.9,6.7,2.4,90.1,94.3,9.9,5.7,100.0,3.3,12.5,19.5,52.3,4.8,27.3,6.6,8.9,23.9,6.7,2.4,90.1,94.3,9.9,5.7,100.0,0.0,0.0,0.0,0.0,0.0,0.0,0.0,0.0,0.0,0.0,0.0,0.0,0.0,0.0,0.0,302,19,23,28,79,31,31,262,160,302,19,23,28,79,31,31,262,160,0,0,0,0,0,0,0,0,0,0,0,0,0,0,16.0,36.6,25.8,50.2,16.0,32.9,24.9,45.4,16.0,36.6,25.8,50.2,16.0,32.9,24.9,45.4,0.0,0.0,0.0,0.0,0.0,0.0,0.0,0.0,(CONTRACTS OF 100 TROY OUNCES),N20,GOLD,PRECIOUS METALS,NATURAL RESOURCES,FutOnly,12,18,97,24,54,12,18,97,24,54
230321088691F,GOLD - COMMODITY EXCHANGE INC.,2023-03-21T00:00:00.000,2023 Report Week 12,GOLD,088691,CMX ,NYC,088 ,GOLD,469874,14502,55788,94971,237253,12205,125090,43861,45007,112801,35425,17674,422250,447213,47624,22661,469874,14502,55788,94971,237253,12205,125090,43861,45007,112801,35425,17674,422250,447213,47624,22661,0,0,0,0,0,0,0,0,0,0,0,0,0,0,0,0,10810,2900,8119,-5490,17419,1811,6530,-14978,876,538,3772,-2184,4981,14835,5829,-4025,100.0,3.1,11.9,20.2,50.5,2.6,26.6,9.3,9.6,24.0,7.5,3.8,89.9,95.2,10.1,4.8,100.0,3.1,11.9,20.2,50.5,2.6,26.6,9.3,9.6,24.0,7.5,3.8,89.9,95.2,10.1,4.8,100.0,0.0,0.0,0.0,0.0,0.0,0.0,0.0,0.0,0.0,0.0,0.0,0.0,0.0,0.0,0.0,304,18,23,34,78,34,39,263,176,304,18,23,34,78,34,39,263,176,0,0,0,0,0,0,0,0,0,0,0,0,0,0,16.5,33.3,26.6,48.7,16.5,31.7,25.7,44.5,16.5,33.3,26.6,48.7,16.5,31.7,25.7,44.5,0.0,0.0,0.0,0.0,0.0,0.0,0.0,0.0,(CONTRACTS OF 100 TROY OUNCES),N20,GOLD,PRECIOUS METALS,NATURAL RESOURCES,FutOnly,9,21,92,29,56,9,21,92,29,56
230321088695F,MICRO GOLD - COMMODITY EXCHANGE INC.,2023-03-21T00:00:00.000,2023 Report Week 12,MICRO GOLD,088695,CMX ,NYC,088 ,GOLD,25449,0,285,0,0,0,285,324,0,7502,7667,2823,10610,11099,14839,14350,25449,0,285,0,0,0,285,324,0,7502,7667,2823,10610,11099,14839,14350,0,0,0,0,0,0,0,0,0,0,0,0,0,0,0,0,,,,,,,,,,,,,,,,,100.0,0.0,1.1,0.0,0.0,0.0,1.1,1.3,0.0,29.5,30.1,11.1,41.7,43.6,58.3,56.4,100.0,0.0,1.1,0.0,0.0,0.0,1.1,1.3,0.0,29.5,30.1,11.1,41.7,43.6,58.3,56.4,100.0,0.0,0.0,0.0,0.0,0.0,0.0,0.0,0.0,0.0,0.0,0.0,0.0,0.0,0.0,0.0,26,,0,0,12,10,7,15,18,26,,0,0,12,10,7,15,18,0,0,0,0,0,0,0,0,0,0,0,0,0,0,25.8,23.2,34.5,32.1,18.5,21.4,26.1,28.1,25.8,23.2,34.5,32.1,18.5,21.4,26.1,28.1,0.0,0.0,0.0,0.0,0.0,0.0,0.0,0.0,(CONTRACTS OF 10 TROY OUNCES),N20,GOLD,PRECIOUS METALS,NATURAL RESOURCES,FutOnly,0,0,,,0,0,0,,,0
230314088691F,GOLD - COMMODITY EXCHANGE INC.,2023-03-14T00:00:00.000,2023 Report Week 11,GOLD,088691,CMX ,NYC,088 ,GOLD,459064,11602,47669,100461,219834,10394,118560,58839,44131,112263,31653,19858,417269,432378,41795,26686,459064,11602,47669,100461,219834,10394,118560,58839,44131,112263,31653,19858,417269,432378,41795,26686,0,0,0,0,0,0,0,0,0,0,0,0,0,0,0,0,590,-15,6453,5149,35201,-8071,15121,-30201,-1048,128,3593,-8829,2435,-2902,-1845,3492,100.0,2.5,10.4,21.9,47.9,2.3,25.8,12.8,9.6,24.5,6.9,4.3,90.9,94.2,9.1,5.8,100.0,2.5,10.4,21.9,47.9,2.3,25.8,12.8,9.6,24.5,6.9,4.3,90.9,94.2,9.1,5.8,100.0,0.0,0.0,0.0,0.0,0.0,0.0,0.0,0.0,0.0,0.0,0.0,0.0,0.0,0.0,0.0,310,15,25,34,86,29,40,266,176,310,15,25,34,86,29,40,266,176,0,0,0,0,0,0,0,0,0,0,0,0,0,0,16.3,33.4,26.7,49.4,16.1,31.1,25.5,45.7,16.3,33.4,26.7,49.4,16.1,31.1,25.5,45.7,0.0,0.0,0.0,0.0,0.0,0.0,0.0,0.0,(CONTRACTS OF 100 TROY OUNCES),N20,GOLD,PRECIOUS METALS,NATURAL RESOURCES,FutOnly,13,20,93,29,52,13,20,93,29,52
230307088691F,GOLD - COMMODITY EXCHANGE INC.,2023-03-07T00:00:00.000,2023 Report Week 10,GOLD,088691,CMX ,NYC,088 ,GOLD,458474,11617,41216,95312,184633,18465,103439,89040,45179,112135,28060,28687,414834,435280,43640,23194,458474,11617,41216,95312,184633,18465,103439,89040,45179,112135,28060,28687,414834,435280,43640,23194,0,0,0,0,0,0,0,0,0,0,0,0,0,0,0,0,31584,-1155,-779,1459,-7484,1699,4014,16190,5245,3141,1084,15499,29902,31454,1682,130,100.0,2.5,9.0,20.8,40.3,4.0,22.6,19.4,9.9,24.5,6.1,6.3,90.5,94.9,9.5,5.1,100.0,2.5,9.0,20.8,40.3,4.0,22.6,19.4,9.9,24.5,6.1,6.3,90.5,94.9,9.5,5.1,100.0,0.0,0.0,0.0,0.0,0.0,0.0,0.0,0.0,0.0,0.0,0.0,0.0,0.0,0.0,0.0,303,15,20,26,85,27,38,248,175,303,15,20,26,85,27,38,248,175,0,0,0,0,0,0,0,0,0,0,0,0,0,0,16.4,32.7,26.9,48.1,16.4,29.8,26.3,44.2,16.4,32.7,26.9,48.1,16.4,29.8,26.3,44.2,0.0,0.0,0.0,0.0,0.0,0.0,0.0,0.0,(CONTRACTS OF 100 TROY OUNCES),N20,GOLD,PRECIOUS METALS,NATURAL RESOURCES,FutOnly,9,24,79,42,52,9,24,79,42,52
230228088691F,GOLD - COMMODITY EXCHANGE INC.,2023-02-28T00:00:00.000,2023 Report Week 09,GOLD,088691,CMX ,NYC,088 ,GOLD,426890,12772,41995,93853,192117,16766,99425,72850,39934,108994,26976,13188,384932,403826,41958,23064,426890,12772,41995,93853,192117,16766,99425,72850,39934,108994,26976,13188,384932,403826,41958,23064,0,0,0,0,0,0,0,0,0,0,0,0,0,0,0,0,4242,2076,1516,2297,989,-22,-5285,4846,2751,3519,-8104,904,6240,2880,-1998,1362,100.0,3.0,9.8,22.0,45.0,3.9,23.3,17.1,9.4,25.5,6.3,3.1,90.2,94.6,9.8,5.4,100.0,3.0,9.8,22.0,45.0,3.9,23.3,17.1,9.4,25.5,6.3,3.1,90.2,94.6,9.8,5.4,100.0,0.0,0.0,0.0,0.0,0.0,0.0,0.0,0.0,0.0,0.0,0.0,0.0,0.0,0.0,0.0,285,14,23,25,78,24,33,242,158,285,14,23,25,78,24,33,242,158,0,0,0,0,0,0,0,0,0,0,0,0,0,0,17.2,35.3,28.3,53.1,17.2,32.3,27.2,48.2,17.2,35.3,28.3,53.1,17.2,32.3,27.2,48.2,0.0,0.0,0.0,0.0,0.0,0.0,0.0,0.0,(CONTRACTS OF 100 TROY OUNCES),N20,GOLD,PRECIOUS METALS,NATURAL RESOURCES,FutOnly,10,21,81,34,52,10,21,81,34,52
230221088691F,GOLD - COMMODITY EXCHANGE INC.,2023-02-21T00:00:00.000,2023 Report Week 08,GOLD,088691,CMX ,NYC,088 ,GOLD,422648,10696,40479,91556,191128,16788,104710,68004,37183,105475,35080,12284,378692,400946,43956,21702,422648,10696,40479,91556,191128,16788,104710,68004,37183,105475,35080,12284,378692,400946,43956,21702,0,0,0,0,0,0,0,0,0,0,0,0,0,0,0,0,-3468,-1529,-1639,-1304,-911,1061,-1396,3071,2136,1207,-4832,-2155,-1980,-3269,-1488,-199,100.0,2.5,9.6,21.7,45.2,4.0,24.8,16.1,8.8,25.0,8.3,2.9,89.6,94.9,10.4,5.1,100.0,2.5,9.6,21.7,45.2,4.0,24.8,16.1,8.8,25.0,8.3,2.9,89.6,94.9,10.4,5.1,100.0,0.0,0.0,0.0,0.0,0.0,0.0,0.0,0.0,0.0,0.0,0.0,0.0,0.0,0.0,0.0,291,19,24,25,72,27,26,247,161,291,19,24,25,72,27,26,247,161,0,0,0,0,0,0,0,0,0,0,0,0,0,0,17.1,34.9,28.3,52.6,16.9,31.9,26.4,47.7,17.1,34.9,28.3,52.6,16.9,31.9,26.4,47.7,0.0,0.0,0.0,0.0,0.0,0.0,0.0,0.0,(CONTRACTS OF 100 TROY OUNCES),N20,GOLD,PRECIOUS METALS,NATURAL RESOURCES,FutOnly,11,20,89,34,58,11,20,89,34,58
230214088691F,GOLD - COMMODITY EXCHANGE INC.,2023-02-14T00:00:00.000,2023 Report Week 07,GOLD,088691,CMX ,NYC,088 ,GOLD,426116,12225,42118,92860,192039,15727,106106,64933,35047,104268,39912,14439,380672,404215,45444,21901,426116,12225,42118,92860,192039,15727,106106,64933,35047,104268,39912,14439,380672,404215,45444,21901,0,0,0,0,0,0,0,0,0,0,0,0,0,0,0,0,-13639,-3026,-4115,2020,-20785,3016,-9415,8988,-645,-3509,1374,552,-11007,-11615,-2632,-2024,100.0,2.9,9.9,21.8,45.1,3.7,24.9,15.2,8.2,24.5,9.4,3.4,89.3,94.9,10.7,5.1,100.0,2.9,9.9,21.8,45.1,3.7,24.9,15.2,8.2,24.5,9.4,3.4,89.3,94.9,10.7,5.1,100.0,0.0,0.0,0.0,0.0,0.0,0.0,0.0,0.0,0.0,0.0,0.0,0.0,0.0,0.0,0.0,295,17,23,27,75,29,31,254,162,295,17,23,27,75,29,31,254,162,0,0,0,0,0,0,0,0,0,0,0,0,0,0,16.9,34.3,27.8,52.0,16.7,31.2,26.2,46.9,16.9,34.3,27.8,52.0,16.7,31.2,26.2,46.9,0.0,0.0,0.0,0.0,0.0,0.0,0.0,0.0,(CONTRACTS OF 100 TROY OUNCES),N20,GOLD,PRECIOUS METALS,NATURAL RESOURCES,FutOnly,11,21,87,35,55,11,21,87,35,55
230207088691F,GOLD - COMMODITY EXCHANGE INC.,2023-02-07T00:00:00.000,2023 Report Week 06,GOLD,088691,CMX ,NYC,088 ,GOLD,439755,15251,46233,90840,212824,12711,115521,55945,35692,107777,38538,13887,391679,415830,48076,23925,439755,15251,46233,90840,212824,12711,115521,55945,35692,107777,38538,13887,391679,415830,48076,23925,0,0,0,0,0,0,0,0,0,0,0,0,0,0,0,0,-31887,296,-5542,2082,-19634,-3723,-22604,2267,-960,-10515,-3920,-555,-35979,-32067,4092,180,100.0,3.5,10.5,20.7,48.4,2.9,26.3,12.7,8.1,24.5,8.8,3.2,89.1,94.6,10.9,5.4,100.0,3.5,10.5,20.7,48.4,2.9,26.3,12.7,8.1,24.5,8.8,3.2,89.1,94.6,10.9,5.4,100.0,0.0,0.0,0.0,0.0,0.0,0.0,0.0,0.0,0.0,0.0,0.0,0.0,0.0,0.0,0.0,293,14,24,27,74,29,28,252,153,293,14,24,27,74,29,28,252,153,0,0,0,0,0,0,0,0,0,0,0,0,0,0,16.8,34.0,27.3,51.7,16.6,31.0,25.9,46.8,16.8,34.0,27.3,51.7,16.6,31.0,25.9,46.8,0.0,0.0,0.0,0.0,0.0,0.0,0.0,0.0,(CONTRACTS OF 100 TROY OUNCES),N20,GOLD,PRECIOUS METALS,NATURAL RESOURCES,FutOnly,12,21,93,26,51,12,21,93,26,51
230131088691F,GOLD - COMMODITY EXCHANGE INC.,2023-01-31T00:00:00.000,2023 Report Week 05,GOLD,088691,CMX ,NYC,088 ,GOLD,471642,14955,51775,88758,232458,16434,138125,53678,36652,118292,42458,14442,427658,447897,43984,23745,471642,14955,51775,88758,232458,16434,138125,53678,36652,118292,42458,14442,427658,447897,43984,23745,0,0,0,0,0,0,0,0,0,0,0,0,0,0,0,0,-28285,2250,-2539,-3283,1472,-6239,6624,2056,-13492,-3518,-1558,-6731,-24389,-27031,-3896,-1254,100.0,3.2,11.0,18.8,49.3,3.5,29.3,11.4,7.8,25.1,9.0,3.1,90.7,95.0,9.3,5.0,100.0,3.2,11.0,18.8,49.3,3.5,29.3,11.4,7.8,25.1,9.0,3.1,90.7,95.0,9.3,5.0,100.0,0.0,0.0,0.0,0.0,0.0,0.0,0.0,0.0,0.0,0.0,0.0,0.0,0.0,0.0,0.0,302,18,28,26,71,34,29,253,157,302,18,28,26,71,34,29,253,157,0,0,0,0,0,0,0,0,0,0,0,0,0,0,15.6,31.7,25.7,49.4,15.4,28.4,25.0,44.8,15.6,31.7,25.7,49.4,15.4,28.4,25.0,44.8,0.0,0.0,0.0,0.0,0.0,0.0,0.0,0.0,(CONTRACTS OF 100 TROY OUNCES),N20,GOLD,PRECIOUS METALS,NATURAL RESOURCES,FutOnly,11,17,101,22,48,11,17,101,22,48
230124088691F,GOLD - COMMODITY EXCHANGE INC.,2023-01-24T00:00:00.000,2023 Report Week 04,GOLD,088691,CMX ,NYC,088 ,GOLD,499927,12705,54314,92041,230986,22673,131501,51622,50144,121810,44016,21173,452047,474928,47880,24999,499927,12705,54314,92041,230986,22673,131501,51622,50144,121810,44016,21173,452047,474928,47880,24999,0,0,0,0,0,0,0,0,0,0,0,0,0,0,0,0,8109,-2149,-4475,1543,8510,5211,7279,-3223,-5993,-842,5227,3308,8357,8565,-248,-456,100.0,2.5,10.9,18.4,46.2,4.5,26.3,10.3,10.0,24.4,8.8,4.2,90.4,95.0,9.6,5.0,100.0,2.5,10.9,18.4,46.2,4.5,26.3,10.3,10.0,24.4,8.8,4.2,90.4,95.0,9.6,5.0,100.0,0.0,0.0,0.0,0.0,0.0,0.0,0.0,0.0,0.0,0.0,0.0,0.0,0.0,0.0,0.0,315,17,29,28,81,41,40,268,176,315,17,29,28,81,41,40,268,176,0,0,0,0,0,0,0,0,0,0,0,0,0,0,15.3,30.8,25.4,47.2,15.1,28.1,24.5,43.6,15.3,30.8,25.4,47.2,15.1,28.1,24.5,43.6,0.0,0.0,0.0,0.0,0.0,0.0,0.0,0.0,(CONTRACTS OF 100 TROY OUNCES),N20,GOLD,PRECIOUS METALS,NATURAL RESOURCES,FutOnly,13,16,100,22,53,13,16,100,22,53
230124088695F,MICRO GOLD - COMMODITY EXCHANGE INC.,2023-01-24T00:00:00.000,2023 Report Week 04,MICRO GOLD,088695,CMX ,NYC,088 ,GOLD,31036,0,0,0,0,0,1328,0,0,10823,4275,6956,19107,11231,11929,19805,31036,0,0,0,0,0,1328,0,0,10823,4275,6956,19107,11231,11929,19805,0,0,0,0,0,0,0,0,0,0,0,0,0,0,0,0,,,,,,,,,,,,,,,,,100.0,0.0,0.0,0.0,0.0,0.0,4.3,0.0,0.0,34.9,13.8,22.4,61.6,36.2,38.4,63.8,100.0,0.0,0.0,0.0,0.0,0.0,4.3,0.0,0.0,34.9,13.8,22.4,61.6,36.2,38.4,63.8,100.0,0.0,0.0,0.0,0.0,0.0,0.0,0.0,0.0,0.0,0.0,0.0,0.0,0.0,0.0,0.0,21,0,0,0,12,7,8,15,14,21,0,0,0,12,7,8,15,14,0,0,0,0,0,0,0,0,0,0,0,0,0,0,38.6,21.3,52.4,29.8,30.0,11.9,36.5,13.8,38.6,21.3,52.4,29.8,30.0,11.9,36.5,13.8,0.0,0.0,0.0,0.0,0.0,0.0,0.0,0.0,(CONTRACTS OF 10 TROY OUNCES),N20,GOLD,PRECIOUS METALS,NATURAL RESOURCES,FutOnly,0,0,,0,0,0,0,,0,0
230117088691F,GOLD - COMMODITY EXCHANGE INC.,2023-01-17T00:00:00.000,2023 Report Week 03,GOLD,088691,CMX ,NYC,088 ,GOLD,491818,14854,58789,90498,222476,17462,124222,54845,56137,122652,38789,17865,443690,466363,48128,25455,491818,14854,58789,90498,222476,17462,124222,54845,56137,122652,38789,17865,443690,466363,48128,25455,0,0,0,0,0,0,0,0,0,0,0,0,0,0,0,0,10299,2611,-2157,2117,10320,6368,7618,50,5007,-4310,553,-10867,8544,9274,1755,1025,100.0,3.0,12.0,18.4,45.2,3.6,25.3,11.2,11.4,24.9,7.9,3.6,90.2,94.8,9.8,5.2,100.0,3.0,12.0,18.4,45.2,3.6,25.3,11.2,11.4,24.9,7.9,3.6,90.2,94.8,9.8,5.2,100.0,0.0,0.0,0.0,0.0,0.0,0.0,0.0,0.0,0.0,0.0,0.0,0.0,0.0,0.0,0.0,310,18,28,28,79,34,29,255,166,310,18,28,28,79,34,29,255,166,0,0,0,0,0,0,0,0,0,0,0,0,0,0,17.1,30.3,27.4,48.3,16.5,27.3,25.4,43.3,17.1,30.3,27.4,48.3,16.5,27.3,25.4,43.3,0.0,0.0,0.0,0.0,0.0,0.0,0.0,0.0,(CONTRACTS OF 100 TROY OUNCES),N20,GOLD,PRECIOUS METALS,NATURAL RESOURCES,FutOnly,12,18,95,26,48,12,18,95,26,48
230110088691F,GOLD - COMMODITY EXCHANGE INC.,2023-01-10T00:00:00.000,2023 Report Week 02,GOLD,088691,CMX ,NYC,088 ,GOLD,481519,12243,60946,88381,212156,11094,116604,54795,51130,126962,38236,28732,435146,457089,46373,24430,481519,12243,60946,88381,212156,11094,116604,54795,51130,126962,38236,28732,435146,457089,46373,24430,0,0,0,0,0,0,0,0,0,0,0,0,0,0,0,0,32126,-974,3827,-2244,5459,1416,7464,236,4853,5301,3660,12274,28090,31725,4036,401,100.0,2.5,12.7,18.4,44.1,2.3,24.2,11.4,10.6,26.4,7.9,6.0,90.4,94.9,9.6,5.1,100.0,2.5,12.7,18.4,44.1,2.3,24.2,11.4,10.6,26.4,7.9,6.0,90.4,94.9,9.6,5.1,100.0,0.0,0.0,0.0,0.0,0.0,0.0,0.0,0.0,0.0,0.0,0.0,0.0,0.0,0.0,0.0,305,17,24,24,75,37,29,247,165,305,17,24,24,75,37,29,247,165,0,0,0,0,0,0,0,0,0,0,0,0,0,0,18.1,30.8,28.4,48.0,17.9,27.1,26.5,43.8,18.1,30.8,28.4,48.0,17.9,27.1,26.5,43.8,0.0,0.0,0.0,0.0,0.0,0.0,0.0,0.0,(CONTRACTS OF 100 TROY OUNCES),N20,GOLD,PRECIOUS METALS,NATURAL RESOURCES,FutOnly,9,18,102,27,47,9,18,102,27,47
230103088691F,GOLD - COMMODITY EXCHANGE INC.,2023-01-03T00:00:00.000,2023 Report Week 01,GOLD,088691,CMX ,NYC,088 ,GOLD,449393,13217,57119,90625,206697,9678,109140,54559,46277,121661,34576,16458,407056,425364,42337,24029,449393,13217,57119,90625,206697,9678,109140,54559,46277,121661,34576,16458,407056,425364,42337,24029,0,0,0,0,0,0,0,0,0,0,0,0,0,0,0,0,9353,-733,777,-706,3982,-1785,2157,-1547,2766,-881,-1963,5622,6440,7852,2913,1501,100.0,2.9,12.7,20.2,46.0,2.2,24.3,12.1,10.3,27.1,7.7,3.7,90.6,94.7,9.4,5.3,100.0,2.9,12.7,20.2,46.0,2.2,24.3,12.1,10.3,27.1,7.7,3.7,90.6,94.7,9.4,5.3,100.0,0.0,0.0,0.0,0.0,0.0,0.0,0.0,0.0,0.0,0.0,0.0,0.0,0.0,0.0,0.0,293,14,22,22,72,32,31,234,160,293,14,22,22,72,32,31,234,160,0,0,0,0,0,0,0,0,0,0,0,0,0,0,19.4,32.8,30.6,51.4,19.1,29.0,28.3,47.0,19.4,32.8,30.6,51.4,19.1,29.0,28.3,47.0,0.0,0.0,0.0,0.0,0.0,0.0,0.0,0.0,(CONTRACTS OF 100 TROY OUNCES),N20,GOLD,PRECIOUS METALS,NATURAL RESOURCES,FutOnly,11,19,92,31,43,11,19,92,31,43
221227088691F,GOLD - COMMODITY EXCHANGE INC.,2022-12-27T00:00:00.000,2022 Report Week 52,GOLD,088691,CMX ,NYC,088 ,GOLD,440040,13950,56342,91331,202715,11463,106983,56106,43511,122542,36539,10836,400616,417512,39424,22528,440040,13950,56342,91331,202715,11463,106983,56106,43511,122542,36539,10836,400616,417512,39424,22528,0,0,0,0,0,0,0,0,0,0,0,0,0,0,0,0,3387,90,4785,-853,5714,1042,2170,-9612,2181,1219,4969,-3190,2659,5889,728,-2502,100.0,3.2,12.8,20.8,46.1,2.6,24.3,12.8,9.9,27.8,8.3,2.5,91.0,94.9,9.0,5.1,100.0,3.2,12.8,20.8,46.1,2.6,24.3,12.8,9.9,27.8,8.3,2.5,91.0,94.9,9.0,5.1,100.0,0.0,0.0,0.0,0.0,0.0,0.0,0.0,0.0,0.0,0.0,0.0,0.0,0.0,0.0,0.0,284,14,24,22,70,30,25,225,152,284,14,24,22,70,30,25,225,152,0,0,0,0,0,0,0,0,0,0,0,0,0,0,19.6,32.7,31.1,51.9,19.5,28.9,28.7,47.2,19.6,32.7,31.1,51.9,19.5,28.9,28.7,47.2,0.0,0.0,0.0,0.0,0.0,0.0,0.0,0.0,(CONTRACTS OF 100 TROY OUNCES),N20,GOLD,PRECIOUS METALS,NATURAL RESOURCES,FutOnly,11,20,86,32,41,11,20,86,32,41
221220088691F,GOLD - COMMODITY EXCHANGE INC.,2022-12-20T00:00:00.000,2022 Report Week 51,GOLD,088691,CMX ,NYC,088 ,GOLD,436653,13860,51557,92184,197001,10421,104813,65718,41330,121323,31570,14026,397957,411623,38696,25030,436653,13860,51557,92184,197001,10421,104813,65718,41330,121323,31570,14026,397957,411623,38696,25030,0,0,0,0,0,0,0,0,0,0,0,0,0,0,0,0,-387,102,956,-2045,1086,-1500,1076,-570,1480,651,-902,-1538,-1774,-988,1387,601,100.0,3.2,11.8,21.1,45.1,2.4,24.0,15.1,9.5,27.8,7.2,3.2,91.1,94.3,8.9,5.7,100.0,3.2,11.8,21.1,45.1,2.4,24.0,15.1,9.5,27.8,7.2,3.2,91.1,94.3,8.9,5.7,100.0,0.0,0.0,0.0,0.0,0.0,0.0,0.0,0.0,0.0,0.0,0.0,0.0,0.0,0.0,0.0,286,14,24,22,70,31,23,224,150,286,14,24,22,70,31,23,224,150,0,0,0,0,0,0,0,0,0,0,0,0,0,0,19.8,33.3,31.4,52.3,19.7,29.5,29.1,47.9,19.8,33.3,31.4,52.3,19.7,29.5,29.1,47.9,0.0,0.0,0.0,0.0,0.0,0.0,0.0,0.0,(CONTRACTS OF 100 TROY OUNCES),N20,GOLD,PRECIOUS METALS,NATURAL RESOURCES,FutOnly,11,20,88,31,38,11,20,88,31,38
221213088691F,GOLD - COMMODITY EXCHANGE INC.,2022-12-13T00:00:00.000,2022 Report Week 50,GOLD,088691,CMX ,NYC,088 ,GOLD,437040,13758,50601,94229,195915,11921,103737,66288,39850,120672,32472,15564,399731,412611,37309,24429,437040,13758,50601,94229,195915,11921,103737,66288,39850,120672,32472,15564,399731,412611,37309,24429,0,0,0,0,0,0,0,0,0,0,0,0,0,0,0,0,14940,2046,936,1910,11470,-1626,10108,-3854,-1047,2829,6267,1196,15416,13342,-476,1598,100.0,3.1,11.6,21.6,44.8,2.7,23.7,15.2,9.1,27.6,7.4,3.6,91.5,94.4,8.5,5.6,100.0,3.1,11.6,21.6,44.8,2.7,23.7,15.2,9.1,27.6,7.4,3.6,91.5,94.4,8.5,5.6,100.0,0.0,0.0,0.0,0.0,0.0,0.0,0.0,0.0,0.0,0.0,0.0,0.0,0.0,0.0,0.0,297,13,24,23,74,35,30,235,161,297,13,24,23,74,35,30,235,161,0,0,0,0,0,0,0,0,0,0,0,0,0,0,20.0,32.6,31.6,51.2,19.7,28.5,29.1,46.6,20.0,32.6,31.6,51.2,19.7,28.5,29.1,46.6,0.0,0.0,0.0,0.0,0.0,0.0,0.0,0.0,(CONTRACTS OF 100 TROY OUNCES),N20,GOLD,PRECIOUS METALS,NATURAL RESOURCES,FutOnly,10,18,91,32,42,10,18,91,32,42
221206088691F,GOLD - COMMODITY EXCHANGE INC.,2022-12-06T00:00:00.000,2022 Report Week 49,GOLD,088691,CMX ,NYC,088 ,GOLD,422100,11712,49665,92319,184445,13547,93629,70142,40897,117843,26205,14368,384315,399269,37785,22831,422100,11712,49665,92319,184445,13547,93629,70142,40897,117843,26205,14368,384315,399269,37785,22831,0,0,0,0,0,0,0,0,0,0,0,0,0,0,0,0,-11561,-446,881,-6651,2868,-9509,5597,-3170,-808,-3286,359,-297,-15400,-9676,3839,-1885,100.0,2.8,11.8,21.9,43.7,3.2,22.2,16.6,9.7,27.9,6.2,3.4,91.0,94.6,9.0,5.4,100.0,2.8,11.8,21.9,43.7,3.2,22.2,16.6,9.7,27.9,6.2,3.4,91.0,94.6,9.0,5.4,100.0,0.0,0.0,0.0,0.0,0.0,0.0,0.0,0.0,0.0,0.0,0.0,0.0,0.0,0.0,0.0,283,15,21,23,71,31,28,221,161,283,15,21,23,71,31,28,221,161,0,0,0,0,0,0,0,0,0,0,0,0,0,0,20.9,33.5,32.6,53.6,20.5,29.2,30.2,48.7,20.9,33.5,32.6,53.6,20.5,29.2,30.2,48.7,0.0,0.0,0.0,0.0,0.0,0.0,0.0,0.0,(CONTRACTS OF 100 TROY OUNCES),N20,GOLD,PRECIOUS METALS,NATURAL RESOURCES,FutOnly,12,18,80,39,41,12,18,80,39,41
221129088691F,GOLD - COMMODITY EXCHANGE INC.,2022-11-29T00:00:00.000,2022 Report Week 48,GOLD,088691,CMX ,NYC,088 ,GOLD,433661,12158,48784,98970,181577,23056,88032,73312,41705,121129,25846,14665,399715,408945,33946,24716,433661,12158,48784,98970,181577,23056,88032,73312,41705,121129,25846,14665,399715,408945,33946,24716,0,0,0,0,0,0,0,0,0,0,0,0,0,0,0,0,-15881,-1975,-5743,2079,-4984,326,-4129,582,-3557,-994,405,-1281,-9531,-14252,-6350,-1629,100.0,2.8,11.2,22.8,41.9,5.3,20.3,16.9,9.6,27.9,6.0,3.4,92.2,94.3,7.8,5.7,100.0,2.8,11.2,22.8,41.9,5.3,20.3,16.9,9.6,27.9,6.0,3.4,92.2,94.3,7.8,5.7,100.0,0.0,0.0,0.0,0.0,0.0,0.0,0.0,0.0,0.0,0.0,0.0,0.0,0.0,0.0,0.0,274,13,22,26,74,27,29,221,156,274,13,22,26,74,27,29,221,156,0,0,0,0,0,0,0,0,0,0,0,0,0,0,20.7,32.8,32.3,52.3,19.6,27.4,29.6,46.2,20.7,32.8,32.3,52.3,19.6,27.4,29.6,46.2,0.0,0.0,0.0,0.0,0.0,0.0,0.0,0.0,(CONTRACTS OF 100 TROY OUNCES),N20,GOLD,PRECIOUS METALS,NATURAL RESOURCES,FutOnly,9,21,70,41,43,9,21,70,41,43
221122088691F,GOLD - COMMODITY EXCHANGE INC.,2022-11-22T00:00:00.000,2022 Report Week 47,GOLD,088691,CMX ,NYC,088 ,GOLD,449542,14133,54527,96891,186561,22730,92161,72730,45262,122123,25441,15946,409246,423197,40296,26345,449542,14133,54527,96891,186561,22730,92161,72730,45262,122123,25441,15946,409246,423197,40296,26345,0,0,0,0,0,0,0,0,0,0,0,0,0,0,0,0,-45629,-469,2943,3134,-4522,-3946,-2904,3122,-30566,-10094,-5964,-4107,-48952,-43040,3323,-2589,100.0,3.1,12.1,21.6,41.5,5.1,20.5,16.2,10.1,27.2,5.7,3.5,91.0,94.1,9.0,5.9,100.0,3.1,12.1,21.6,41.5,5.1,20.5,16.2,10.1,27.2,5.7,3.5,91.0,94.1,9.0,5.9,100.0,0.0,0.0,0.0,0.0,0.0,0.0,0.0,0.0,0.0,0.0,0.0,0.0,0.0,0.0,0.0,281,17,21,28,77,28,35,238,159,281,17,21,28,77,28,35,238,159,0,0,0,0,0,0,0,0,0,0,0,0,0,0,20.1,30.9,31.3,49.5,19.0,26.2,28.4,44.6,20.1,30.9,31.3,49.5,19.0,26.2,28.4,44.6,0.0,0.0,0.0,0.0,0.0,0.0,0.0,0.0,(CONTRACTS OF 100 TROY OUNCES),N20,GOLD,PRECIOUS METALS,NATURAL RESOURCES,FutOnly,12,21,72,37,45,12,21,72,37,45
221115088691F,GOLD - COMMODITY EXCHANGE INC.,2022-11-15T00:00:00.000,2022 Report Week 46,GOLD,088691,CMX ,NYC,088 ,GOLD,495171,14602,51584,93757,191083,26676,95065,69608,75828,132217,31405,20053,458198,466237,36973,28934,495171,14602,51584,93757,191083,26676,95065,69608,75828,132217,31405,20053,458198,466237,36973,28934,0,0,0,0,0,0,0,0,0,0,0,0,0,0,0,0,6700,-2136,16260,-1132,23636,12116,7006,-34797,6623,-2859,-4987,-11846,7772,7005,-1072,-305,100.0,2.9,10.4,18.9,38.6,5.4,19.2,14.1,15.3,26.7,6.3,4.0,92.5,94.2,7.5,5.8,100.0,2.9,10.4,18.9,38.6,5.4,19.2,14.1,15.3,26.7,6.3,4.0,92.5,94.2,7.5,5.8,100.0,0.0,0.0,0.0,0.0,0.0,0.0,0.0,0.0,0.0,0.0,0.0,0.0,0.0,0.0,0.0,316,22,24,27,86,35,47,265,189,316,22,24,27,86,35,47,265,189,0,0,0,0,0,0,0,0,0,0,0,0,0,0,19.9,26.8,30.9,46.6,17.1,22.8,25.3,39.5,19.9,26.8,30.9,46.6,17.1,22.8,25.3,39.5,0.0,0.0,0.0,0.0,0.0,0.0,0.0,0.0,(CONTRACTS OF 100 TROY OUNCES),N20,GOLD,PRECIOUS METALS,NATURAL RESOURCES,FutOnly,15,20,83,37,53,15,20,83,37,53
221115088695F,MICRO GOLD - COMMODITY EXCHANGE INC.,2022-11-15T00:00:00.000,2022 Report Week 46,MICRO GOLD,088695,CMX ,NYC,088 ,GOLD,28826,0,0,0,0,0,0,910,1,14438,11128,3761,18200,15800,10626,13026,28826,0,0,0,0,0,0,910,1,14438,11128,3761,18200,15800,10626,13026,0,0,0,0,0,0,0,0,0,0,0,0,0,0,0,0,,,,,,,,,,,,,,,,,100.0,0.0,0.0,0.0,0.0,0.0,0.0,3.2,0.0,50.1,38.6,13.0,63.1,54.8,36.9,45.2,100.0,0.0,0.0,0.0,0.0,0.0,0.0,3.2,0.0,50.1,38.6,13.0,63.1,54.8,36.9,45.2,100.0,0.0,0.0,0.0,0.0,0.0,0.0,0.0,0.0,0.0,0.0,0.0,0.0,0.0,0.0,0.0,22,0,0,0,9,10,8,13,18,22,0,0,0,9,10,8,13,18,0,0,0,0,0,0,0,0,0,0,0,0,0,0,51.5,36.6,59.6,45.3,44.6,34.5,49.3,38.6,51.5,36.6,59.6,45.3,44.6,34.5,49.3,38.6,0.0,0.0,0.0,0.0,0.0,0.0,0.0,0.0,(CONTRACTS OF 10 TROY OUNCES),N20,GOLD,PRECIOUS METALS,NATURAL RESOURCES,FutOnly,0,0,0,,,0,0,0,,
221108088691F,GOLD - COMMODITY EXCHANGE INC.,2022-11-08T00:00:00.000,2022 Report Week 45,GOLD,088691,CMX ,NYC,088 ,GOLD,488471,16738,35324,94889,167447,14560,88059,104405,69205,135076,36392,31899,450426,459232,38045,29239,488471,16738,35324,94889,167447,14560,88059,104405,69205,135076,36392,31899,450426,459232,38045,29239,0,0,0,0,0,0,0,0,0,0,0,0,0,0,0,0,21195,-517,9296,-90,6459,1105,9846,-15209,10927,-3052,4288,3490,21709,20356,-514,839,100.0,3.4,7.2,19.4,34.3,3.0,18.0,21.4,14.2,27.7,7.5,6.5,92.2,94.0,7.8,6.0,100.0,3.4,7.2,19.4,34.3,3.0,18.0,21.4,14.2,27.7,7.5,6.5,92.2,94.0,7.8,6.0,100.0,0.0,0.0,0.0,0.0,0.0,0.0,0.0,0.0,0.0,0.0,0.0,0.0,0.0,0.0,0.0,330,17,24,24,93,38,45,261,197,330,17,24,24,93,38,45,261,197,0,0,0,0,0,0,0,0,0,0,0,0,0,0,18.2,26.2,28.8,42.2,17.2,21.9,25.3,36.3,18.2,26.2,28.8,42.2,17.2,21.9,25.3,36.3,0.0,0.0,0.0,0.0,0.0,0.0,0.0,0.0,(CONTRACTS OF 100 TROY OUNCES),N20,GOLD,PRECIOUS METALS,NATURAL RESOURCES,FutOnly,14,19,77,50,51,14,19,77,50,51
221101088691F,GOLD - COMMODITY EXCHANGE INC.,2022-11-01T00:00:00.000,2022 Report Week 44,GOLD,088691,CMX ,NYC,088 ,GOLD,467276,17255,26028,94979,160988,13455,78213,119614,58278,138128,32104,28409,428717,438876,38559,28400,467276,17255,26028,94979,160988,13455,78213,119614,58278,138128,32104,28409,428717,438876,38559,28400,0,0,0,0,0,0,0,0,0,0,0,0,0,0,0,0,11204,-781,-2434,3329,-449,56,6197,8810,6507,-2709,-1913,-317,12282,10260,-1078,944,100.0,3.7,5.6,20.3,34.5,2.9,16.7,25.6,12.5,29.6,6.9,6.1,91.7,93.9,8.3,6.1,100.0,3.7,5.6,20.3,34.5,2.9,16.7,25.6,12.5,29.6,6.9,6.1,91.7,93.9,8.3,6.1,100.0,0.0,0.0,0.0,0.0,0.0,0.0,0.0,0.0,0.0,0.0,0.0,0.0,0.0,0.0,0.0,324,13,19,20,97,31,40,255,187,324,13,19,20,97,31,40,255,187,0,0,0,0,0,0,0,0,0,0,0,0,0,0,18.8,26.9,29.2,42.6,17.6,22.3,26.0,36.9,18.8,26.9,29.2,42.6,17.6,22.3,26.0,36.9,0.0,0.0,0.0,0.0,0.0,0.0,0.0,0.0,(CONTRACTS OF 100 TROY OUNCES),N20,GOLD,PRECIOUS METALS,NATURAL RESOURCES,FutOnly,16,23,67,60,51,16,23,67,60,51
221025088691F,GOLD - COMMODITY EXCHANGE INC.,2022-10-25T00:00:00.000,2022 Report Week 43,GOLD,088691,CMX ,NYC,088 ,GOLD,456072,18036,28462,91650,161437,13399,72016,110804,51771,140837,34017,28726,416435,428616,39637,27456,456072,18036,28462,91650,161437,13399,72016,110804,51771,140837,34017,28726,416435,428616,39637,27456,0,0,0,0,0,0,0,0,0,0,0,0,0,0,0,0,21371,3685,-1454,2703,-1975,1624,-1328,11762,1369,3291,-875,9676,21020,20127,351,1244,100.0,4.0,6.2,20.1,35.4,2.9,15.8,24.3,11.4,30.9,7.5,6.3,91.3,94.0,8.7,6.0,100.0,4.0,6.2,20.1,35.4,2.9,15.8,24.3,11.4,30.9,7.5,6.3,91.3,94.0,8.7,6.0,100.0,0.0,0.0,0.0,0.0,0.0,0.0,0.0,0.0,0.0,0.0,0.0,0.0,0.0,0.0,0.0,319,15,19,21,93,34,38,245,188,319,15,19,21,93,34,38,245,188,0,0,0,0,0,0,0,0,0,0,0,0,0,0,19.4,26.7,30.0,43.0,17.7,22.1,26.1,37.1,19.4,26.7,30.0,43.0,17.7,22.1,26.1,37.1,0.0,0.0,0.0,0.0,0.0,0.0,0.0,0.0,(CONTRACTS OF 100 TROY OUNCES),N20,GOLD,PRECIOUS METALS,NATURAL RESOURCES,FutOnly,16,25,63,57,48,16,25,63,57,48
221018088691F,GOLD - COMMODITY EXCHANGE INC.,2022-10-18T00:00:00.000,2022 Report Week 42,GOLD,088691,CMX ,NYC,088 ,GOLD,434701,14351,29916,88947,163412,11775,73344,99042,50402,137546,34892,19050,395415,408489,39286,26212,434701,14351,29916,88947,163412,11775,73344,99042,50402,137546,34892,19050,395415,408489,39286,26212,0,0,0,0,0,0,0,0,0,0,0,0,0,0,0,0,3306,2773,-4330,-557,-7152,-10,-5021,15097,-350,3350,696,823,1008,4774,2298,-1468,100.0,3.3,6.9,20.5,37.6,2.7,16.9,22.8,11.6,31.6,8.0,4.4,91.0,94.0,9.0,6.0,100.0,3.3,6.9,20.5,37.6,2.7,16.9,22.8,11.6,31.6,8.0,4.4,91.0,94.0,9.0,6.0,100.0,0.0,0.0,0.0,0.0,0.0,0.0,0.0,0.0,0.0,0.0,0.0,0.0,0.0,0.0,0.0,315,16,19,22,89,34,34,238,191,315,16,19,22,89,34,34,238,191,0,0,0,0,0,0,0,0,0,0,0,0,0,0,20.4,27.1,31.4,44.1,18.6,22.8,27.2,38.1,20.4,27.1,31.4,44.1,18.6,22.8,27.2,38.1,0.0,0.0,0.0,0.0,0.0,0.0,0.0,0.0,(CONTRACTS OF 100 TROY OUNCES),N20,GOLD,PRECIOUS METALS,NATURAL RESOURCES,FutOnly,13,22,64,61,52,13,22,64,61,52
221011088691F,GOLD - COMMODITY EXCHANGE INC.,2022-10-11T00:00:00.000,2022 Report Week 41,GOLD,088691,CMX ,NYC,088 ,GOLD,431395,11578,34246,89504,170564,11785,78365,83945,50752,134196,34196,18227,394407,403715,36988,27680,431395,11578,34246,89504,170564,11785,78365,83945,50752,134196,34196,18227,394407,403715,36988,27680,0,0,0,0,0,0,0,0,0,0,0,0,0,0,0,0,-5670,-536,2980,-3307,357,259,-4441,-5736,771,1038,-3702,262,-5954,-4809,284,-861,100.0,2.7,7.9,20.7,39.5,2.7,18.2,19.5,11.8,31.1,7.9,4.2,91.4,93.6,8.6,6.4,100.0,2.7,7.9,20.7,39.5,2.7,18.2,19.5,11.8,31.1,7.9,4.2,91.4,93.6,8.6,6.4,100.0,0.0,0.0,0.0,0.0,0.0,0.0,0.0,0.0,0.0,0.0,0.0,0.0,0.0,0.0,0.0,319,14,20,22,89,35,35,245,189,319,14,20,22,89,35,35,245,189,0,0,0,0,0,0,0,0,0,0,0,0,0,0,20.6,26.1,31.5,43.7,18.6,23.0,27.6,37.9,20.6,26.1,31.5,43.7,18.6,23.0,27.6,37.9,0.0,0.0,0.0,0.0,0.0,0.0,0.0,0.0,(CONTRACTS OF 100 TROY OUNCES),N20,GOLD,PRECIOUS METALS,NATURAL RESOURCES,FutOnly,12,22,72,57,52,12,22,72,57,52
221004088691F,GOLD - COMMODITY EXCHANGE INC.,2022-10-04T00:00:00.000,2022 Report Week 40,GOLD,088691,CMX ,NYC,088 ,GOLD,437065,12114,31266,92811,170207,11526,82806,89681,49981,133158,37898,17965,400361,408524,36704,28541,437065,12114,31266,92811,170207,11526,82806,89681,49981,133158,37898,17965,400361,408524,36704,28541,0,0,0,0,0,0,0,0,0,0,0,0,0,0,0,0,-19996,-3267,3262,-2821,25060,-16822,8635,-27584,-1288,175,90,-987,-16375,-18269,-3621,-1727,100.0,2.8,7.2,21.2,38.9,2.6,18.9,20.5,11.4,30.5,8.7,4.1,91.6,93.5,8.4,6.5,100.0,2.8,7.2,21.2,38.9,2.6,18.9,20.5,11.4,30.5,8.7,4.1,91.6,93.5,8.4,6.5,100.0,0.0,0.0,0.0,0.0,0.0,0.0,0.0,0.0,0.0,0.0,0.0,0.0,0.0,0.0,0.0,319,14,21,24,90,32,34,250,183,319,14,21,24,90,32,34,250,183,0,0,0,0,0,0,0,0,0,0,0,0,0,0,20.6,24.3,31.5,41.3,18.4,21.7,27.3,36.3,20.6,24.3,31.5,41.3,18.4,21.7,27.3,36.3,0.0,0.0,0.0,0.0,0.0,0.0,0.0,0.0,(CONTRACTS OF 100 TROY OUNCES),N20,GOLD,PRECIOUS METALS,NATURAL RESOURCES,FutOnly,13,20,73,59,51,13,20,73,59,51
220927088695F,MICRO GOLD - COMMODITY EXCHANGE INC.,2022-09-27T00:00:00.000,2022 Report Week 39,MICRO GOLD,088695,CMX ,NYC,088 ,GOLD,36658,0,0,0,0,0,0,0,0,14270,11089,6795,21065,17884,15593,18774,36658,0,0,0,0,0,0,0,0,14270,11089,6795,21065,17884,15593,18774,0,0,0,0,0,0,0,0,0,0,0,0,0,0,0,0,,,,,,,,,,,,,,,,,100.0,0.0,0.0,0.0,0.0,0.0,0.0,0.0,0.0,38.9,30.2,18.5,57.5,48.8,42.5,51.2,100.0,0.0,0.0,0.0,0.0,0.0,0.0,0.0,0.0,38.9,30.2,18.5,57.5,48.8,42.5,51.2,100.0,0.0,0.0,0.0,0.0,0.0,0.0,0.0,0.0,0.0,0.0,0.0,0.0,0.0,0.0,0.0,20,0,0,0,9,11,9,13,16,20,0,0,0,9,11,9,13,16,0,0,0,0,0,0,0,0,0,0,0,0,0,0,38.0,35.4,51.9,44.0,33.6,24.7,38.9,28.7,38.0,35.4,51.9,44.0,33.6,24.7,38.9,28.7,0.0,0.0,0.0,0.0,0.0,0.0,0.0,0.0,(CONTRACTS OF 10 TROY OUNCES),N20,GOLD,PRECIOUS METALS,NATURAL RESOURCES,FutOnly,0,0,0,0,0,0,0,0,0,0
220927088691F,GOLD - COMMODITY EXCHANGE INC.,2022-09-27T00:00:00.000,2022 Report Week 39,GOLD,088691,CMX ,NYC,088 ,GOLD,457061,15381,28004,95632,145147,28348,74171,117265,51269,132983,37808,18952,416736,426793,40325,30268,457061,15381,28004,95632,145147,28348,74171,117265,51269,132983,37808,18952,416736,426793,40325,30268,0,0,0,0,0,0,0,0,0,0,0,0,0,0,0,0,-12334,-813,-5854,-688,-8937,-1000,-4373,2026,1138,-3030,4212,-3393,-12159,-11808,-175,-526,100.0,3.4,6.1,20.9,31.8,6.2,16.2,25.7,11.2,29.1,8.3,4.1,91.2,93.4,8.8,6.6,100.0,3.4,6.1,20.9,31.8,6.2,16.2,25.7,11.2,29.1,8.3,4.1,91.2,93.4,8.8,6.6,100.0,0.0,0.0,0.0,0.0,0.0,0.0,0.0,0.0,0.0,0.0,0.0,0.0,0.0,0.0,0.0,329,17,18,25,92,33,39,244,208,329,17,18,25,92,33,39,244,208,0,0,0,0,0,0,0,0,0,0,0,0,0,0,21.1,22.2,31.4,37.6,17.1,19.2,25.4,32.2,21.1,22.2,31.4,37.6,17.1,19.2,25.4,32.2,0.0,0.0,0.0,0.0,0.0,0.0,0.0,0.0,(CONTRACTS OF 100 TROY OUNCES),N20,GOLD,PRECIOUS METALS,NATURAL RESOURCES,FutOnly,14,25,62,71,54,14,25,62,71,54
220920088691F,GOLD - COMMODITY EXCHANGE INC.,2022-09-20T00:00:00.000,2022 Report Week 38,GOLD,088691,CMX ,NYC,088 ,GOLD,469395,16194,33858,96320,154084,29348,78544,115239,50131,136013,33596,22345,428895,438601,40500,30794,469395,16194,33858,96320,154084,29348,78544,115239,50131,136013,33596,22345,428895,438601,40500,30794,0,0,0,0,0,0,0,0,0,0,0,0,0,0,0,0,5721,3605,-5850,7506,-18549,3801,-1756,16602,-869,-9619,3645,3109,5777,1889,-56,3832,100.0,3.4,7.2,20.5,32.8,6.3,16.7,24.6,10.7,29.0,7.2,4.8,91.4,93.4,8.6,6.6,100.0,3.4,7.2,20.5,32.8,6.3,16.7,24.6,10.7,29.0,7.2,4.8,91.4,93.4,8.6,6.6,100.0,0.0,0.0,0.0,0.0,0.0,0.0,0.0,0.0,0.0,0.0,0.0,0.0,0.0,0.0,0.0,335,16,17,26,97,35,43,253,210,335,16,17,26,97,35,43,253,210,0,0,0,0,0,0,0,0,0,0,0,0,0,0,20.5,21.8,32.2,37.7,17.1,20.2,25.6,33.6,20.5,21.8,32.2,37.7,17.1,20.2,25.6,33.6,0.0,0.0,0.0,0.0,0.0,0.0,0.0,0.0,(CONTRACTS OF 100 TROY OUNCES),N20,GOLD,PRECIOUS METALS,NATURAL RESOURCES,FutOnly,13,25,63,71,54,13,25,63,71,54
220913088691F,GOLD - COMMODITY EXCHANGE INC.,2022-09-13T00:00:00.000,2022 Report Week 37,GOLD,088691,CMX ,NYC,088 ,GOLD,463674,12589,39708,88814,172633,25547,80300,98637,51000,145632,29951,19236,423118,436712,40556,26962,463674,12589,39708,88814,172633,25547,80300,98637,51000,145632,29951,19236,423118,436712,40556,26962,0,0,0,0,0,0,0,0,0,0,0,0,0,0,0,0,-2234,-2975,-1916,874,-3311,-632,-5542,5833,2373,-53,-4915,1963,-3992,-605,1758,-1629,100.0,2.7,8.6,19.2,37.2,5.5,17.3,21.3,11.0,31.4,6.5,4.1,91.3,94.2,8.7,5.8,100.0,2.7,8.6,19.2,37.2,5.5,17.3,21.3,11.0,31.4,6.5,4.1,91.3,94.2,8.7,5.8,100.0,0.0,0.0,0.0,0.0,0.0,0.0,0.0,0.0,0.0,0.0,0.0,0.0,0.0,0.0,0.0,315,15,21,24,93,30,41,238,194,315,15,21,24,93,30,41,238,194,0,0,0,0,0,0,0,0,0,0,0,0,0,0,21.2,22.8,32.9,38.1,17.5,21.6,26.3,35.8,21.2,22.8,32.9,38.1,17.5,21.6,26.3,35.8,0.0,0.0,0.0,0.0,0.0,0.0,0.0,0.0,(CONTRACTS OF 100 TROY OUNCES),N20,GOLD,PRECIOUS METALS,NATURAL RESOURCES,FutOnly,11,20,63,65,47,11,20,63,65,47
220906088691F,GOLD - COMMODITY EXCHANGE INC.,2022-09-06T00:00:00.000,2022 Report Week 36,GOLD,088691,CMX ,NYC,088 ,GOLD,465908,15564,41624,87940,175944,26179,85842,92804,48627,145685,34866,17273,427110,437317,38798,28591,465908,15564,41624,87940,175944,26179,85842,92804,48627,145685,34866,17273,427110,437317,38798,28591,0,0,0,0,0,0,0,0,0,0,0,0,0,0,0,0,6743,952,-4335,1870,-8458,326,-5919,12831,8816,2132,-2741,-1314,6863,5125,-120,1618,100.0,3.3,8.9,18.9,37.8,5.6,18.4,19.9,10.4,31.3,7.5,3.7,91.7,93.9,8.3,6.1,100.0,3.3,8.9,18.9,37.8,5.6,18.4,19.9,10.4,31.3,7.5,3.7,91.7,93.9,8.3,6.1,100.0,0.0,0.0,0.0,0.0,0.0,0.0,0.0,0.0,0.0,0.0,0.0,0.0,0.0,0.0,0.0,318,14,24,23,90,33,37,236,189,318,14,24,23,90,33,37,236,189,0,0,0,0,0,0,0,0,0,0,0,0,0,0,20.8,23.1,32.6,37.6,17.6,21.7,26.7,36.0,20.8,23.1,32.6,37.6,17.6,21.7,26.7,36.0,0.0,0.0,0.0,0.0,0.0,0.0,0.0,0.0,(CONTRACTS OF 100 TROY OUNCES),N20,GOLD,PRECIOUS METALS,NATURAL RESOURCES,FutOnly,12,18,71,60,41,12,18,71,60,41
220830088691F,GOLD - COMMODITY EXCHANGE INC.,2022-08-30T00:00:00.000,2022 Report Week 35,GOLD,088691,CMX ,NYC,088 ,GOLD,459165,14612,45959,86070,184402,25853,91761,79973,39811,143553,37607,18587,420247,432192,38918,26973,459165,14612,45959,86070,184402,25853,91761,79973,39811,143553,37607,18587,420247,432192,38918,26973,0,0,0,0,0,0,0,0,0,0,0,0,0,0,0,0,1403,-345,-1185,2033,-5520,-1346,-4089,6234,739,1976,-234,1809,777,497,626,906,100.0,3.2,10.0,18.7,40.2,5.6,20.0,17.4,8.7,31.3,8.2,4.0,91.5,94.1,8.5,5.9,100.0,3.2,10.0,18.7,40.2,5.6,20.0,17.4,8.7,31.3,8.2,4.0,91.5,94.1,8.5,5.9,100.0,0.0,0.0,0.0,0.0,0.0,0.0,0.0,0.0,0.0,0.0,0.0,0.0,0.0,0.0,0.0,309,14,22,22,91,34,39,238,188,309,14,22,22,91,34,39,238,188,0,0,0,0,0,0,0,0,0,0,0,0,0,0,20.7,24.8,32.2,39.6,17.6,23.3,26.9,37.9,20.7,24.8,32.2,39.6,17.6,23.3,26.9,37.9,0.0,0.0,0.0,0.0,0.0,0.0,0.0,0.0,(CONTRACTS OF 100 TROY OUNCES),N20,GOLD,PRECIOUS METALS,NATURAL RESOURCES,FutOnly,12,17,65,55,50,12,17,65,55,50
220823088691F,GOLD - COMMODITY EXCHANGE INC.,2022-08-23T00:00:00.000,2022 Report Week 34,GOLD,088691,CMX ,NYC,088 ,GOLD,457762,14957,47144,84037,189922,27199,95850,73739,39072,141577,37841,16778,419470,431695,38292,26067,457762,14957,47144,84037,189922,27199,95850,73739,39072,141577,37841,16778,419470,431695,38292,26067,0,0,0,0,0,0,0,0,0,0,0,0,0,0,0,0,3802,679,-1658,1457,-11843,1491,-915,13347,1521,146,1201,-1043,3336,3016,466,786,100.0,3.3,10.3,18.4,41.5,5.9,20.9,16.1,8.5,30.9,8.3,3.7,91.6,94.3,8.4,5.7,100.0,3.3,10.3,18.4,41.5,5.9,20.9,16.1,8.5,30.9,8.3,3.7,91.6,94.3,8.4,5.7,100.0,0.0,0.0,0.0,0.0,0.0,0.0,0.0,0.0,0.0,0.0,0.0,0.0,0.0,0.0,0.0,309,16,24,22,88,33,39,241,183,309,16,24,22,88,33,39,241,183,0,0,0,0,0,0,0,0,0,0,0,0,0,0,20.6,25.4,32.2,40.6,17.5,23.8,26.6,38.7,20.6,25.4,32.2,40.6,17.5,23.8,26.6,38.7,0.0,0.0,0.0,0.0,0.0,0.0,0.0,0.0,(CONTRACTS OF 100 TROY OUNCES),N20,GOLD,PRECIOUS METALS,NATURAL RESOURCES,FutOnly,14,16,74,47,47,14,16,74,47,47
220816088691F,GOLD - COMMODITY EXCHANGE INC.,2022-08-16T00:00:00.000,2022 Report Week 33,GOLD,088691,CMX ,NYC,088 ,GOLD,453960,14278,48802,82580,201765,25708,96765,60392,37551,141431,36640,17821,416134,428679,37826,25281,453960,14278,48802,82580,201765,25708,96765,60392,37551,141431,36640,17821,416134,428679,37826,25281,0,0,0,0,0,0,0,0,0,0,0,0,0,0,0,0,420,1338,-599,-722,370,-30,-3248,1113,744,-1462,-4136,3901,521,1363,-101,-943,100.0,3.1,10.8,18.2,44.4,5.7,21.3,13.3,8.3,31.2,8.1,3.9,91.7,94.4,8.3,5.6,100.0,3.1,10.8,18.2,44.4,5.7,21.3,13.3,8.3,31.2,8.1,3.9,91.7,94.4,8.3,5.6,100.0,0.0,0.0,0.0,0.0,0.0,0.0,0.0,0.0,0.0,0.0,0.0,0.0,0.0,0.0,0.0,297,17,23,26,81,36,40,235,179,297,17,23,26,81,36,40,235,179,0,0,0,0,0,0,0,0,0,0,0,0,0,0,20.8,26.6,32.4,42.7,17.7,24.9,27.0,40.8,20.8,26.6,32.4,42.7,17.7,24.9,27.0,40.8,0.0,0.0,0.0,0.0,0.0,0.0,0.0,0.0,(CONTRACTS OF 100 TROY OUNCES),N20,GOLD,PRECIOUS METALS,NATURAL RESOURCES,FutOnly,15,16,70,43,42,15,16,70,43,42
220809088691F,GOLD - COMMODITY EXCHANGE INC.,2022-08-09T00:00:00.000,2022 Report Week 32,GOLD,088691,CMX,NYC,088,GOLD,453540,12940,49401,83302,201395,25738,100013,59279,36807,142893,40776,13920,415613,427316,37927,26224,453540,12940,49401,83302,201395,25738,100013,59279,36807,142893,40776,13920,415613,427316,37927,26224,0,0,0,0,0,0,0,0,0,0,0,0,0,0,0,0,-6109,-891,5183,-4605,8310,-224,3379,-21500,3427,-2601,3753,-5040,-6555,-6091,446,-18,100.0,2.9,10.9,18.4,44.4,5.7,22.1,13.1,8.1,31.5,9.0,3.1,91.6,94.2,8.4,5.8,100.0,2.9,10.9,18.4,44.4,5.7,22.1,13.1,8.1,31.5,9.0,3.1,91.6,94.2,8.4,5.8,100.0,0.0,0.0,0.0,0.0,0.0,0.0,0.0,0.0,0.0,0.0,0.0,0.0,0.0,0.0,0.0,295,18,22,23,77,41,38,233,173,295,18,22,23,77,41,38,233,173,0,0,0,0,0,0,0,0,0,0,0,0,0,0,21.0,26.1,32.5,42.7,18.1,24.7,27.2,40.6,21.0,26.1,32.5,42.7,18.1,24.7,27.2,40.6,0.0,0.0,0.0,0.0,0.0,0.0,0.0,0.0,(CONTRACTS OF 100 TROY OUNCES),N20,GOLD,PRECIOUS METALS,NATURAL RESOURCES,FutOnly,14,16,74,36,43,14,16,74,36,43
220802088691F,GOLD - COMMODITY EXCHANGE INC.,2022-08-02T00:00:00.000,2022 Report Week 31,GOLD,088691,CMX,NYC,088,GOLD,459649,13831,44218,87907,193085,25962,96634,80779,33380,145494,37023,18960,422168,433407,37481,26242,459649,13831,44218,87907,193085,25962,96634,80779,33380,145494,37023,18960,422168,433407,37481,26242,0,0,0,0,0,0,0,0,0,0,0,0,0,0,0,0,-27866,-2226,2996,-3004,18917,-9077,4418,-30530,-8372,-3951,-639,-314,-22526,-27019,-5340,-847,100.0,3.0,9.6,19.1,42.0,5.6,21.0,17.6,7.3,31.7,8.1,4.1,91.8,94.3,8.2,5.7,100.0,3.0,9.6,19.1,42.0,5.6,21.0,17.6,7.3,31.7,8.1,4.1,91.8,94.3,8.2,5.7,100.0,0.0,0.0,0.0,0.0,0.0,0.0,0.0,0.0,0.0,0.0,0.0,0.0,0.0,0.0,0.0,303,18,20,22,88,34,36,238,176,303,18,20,22,88,34,36,238,176,0,0,0,0,0,0,0,0,0,0,0,0,0,0,20.9,25.7,32.6,41.3,18.1,23.7,27.5,38.9,20.9,25.7,32.6,41.3,18.1,23.7,27.5,38.9,0.0,0.0,0.0,0.0,0.0,0.0,0.0,0.0,(CONTRACTS OF 100 TROY OUNCES),N20,GOLD,PRECIOUS METALS,NATURAL RESOURCES,FutOnly,13,18,71,46,45,13,18,71,46,45
220726088691F,GOLD - COMMODITY EXCHANGE INC.,2022-07-26T00:00:00.000,2022 Report Week 30,GOLD,088691,CMX,NYC,088,GOLD,487515,16057,41222,90911,174168,35039,92216,111309,41752,149445,37662,19274,444694,460426,42821,27089,487515,16057,41222,90911,174168,35039,92216,111309,41752,149445,37662,19274,444694,460426,42821,27089,0,0,0,0,0,0,0,0,0,0,0,0,0,0,0,0,-37271,-5544,-5422,-779,-4741,-3773,1160,1515,-25626,-503,1407,-1733,-36798,-38373,-473,1102,100.0,3.3,8.5,18.6,35.7,7.2,18.9,22.8,8.6,30.7,7.7,4.0,91.2,94.4,8.8,5.6,100.0,3.3,8.5,18.6,35.7,7.2,18.9,22.8,8.6,30.7,7.7,4.0,91.2,94.4,8.8,5.6,100.0,0.0,0.0,0.0,0.0,0.0,0.0,0.0,0.0,0.0,0.0,0.0,0.0,0.0,0.0,0.0,303,15,21,24,91,35,45,243,187,303,15,21,24,91,35,45,243,187,0,0,0,0,0,0,0,0,0,0,0,0,0,0,20.3,22.6,31.3,39.1,17.1,21.1,27.1,35.8,20.3,22.6,31.3,39.1,17.1,21.1,27.1,35.8,0.0,0.0,0.0,0.0,0.0,0.0,0.0,0.0,(CONTRACTS OF 100 TROY OUNCES),N20,GOLD,PRECIOUS METALS,NATURAL RESOURCES,FutOnly,13,18,67,46,50,13,18,67,46,50
220719088691F,GOLD - COMMODITY EXCHANGE INC.,2022-07-19T00:00:00.000,2022 Report Week 29,GOLD,088691,CMX,NYC,088,GOLD,524786,21601,46644,91690,178909,38812,91056,109794,67378,149948,36255,21007,481492,498799,43294,25987,524786,21601,46644,91690,178909,38812,91056,109794,67378,149948,36255,21007,481492,498799,43294,25987,0,0,0,0,0,0,0,0,0,0,0,0,0,0,0,0,-17707,3452,426,2775,-19725,14706,-613,11992,-6566,-9509,1052,-12663,-8418,-10778,-9289,-6929,100.0,4.1,8.9,17.5,34.1,7.4,17.4,20.9,12.8,28.6,6.9,4.0,91.8,95.0,8.2,5.0,100.0,4.1,8.9,17.5,34.1,7.4,17.4,20.9,12.8,28.6,6.9,4.0,91.8,95.0,8.2,5.0,100.0,0.0,0.0,0.0,0.0,0.0,0.0,0.0,0.0,0.0,0.0,0.0,0.0,0.0,0.0,0.0,309,17,22,25,99,23,36,251,181,309,17,22,25,99,23,36,251,181,0,0,0,0,0,0,0,0,0,0,0,0,0,0,21.7,23.3,33.3,40.7,16.0,20.1,25.3,33.6,21.7,23.3,33.3,40.7,16.0,20.1,25.3,33.6,0.0,0.0,0.0,0.0,0.0,0.0,0.0,0.0,(CONTRACTS OF 100 TROY OUNCES),N20,GOLD,PRECIOUS METALS,NATURAL RESOURCES,FutOnly,20,18,63,51,52,20,18,63,51,52
220712088691F,GOLD - COMMODITY EXCHANGE INC.,2022-07-12T00:00:00.000,2022 Report Week 28,GOLD,088691,CMX,NYC,088,GOLD,542493,18149,46218,88915,198634,24106,91669,97802,73944,159457,35203,33670,489910,509577,52583,32916,542493,18149,46218,88915,198634,24106,91669,97802,73944,159457,35203,33670,489910,509577,52583,32916,0,0,0,0,0,0,0,0,0,0,0,0,0,0,0,0,44283,2745,-7676,719,-16657,9417,-11803,11364,35111,-4877,-505,4321,35633,35375,8650,8908,100.0,3.3,8.5,16.4,36.6,4.4,16.9,18.0,13.6,29.4,6.5,6.2,90.3,93.9,9.7,6.1,100.0,3.3,8.5,16.4,36.6,4.4,16.9,18.0,13.6,29.4,6.5,6.2,90.3,93.9,9.7,6.1,100.0,0.0,0.0,0.0,0.0,0.0,0.0,0.0,0.0,0.0,0.0,0.0,0.0,0.0,0.0,0.0,310,16,25,22,100,28,42,253,180,310,16,25,22,100,28,42,253,180,0,0,0,0,0,0,0,0,0,0,0,0,0,0,23.0,24.8,33.8,41.2,17.3,21.2,26.1,34.9,23.0,24.8,33.8,41.2,17.3,21.2,26.1,34.9,0.0,0.0,0.0,0.0,0.0,0.0,0.0,0.0,(CONTRACTS OF 100 TROY OUNCES),N20,GOLD,PRECIOUS METALS,NATURAL RESOURCES,FutOnly,19,14,60,50,50,19,14,60,50,50
220705088691F,GOLD - COMMODITY EXCHANGE INC.,2022-07-05T00:00:00.000,2022 Report Week 27,GOLD,088691,CMX,NYC,088,GOLD,498210,15404,53894,88196,215291,14689,103472,86438,38833,164334,35708,29349,454277,474202,43933,24008,498210,15404,53894,88196,215291,14689,103472,86438,38833,164334,35708,29349,454277,474202,43933,24008,0,0,0,0,0,0,0,0,0,0,0,0,0,0,0,0,1205,1433,-3864,-510,-11635,328,-7378,11690,493,6472,-563,1257,2095,-2294,-890,3499,100.0,3.1,10.8,17.7,43.2,2.9,20.8,17.3,7.8,33.0,7.2,5.9,91.2,95.2,8.8,4.8,100.0,3.1,10.8,17.7,43.2,2.9,20.8,17.3,7.8,33.0,7.2,5.9,91.2,95.2,8.8,4.8,100.0,0.0,0.0,0.0,0.0,0.0,0.0,0.0,0.0,0.0,0.0,0.0,0.0,0.0,0.0,0.0,329,20,25,23,108,31,42,276,175,329,20,25,23,108,31,42,276,175,0,0,0,0,0,0,0,0,0,0,0,0,0,0,20.9,25.9,31.7,42.2,19.1,24.7,28.3,40.8,20.9,25.9,31.7,42.2,19.1,24.7,28.3,40.8,0.0,0.0,0.0,0.0,0.0,0.0,0.0,0.0,(CONTRACTS OF 100 TROY OUNCES),N20,GOLD,PRECIOUS METALS,NATURAL RESOURCES,FutOnly,17,16,76,41,47,17,16,76,41,47
220628088691F,GOLD - COMMODITY EXCHANGE INC.,2022-06-28T00:00:00.000,2022 Report Week 26,GOLD,088691,CMX,NYC,088,GOLD,497005,13971,57758,88706,226926,14361,110850,74748,38340,157862,36271,28092,452182,476496,44823,20509,497005,13971,57758,88706,226926,14361,110850,74748,38340,157862,36271,28092,452182,476496,44823,20509,0,0,0,0,0,0,0,0,0,0,0,0,0,0,0,0,-3271,952,550,-1030,-5550,-2929,-2370,11331,1379,2963,-5144,-2679,-3714,-3042,443,-229,100.0,2.8,11.6,17.8,45.7,2.9,22.3,15.0,7.7,31.8,7.3,5.7,91.0,95.9,9.0,4.1,100.0,2.8,11.6,17.8,45.7,2.9,22.3,15.0,7.7,31.8,7.3,5.7,91.0,95.9,9.0,4.1,100.0,0.0,0.0,0.0,0.0,0.0,0.0,0.0,0.0,0.0,0.0,0.0,0.0,0.0,0.0,0.0,315,20,26,20,97,33,34,257,164,315,20,26,20,97,33,34,257,164,0,0,0,0,0,0,0,0,0,0,0,0,0,0,22.2,25.8,33.0,42.8,19.6,24.6,29.0,41.4,22.2,25.8,33.0,42.8,19.6,24.6,29.0,41.4,0.0,0.0,0.0,0.0,0.0,0.0,0.0,0.0,(CONTRACTS OF 100 TROY OUNCES),N20,GOLD,PRECIOUS METALS,NATURAL RESOURCES,FutOnly,14,15,80,35,42,14,15,80,35,42
220621088691F,GOLD - COMMODITY EXCHANGE INC.,2022-06-21T00:00:00.000,2022 Report Week 25,GOLD,088691,CMX,NYC,088,GOLD,500276,13019,57208,89736,232476,17290,113220,63417,36961,154899,41415,30771,455896,479538,44380,20738,500276,13019,57208,89736,232476,17290,113220,63417,36961,154899,41415,30771,455896,479538,44380,20738,0,0,0,0,0,0,0,0,0,0,0,0,0,0,0,0,2820,-1901,1233,-341,4885,361,4109,-8789,2063,-2586,1623,2461,4166,3837,-1346,-1017,100.0,2.6,11.4,17.9,46.5,3.5,22.6,12.7,7.4,31.0,8.3,6.2,91.1,95.9,8.9,4.1,100.0,2.6,11.4,17.9,46.5,3.5,22.6,12.7,7.4,31.0,8.3,6.2,91.1,95.9,8.9,4.1,100.0,0.0,0.0,0.0,0.0,0.0,0.0,0.0,0.0,0.0,0.0,0.0,0.0,0.0,0.0,0.0,320,19,24,19,103,38,30,261,156,320,19,24,19,103,38,30,261,156,0,0,0,0,0,0,0,0,0,0,0,0,0,0,22.8,25.5,33.7,43.0,18.7,24.2,28.1,41.3,22.8,25.5,33.7,43.0,18.7,24.2,28.1,41.3,0.0,0.0,0.0,0.0,0.0,0.0,0.0,0.0,(CONTRACTS OF 100 TROY OUNCES),N20,GOLD,PRECIOUS METALS,NATURAL RESOURCES,FutOnly,11,15,86,26,43,11,15,86,26,43
220614088691F,GOLD - COMMODITY EXCHANGE INC.,2022-06-14T00:00:00.000,2022 Report Week 24,GOLD,088691,CMX,NYC,088,GOLD,497456,14920,55975,90077,227591,16929,109111,72206,34898,157485,39792,28310,451730,475701,45726,21755,497456,14920,55975,90077,227591,16929,109111,72206,34898,157485,39792,28310,451730,475701,45726,21755,0,0,0,0,0,0,0,0,0,0,0,0,0,0,0,0,3326,-1650,-5137,6134,-11696,477,-6104,14522,-48,2344,2388,537,1690,1043,1636,2283,100.0,3.0,11.3,18.1,45.8,3.4,21.9,14.5,7.0,31.7,8.0,5.7,90.8,95.6,9.2,4.4,100.0,3.0,11.3,18.1,45.8,3.4,21.9,14.5,7.0,31.7,8.0,5.7,90.8,95.6,9.2,4.4,100.0,0.0,0.0,0.0,0.0,0.0,0.0,0.0,0.0,0.0,0.0,0.0,0.0,0.0,0.0,0.0,321,19,24,19,102,34,31,258,163,321,19,24,19,102,34,31,258,163,0,0,0,0,0,0,0,0,0,0,0,0,0,0,23.0,26.2,33.8,43.6,18.8,24.7,28.4,41.6,23.0,26.2,33.8,43.6,18.8,24.7,28.4,41.6,0.0,0.0,0.0,0.0,0.0,0.0,0.0,0.0,(CONTRACTS OF 100 TROY OUNCES),N20,GOLD,PRECIOUS METALS,NATURAL RESOURCES,FutOnly,16,15,79,37,42,16,15,79,37,42
220607088691F,GOLD - COMMODITY EXCHANGE INC.,2022-06-07T00:00:00.000,2022 Report Week 23,GOLD,088691,CMX,NYC,088,GOLD,494130,16570,61112,83943,239287,16452,115215,57684,34946,155141,37404,27773,450040,474658,44090,19472,494130,16570,61112,83943,239287,16452,115215,57684,34946,155141,37404,27773,450040,474658,44090,19472,0,0,0,0,0,0,0,0,0,0,0,0,0,0,0,0,-19592,-3400,-4157,-3490,-2903,-11505,2484,-4254,734,-1587,2472,-279,-17043,-19892,-2549,300,100.0,3.4,12.4,17.0,48.4,3.3,23.3,11.7,7.1,31.4,7.6,5.6,91.1,96.1,8.9,3.9,100.0,3.4,12.4,17.0,48.4,3.3,23.3,11.7,7.1,31.4,7.6,5.6,91.1,96.1,8.9,3.9,100.0,0.0,0.0,0.0,0.0,0.0,0.0,0.0,0.0,0.0,0.0,0.0,0.0,0.0,0.0,0.0,318,23,26,23,102,34,29,259,158,318,23,26,23,102,34,29,259,158,0,0,0,0,0,0,0,0,0,0,0,0,0,0,23.1,28.4,33.5,46.0,18.7,26.5,27.7,43.8,23.1,28.4,33.5,46.0,18.7,26.5,27.7,43.8,0.0,0.0,0.0,0.0,0.0,0.0,0.0,0.0,(CONTRACTS OF 100 TROY OUNCES),N20,GOLD,PRECIOUS METALS,NATURAL RESOURCES,FutOnly,15,14,82,27,39,15,14,82,27,39
220531088691F,GOLD - COMMODITY EXCHANGE INC.,2022-05-31T00:00:00.000,2022 Report Week 22,GOLD,088691,CMX,NYC,088,GOLD,513722,19970,65269,87433,242190,27957,112731,61938,34212,156728,34932,28052,467083,494550,46639,19172,513722,19970,65269,87433,242190,27957,112731,61938,34212,156728,34932,28052,467083,494550,46639,19172,0,0,0,0,0,0,0,0,0,0,0,0,0,0,0,0,-16376,-1214,2075,-1499,-16679,7709,-8443,1821,-4321,-4300,-3340,-3536,-15604,-16271,-772,-105,100.0,3.9,12.7,17.0,47.1,5.4,21.9,12.1,6.7,30.5,6.8,5.5,90.9,96.3,9.1,3.7,100.0,3.9,12.7,17.0,47.1,5.4,21.9,12.1,6.7,30.5,6.8,5.5,90.9,96.3,9.1,3.7,100.0,0.0,0.0,0.0,0.0,0.0,0.0,0.0,0.0,0.0,0.0,0.0,0.0,0.0,0.0,0.0,307,22,25,25,100,30,35,254,158,307,22,25,25,100,30,35,254,158,0,0,0,0,0,0,0,0,0,0,0,0,0,0,22.6,28.7,32.6,46.1,18.2,26.5,27.0,43.4,22.6,28.7,32.6,46.1,18.2,26.5,27.0,43.4,0.0,0.0,0.0,0.0,0.0,0.0,0.0,0.0,(CONTRACTS OF 100 TROY OUNCES),N20,GOLD,PRECIOUS METALS,NATURAL RESOURCES,FutOnly,17,14,77,29,36,17,14,77,29,36
220524088691F,GOLD - COMMODITY EXCHANGE INC.,2022-05-24T00:00:00.000,2022 Report Week 21,GOLD,088691,CMX,NYC,088,GOLD,530098,21184,63194,88932,258869,20248,121174,60117,38533,161028,38272,31588,482687,510821,47411,19277,530098,21184,63194,88932,258869,20248,121174,60117,38533,161028,38272,31588,482687,510821,47411,19277,0,0,0,0,0,0,0,0,0,0,0,0,0,0,0,0,-25658,-3284,1169,-723,-108,-3316,5602,-12095,-10102,-6411,2833,-4247,-22481,-25866,-3177,208,100.0,4.0,11.9,16.8,48.8,3.8,22.9,11.3,7.3,30.4,7.2,6.0,91.1,96.4,8.9,3.6,100.0,4.0,11.9,16.8,48.8,3.8,22.9,11.3,7.3,30.4,7.2,6.0,91.1,96.4,8.9,3.6,100.0,0.0,0.0,0.0,0.0,0.0,0.0,0.0,0.0,0.0,0.0,0.0,0.0,0.0,0.0,0.0,317,21,25,25,100,31,40,270,158,317,21,25,25,100,31,40,270,158,0,0,0,0,0,0,0,0,0,0,0,0,0,0,22.6,29.4,32.3,46.4,18.2,27.9,26.8,44.6,22.6,29.4,32.3,46.4,18.2,27.9,26.8,44.6,0.0,0.0,0.0,0.0,0.0,0.0,0.0,0.0,(CONTRACTS OF 100 TROY OUNCES),N20,GOLD,PRECIOUS METALS,NATURAL RESOURCES,FutOnly,18,15,90,22,37,18,15,90,22,37
220517088695F,MICRO GOLD - COMMODITY EXCHANGE INC.,2022-05-17T00:00:00.000,2022 Report Week 20,MICRO GOLD,088695,CMX,NYC,088,GOLD,30753,0,0,0,0,0,1175,0,0,5266,18366,6854,13295,25220,17458,5533,30753,0,0,0,0,0,1175,0,0,5266,18366,6854,13295,25220,17458,5533,0,0,0,0,0,0,0,0,0,0,0,0,0,0,0,0,433,0,0,0,0,0,-167,0,0,-49,-224,470,254,246,179,187,100.0,0.0,0.0,0.0,0.0,0.0,3.8,0.0,0.0,17.1,59.7,22.3,43.2,82.0,56.8,18.0,100.0,0.0,0.0,0.0,0.0,0.0,3.8,0.0,0.0,17.1,59.7,22.3,43.2,82.0,56.8,18.0,100.0,0.0,0.0,0.0,0.0,0.0,0.0,0.0,0.0,0.0,0.0,0.0,0.0,0.0,0.0,0.0,20,0,0,0,9,10,8,15,13,20,0,0,0,9,10,8,15,13,0,0,0,0,0,0,0,0,0,0,0,0,0,0,19.9,57.0,34.2,78.1,14.4,49.3,19.6,59.0,19.9,57.0,34.2,78.1,14.4,49.3,19.6,59.0,0.0,0.0,0.0,0.0,0.0,0.0,0.0,0.0,(CONTRACTS OF 10 TROY OUNCES),N20,GOLD,PRECIOUS METALS,NATURAL RESOURCES,FutOnly,0,0,,0,0,0,0,,0,0
220517088691F,GOLD - COMMODITY EXCHANGE INC.,2022-05-17T00:00:00.000,2022 Report Week 20,GOLD,088691,CMX,NYC,088,GOLD,555756,24468,62025,89655,258977,23564,115572,72212,48635,167439,35439,35835,505168,536687,50588,19069,555756,24468,62025,89655,258977,23564,115572,72212,48635,167439,35439,35835,505168,536687,50588,19069,0,0,0,0,0,0,0,0,0,0,0,0,0,0,0,0,-15691,2226,-3118,-67,-15600,3277,-8359,10273,-13228,2423,1746,-453,-14181,-17103,-1510,1412,100.0,4.4,11.2,16.1,46.6,4.2,20.8,13.0,8.8,30.1,6.4,6.4,90.9,96.6,9.1,3.4,100.0,4.4,11.2,16.1,46.6,4.2,20.8,13.0,8.8,30.1,6.4,6.4,90.9,96.6,9.1,3.4,100.0,0.0,0.0,0.0,0.0,0.0,0.0,0.0,0.0,0.0,0.0,0.0,0.0,0.0,0.0,0.0,316,18,25,22,107,25,40,269,157,316,18,25,22,107,25,40,269,157,0,0,0,0,0,0,0,0,0,0,0,0,0,0,21.4,28.4,31.1,44.9,17.2,27.0,25.4,43.0,21.4,28.4,31.1,44.9,17.2,27.0,25.4,43.0,0.0,0.0,0.0,0.0,0.0,0.0,0.0,0.0,(CONTRACTS OF 100 TROY OUNCES),N20,GOLD,PRECIOUS METALS,NATURAL RESOURCES,FutOnly,19,15,82,29,40,19,15,82,29,40
220510088691F,GOLD - COMMODITY EXCHANGE INC.,2022-05-10T00:00:00.000,2022 Report Week 19,GOLD,088691,CMX,NYC,088,GOLD,571447,22242,65143,89722,274577,20287,123931,61939,61863,165016,33693,36288,519349,553790,52098,17657,571447,22242,65143,89722,274577,20287,123931,61939,61863,165016,33693,36288,519349,553790,52098,17657,0,0,0,0,0,0,0,0,0,0,0,0,0,0,0,0,11006,-1189,1531,-2501,-9317,5146,-4897,958,21980,405,403,-8766,10178,11935,828,-929,100.0,3.9,11.4,15.7,48.0,3.6,21.7,10.8,10.8,28.9,5.9,6.4,90.9,96.9,9.1,3.1,100.0,3.9,11.4,15.7,48.0,3.6,21.7,10.8,10.8,28.9,5.9,6.4,90.9,96.9,9.1,3.1,100.0,0.0,0.0,0.0,0.0,0.0,0.0,0.0,0.0,0.0,0.0,0.0,0.0,0.0,0.0,0.0,334,23,26,24,105,31,42,283,168,334,23,26,24,105,31,42,283,168,0,0,0,0,0,0,0,0,0,0,0,0,0,0,22.1,29.2,31.8,45.9,16.7,27.9,25.0,43.6,22.1,29.2,31.8,45.9,16.7,27.9,25.0,43.6,0.0,0.0,0.0,0.0,0.0,0.0,0.0,0.0,(CONTRACTS OF 100 TROY OUNCES),N20,GOLD,PRECIOUS METALS,NATURAL RESOURCES,FutOnly,19,16,86,31,41,19,16,86,31,41
220510088695F,MICRO GOLD - COMMODITY EXCHANGE INC.,2022-05-10T00:00:00.000,2022 Report Week 19,MICRO GOLD,088695,CMX,NYC,088,GOLD,30320,0,0,0,0,0,1342,0,0,5315,18590,6384,13041,24974,17279,5346,30320,0,0,0,0,0,1342,0,0,5315,18590,6384,13041,24974,17279,5346,0,0,0,0,0,0,0,0,0,0,0,0,0,0,0,0,-133,0,0,0,0,0,8,0,0,106,1416,809,923,2225,-1056,-2358,100.0,0.0,0.0,0.0,0.0,0.0,4.4,0.0,0.0,17.5,61.3,21.1,43.0,82.4,57.0,17.6,100.0,0.0,0.0,0.0,0.0,0.0,4.4,0.0,0.0,17.5,61.3,21.1,43.0,82.4,57.0,17.6,100.0,0.0,0.0,0.0,0.0,0.0,0.0,0.0,0.0,0.0,0.0,0.0,0.0,0.0,0.0,0.0,21,0,0,0,10,10,9,17,13,21,0,0,0,10,10,9,17,13,0,0,0,0,0,0,0,0,0,0,0,0,0,0,22.9,61.5,33.9,77.2,16.5,51.9,20.6,60.4,22.9,61.5,33.9,77.2,16.5,51.9,20.6,60.4,0.0,0.0,0.0,0.0,0.0,0.0,0.0,0.0,(CONTRACTS OF 10 TROY OUNCES),N20,GOLD,PRECIOUS METALS,NATURAL RESOURCES,FutOnly,0,0,,0,0,0,0,,0,0
220503088695F,MICRO GOLD - COMMODITY EXCHANGE INC.,2022-05-03T00:00:00.000,2022 Report Week 18,MICRO GOLD,088695,CMX,NYC,088,GOLD,30453,0,0,0,0,0,1334,0,0,5209,17174,5575,12118,22749,18335,7704,30453,0,0,0,0,0,1334,0,0,5209,17174,5575,12118,22749,18335,7704,0,0,0,0,0,0,0,0,0,0,0,0,0,0,0,0,-1809,0,0,0,0,0,161,0,0,-1950,690,-226,-2015,464,206,-2273,100.0,0.0,0.0,0.0,0.0,0.0,4.4,0.0,0.0,17.1,56.4,18.3,39.8,74.7,60.2,25.3,100.0,0.0,0.0,0.0,0.0,0.0,4.4,0.0,0.0,17.1,56.4,18.3,39.8,74.7,60.2,25.3,100.0,0.0,0.0,0.0,0.0,0.0,0.0,0.0,0.0,0.0,0.0,0.0,0.0,0.0,0.0,0.0,20,0,0,0,10,9,7,16,11,20,0,0,0,10,9,7,16,11,0,0,0,0,0,0,0,0,0,0,0,0,0,0,23.2,56.5,33.5,72.8,16.7,47.9,19.9,56.3,23.2,56.5,33.5,72.8,16.7,47.9,19.9,56.3,0.0,0.0,0.0,0.0,0.0,0.0,0.0,0.0,(CONTRACTS OF 10 TROY OUNCES),N20,GOLD,PRECIOUS METALS,NATURAL RESOURCES,FutOnly,0,0,,0,0,0,0,,0,0
220503088691F,GOLD - COMMODITY EXCHANGE INC.,2022-05-03T00:00:00.000,2022 Report Week 18,GOLD,088691,CMX,NYC,088,GOLD,560441,23431,63612,92223,283894,15141,128828,60981,39883,164611,33290,45054,509171,541855,51270,18586,560441,23431,63612,92223,283894,15141,128828,60981,39883,164611,33290,45054,509171,541855,51270,18586,0,0,0,0,0,0,0,0,0,0,0,0,0,0,0,0,2656,766,-3226,1691,-11759,792,-9387,3883,3820,-7685,-2099,12327,2324,3738,332,-1082,100.0,4.2,11.4,16.5,50.7,2.7,23.0,10.9,7.1,29.4,5.9,8.0,90.9,96.7,9.1,3.3,100.0,4.2,11.4,16.5,50.7,2.7,23.0,10.9,7.1,29.4,5.9,8.0,90.9,96.7,9.1,3.3,100.0,0.0,0.0,0.0,0.0,0.0,0.0,0.0,0.0,0.0,0.0,0.0,0.0,0.0,0.0,0.0,332,19,25,21,107,30,39,280,155,332,19,25,21,107,30,39,280,155,0,0,0,0,0,0,0,0,0,0,0,0,0,0,21.5,29.9,30.9,46.8,17.3,29.7,26.4,46.2,21.5,29.9,30.9,46.8,17.3,29.7,26.4,46.2,0.0,0.0,0.0,0.0,0.0,0.0,0.0,0.0,(CONTRACTS OF 100 TROY OUNCES),N20,GOLD,PRECIOUS METALS,NATURAL RESOURCES,FutOnly,18,18,92,26,35,18,18,92,26,35
220426088691F,GOLD - COMMODITY EXCHANGE INC.,2022-04-26T00:00:00.000,2022 Report Week 17,GOLD,088691,CMX,NYC,088,GOLD,557785,22665,66838,90532,295653,14349,138215,57098,36063,172296,35389,32727,506847,538117,50938,19668,557785,22665,66838,90532,295653,14349,138215,57098,36063,172296,35389,32727,506847,538117,50938,19668,0,0,0,0,0,0,0,0,0,0,0,0,0,0,0,0,-17417,69,-5707,1075,-19380,-2755,-19345,804,1594,-889,695,6928,-13323,-17821,-4094,404,100.0,4.1,12.0,16.2,53.0,2.6,24.8,10.2,6.5,30.9,6.3,5.9,90.9,96.5,9.1,3.5,100.0,4.1,12.0,16.2,53.0,2.6,24.8,10.2,6.5,30.9,6.3,5.9,90.9,96.5,9.1,3.5,100.0,0.0,0.0,0.0,0.0,0.0,0.0,0.0,0.0,0.0,0.0,0.0,0.0,0.0,0.0,0.0,331,19,26,22,109,30,37,286,150,331,19,26,22,109,30,37,286,150,0,0,0,0,0,0,0,0,0,0,0,0,0,0,21.3,31.7,30.6,48.4,17.6,31.5,26.9,47.9,21.3,31.7,30.6,48.4,17.6,31.5,26.9,47.9,0.0,0.0,0.0,0.0,0.0,0.0,0.0,0.0,(CONTRACTS OF 100 TROY OUNCES),N20,GOLD,PRECIOUS METALS,NATURAL RESOURCES,FutOnly,18,17,96,19,37,18,17,96,19,37
220426088695F,MICRO GOLD - COMMODITY EXCHANGE INC.,2022-04-26T00:00:00.000,2022 Report Week 17,MICRO GOLD,088695,CMX,NYC,088,GOLD,32262,0,0,0,0,0,1173,0,0,7159,16484,5801,14133,22285,18129,9977,32262,0,0,0,0,0,1173,0,0,7159,16484,5801,14133,22285,18129,9977,0,0,0,0,0,0,0,0,0,0,0,0,0,0,0,0,,,,,,,,,,,,,,,,,100.0,0.0,0.0,0.0,0.0,0.0,3.6,0.0,0.0,22.2,51.1,18.0,43.8,69.1,56.2,30.9,100.0,0.0,0.0,0.0,0.0,0.0,3.6,0.0,0.0,22.2,51.1,18.0,43.8,69.1,56.2,30.9,100.0,0.0,0.0,0.0,0.0,0.0,0.0,0.0,0.0,0.0,0.0,0.0,0.0,0.0,0.0,0.0,21,0,0,0,11,9,7,17,11,21,0,0,0,11,9,7,17,11,0,0,0,0,0,0,0,0,0,0,0,0,0,0,21.5,51.3,34.1,67.0,17.0,43.2,23.1,50.4,21.5,51.3,34.1,67.0,17.0,43.2,23.1,50.4,0.0,0.0,0.0,0.0,0.0,0.0,0.0,0.0,(CONTRACTS OF 10 TROY OUNCES),N20,GOLD,PRECIOUS METALS,NATURAL RESOURCES,FutOnly,0,0,,0,0,0,0,,0,0
220419088691F,GOLD - COMMODITY EXCHANGE INC.,2022-04-19T00:00:00.000,2022 Report Week 16,GOLD,088691,CMX,NYC,088,GOLD,575202,22596,72545,89457,315033,17104,157560,56294,34469,173185,34694,25799,520170,555938,55032,19264,575202,22596,72545,89457,315033,17104,157560,56294,34469,173185,34694,25799,520170,555938,55032,19264,0,0,0,0,0,0,0,0,0,0,0,0,0,0,0,0,-2437,2324,544,1131,-9657,75,-7684,8075,2744,265,-964,-1060,-2205,-243,-232,-2194,100.0,3.9,12.6,15.6,54.8,3.0,27.4,9.8,6.0,30.1,6.0,4.5,90.4,96.7,9.6,3.3,100.0,3.9,12.6,15.6,54.8,3.0,27.4,9.8,6.0,30.1,6.0,4.5,90.4,96.7,9.6,3.3,100.0,0.0,0.0,0.0,0.0,0.0,0.0,0.0,0.0,0.0,0.0,0.0,0.0,0.0,0.0,0.0,341,20,27,24,110,31,35,293,147,341,20,27,24,110,31,35,293,147,0,0,0,0,0,0,0,0,0,0,0,0,0,0,20.5,32.0,29.3,48.7,17.6,31.5,26.3,47.4,20.5,32.0,29.3,48.7,17.6,31.5,26.3,47.4,0.0,0.0,0.0,0.0,0.0,0.0,0.0,0.0,(CONTRACTS OF 100 TROY OUNCES),N20,GOLD,PRECIOUS METALS,NATURAL RESOURCES,FutOnly,19,18,99,20,33,19,18,99,20,33
220412088691F,GOLD - COMMODITY EXCHANGE INC.,2022-04-12T00:00:00.000,2022 Report Week 15,GOLD,088691,CMX,NYC,088,GOLD,577639,20272,72001,88326,324690,17029,165244,48219,31725,172920,35658,26859,522375,556181,55264,21458,577639,20272,72001,88326,324690,17029,165244,48219,31725,172920,35658,26859,522375,556181,55264,21458,0,0,0,0,0,0,0,0,0,0,0,0,0,0,0,0,16973,1283,668,337,10287,-499,16924,1526,-516,-3330,3322,-712,13487,14076,3486,2897,100.0,3.5,12.5,15.3,56.2,2.9,28.6,8.3,5.5,29.9,6.2,4.6,90.4,96.3,9.6,3.7,100.0,3.5,12.5,15.3,56.2,2.9,28.6,8.3,5.5,29.9,6.2,4.6,90.4,96.3,9.6,3.7,100.0,0.0,0.0,0.0,0.0,0.0,0.0,0.0,0.0,0.0,0.0,0.0,0.0,0.0,0.0,0.0,351,21,28,22,112,29,36,304,145,351,21,28,22,112,29,36,304,145,0,0,0,0,0,0,0,0,0,0,0,0,0,0,20.3,32.1,29.1,48.7,17.7,31.5,26.3,47.3,20.3,32.1,29.1,48.7,17.7,31.5,26.3,47.3,0.0,0.0,0.0,0.0,0.0,0.0,0.0,0.0,(CONTRACTS OF 100 TROY OUNCES),N20,GOLD,PRECIOUS METALS,NATURAL RESOURCES,FutOnly,16,17,113,15,34,16,17,113,15,34
220405088691F,GOLD - COMMODITY EXCHANGE INC.,2022-04-05T00:00:00.000,2022 Report Week 14,GOLD,088691,CMX,NYC,088,GOLD,560666,18989,71333,87989,314403,17528,148320,46693,32241,176250,32336,27571,508888,542105,51778,18561,560666,18989,71333,87989,314403,17528,148320,46693,32241,176250,32336,27571,508888,542105,51778,18561,0,0,0,0,0,0,0,0,0,0,0,0,0,0,0,0,-13855,600,1018,-1634,-9231,-7510,1834,8509,-5143,-4896,484,138,-16611,-11735,2756,-2120,100.0,3.4,12.7,15.7,56.1,3.1,26.5,8.3,5.8,31.4,5.8,4.9,90.8,96.7,9.2,3.3,100.0,3.4,12.7,15.7,56.1,3.1,26.5,8.3,5.8,31.4,5.8,4.9,90.8,96.7,9.2,3.3,100.0,0.0,0.0,0.0,0.0,0.0,0.0,0.0,0.0,0.0,0.0,0.0,0.0,0.0,0.0,0.0,326,21,24,20,108,29,35,275,144,326,21,24,20,108,29,35,275,144,0,0,0,0,0,0,0,0,0,0,0,0,0,0,21.2,32.9,30.2,49.6,18.9,32.1,27.6,48.1,21.2,32.9,30.2,49.6,18.9,32.1,27.6,48.1,0.0,0.0,0.0,0.0,0.0,0.0,0.0,0.0,(CONTRACTS OF 100 TROY OUNCES),N20,GOLD,PRECIOUS METALS,NATURAL RESOURCES,FutOnly,11,17,94,22,34,11,17,94,22,34
220405088695F,MICRO GOLD - COMMODITY EXCHANGE INC.,2022-04-05T00:00:00.000,2022 Report Week 14,MICRO GOLD,088695,CMX,NYC,088,GOLD,27111,0,0,0,0,0,1081,0,0,8125,10996,3578,12784,14574,14327,12537,27111,0,0,0,0,0,1081,0,0,8125,10996,3578,12784,14574,14327,12537,0,0,0,0,0,0,0,0,0,0,0,0,0,0,0,0,,,,,,,,,,,,,,,,,100.0,0.0,0.0,0.0,0.0,0.0,4.0,0.0,0.0,30.0,40.6,13.2,47.2,53.8,52.8,46.2,100.0,0.0,0.0,0.0,0.0,0.0,4.0,0.0,0.0,30.0,40.6,13.2,47.2,53.8,52.8,46.2,100.0,0.0,0.0,0.0,0.0,0.0,0.0,0.0,0.0,0.0,0.0,0.0,0.0,0.0,0.0,0.0,20,0,0,0,11,8,9,17,12,20,0,0,0,11,8,9,17,12,0,0,0,0,0,0,0,0,0,0,0,0,0,0,26.7,39.4,38.9,51.8,21.9,33.4,30.1,40.6,26.7,39.4,38.9,51.8,21.9,33.4,30.1,40.6,0.0,0.0,0.0,0.0,0.0,0.0,0.0,0.0,(CONTRACTS OF 10 TROY OUNCES),N20,GOLD,PRECIOUS METALS,NATURAL RESOURCES,FutOnly,0,0,,0,0,0,0,,0,0
220329088691F,GOLD - COMMODITY EXCHANGE INC.,2022-03-29T00:00:00.000,2022 Report Week 13,GOLD,088691,CMX,NYC,088,GOLD,574521,18389,70315,89623,323634,25038,146486,38184,37384,181146,31852,27433,525499,553840,49022,20681,574521,18389,70315,89623,323634,25038,146486,38184,37384,181146,31852,27433,525499,553840,49022,20681,0,0,0,0,0,0,0,0,0,0,0,0,0,0,0,0,-30670,-10497,-23484,-13393,3936,1901,-6103,727,4628,5075,-11319,-7862,-26251,-31473,-4419,803,100.0,3.2,12.2,15.6,56.3,4.4,25.5,6.6,6.5,31.5,5.5,4.8,91.5,96.4,8.5,3.6,100.0,3.2,12.2,15.6,56.3,4.4,25.5,6.6,6.5,31.5,5.5,4.8,91.5,96.4,8.5,3.6,100.0,0.0,0.0,0.0,0.0,0.0,0.0,0.0,0.0,0.0,0.0,0.0,0.0,0.0,0.0,0.0,328,22,25,21,113,25,33,283,147,328,22,25,21,113,25,33,283,147,0,0,0,0,0,0,0,0,0,0,0,0,0,0,20.9,32.0,30.0,48.6,19.1,31.6,27.6,46.8,20.9,32.0,30.0,48.6,19.1,31.6,27.6,46.8,0.0,0.0,0.0,0.0,0.0,0.0,0.0,0.0,(CONTRACTS OF 100 TROY OUNCES),N20,GOLD,PRECIOUS METALS,NATURAL RESOURCES,FutOnly,15,16,93,20,41,15,16,93,20,41
220322088691F,GOLD - COMMODITY EXCHANGE INC.,2022-03-22T00:00:00.000,2022 Report Week 12,GOLD,088691,CMX,NYC,088,GOLD,605191,28886,93799,103016,319698,23137,152589,37457,32756,176071,43171,35295,551750,585313,53441,19878,605191,28886,93799,103016,319698,23137,152589,37457,32756,176071,43171,35295,551750,585313,53441,19878,0,0,0,0,0,0,0,0,0,0,0,0,0,0,0,0,-12414,2599,74,6251,-7070,-4856,-13008,-1603,1428,-5063,-2712,1124,-11525,-13615,-889,1201,100.0,4.8,15.5,17.0,52.8,3.8,25.2,6.2,5.4,29.1,7.1,5.8,91.2,96.7,8.8,3.3,100.0,4.8,15.5,17.0,52.8,3.8,25.2,6.2,5.4,29.1,7.1,5.8,91.2,96.7,8.8,3.3,100.0,0.0,0.0,0.0,0.0,0.0,0.0,0.0,0.0,0.0,0.0,0.0,0.0,0.0,0.0,0.0,327,24,24,21,109,32,42,279,150,327,24,24,21,109,32,42,279,150,0,0,0,0,0,0,0,0,0,0,0,0,0,0,20.6,29.9,30.4,45.4,19.1,29.6,28.3,44.6,20.6,29.9,30.4,45.4,19.1,29.6,28.3,44.6,0.0,0.0,0.0,0.0,0.0,0.0,0.0,0.0,(CONTRACTS OF 100 TROY OUNCES),N20,GOLD,PRECIOUS METALS,NATURAL RESOURCES,FutOnly,13,17,93,19,32,13,17,93,19,32
220322088695F,MICRO GOLD - COMMODITY EXCHANGE INC.,2022-03-22T00:00:00.000,2022 Report Week 12,MICRO GOLD,088695,CMX,NYC,088,GOLD,35952,0,0,0,0,0,1119,249,0,8915,15577,10180,20214,26006,15738,9946,35952,0,0,0,0,0,1119,249,0,8915,15577,10180,20214,26006,15738,9946,0,0,0,0,0,0,0,0,0,0,0,0,0,0,0,0,31,0,0,0,0,0,249,249,0,675,301,-1250,-326,-700,357,731,100.0,0.0,0.0,0.0,0.0,0.0,3.1,0.7,0.0,24.8,43.3,28.3,56.2,72.3,43.8,27.7,100.0,0.0,0.0,0.0,0.0,0.0,3.1,0.7,0.0,24.8,43.3,28.3,56.2,72.3,43.8,27.7,100.0,0.0,0.0,0.0,0.0,0.0,0.0,0.0,0.0,0.0,0.0,0.0,0.0,0.0,0.0,0.0,22,0,0,0,11,9,10,17,15,22,0,0,0,11,9,10,17,15,0,0,0,0,0,0,0,0,0,0,0,0,0,0,29.9,56.7,45.2,67.9,17.0,38.0,25.4,43.3,29.9,56.7,45.2,67.9,17.0,38.0,25.4,43.3,0.0,0.0,0.0,0.0,0.0,0.0,0.0,0.0,(CONTRACTS OF 10 TROY OUNCES),N20,GOLD,PRECIOUS METALS,NATURAL RESOURCES,FutOnly,0,0,,,0,0,0,,,0
220315088695F,MICRO GOLD - COMMODITY EXCHANGE INC.,2022-03-15T00:00:00.000,2022 Report Week 11,MICRO GOLD,088695,CMX,NYC,088,GOLD,35921,0,0,0,0,0,870,0,0,8240,15276,11430,20540,26706,15381,9215,35921,0,0,0,0,0,870,0,0,8240,15276,11430,20540,26706,15381,9215,0,0,0,0,0,0,0,0,0,0,0,0,0,0,0,0,,,,,,,,,,,,,,,,,100.0,0.0,0.0,0.0,0.0,0.0,2.4,0.0,0.0,22.9,42.5,31.8,57.2,74.3,42.8,25.7,100.0,0.0,0.0,0.0,0.0,0.0,2.4,0.0,0.0,22.9,42.5,31.8,57.2,74.3,42.8,25.7,100.0,0.0,0.0,0.0,0.0,0.0,0.0,0.0,0.0,0.0,0.0,0.0,0.0,0.0,0.0,0.0,22,0,0,0,13,8,11,18,15,22,0,0,0,13,8,11,18,15,0,0,0,0,0,0,0,0,0,0,0,0,0,0,30.5,57.7,46.1,69.5,15.9,37.1,21.9,42.5,30.5,57.7,46.1,69.5,15.9,37.1,21.9,42.5,0.0,0.0,0.0,0.0,0.0,0.0,0.0,0.0,(CONTRACTS OF 10 TROY OUNCES),N20,GOLD,PRECIOUS METALS,NATURAL RESOURCES,FutOnly,0,0,,0,0,0,0,,0,0
220315088691F,GOLD - COMMODITY EXCHANGE INC.,2022-03-15T00:00:00.000,2022 Report Week 11,GOLD,088691,CMX,NYC,088,GOLD,617605,26287,93725,96765,326768,27993,165597,39060,31328,181134,45883,34171,563275,598928,54330,18677,617605,26287,93725,96765,326768,27993,165597,39060,31328,181134,45883,34171,563275,598928,54330,18677,0,0,0,0,0,0,0,0,0,0,0,0,0,0,0,0,-20897,2551,-6088,-3822,-4688,12919,-15913,523,-7226,-1974,-5810,-5798,-19263,-16168,-1634,-4729,100.0,4.3,15.2,15.7,52.9,4.5,26.8,6.3,5.1,29.3,7.4,5.5,91.2,97.0,8.8,3.0,100.0,4.3,15.2,15.7,52.9,4.5,26.8,6.3,5.1,29.3,7.4,5.5,91.2,97.0,8.8,3.0,100.0,0.0,0.0,0.0,0.0,0.0,0.0,0.0,0.0,0.0,0.0,0.0,0.0,0.0,0.0,0.0,340,24,24,23,107,38,43,289,157,340,24,24,23,107,38,43,289,157,0,0,0,0,0,0,0,0,0,0,0,0,0,0,20.0,30.0,29.4,45.8,18.7,29.9,27.4,45.0,20.0,30.0,29.4,45.8,18.7,29.9,27.4,45.0,0.0,0.0,0.0,0.0,0.0,0.0,0.0,0.0,(CONTRACTS OF 100 TROY OUNCES),N20,GOLD,PRECIOUS METALS,NATURAL RESOURCES,FutOnly,14,16,103,18,31,14,16,103,18,31
220308088691F,GOLD - COMMODITY EXCHANGE INC.,2022-03-08T00:00:00.000,2022 Report Week 10,GOLD,088691,CMX,NYC,088,GOLD,638502,23736,99813,100587,331456,15074,181510,38537,38554,183108,51693,39969,582538,615096,55964,23406,638502,23736,99813,100587,331456,15074,181510,38537,38554,183108,51693,39969,582538,615096,55964,23406,0,0,0,0,0,0,0,0,0,0,0,0,0,0,0,0,22902,5047,5310,4887,25761,2232,-5705,-57,-15438,16146,-6268,10035,17204,21575,5698,1327,100.0,3.7,15.6,15.8,51.9,2.4,28.4,6.0,6.0,28.7,8.1,6.3,91.2,96.3,8.8,3.7,100.0,3.7,15.6,15.8,51.9,2.4,28.4,6.0,6.0,28.7,8.1,6.3,91.2,96.3,8.8,3.7,100.0,0.0,0.0,0.0,0.0,0.0,0.0,0.0,0.0,0.0,0.0,0.0,0.0,0.0,0.0,0.0,344,25,25,21,101,45,47,286,163,344,25,25,21,101,45,47,286,163,0,0,0,0,0,0,0,0,0,0,0,0,0,0,19.4,29.5,28.7,44.5,18.1,29.5,26.4,43.7,19.4,29.5,28.7,44.5,18.1,29.5,26.4,43.7,0.0,0.0,0.0,0.0,0.0,0.0,0.0,0.0,(CONTRACTS OF 100 TROY OUNCES),N20,GOLD,PRECIOUS METALS,NATURAL RESOURCES,FutOnly,14,19,99,17,30,14,19,99,17,30
220301088691F,GOLD - COMMODITY EXCHANGE INC.,2022-03-01T00:00:00.000,2022 Report Week 09,GOLD,088691,CMX,NYC,088,GOLD,615600,18689,94503,95700,305695,12842,187215,38594,53992,166962,57961,29934,565334,593521,50266,22079,615600,18689,94503,95700,305695,12842,187215,38594,53992,166962,57961,29934,565334,593521,50266,22079,0,0,0,0,0,0,0,0,0,0,0,0,0,0,0,0,4112,3942,8845,-2211,8973,-4182,3859,-5786,-1808,222,-4607,3114,2936,4549,1176,-437,100.0,3.0,15.4,15.5,49.7,2.1,30.4,6.3,8.8,27.1,9.4,4.9,91.8,96.4,8.2,3.6,100.0,3.0,15.4,15.5,49.7,2.1,30.4,6.3,8.8,27.1,9.4,4.9,91.8,96.4,8.2,3.6,100.0,0.0,0.0,0.0,0.0,0.0,0.0,0.0,0.0,0.0,0.0,0.0,0.0,0.0,0.0,0.0,348,24,23,16,91,51,41,279,163,348,24,23,16,91,51,41,279,163,0,0,0,0,0,0,0,0,0,0,0,0,0,0,21.3,29.2,31.2,45.6,18.1,29.0,26.5,42.9,21.3,29.2,31.2,45.6,18.1,29.0,26.5,42.9,0.0,0.0,0.0,0.0,0.0,0.0,0.0,0.0,(CONTRACTS OF 100 TROY OUNCES),N20,GOLD,PRECIOUS METALS,NATURAL RESOURCES,FutOnly,13,19,108,18,32,13,19,108,18,32
220222088691F,GOLD - COMMODITY EXCHANGE INC.,2022-02-22T00:00:00.000,2022 Report Week 08,GOLD,088691,CMX,NYC,088,GOLD,611488,14747,85658,97911,296722,17024,183356,44380,55800,166740,62568,26820,562398,588972,49090,22516,611488,14747,85658,97911,296722,17024,183356,44380,55800,166740,62568,26820,562398,588972,49090,22516,0,0,0,0,0,0,0,0,0,0,0,0,0,0,0,0,52843,907,8136,612,24230,1326,31826,556,8787,5001,6736,1983,50442,51754,2401,1089,100.0,2.4,14.0,16.0,48.5,2.8,30.0,7.3,9.1,27.3,10.2,4.4,92.0,96.3,8.0,3.7,100.0,2.4,14.0,16.0,48.5,2.8,30.0,7.3,9.1,27.3,10.2,4.4,92.0,96.3,8.0,3.7,100.0,0.0,0.0,0.0,0.0,0.0,0.0,0.0,0.0,0.0,0.0,0.0,0.0,0.0,0.0,0.0,357,26,23,20,87,57,39,282,178,357,26,23,20,87,57,39,282,178,0,0,0,0,0,0,0,0,0,0,0,0,0,0,20.8,27.7,31.7,44.0,18.7,27.6,27.3,41.8,20.8,27.7,31.7,44.0,18.7,27.6,27.3,41.8,0.0,0.0,0.0,0.0,0.0,0.0,0.0,0.0,(CONTRACTS OF 100 TROY OUNCES),N20,GOLD,PRECIOUS METALS,NATURAL RESOURCES,FutOnly,14,17,110,24,38,14,17,110,24,38
220215088691F,GOLD - COMMODITY EXCHANGE INC.,2022-02-15T00:00:00.000,2022 Report Week 07,GOLD,088691,CMX,NYC,088,GOLD,558645,13840,77522,97299,272492,15698,151530,43824,47013,161739,55832,24837,511956,537218,46689,21427,558645,13840,77522,97299,272492,15698,151530,43824,47013,161739,55832,24837,511956,537218,46689,21427,0,0,0,0,0,0,0,0,0,0,0,0,0,0,0,0,45803,1187,11378,198,17448,-876,34296,-3943,5507,-586,10746,4257,43983,44517,1820,1286,100.0,2.5,13.9,17.4,48.8,2.8,27.1,7.8,8.4,29.0,10.0,4.4,91.6,96.2,8.4,3.8,100.0,2.5,13.9,17.4,48.8,2.8,27.1,7.8,8.4,29.0,10.0,4.4,91.6,96.2,8.4,3.8,100.0,0.0,0.0,0.0,0.0,0.0,0.0,0.0,0.0,0.0,0.0,0.0,0.0,0.0,0.0,0.0,321,24,21,20,82,46,37,256,165,321,24,21,20,82,46,37,256,165,0,0,0,0,0,0,0,0,0,0,0,0,0,0,21.6,27.9,32.2,44.9,19.8,27.8,28.7,43.4,21.6,27.9,32.2,44.9,19.8,27.8,28.7,43.4,0.0,0.0,0.0,0.0,0.0,0.0,0.0,0.0,(CONTRACTS OF 100 TROY OUNCES),N20,GOLD,PRECIOUS METALS,NATURAL RESOURCES,FutOnly,13,19,92,26,37,13,19,92,26,37
220208088691F,GOLD - COMMODITY EXCHANGE INC.,2022-02-08T00:00:00.000,2022 Report Week 06,GOLD,088691,CMX,NYC,088,GOLD,512842,12653,66144,97101,255044,16574,117234,47767,41506,162325,45086,20580,467973,492701,44869,20141,512842,12653,66144,97101,255044,16574,117234,47767,41506,162325,45086,20580,467973,492701,44869,20141,0,0,0,0,0,0,0,0,0,0,0,0,0,0,0,0,-2489,-641,517,1462,10396,-2126,8925,-10628,-890,-5360,-371,-1909,-539,-5011,-1950,2522,100.0,2.5,12.9,18.9,49.7,3.2,22.9,9.3,8.1,31.7,8.8,4.0,91.3,96.1,8.7,3.9,100.0,2.5,12.9,18.9,49.7,3.2,22.9,9.3,8.1,31.7,8.8,4.0,91.3,96.1,8.7,3.9,100.0,0.0,0.0,0.0,0.0,0.0,0.0,0.0,0.0,0.0,0.0,0.0,0.0,0.0,0.0,0.0,314,20,23,22,91,40,33,252,160,314,20,23,22,91,40,33,252,160,0,0,0,0,0,0,0,0,0,0,0,0,0,0,22.4,28.0,34.1,46.0,21.5,27.9,31.3,45.1,22.4,28.0,34.1,46.0,21.5,27.9,31.3,45.1,0.0,0.0,0.0,0.0,0.0,0.0,0.0,0.0,(CONTRACTS OF 100 TROY OUNCES),N20,GOLD,PRECIOUS METALS,NATURAL RESOURCES,FutOnly,12,17,82,32,37,12,17,82,32,37
220201088691F,GOLD - COMMODITY EXCHANGE INC.,2022-02-01T00:00:00.000,2022 Report Week 05,GOLD,088691,CMX,NYC,088,GOLD,515331,13294,65627,95639,244648,18700,108309,58395,42396,167685,45457,22489,468512,497712,46819,17619,515331,13294,65627,95639,244648,18700,108309,58395,42396,167685,45457,22489,468512,497712,46819,17619,0,0,0,0,0,0,0,0,0,0,0,0,0,0,0,0,-56747,-200,-13637,9432,-25535,-11807,-32331,19130,-6516,-5090,-8542,-6385,-52897,-53292,-3850,-3455,100.0,2.6,12.7,18.6,47.5,3.6,21.0,11.3,8.2,32.5,8.8,4.4,90.9,96.6,9.1,3.4,100.0,2.6,12.7,18.6,47.5,3.6,21.0,11.3,8.2,32.5,8.8,4.4,90.9,96.6,9.1,3.4,100.0,0.0,0.0,0.0,0.0,0.0,0.0,0.0,0.0,0.0,0.0,0.0,0.0,0.0,0.0,0.0,322,20,23,20,105,37,35,262,159,322,20,23,20,105,37,35,262,159,0,0,0,0,0,0,0,0,0,0,0,0,0,0,22.4,27.5,34.0,45.8,21.4,27.2,31.4,44.7,22.4,27.5,34.0,45.8,21.4,27.2,31.4,44.7,0.0,0.0,0.0,0.0,0.0,0.0,0.0,0.0,(CONTRACTS OF 100 TROY OUNCES),N20,GOLD,PRECIOUS METALS,NATURAL RESOURCES,FutOnly,12,18,79,30,38,12,18,79,30,38
220125088691F,GOLD - COMMODITY EXCHANGE INC.,2022-01-25T00:00:00.000,2022 Report Week 04,GOLD,088691,CMX,NYC,088,GOLD,572078,13494,79264,86207,270183,30507,140640,39265,48912,172775,53999,28874,521409,551004,50669,21074,572078,13494,79264,86207,270183,30507,140640,39265,48912,172775,53999,28874,521409,551004,50669,21074,0,0,0,0,0,0,0,0,0,0,0,0,0,0,0,0,32874,-5694,9114,-1016,12854,4154,20833,-8749,8980,2054,5692,-128,29183,31917,3691,957,100.0,2.4,13.9,15.1,47.2,5.3,24.6,6.9,8.5,30.2,9.4,5.0,91.1,96.3,8.9,3.7,100.0,2.4,13.9,15.1,47.2,5.3,24.6,6.9,8.5,30.2,9.4,5.0,91.1,96.3,8.9,3.7,100.0,0.0,0.0,0.0,0.0,0.0,0.0,0.0,0.0,0.0,0.0,0.0,0.0,0.0,0.0,0.0,334,23,24,23,94,45,40,273,173,334,23,24,23,94,45,40,273,173,0,0,0,0,0,0,0,0,0,0,0,0,0,0,20.5,26.5,31.0,43.2,19.8,26.4,28.0,41.6,20.5,26.5,31.0,43.2,19.8,26.4,28.0,41.6,0.0,0.0,0.0,0.0,0.0,0.0,0.0,0.0,(CONTRACTS OF 100 TROY OUNCES),N20,GOLD,PRECIOUS METALS,NATURAL RESOURCES,FutOnly,14,18,95,24,40,14,18,95,24,40
220118088691F,GOLD - COMMODITY EXCHANGE INC.,2022-01-18T00:00:00.000,2022 Report Week 03,GOLD,088691,CMX,NYC,088,GOLD,539204,19188,70150,87223,257329,26353,119807,48014,39932,170721,48307,29002,492226,519087,46978,20117,539204,19188,70150,87223,257329,26353,119807,48014,39932,170721,48307,29002,492226,519087,46978,20117,0,0,0,0,0,0,0,0,0,0,0,0,0,0,0,0,-7312,4184,4440,5247,986,7041,510,3027,-10070,-84,2929,-12795,-5967,-4442,-1345,-2870,100.0,3.6,13.0,16.2,47.7,4.9,22.2,8.9,7.4,31.7,9.0,5.4,91.3,96.3,8.7,3.7,100.0,3.6,13.0,16.2,47.7,4.9,22.2,8.9,7.4,31.7,9.0,5.4,91.3,96.3,8.7,3.7,100.0,0.0,0.0,0.0,0.0,0.0,0.0,0.0,0.0,0.0,0.0,0.0,0.0,0.0,0.0,0.0,326,21,27,22,95,42,43,268,173,326,21,27,22,95,42,43,268,173,0,0,0,0,0,0,0,0,0,0,0,0,0,0,21.8,25.5,32.3,42.8,21.1,24.9,30.0,41.6,21.8,25.5,32.3,42.8,21.1,24.9,30.0,41.6,0.0,0.0,0.0,0.0,0.0,0.0,0.0,0.0,(CONTRACTS OF 100 TROY OUNCES),N20,GOLD,PRECIOUS METALS,NATURAL RESOURCES,FutOnly,12,19,81,31,41,12,19,81,31,41
220111088691F,GOLD - COMMODITY EXCHANGE INC.,2022-01-11T00:00:00.000,2022 Report Week 02,GOLD,088691,CMX,NYC,088,GOLD,546516,15004,65710,81976,256343,19312,119297,44987,50002,170805,45378,41797,498193,523529,48323,22987,546516,15004,65710,81976,256343,19312,119297,44987,50002,170805,45378,41797,498193,523529,48323,22987,0,0,0,0,0,0,0,0,0,0,0,0,0,0,0,0,43799,3430,661,7548,-2068,1056,-4955,243,12726,-1526,4894,22597,40876,40109,2923,3690,100.0,2.7,12.0,15.0,46.9,3.5,21.8,8.2,9.1,31.3,8.3,7.6,91.2,95.8,8.8,4.2,100.0,2.7,12.0,15.0,46.9,3.5,21.8,8.2,9.1,31.3,8.3,7.6,91.2,95.8,8.8,4.2,100.0,0.0,0.0,0.0,0.0,0.0,0.0,0.0,0.0,0.0,0.0,0.0,0.0,0.0,0.0,0.0,327,19,26,20,97,41,41,266,175,327,19,26,20,97,41,41,266,175,0,0,0,0,0,0,0,0,0,0,0,0,0,0,22.9,24.3,34.2,42.9,21.0,24.3,29.6,41.2,22.9,24.3,34.2,42.9,21.0,24.3,29.6,41.2,0.0,0.0,0.0,0.0,0.0,0.0,0.0,0.0,(CONTRACTS OF 100 TROY OUNCES),N20,GOLD,PRECIOUS METALS,NATURAL RESOURCES,FutOnly,13,20,83,30,45,13,20,83,30,45
220104088691F,GOLD - COMMODITY EXCHANGE INC.,2022-01-04T00:00:00.000,2022 Report Week 01,GOLD,088691,CMX,NYC,088,GOLD,502717,11574,65049,74428,258411,18256,124252,44744,37276,172331,40484,19200,457317,483420,45400,19297,502717,11574,65049,74428,258411,18256,124252,44744,37276,172331,40484,19200,457317,483420,45400,19297,0,0,0,0,0,0,0,0,0,0,0,0,0,0,0,0,-6195,527,-4151,411,-3117,148,-6137,-1982,3821,-1159,-3513,1915,-474,-6879,-5721,684,100.0,2.3,12.9,14.8,51.4,3.6,24.7,8.9,7.4,34.3,8.1,3.8,91.0,96.2,9.0,3.8,100.0,2.3,12.9,14.8,51.4,3.6,24.7,8.9,7.4,34.3,8.1,3.8,91.0,96.2,9.0,3.8,100.0,0.0,0.0,0.0,0.0,0.0,0.0,0.0,0.0,0.0,0.0,0.0,0.0,0.0,0.0,0.0,318,22,28,20,97,38,40,253,171,318,22,28,20,97,38,40,253,171,0,0,0,0,0,0,0,0,0,0,0,0,0,0,24.1,26.4,34.9,45.3,23.5,26.3,32.2,45.0,24.1,26.4,34.9,45.3,23.5,26.3,32.2,45.0,0.0,0.0,0.0,0.0,0.0,0.0,0.0,0.0,(CONTRACTS OF 100 TROY OUNCES),N20,GOLD,PRECIOUS METALS,NATURAL RESOURCES,FutOnly,10,19,76,28,41,10,19,76,28,41
211228088691F,GOLD - COMMODITY EXCHANGE INC.,2021-12-28T00:00:00.000,2021 Report Week 52,GOLD,088691,CMX,NYC,088,GOLD,508912,11047,69200,74017,261528,18108,130389,46726,33455,173490,43997,17285,457791,490299,51121,18613,508912,11047,69200,74017,261528,18108,130389,46726,33455,173490,43997,17285,457791,490299,51121,18613,0,0,0,0,0,0,0,0,0,0,0,0,0,0,0,0,8066,-646,1714,-476,6799,-703,6269,-5646,681,982,5552,89,6196,8486,1870,-420,100.0,2.2,13.6,14.5,51.4,3.6,25.6,9.2,6.6,34.1,8.6,3.4,90.0,96.3,10.0,3.7,100.0,2.2,13.6,14.5,51.4,3.6,25.6,9.2,6.6,34.1,8.6,3.4,90.0,96.3,10.0,3.7,100.0,0.0,0.0,0.0,0.0,0.0,0.0,0.0,0.0,0.0,0.0,0.0,0.0,0.0,0.0,0.0,306,22,26,21,94,35,35,251,158,306,22,26,21,94,35,35,251,158,0,0,0,0,0,0,0,0,0,0,0,0,0,0,24.7,27.0,35.3,46.2,24.1,27.0,32.7,45.9,24.7,27.0,35.3,46.2,24.1,27.0,32.7,45.9,0.0,0.0,0.0,0.0,0.0,0.0,0.0,0.0,(CONTRACTS OF 100 TROY OUNCES),N20,GOLD,PRECIOUS METALS,NATURAL RESOURCES,FutOnly,11,18,85,19,40,11,18,85,19,40
211221088691F,GOLD - COMMODITY EXCHANGE INC.,2021-12-21T00:00:00.000,2021 Report Week 51,GOLD,088691,CMX,NYC,088,GOLD,500846,11693,67486,74493,254729,18811,124120,52372,32774,172508,38445,17196,451595,481813,49251,19033,500846,11693,67486,74493,254729,18811,124120,52372,32774,172508,38445,17196,451595,481813,49251,19033,0,0,0,0,0,0,0,0,0,0,0,0,0,0,0,0,-2863,-130,4140,-1995,-1647,-299,2628,-5703,999,-4142,779,-478,-3417,-2209,554,-654,100.0,2.3,13.5,14.9,50.9,3.8,24.8,10.5,6.5,34.4,7.7,3.4,90.2,96.2,9.8,3.8,100.0,2.3,13.5,14.9,50.9,3.8,24.8,10.5,6.5,34.4,7.7,3.4,90.2,96.2,9.8,3.8,100.0,0.0,0.0,0.0,0.0,0.0,0.0,0.0,0.0,0.0,0.0,0.0,0.0,0.0,0.0,0.0,308,21,27,21,98,32,33,250,163,308,21,27,21,98,32,33,250,163,0,0,0,0,0,0,0,0,0,0,0,0,0,0,25.1,27.4,36.0,46.7,24.5,27.2,33.3,46.4,25.1,27.4,36.0,46.7,24.5,27.2,33.3,46.4,0.0,0.0,0.0,0.0,0.0,0.0,0.0,0.0,(CONTRACTS OF 100 TROY OUNCES),N20,GOLD,PRECIOUS METALS,NATURAL RESOURCES,FutOnly,13,18,79,26,44,13,18,79,26,44
211214088691F,GOLD - COMMODITY EXCHANGE INC.,2021-12-14T00:00:00.000,2021 Report Week 50,GOLD,088691,CMX,NYC,088,GOLD,503709,11823,63346,76488,256376,19110,121492,58075,31775,176650,37666,17674,455012,484022,48697,19687,503709,11823,63346,76488,256376,19110,121492,58075,31775,176650,37666,17674,455012,484022,48697,19687,0,0,0,0,0,0,0,0,0,0,0,0,0,0,0,0,4402,110,-2514,198,-11390,3171,-3575,13749,-907,1199,-1341,2867,3063,3635,1339,767,100.0,2.3,12.6,15.2,50.9,3.8,24.1,11.5,6.3,35.1,7.5,3.5,90.3,96.1,9.7,3.9,100.0,2.3,12.6,15.2,50.9,3.8,24.1,11.5,6.3,35.1,7.5,3.5,90.3,96.1,9.7,3.9,100.0,0.0,0.0,0.0,0.0,0.0,0.0,0.0,0.0,0.0,0.0,0.0,0.0,0.0,0.0,0.0,310,21,27,22,100,29,31,243,167,310,21,27,22,100,29,31,243,167,0,0,0,0,0,0,0,0,0,0,0,0,0,0,24.9,27.2,36.0,46.3,24.3,27.0,33.2,46.1,24.9,27.2,36.0,46.3,24.3,27.0,33.2,46.1,0.0,0.0,0.0,0.0,0.0,0.0,0.0,0.0,(CONTRACTS OF 100 TROY OUNCES),N20,GOLD,PRECIOUS METALS,NATURAL RESOURCES,FutOnly,11,20,70,33,42,11,20,70,33,42
211207088691F,GOLD - COMMODITY EXCHANGE INC.,2021-12-07T00:00:00.000,2021 Report Week 49,GOLD,088691,CMX,NYC,088,GOLD,499307,11713,65860,76290,267766,15939,125067,44326,32682,175451,39007,14807,451949,480387,47358,18920,499307,11713,65860,76290,267766,15939,125067,44326,32682,175451,39007,14807,451949,480387,47358,18920,0,0,0,0,0,0,0,0,0,0,0,0,0,0,0,0,-32561,-1871,-1547,6107,-7197,-19856,-12402,-1058,-309,2667,-2,-2598,-28262,-32567,-4299,6,100.0,2.3,13.2,15.3,53.6,3.2,25.0,8.9,6.5,35.1,7.8,3.0,90.5,96.2,9.5,3.8,100.0,2.3,13.2,15.3,53.6,3.2,25.0,8.9,6.5,35.1,7.8,3.0,90.5,96.2,9.5,3.8,100.0,0.0,0.0,0.0,0.0,0.0,0.0,0.0,0.0,0.0,0.0,0.0,0.0,0.0,0.0,0.0,305,23,26,23,93,33,30,249,156,305,23,26,23,93,33,30,249,156,0,0,0,0,0,0,0,0,0,0,0,0,0,0,25.1,28.3,36.2,47.9,24.6,28.1,33.5,47.6,25.1,28.3,36.2,47.9,24.6,28.1,33.5,47.6,0.0,0.0,0.0,0.0,0.0,0.0,0.0,0.0,(CONTRACTS OF 100 TROY OUNCES),N20,GOLD,PRECIOUS METALS,NATURAL RESOURCES,FutOnly,16,20,80,21,39,16,20,80,21,39
211130088691F,GOLD - COMMODITY EXCHANGE INC.,2021-11-30T00:00:00.000,2021 Report Week 48,GOLD,088691,CMX,NYC,088,GOLD,531868,13584,67407,70183,274963,35795,137469,45384,32991,172784,39009,17405,480211,512954,51657,18914,531868,13584,67407,70183,274963,35795,137469,45384,32991,172784,39009,17405,480211,512954,51657,18914,0,0,0,0,0,0,0,0,0,0,0,0,0,0,0,0,-27955,-738,-15441,2196,7668,-2923,-14804,-1550,1718,-1352,-6055,-8329,-24232,-24912,-3723,-3043,100.0,2.6,12.7,13.2,51.7,6.7,25.8,8.5,6.2,32.5,7.3,3.3,90.3,96.4,9.7,3.6,100.0,2.6,12.7,13.2,51.7,6.7,25.8,8.5,6.2,32.5,7.3,3.3,90.3,96.4,9.7,3.6,100.0,0.0,0.0,0.0,0.0,0.0,0.0,0.0,0.0,0.0,0.0,0.0,0.0,0.0,0.0,0.0,302,19,28,24,97,30,28,249,145,302,19,28,24,97,30,28,249,145,0,0,0,0,0,0,0,0,0,0,0,0,0,0,24.1,27.8,34.9,47.5,22.6,27.1,31.3,45.5,24.1,27.8,34.9,47.5,22.6,27.1,31.3,45.5,0.0,0.0,0.0,0.0,0.0,0.0,0.0,0.0,(CONTRACTS OF 100 TROY OUNCES),N20,GOLD,PRECIOUS METALS,NATURAL RESOURCES,FutOnly,13,19,81,21,33,13,19,81,21,33
211123088695F,MICRO GOLD - COMMODITY EXCHANGE INC.,2021-11-23T00:00:00.000,2021 Report Week 47,MICRO GOLD,088695,CMX,NYC,088,GOLD,32929,0,0,0,0,0,2071,1175,20,6355,17947,6079,14525,25221,18404,7708,32929,0,0,0,0,0,2071,1175,20,6355,17947,6079,14525,25221,18404,7708,0,0,0,0,0,0,0,0,0,0,0,0,0,0,0,0,5230,0,0,0,0,0,194,475,-51,406,5913,1786,2335,8123,2895,-2893,100.0,0.0,0.0,0.0,0.0,0.0,6.3,3.6,0.1,19.3,54.5,18.5,44.1,76.6,55.9,23.4,100.0,0.0,0.0,0.0,0.0,0.0,6.3,3.6,0.1,19.3,54.5,18.5,44.1,76.6,55.9,23.4,100.0,0.0,0.0,0.0,0.0,0.0,0.0,0.0,0.0,0.0,0.0,0.0,0.0,0.0,0.0,0.0,21,0,0,0,8,9,10,16,16,21,0,0,0,8,9,10,16,16,0,0,0,0,0,0,0,0,0,0,0,0,0,0,27.4,51.2,37.9,67.4,17.6,45.9,24.3,57.0,27.4,51.2,37.9,67.4,17.6,45.9,24.3,57.0,0.0,0.0,0.0,0.0,0.0,0.0,0.0,0.0,(CONTRACTS OF 10 TROY OUNCES),N20,GOLD,PRECIOUS METALS,NATURAL RESOURCES,FutOnly,0,0,,,,0,0,,,
211123088691F,GOLD - COMMODITY EXCHANGE INC.,2021-11-23T00:00:00.000,2021 Report Week 47,GOLD,088691,CMX,NYC,088,GOLD,559823,14322,82848,67987,267295,38718,152273,46934,31273,174136,45064,25734,504443,537866,55380,21957,559823,14322,82848,67987,267295,38718,152273,46934,31273,174136,45064,25734,504443,537866,55380,21957,0,0,0,0,0,0,0,0,0,0,0,0,0,0,0,0,-52789,-3676,-3344,-525,-20562,-530,-33195,3851,-17698,-925,-12602,434,-56115,-50451,3326,-2338,100.0,2.6,14.8,12.1,47.7,6.9,27.2,8.4,5.6,31.1,8.0,4.6,90.1,96.1,9.9,3.9,100.0,2.6,14.8,12.1,47.7,6.9,27.2,8.4,5.6,31.1,8.0,4.6,90.1,96.1,9.9,3.9,100.0,0.0,0.0,0.0,0.0,0.0,0.0,0.0,0.0,0.0,0.0,0.0,0.0,0.0,0.0,0.0,317,19,26,28,106,33,36,266,155,317,19,26,28,106,33,36,266,155,0,0,0,0,0,0,0,0,0,0,0,0,0,0,23.4,27.5,33.2,45.3,21.4,27.3,29.9,44.1,23.4,27.5,33.2,45.3,21.4,27.3,29.9,44.1,0.0,0.0,0.0,0.0,0.0,0.0,0.0,0.0,(CONTRACTS OF 100 TROY OUNCES),N20,GOLD,PRECIOUS METALS,NATURAL RESOURCES,FutOnly,15,20,82,20,31,15,20,82,20,31
211116088695F,MICRO GOLD - COMMODITY EXCHANGE INC.,2021-11-16T00:00:00.000,2021 Report Week 46,MICRO GOLD,088695,CMX,NYC,088,GOLD,27699,0,0,0,0,0,1877,700,71,5949,12034,4293,12190,17098,15509,10601,27699,0,0,0,0,0,1877,700,71,5949,12034,4293,12190,17098,15509,10601,0,0,0,0,0,0,0,0,0,0,0,0,0,0,0,0,,,,,,,,,,,,,,,,,100.0,0.0,0.0,0.0,0.0,0.0,6.8,2.5,0.3,21.5,43.4,15.5,44.0,61.7,56.0,38.3,100.0,0.0,0.0,0.0,0.0,0.0,6.8,2.5,0.3,21.5,43.4,15.5,44.0,61.7,56.0,38.3,100.0,0.0,0.0,0.0,0.0,0.0,0.0,0.0,0.0,0.0,0.0,0.0,0.0,0.0,0.0,0.0,20,0,0,0,7,8,11,17,16,20,0,0,0,7,8,11,17,16,0,0,0,0,0,0,0,0,0,0,0,0,0,0,29.4,40.1,37.9,54.5,19.5,35.8,25.7,45.5,29.4,40.1,37.9,54.5,19.5,35.8,25.7,45.5,0.0,0.0,0.0,0.0,0.0,0.0,0.0,0.0,(CONTRACTS OF 10 TROY OUNCES),N20,GOLD,PRECIOUS METALS,NATURAL RESOURCES,FutOnly,0,0,4,,,0,0,4,,
211116088691F,GOLD - COMMODITY EXCHANGE INC.,2021-11-16T00:00:00.000,2021 Report Week 46,GOLD,088691,CMX,NYC,088,GOLD,612612,17998,86192,68512,287857,39248,185468,43083,48971,175061,57666,25300,560558,588317,52054,24295,612612,17998,86192,68512,287857,39248,185468,43083,48971,175061,57666,25300,560558,588317,52054,24295,0,0,0,0,0,0,0,0,0,0,0,0,0,0,0,0,41587,586,9980,268,2924,19707,17335,560,7724,2083,9259,-8076,39627,42078,1960,-491,100.0,2.9,14.1,11.2,47.0,6.4,30.3,7.0,8.0,28.6,9.4,4.1,91.5,96.0,8.5,4.0,100.0,2.9,14.1,11.2,47.0,6.4,30.3,7.0,8.0,28.6,9.4,4.1,91.5,96.0,8.5,4.0,100.0,0.0,0.0,0.0,0.0,0.0,0.0,0.0,0.0,0.0,0.0,0.0,0.0,0.0,0.0,0.0,360,26,31,27,107,49,36,286,174,360,26,31,27,107,49,36,286,174,0,0,0,0,0,0,0,0,0,0,0,0,0,0,23.2,26.1,33.8,43.5,20.0,25.6,28.6,40.7,23.2,26.1,33.8,43.5,20.0,25.6,28.6,40.7,0.0,0.0,0.0,0.0,0.0,0.0,0.0,0.0,(CONTRACTS OF 100 TROY OUNCES),N20,GOLD,PRECIOUS METALS,NATURAL RESOURCES,FutOnly,15,17,99,21,28,15,17,99,21,28
211109088691F,GOLD - COMMODITY EXCHANGE INC.,2021-11-09T00:00:00.000,2021 Report Week 45,GOLD,088691,CMX,NYC,088,GOLD,571025,17412,76212,68244,284933,19541,168133,42523,41247,172978,48407,33376,520931,546239,50094,24786,571025,17412,76212,68244,284933,19541,168133,42523,41247,172978,48407,33376,520931,546239,50094,24786,0,0,0,0,0,0,0,0,0,0,0,0,0,0,0,0,63409,3426,9905,-3121,26012,4200,31189,-9182,8227,-1169,4150,16499,59251,59811,4158,3598,100.0,3.0,13.3,12.0,49.9,3.4,29.4,7.4,7.2,30.3,8.5,5.8,91.2,95.7,8.8,4.3,100.0,3.0,13.3,12.0,49.9,3.4,29.4,7.4,7.2,30.3,8.5,5.8,91.2,95.7,8.8,4.3,100.0,0.0,0.0,0.0,0.0,0.0,0.0,0.0,0.0,0.0,0.0,0.0,0.0,0.0,0.0,0.0,338,22,31,23,97,46,36,265,171,338,22,31,23,97,46,36,265,171,0,0,0,0,0,0,0,0,0,0,0,0,0,0,24.0,26.3,34.1,44.4,21.0,26.2,29.9,42.3,24.0,26.3,34.1,44.4,21.0,26.2,29.9,42.3,0.0,0.0,0.0,0.0,0.0,0.0,0.0,0.0,(CONTRACTS OF 100 TROY OUNCES),N20,GOLD,PRECIOUS METALS,NATURAL RESOURCES,FutOnly,15,15,96,21,31,15,15,96,21,31
211102088691F,GOLD - COMMODITY EXCHANGE INC.,2021-11-02T00:00:00.000,2021 Report Week 44,GOLD,088691,CMX,NYC,088,GOLD,507616,13986,66307,71365,258921,15341,136944,51705,33020,174147,44257,16877,461680,486428,45936,21188,507616,13986,66307,71365,258921,15341,136944,51705,33020,174147,44257,16877,461680,486428,45936,21188,0,0,0,0,0,0,0,0,0,0,0,0,0,0,0,0,-2178,481,1707,-1520,-2523,-1692,-4336,-3213,9205,1781,89,-4326,-407,-753,-1771,-1425,100.0,2.8,13.1,14.1,51.0,3.0,27.0,10.2,6.5,34.3,8.7,3.3,91.0,95.8,9.0,4.2,100.0,2.8,13.1,14.1,51.0,3.0,27.0,10.2,6.5,34.3,8.7,3.3,91.0,95.8,9.0,4.2,100.0,0.0,0.0,0.0,0.0,0.0,0.0,0.0,0.0,0.0,0.0,0.0,0.0,0.0,0.0,0.0,323,18,32,19,99,43,33,251,163,323,18,32,19,99,43,33,251,163,0,0,0,0,0,0,0,0,0,0,0,0,0,0,25.0,27.7,36.3,46.1,23.7,27.6,33.3,45.3,25.0,27.7,36.3,46.1,23.7,27.6,33.3,45.3,0.0,0.0,0.0,0.0,0.0,0.0,0.0,0.0,(CONTRACTS OF 100 TROY OUNCES),N20,GOLD,PRECIOUS METALS,NATURAL RESOURCES,FutOnly,14,17,80,26,31,14,17,80,26,31
211026088691F,GOLD - COMMODITY EXCHANGE INC.,2021-10-26T00:00:00.000,2021 Report Week 43,GOLD,088691,CMX,NYC,088,GOLD,509794,13505,64600,72885,261444,17033,141280,54918,23815,172366,44168,21203,462087,487181,47707,22613,509794,13505,64600,72885,261444,17033,141280,54918,23815,172366,44168,21203,462087,487181,47707,22613,0,0,0,0,0,0,0,0,0,0,0,0,0,0,0,0,23820,1031,1474,-3809,16212,-927,16720,-11843,9261,-2956,4396,2987,22307,21560,1513,2260,100.0,2.6,12.7,14.3,51.3,3.3,27.7,10.8,4.7,33.8,8.7,4.2,90.6,95.6,9.4,4.4,100.0,2.6,12.7,14.3,51.3,3.3,27.7,10.8,4.7,33.8,8.7,4.2,90.6,95.6,9.4,4.4,100.0,0.0,0.0,0.0,0.0,0.0,0.0,0.0,0.0,0.0,0.0,0.0,0.0,0.0,0.0,0.0,327,19,30,17,102,40,35,255,158,327,19,30,17,102,40,35,255,158,0,0,0,0,0,0,0,0,0,0,0,0,0,0,24.6,28.3,35.1,45.8,23.0,28.2,32.8,45.4,24.6,28.3,35.1,45.8,23.0,28.2,32.8,45.4,0.0,0.0,0.0,0.0,0.0,0.0,0.0,0.0,(CONTRACTS OF 100 TROY OUNCES),N20,GOLD,PRECIOUS METALS,NATURAL RESOURCES,FutOnly,13,19,80,28,28,13,19,80,28,28
211019088691F,GOLD - COMMODITY EXCHANGE INC.,2021-10-19T00:00:00.000,2021 Report Week 42,GOLD,088691,CMX,NYC,088,GOLD,485974,12474,63126,76694,245232,17960,124560,66761,14554,175322,39772,18216,439780,465621,46194,20353,485974,12474,63126,76694,245232,17960,124560,66761,14554,175322,39772,18216,439780,465621,46194,20353,0,0,0,0,0,0,0,0,0,0,0,0,0,0,0,0,1592,-1785,1027,-806,7958,-978,-7108,-6388,-477,8487,-43,1884,-783,2983,2375,-1391,100.0,2.6,13.0,15.8,50.5,3.7,25.6,13.7,3.0,36.1,8.2,3.7,90.5,95.8,9.5,4.2,100.0,2.6,13.0,15.8,50.5,3.7,25.6,13.7,3.0,36.1,8.2,3.7,90.5,95.8,9.5,4.2,100.0,0.0,0.0,0.0,0.0,0.0,0.0,0.0,0.0,0.0,0.0,0.0,0.0,0.0,0.0,0.0,314,16,32,17,103,35,33,242,156,314,16,32,17,103,35,33,242,156,0,0,0,0,0,0,0,0,0,0,0,0,0,0,25.6,29.8,36.7,47.2,24.1,29.7,34.1,46.9,25.6,29.8,36.7,47.2,24.1,29.7,34.1,46.9,0.0,0.0,0.0,0.0,0.0,0.0,0.0,0.0,(CONTRACTS OF 100 TROY OUNCES),N20,GOLD,PRECIOUS METALS,NATURAL RESOURCES,FutOnly,12,17,67,34,29,12,17,67,34,29
211012088691F,GOLD - COMMODITY EXCHANGE INC.,2021-10-12T00:00:00.000,2021 Report Week 41,GOLD,088691,CMX,NYC,088,GOLD,484382,14259,62099,77500,237274,18938,131668,73149,15031,166835,39815,16332,440563,462638,43819,21744,484382,14259,62099,77500,237274,18938,131668,73149,15031,166835,39815,16332,440563,462638,43819,21744,0,0,0,0,0,0,0,0,0,0,0,0,0,0,0,0,593,-608,4424,275,-845,-3199,4923,570,1020,-2359,-963,739,791,1746,-198,-1153,100.0,2.9,12.8,16.0,49.0,3.9,27.2,15.1,3.1,34.4,8.2,3.4,91.0,95.5,9.0,4.5,100.0,2.9,12.8,16.0,49.0,3.9,27.2,15.1,3.1,34.4,8.2,3.4,91.0,95.5,9.0,4.5,100.0,0.0,0.0,0.0,0.0,0.0,0.0,0.0,0.0,0.0,0.0,0.0,0.0,0.0,0.0,0.0,319,16,31,16,93,38,34,244,163,319,16,31,16,93,38,34,244,163,0,0,0,0,0,0,0,0,0,0,0,0,0,0,25.6,30.1,36.7,47.2,24.0,30.0,34.1,46.8,25.6,30.1,36.7,47.2,24.0,30.0,34.1,46.8,0.0,0.0,0.0,0.0,0.0,0.0,0.0,0.0,(CONTRACTS OF 100 TROY OUNCES),N20,GOLD,PRECIOUS METALS,NATURAL RESOURCES,FutOnly,14,18,71,39,33,14,18,71,39,33
211005088691F,GOLD - COMMODITY EXCHANGE INC.,2021-10-05T00:00:00.000,2021 Report Week 40,GOLD,088691,CMX,NYC,088,GOLD,483789,14867,57675,77225,238119,22137,126745,72579,14011,169194,40778,15593,439772,460892,44017,22897,483789,14867,57675,77225,238119,22137,126745,72579,14011,169194,40778,15593,439772,460892,44017,22897,0,0,0,0,0,0,0,0,0,0,0,0,0,0,0,0,-7069,-3593,-2645,4553,17156,-10804,7822,-15483,-1640,-5697,3425,3094,-6265,-6897,-804,-172,100.0,3.1,11.9,16.0,49.2,4.6,26.2,15.0,2.9,35.0,8.4,3.2,90.9,95.3,9.1,4.7,100.0,3.1,11.9,16.0,49.2,4.6,26.2,15.0,2.9,35.0,8.4,3.2,90.9,95.3,9.1,4.7,100.0,0.0,0.0,0.0,0.0,0.0,0.0,0.0,0.0,0.0,0.0,0.0,0.0,0.0,0.0,0.0,305,17,29,19,95,32,36,244,156,305,17,29,19,95,32,36,244,156,0,0,0,0,0,0,0,0,0,0,0,0,0,0,25.6,30.1,36.9,47.2,24.1,30.0,34.0,46.7,25.6,30.1,36.9,47.2,24.1,30.0,34.0,46.7,0.0,0.0,0.0,0.0,0.0,0.0,0.0,0.0,(CONTRACTS OF 100 TROY OUNCES),N20,GOLD,PRECIOUS METALS,NATURAL RESOURCES,FutOnly,15,17,68,36,34,15,17,68,36,34
210928088691F,GOLD - COMMODITY EXCHANGE INC.,2021-09-28T00:00:00.000,2021 Report Week 39,GOLD,088691,CMX,NYC,088,GOLD,490858,18460,60320,72672,220963,32941,118923,88062,15651,174891,37353,12499,446037,467789,44821,23069,490858,18460,60320,72672,220963,32941,118923,88062,15651,174891,37353,12499,446037,467789,44821,23069,0,0,0,0,0,0,0,0,0,0,0,0,0,0,0,0,-1907,3371,-1582,567,-16973,828,-854,15129,-341,-2002,1263,-2661,-1092,-4337,-815,2430,100.0,3.8,12.3,14.8,45.0,6.7,24.2,17.9,3.2,35.6,7.6,2.5,90.9,95.3,9.1,4.7,100.0,3.8,12.3,14.8,45.0,6.7,24.2,17.9,3.2,35.6,7.6,2.5,90.9,95.3,9.1,4.7,100.0,0.0,0.0,0.0,0.0,0.0,0.0,0.0,0.0,0.0,0.0,0.0,0.0,0.0,0.0,0.0,303,16,29,19,89,32,33,228,166,303,16,29,19,89,32,33,228,166,0,0,0,0,0,0,0,0,0,0,0,0,0,0,25.7,29.2,36.9,45.8,23.8,28.7,33.5,44.6,25.7,29.2,36.9,45.8,23.8,28.7,33.5,44.6,0.0,0.0,0.0,0.0,0.0,0.0,0.0,0.0,(CONTRACTS OF 100 TROY OUNCES),N20,GOLD,PRECIOUS METALS,NATURAL RESOURCES,FutOnly,14,19,60,47,34,14,19,60,47,34
210921088691F,GOLD - COMMODITY EXCHANGE INC.,2021-09-21T00:00:00.000,2021 Report Week 38,GOLD,088691,CMX,NYC,088,GOLD,492765,15089,61902,72105,237936,32113,119777,72933,15992,176893,36090,15160,447129,472126,45636,20639,492765,15089,61902,72105,237936,32113,119777,72933,15992,176893,36090,15160,447129,472126,45636,20639,0,0,0,0,0,0,0,0,0,0,0,0,0,0,0,0,-13591,1940,-5284,-686,-15069,-1099,-11060,13318,-1540,742,-3523,-427,-12130,-13624,-1461,33,100.0,3.1,12.6,14.6,48.3,6.5,24.3,14.8,3.2,35.9,7.3,3.1,90.7,95.8,9.3,4.2,100.0,3.1,12.6,14.6,48.3,6.5,24.3,14.8,3.2,35.9,7.3,3.1,90.7,95.8,9.3,4.2,100.0,0.0,0.0,0.0,0.0,0.0,0.0,0.0,0.0,0.0,0.0,0.0,0.0,0.0,0.0,0.0,302,14,30,21,88,35,44,240,167,302,14,30,21,88,35,44,240,167,0,0,0,0,0,0,0,0,0,0,0,0,0,0,25.9,30.5,37.3,47.1,24.1,30.4,33.8,46.4,25.9,30.5,37.3,47.1,24.1,30.4,33.8,46.4,0.0,0.0,0.0,0.0,0.0,0.0,0.0,0.0,(CONTRACTS OF 100 TROY OUNCES),N20,GOLD,PRECIOUS METALS,NATURAL RESOURCES,FutOnly,14,20,63,39,35,14,20,63,39,35
210914088691F,GOLD - COMMODITY EXCHANGE INC.,2021-09-14T00:00:00.000,2021 Report Week 37,GOLD,088691,CMX,NYC,088,GOLD,506356,13149,67186,72791,253005,33212,130837,59615,17532,176151,39613,15587,459259,485750,47097,20606,506356,13149,67186,72791,253005,33212,130837,59615,17532,176151,39613,15587,459259,485750,47097,20606,0,0,0,0,0,0,0,0,0,0,0,0,0,0,0,0,-416,-1074,388,-74,-3093,394,1793,-1834,1565,-822,1084,-81,1701,-1577,-2117,1161,100.0,2.6,13.3,14.4,50.0,6.6,25.8,11.8,3.5,34.8,7.8,3.1,90.7,95.9,9.3,4.1,100.0,2.6,13.3,14.4,50.0,6.6,25.8,11.8,3.5,34.8,7.8,3.1,90.7,95.9,9.3,4.1,100.0,0.0,0.0,0.0,0.0,0.0,0.0,0.0,0.0,0.0,0.0,0.0,0.0,0.0,0.0,0.0,306,15,29,25,95,35,38,251,155,306,15,29,25,95,35,38,251,155,0,0,0,0,0,0,0,0,0,0,0,0,0,0,25.3,30.5,36.3,48.2,23.7,30.4,33.1,47.0,25.3,30.5,36.3,48.2,23.7,30.4,33.1,47.0,0.0,0.0,0.0,0.0,0.0,0.0,0.0,0.0,(CONTRACTS OF 100 TROY OUNCES),N20,GOLD,PRECIOUS METALS,NATURAL RESOURCES,FutOnly,10,19,77,27,33,10,19,77,27,33
210907088695F,MICRO GOLD - COMMODITY EXCHANGE INC.,2021-09-07T00:00:00.000,2021 Report Week 36,MICRO GOLD,088695,CMX,NYC,088,GOLD,34633,0,0,0,0,0,228,1876,140,8263,7880,8921,17552,18817,17081,15816,34633,0,0,0,0,0,228,1876,140,8263,7880,8921,17552,18817,17081,15816,0,0,0,0,0,0,0,0,0,0,0,0,0,0,0,0,,,,,,,,,,,,,,,,,100.0,0.0,0.0,0.0,0.0,0.0,0.7,5.4,0.4,23.9,22.8,25.8,50.7,54.3,49.3,45.7,100.0,0.0,0.0,0.0,0.0,0.0,0.7,5.4,0.4,23.9,22.8,25.8,50.7,54.3,49.3,45.7,100.0,0.0,0.0,0.0,0.0,0.0,0.0,0.0,0.0,0.0,0.0,0.0,0.0,0.0,0.0,0.0,21,0,0,0,7,11,10,16,16,21,0,0,0,7,11,10,16,16,0,0,0,0,0,0,0,0,0,0,0,0,0,0,43.5,37.2,47.5,48.1,21.9,19.2,24.5,25.5,43.5,37.2,47.5,48.1,21.9,19.2,24.5,25.5,0.0,0.0,0.0,0.0,0.0,0.0,0.0,0.0,(CONTRACTS OF 10 TROY OUNCES),N20,GOLD,PRECIOUS METALS,NATURAL RESOURCES,FutOnly,0,0,,,,0,0,,,
210907088691F,GOLD - COMMODITY EXCHANGE INC.,2021-09-07T00:00:00.000,2021 Report Week 36,GOLD,088691,CMX,NYC,088,GOLD,506772,14223,66798,72865,256098,32818,129044,61449,15967,176973,38529,15668,457558,487327,49214,19445,506772,14223,66798,72865,256098,32818,129044,61449,15967,176973,38529,15668,457558,487327,49214,19445,0,0,0,0,0,0,0,0,0,0,0,0,0,0,0,0,-341,643,477,292,-4246,-925,-7511,6571,-737,2524,-1047,-327,-6041,-234,5700,-107,100.0,2.8,13.2,14.4,50.5,6.5,25.5,12.1,3.2,34.9,7.6,3.1,90.3,96.2,9.7,3.8,100.0,2.8,13.2,14.4,50.5,6.5,25.5,12.1,3.2,34.9,7.6,3.1,90.3,96.2,9.7,3.8,100.0,0.0,0.0,0.0,0.0,0.0,0.0,0.0,0.0,0.0,0.0,0.0,0.0,0.0,0.0,0.0,311,19,29,20,99,31,40,246,165,311,19,29,20,99,31,40,246,165,0,0,0,0,0,0,0,0,0,0,0,0,0,0,25.3,30.2,36.2,47.7,23.9,30.1,33.1,46.7,25.3,30.2,36.2,47.7,23.9,30.1,33.1,46.7,0.0,0.0,0.0,0.0,0.0,0.0,0.0,0.0,(CONTRACTS OF 100 TROY OUNCES),N20,GOLD,PRECIOUS METALS,NATURAL RESOURCES,FutOnly,13,19,73,31,34,13,19,73,31,34
210831088691F,GOLD - COMMODITY EXCHANGE INC.,2021-08-31T00:00:00.000,2021 Report Week 35,GOLD,088691,CMX,NYC,088,GOLD,507113,13580,66321,72573,260344,33743,136555,54878,16704,174449,39576,15995,463599,487561,43514,19552,507113,13580,66321,72573,260344,33743,136555,54878,16704,174449,39576,15995,463599,487561,43514,19552,0,0,0,0,0,0,0,0,0,0,0,0,0,0,0,0,2378,-825,-3250,-1259,7000,-1121,9919,3686,-1578,2001,2337,-3756,3381,3318,-1003,-940,100.0,2.7,13.1,14.3,51.3,6.7,26.9,10.8,3.3,34.4,7.8,3.2,91.4,96.1,8.6,3.9,100.0,2.7,13.1,14.3,51.3,6.7,26.9,10.8,3.3,34.4,7.8,3.2,91.4,96.1,8.6,3.9,100.0,0.0,0.0,0.0,0.0,0.0,0.0,0.0,0.0,0.0,0.0,0.0,0.0,0.0,0.0,0.0,316,20,29,20,94,32,40,255,159,316,20,29,20,94,32,40,255,159,0,0,0,0,0,0,0,0,0,0,0,0,0,0,25.5,30.6,36.2,48.0,24.0,30.5,33.2,46.5,25.5,30.6,36.2,48.0,24.0,30.5,33.2,46.5,0.0,0.0,0.0,0.0,0.0,0.0,0.0,0.0,(CONTRACTS OF 100 TROY OUNCES),N20,GOLD,PRECIOUS METALS,NATURAL RESOURCES,FutOnly,12,20,82,30,32,12,20,82,30,32
210824088691F,GOLD - COMMODITY EXCHANGE INC.,2021-08-24T00:00:00.000,2021 Report Week 34,GOLD,088691,CMX,NYC,088,GOLD,504735,14405,69571,73832,253344,34864,126636,51192,18282,172448,37239,19751,460218,484243,44517,20492,504735,14405,69571,73832,253344,34864,126636,51192,18282,172448,37239,19751,460218,484243,44517,20492,0,0,0,0,0,0,0,0,0,0,0,0,0,0,0,0,19250,-144,3186,-68,17280,12,9364,-7002,2283,5283,2538,2318,19048,20615,202,-1365,100.0,2.9,13.8,14.6,50.2,6.9,25.1,10.1,3.6,34.2,7.4,3.9,91.2,95.9,8.8,4.1,100.0,2.9,13.8,14.6,50.2,6.9,25.1,10.1,3.6,34.2,7.4,3.9,91.2,95.9,8.8,4.1,100.0,0.0,0.0,0.0,0.0,0.0,0.0,0.0,0.0,0.0,0.0,0.0,0.0,0.0,0.0,0.0,311,17,30,21,95,36,42,250,161,311,17,30,21,95,36,42,250,161,0,0,0,0,0,0,0,0,0,0,0,0,0,0,23.8,30.6,35.0,47.4,22.5,30.5,31.7,46.0,23.8,30.6,35.0,47.4,22.5,30.5,31.7,46.0,0.0,0.0,0.0,0.0,0.0,0.0,0.0,0.0,(CONTRACTS OF 100 TROY OUNCES),N20,GOLD,PRECIOUS METALS,NATURAL RESOURCES,FutOnly,12,18,84,22,30,12,18,84,22,30
210817088695F,MICRO GOLD - COMMODITY EXCHANGE INC.,2021-08-17T00:00:00.000,2021 Report Week 33,MICRO GOLD,088695,CMX,NYC,088,GOLD,32480,0,0,0,0,0,0,1424,70,14107,7104,4206,18383,12804,14097,19676,32480,0,0,0,0,0,0,1424,70,14107,7104,4206,18383,12804,14097,19676,0,0,0,0,0,0,0,0,0,0,0,0,0,0,0,0,,,,,,,,,,,,,,,,,100.0,0.0,0.0,0.0,0.0,0.0,0.0,4.4,0.2,43.4,21.9,12.9,56.6,39.4,43.4,60.6,100.0,0.0,0.0,0.0,0.0,0.0,0.0,4.4,0.2,43.4,21.9,12.9,56.6,39.4,43.4,60.6,100.0,0.0,0.0,0.0,0.0,0.0,0.0,0.0,0.0,0.0,0.0,0.0,0.0,0.0,0.0,0.0,21,0,0,0,9,9,9,14,17,21,0,0,0,9,9,9,14,17,0,0,0,0,0,0,0,0,0,0,0,0,0,0,47.8,27.5,53.6,33.9,38.5,17.6,42.8,23.2,47.8,27.5,53.6,33.9,38.5,17.6,42.8,23.2,0.0,0.0,0.0,0.0,0.0,0.0,0.0,0.0,(CONTRACTS OF 10 TROY OUNCES),N20,GOLD,PRECIOUS METALS,NATURAL RESOURCES,FutOnly,0,0,0,,,0,0,0,,
210817088691F,GOLD - COMMODITY EXCHANGE INC.,2021-08-17T00:00:00.000,2021 Report Week 33,GOLD,088691,CMX,NYC,088,GOLD,485485,14549,66385,73900,236064,34852,117272,58194,15999,167165,34701,17433,441170,463628,44315,21857,485485,14549,66385,73900,236064,34852,117272,58194,15999,167165,34701,17433,441170,463628,44315,21857,0,0,0,0,0,0,0,0,0,0,0,0,0,0,0,0,8253,-795,3410,1693,15847,-2317,5380,-18295,2971,1797,2336,2694,11423,6646,-3170,1607,100.0,3.0,13.7,15.2,48.6,7.2,24.2,12.0,3.3,34.4,7.1,3.6,90.9,95.5,9.1,4.5,100.0,3.0,13.7,15.2,48.6,7.2,24.2,12.0,3.3,34.4,7.1,3.6,90.9,95.5,9.1,4.5,100.0,0.0,0.0,0.0,0.0,0.0,0.0,0.0,0.0,0.0,0.0,0.0,0.0,0.0,0.0,0.0,306,16,28,23,98,32,39,247,161,306,16,28,23,98,32,39,247,161,0,0,0,0,0,0,0,0,0,0,0,0,0,0,23.0,30.7,34.7,48.0,21.6,30.6,31.3,46.1,23.0,30.7,34.7,48.0,21.6,30.6,31.3,46.1,0.0,0.0,0.0,0.0,0.0,0.0,0.0,0.0,(CONTRACTS OF 100 TROY OUNCES),N20,GOLD,PRECIOUS METALS,NATURAL RESOURCES,FutOnly,13,20,71,32,34,13,20,71,32,34
210810088691F,GOLD - COMMODITY EXCHANGE INC.,2021-08-10T00:00:00.000,2021 Report Week 32,GOLD,088691,CMX,NYC,088,GOLD,477232,15344,62975,72207,220217,37169,111892,76489,13028,165368,32365,14739,429747,456982,47485,20250,477232,15344,62975,72207,220217,37169,111892,76489,13028,165368,32365,14739,429747,456982,47485,20250,0,0,0,0,0,0,0,0,0,0,0,0,0,0,0,0,-8431,-2083,-10851,-1077,-27952,6531,-21028,33442,-7432,25145,-1396,-4381,-4325,-12039,-4106,3608,100.0,3.2,13.2,15.1,46.1,7.8,23.4,16.0,2.7,34.7,6.8,3.1,90.0,95.8,9.9,4.2,100.0,3.2,13.2,15.1,46.1,7.8,23.4,16.0,2.7,34.7,6.8,3.1,90.0,95.8,9.9,4.2,100.0,0.0,0.0,0.0,0.0,0.0,0.0,0.0,0.0,0.0,0.0,0.0,0.0,0.0,0.0,0.0,310,16,29,24,105,24,33,246,165,310,16,29,24,105,24,33,246,165,0,0,0,0,0,0,0,0,0,0,0,0,0,0,21.1,30.4,32.7,47.4,19.6,30.3,29.3,46.3,21.1,30.4,32.7,47.4,19.6,30.3,29.3,46.3,0.0,0.0,0.0,0.0,0.0,0.0,0.0,0.0,(CONTRACTS OF 100 TROY OUNCES),N20,GOLD,PRECIOUS METALS,NATURAL RESOURCES,FutOnly,15,18,66,41,37,15,18,66,41,37
210803088691F,GOLD - COMMODITY EXCHANGE INC.,2021-08-03T00:00:00.000,2021 Report Week 31,GOLD,088691,CMX,NYC,088,GOLD,485663,17427,73826,73284,248169,30638,132920,43047,20460,140223,33761,19120,434072,469021,51591,16642,485663,17427,73826,73284,248169,30638,132920,43047,20460,140223,33761,19120,434072,469021,51591,16642,0,0,0,0,0,0,0,0,0,0,0,0,0,0,0,0,-14524,3553,3666,5640,7997,-4342,1285,1642,-23780,-1830,866,1439,-18035,-12512,3511,-2012,100.0,3.6,15.2,15.1,51.1,6.3,27.4,8.9,4.2,28.9,7.0,3.9,89.4,96.6,10.6,3.4,100.0,3.6,15.2,15.1,51.1,6.3,27.4,8.9,4.2,28.9,7.0,3.9,89.4,96.6,10.6,3.4,100.0,0.0,0.0,0.0,0.0,0.0,0.0,0.0,0.0,0.0,0.0,0.0,0.0,0.0,0.0,0.0,308,16,27,27,103,22,31,266,138,308,16,27,27,103,22,31,266,138,0,0,0,0,0,0,0,0,0,0,0,0,0,0,18.2,31.8,28.4,48.3,17.1,31.4,25.5,47.0,18.2,31.8,28.4,48.3,17.1,31.4,25.5,47.0,0.0,0.0,0.0,0.0,0.0,0.0,0.0,0.0,(CONTRACTS OF 100 TROY OUNCES),N20,GOLD,PRECIOUS METALS,NATURAL RESOURCES,FutOnly,15,20,89,19,31,15,20,89,19,31
210727088691F,GOLD - COMMODITY EXCHANGE INC.,2021-07-27T00:00:00.000,2021 Report Week 30,GOLD,088691,CMX,NYC,088,GOLD,500187,13874,70160,67644,240172,34980,131635,41405,44240,142053,32895,17681,452107,481533,48080,18654,500187,13874,70160,67644,240172,34980,131635,41405,44240,142053,32895,17681,452107,481533,48080,18654,0,0,0,0,0,0,0,0,0,0,0,0,0,0,0,0,9667,-493,-8037,83,7893,-6633,-3528,-3330,24220,-96,-3710,-2766,10787,7637,-1120,2030,100.0,2.8,14.0,13.5,48.0,7.0,26.3,8.3,8.8,28.4,6.6,3.5,90.4,96.3,9.6,3.7,100.0,2.8,14.0,13.5,48.0,7.0,26.3,8.3,8.8,28.4,6.6,3.5,90.4,96.3,9.6,3.7,100.0,0.0,0.0,0.0,0.0,0.0,0.0,0.0,0.0,0.0,0.0,0.0,0.0,0.0,0.0,0.0,312,17,28,26,106,24,39,262,156,312,17,28,26,106,24,39,262,156,0,0,0,0,0,0,0,0,0,0,0,0,0,0,18.6,29.9,29.8,45.0,16.7,29.7,24.9,43.3,18.6,29.9,29.8,45.0,16.7,29.7,24.9,43.3,0.0,0.0,0.0,0.0,0.0,0.0,0.0,0.0,(CONTRACTS OF 100 TROY OUNCES),N20,GOLD,PRECIOUS METALS,NATURAL RESOURCES,FutOnly,13,20,85,21,34,13,20,85,21,34
210720088691F,GOLD - COMMODITY EXCHANGE INC.,2021-07-20T00:00:00.000,2021 Report Week 29,GOLD,088691,CMX,NYC,088,GOLD,490520,14367,78197,67561,232279,41613,135163,44735,20020,142149,36605,20447,441320,473896,49200,16624,490520,14367,78197,67561,232279,41613,135163,44735,20020,142149,36605,20447,441320,473896,49200,16624,0,0,0,0,0,0,0,0,0,0,0,0,0,0,0,0,-5278,-390,2271,1450,6309,10042,-775,-4912,-2099,2544,1545,-15171,-4399,-2015,-879,-3263,100.0,2.9,15.9,13.8,47.4,8.5,27.6,9.1,4.1,29.0,7.5,4.2,90.0,96.6,10.0,3.4,100.0,2.9,15.9,13.8,47.4,8.5,27.6,9.1,4.1,29.0,7.5,4.2,90.0,96.6,10.0,3.4,100.0,0.0,0.0,0.0,0.0,0.0,0.0,0.0,0.0,0.0,0.0,0.0,0.0,0.0,0.0,0.0,319,22,29,27,99,29,42,265,166,319,22,29,27,99,29,42,265,166,0,0,0,0,0,0,0,0,0,0,0,0,0,0,18.6,29.6,29.0,43.7,17.6,29.5,25.7,43.6,18.6,29.6,29.0,43.7,17.6,29.5,25.7,43.6,0.0,0.0,0.0,0.0,0.0,0.0,0.0,0.0,(CONTRACTS OF 100 TROY OUNCES),N20,GOLD,PRECIOUS METALS,NATURAL RESOURCES,FutOnly,14,17,92,21,34,14,17,92,21,34
210713088691F,GOLD - COMMODITY EXCHANGE INC.,2021-07-13T00:00:00.000,2021 Report Week 28,GOLD,088691,CMX,NYC,088,GOLD,495798,14757,75926,66111,225970,31571,135938,49647,22119,139605,35060,35618,445719,475911,50079,19887,495798,14757,75926,66111,225970,31571,135938,49647,22119,139605,35060,35618,445719,475911,50079,19887,0,0,0,0,0,0,0,0,0,0,0,0,0,0,0,0,29987,599,918,-654,5329,4819,4720,-3611,907,278,594,19167,29836,28123,151,1864,100.0,3.0,15.3,13.3,45.6,6.4,27.4,10.0,4.5,28.2,7.1,7.2,89.9,96.0,10.1,4.0,100.0,3.0,15.3,13.3,45.6,6.4,27.4,10.0,4.5,28.2,7.1,7.2,89.9,96.0,10.1,4.0,100.0,0.0,0.0,0.0,0.0,0.0,0.0,0.0,0.0,0.0,0.0,0.0,0.0,0.0,0.0,0.0,318,20,28,25,99,30,46,268,166,318,20,28,25,99,30,46,268,166,0,0,0,0,0,0,0,0,0,0,0,0,0,0,18.1,28.8,28.1,43.3,17.2,28.7,25.2,42.8,18.1,28.8,28.1,43.3,17.2,28.7,25.2,42.8,0.0,0.0,0.0,0.0,0.0,0.0,0.0,0.0,(CONTRACTS OF 100 TROY OUNCES),N20,GOLD,PRECIOUS METALS,NATURAL RESOURCES,FutOnly,15,17,90,21,37,15,17,90,21,37
210706088691F,GOLD - COMMODITY EXCHANGE INC.,2021-07-06T00:00:00.000,2021 Report Week 27,GOLD,088691,CMX,NYC,088,GOLD,465811,14158,75008,66765,220641,26752,131218,53258,21212,139327,34466,16451,415883,447788,49928,18023,465811,14158,75008,66765,220641,26752,131218,53258,21212,139327,34466,16451,415883,447788,49928,18023,0,0,0,0,0,0,0,0,0,0,0,0,0,0,0,0,12451,-359,6036,-435,12776,1071,15780,-798,-2718,559,-3458,-327,13571,12582,-1120,-131,100.0,3.0,16.1,14.3,47.4,5.7,28.2,11.4,4.6,29.9,7.4,3.5,89.3,96.1,10.7,3.9,100.0,3.0,16.1,14.3,47.4,5.7,28.2,11.4,4.6,29.9,7.4,3.5,89.3,96.1,10.7,3.9,100.0,0.0,0.0,0.0,0.0,0.0,0.0,0.0,0.0,0.0,0.0,0.0,0.0,0.0,0.0,0.0,314,19,29,24,103,33,39,256,161,314,19,29,24,103,33,39,256,161,0,0,0,0,0,0,0,0,0,0,0,0,0,0,19.4,30.6,30.2,45.5,18.5,30.5,27.4,45.4,19.4,30.6,30.2,45.5,18.5,30.5,27.4,45.4,0.0,0.0,0.0,0.0,0.0,0.0,0.0,0.0,(CONTRACTS OF 100 TROY OUNCES),N20,GOLD,PRECIOUS METALS,NATURAL RESOURCES,FutOnly,14,15,83,22,33,14,15,83,22,33
210629088691F,GOLD - COMMODITY EXCHANGE INC.,2021-06-29T00:00:00.000,2021 Report Week 26,GOLD,088691,CMX,NYC,088,GOLD,453360,14517,68972,67200,207865,25681,115438,54056,23930,138768,37924,16778,402312,435206,51048,18154,453360,14517,68972,67200,207865,25681,115438,54056,23930,138768,37924,16778,402312,435206,51048,18154,0,0,0,0,0,0,0,0,0,0,0,0,0,0,0,0,-580,37,-1718,547,-4960,984,5400,6554,-1511,-4347,-1513,414,1524,-1750,-2104,1170,100.0,3.2,15.2,14.8,45.8,5.7,25.5,11.9,5.3,30.6,8.4,3.7,88.7,96.0,11.3,4.0,100.0,3.2,15.2,14.8,45.8,5.7,25.5,11.9,5.3,30.6,8.4,3.7,88.7,96.0,11.3,4.0,100.0,0.0,0.0,0.0,0.0,0.0,0.0,0.0,0.0,0.0,0.0,0.0,0.0,0.0,0.0,0.0,309,21,26,26,101,32,35,243,165,309,21,26,26,101,32,35,243,165,0,0,0,0,0,0,0,0,0,0,0,0,0,0,19.8,30.5,30.7,45.6,18.7,30.3,27.2,45.3,19.8,30.5,30.7,45.6,18.7,30.3,27.2,45.3,0.0,0.0,0.0,0.0,0.0,0.0,0.0,0.0,(CONTRACTS OF 100 TROY OUNCES),N20,GOLD,PRECIOUS METALS,NATURAL RESOURCES,FutOnly,13,20,70,28,32,13,20,70,28,32
210622088691F,GOLD - COMMODITY EXCHANGE INC.,2021-06-22T00:00:00.000,2021 Report Week 25,GOLD,088691,CMX,NYC,088,GOLD,453940,14480,70690,66653,212825,24697,110038,47502,25441,143115,39437,16364,400788,436956,53152,16984,453940,14480,70690,66653,212825,24697,110038,47502,25441,143115,39437,16364,400788,436956,53152,16984,0,0,0,0,0,0,0,0,0,0,0,0,0,0,0,0,-26187,-725,-8656,1596,-19317,-1364,-28508,5748,33,7714,-720,-1765,-23019,-26041,-3168,-146,100.0,3.2,15.6,14.7,46.9,5.4,24.2,10.5,5.6,31.5,8.7,3.6,88.3,96.3,11.7,3.7,100.0,3.2,15.6,14.7,46.9,5.4,24.2,10.5,5.6,31.5,8.7,3.6,88.3,96.3,11.7,3.7,100.0,0.0,0.0,0.0,0.0,0.0,0.0,0.0,0.0,0.0,0.0,0.0,0.0,0.0,0.0,0.0,319,19,29,23,105,36,31,251,156,319,19,29,23,105,36,31,251,156,0,0,0,0,0,0,0,0,0,0,0,0,0,0,19.7,30.6,30.3,45.8,18.8,30.6,27.2,45.6,19.7,30.6,30.3,45.8,18.8,30.6,27.2,45.6,0.0,0.0,0.0,0.0,0.0,0.0,0.0,0.0,(CONTRACTS OF 100 TROY OUNCES),N20,GOLD,PRECIOUS METALS,NATURAL RESOURCES,FutOnly,13,19,71,29,29,13,19,71,29,29
210615088691F,GOLD - COMMODITY EXCHANGE INC.,2021-06-15T00:00:00.000,2021 Report Week 24,GOLD,088691,CMX,NYC,088,GOLD,480127,15205,79346,65057,232142,26061,138546,41754,25408,135401,40157,18129,423807,462997,56320,17130,480127,15205,79346,65057,232142,26061,138546,41754,25408,135401,40157,18129,423807,462997,56320,17130,0,0,0,0,0,0,0,0,0,0,0,0,0,0,0,0,-11731,1377,462,1163,-11502,287,-6491,4381,-1422,-8343,-1864,-793,-14222,-10451,2491,-1280,100.0,3.2,16.5,13.5,48.4,5.4,28.9,8.7,5.3,28.2,8.4,3.8,88.3,96.4,11.7,3.6,100.0,3.2,16.5,13.5,48.4,5.4,28.9,8.7,5.3,28.2,8.4,3.8,88.3,96.4,11.7,3.6,100.0,0.0,0.0,0.0,0.0,0.0,0.0,0.0,0.0,0.0,0.0,0.0,0.0,0.0,0.0,0.0,334,20,29,24,103,42,34,268,157,334,20,29,24,103,42,34,268,157,0,0,0,0,0,0,0,0,0,0,0,0,0,0,19.0,28.8,28.9,43.8,18.1,28.7,26.0,43.7,19.0,28.8,28.9,43.8,18.1,28.7,26.0,43.7,0.0,0.0,0.0,0.0,0.0,0.0,0.0,0.0,(CONTRACTS OF 100 TROY OUNCES),N20,GOLD,PRECIOUS METALS,NATURAL RESOURCES,FutOnly,14,20,87,22,28,14,20,87,22,28
