id,market_and_exchange_names,report_date_as_yyyy_mm_dd,yyyy_report_week_ww,contract_market_name,cftc_contract_market_code,cftc_market_code,cftc_region_code,cftc_commodity_code,commodity_name,open_interest_all,prod_merc_positions_long,prod_merc_positions_short,swap_positions_long_all,swap__positions_short_all,swap__positions_spread_all,m_money_positions_long_all,m_money_positions_short_all,m_money_positions_spread,other_rept_positions_long,other_rept_positions_short,other_rept_positions_spread,tot_rept_positions_long_all,tot_rept_positions_short,nonrept_positions_long_all,nonrept_positions_short_all,open_interest_old,prod_merc_positions_long_1,prod_merc_positions_short_1,swap_positions_long_old,swap__positions_short_old,swap__positions_spread_old,m_money_positions_long_old,m_money_positions_short_old,m_money_positions_spread_1,other_rept_positions_long_1,other_rept_positions_short_1,other_rept_positions_spread_1,tot_rept_positions_long_old,tot_rept_positions_short_1,nonrept_positions_long_old,nonrept_positions_short_old,open_interest_other,prod_merc_positions_long_2,prod_merc_positions_short_2,swap_positions_long_other,swap__positions_short_other,swap__positions_spread_other,m_money_positions_long_other,m_money_positions_short_other,m_money_positions_spread_2,other_rept_positions_long_2,other_rept_positions_short_2,other_rept_positions_spread_2,tot_rept_positions_long_other,tot_rept_positions_short_2,nonrept_positions_long_other,nonrept_positions_short_other,change_in_open_interest_all,change_in_prod_merc_long,change_in_prod_merc_short,change_in_swap_long_all,change_in_swap_short_all,change_in_swap_spread_all,change_in_m_money_long_all,change_in_m_money_short_all,change_in_m_money_spread,change_in_other_rept_long,change_in_other_rept_short,change_in_other_rept_spread,change_in_tot_rept_long_all,change_in_tot_rept_short,change_in_nonrept_long_all,change_in_nonrept_short_all,pct_of_open_interest_all,pct_of_oi_prod_merc_long,pct_of_oi_prod_merc_short,pct_of_oi_swap_long_all,pct_of_oi_swap_short_all,pct_of_oi_swap_spread_all,pct_of_oi_m_money_long_all,pct_of_oi_m_money_short_all,pct_of_oi_m_money_spread,pct_of_oi_other_rept_long,pct_of_oi_other_rept_short,pct_of_oi_other_rept_spread,pct_of_oi_tot_rept_long_all,pct_of_oi_tot_rept_short,pct_of_oi_nonrept_long_all,pct_of_oi_nonrept_short_all,pct_of_open_interest_old,pct_of_oi_prod_merc_long_1,pct_of_oi_prod_merc_short_1,pct_of_oi_swap_long_old,pct_of_oi_swap_short_old,pct_of_oi_swap_spread_old,pct_of_oi_m_money_long_old,pct_of_oi_m_money_short_old,pct_of_oi_m_money_spread_1,pct_of_oi_other_rept_long_1,pct_of_oi_other_rept_short_1,pct_of_oi_other_rept_spread_1,pct_of_oi_tot_rept_long_old,pct_of_oi_tot_rept_short_1,pct_of_oi_nonrept_long_old,pct_of_oi_nonrept_short_old,pct_of_open_interest_other,pct_of_oi_prod_merc_long_2,pct_of_oi_prod_merc_short_2,pct_of_oi_swap_long_other,pct_of_oi_swap_short_other,pct_of_oi_swap_spread_other,pct_of_oi_m_money_long_other,pct_of_oi_m_money_short_other,pct_of_oi_m_money_spread_2,pct_of_oi_other_rept_long_2,pct_of_oi_other_rept_short_2,pct_of_oi_other_rept_spread_2,pct_of_oi_tot_rept_long_other,pct_of_oi_tot_rept_short_2,pct_of_oi_nonrept_long_other,pct_of_oi_nonrept_short_other,traders_tot_all,traders_prod_merc_short_all,traders_swap_short_all,traders_swap_spread_all,traders_other_rept_long_all,traders_other_rept_short,traders_other_rept_spread,traders_tot_rept_long_all,traders_tot_rept_short_all,traders_tot_old,traders_prod_merc_short_old,traders_swap_short_old,traders_swap_spread_old,traders_other_rept_long_old,traders_other_rept_short_1,traders_other_rept_spread_1,traders_tot_rept_long_old,traders_tot_rept_short_old,traders_tot_other,traders_prod_merc_long_other,traders_prod_merc_short_other,traders_swap_long_other,traders_swap_short_other,traders_swap_spread_other,traders_m_money_long_other,traders_m_money_short_other,traders_m_money_spread_other,traders_other_rept_long_other,traders_other_rept_short_2,traders_other_rept_spread_2,traders_tot_rept_long_other,traders_tot_rept_short_other,conc_gross_le_4_tdr_long,conc_gross_le_4_tdr_short,conc_gross_le_8_tdr_long,conc_gross_le_8_tdr_short,conc_net_le_4_tdr_long_all,conc_net_le_4_tdr_short_all,conc_net_le_8_tdr_long_all,conc_net_le_8_tdr_short_all,conc_gross_le_4_tdr_long_1,conc_gross_le_4_tdr_short_1,conc_gross_le_8_tdr_long_1,conc_gross_le_8_tdr_short_1,conc_net_le_4_tdr_long_old,conc_net_le_4_tdr_short_old,conc_net_le_8_tdr_long_old,conc_net_le_8_tdr_short_old,conc_gross_le_4_tdr_long_2,conc_gross_le_4_tdr_short_2,conc_gross_le_8_tdr_long_2,conc_gross_le_8_tdr_short_2,conc_net_le_4_tdr_long_other,conc_net_le_4_tdr_short_other,conc_net_le_8_tdr_long_other,conc_net_le_8_tdr_short_other,contract_units,cftc_subgroup_code,commodity,commodity_subgroup_name,commodity_group_name,futonly_or_combined,traders_prod_merc_long_all,traders_swap_long_all,traders_m_money_long_all,traders_m_money_short_all,traders_m_money_spread_all,traders_prod_merc_long_old,traders_swap_long_old,traders_m_money_long_old,traders_m_money_short_old,traders_m_money_spread_old
260602088695C,MICRO GOLD - COMMODITY EXCHANGE INC.,2026-06-02T00:00:00.000,2026 Report Week 22,MICRO GOLD,088695,CMX ,NYC,088 ,GOLD,55716,1022,0,5731,0,0,868,700,88,12830,37391,3751,24290,41930,31426,13786,55716,1022,0,5731,0,0,868,700,88,12830,37391,3751,24290,41930,31426,13786,0,0,0,0,0,0,0,0,0,0,0,0,0,0,0,0,-9535,790,0,-119,0,0,-262,700,70,-5060,1139,-492,-5073,1417,-4462,-10952,100.0,1.8,0.0,10.3,0.0,0.0,1.6,1.3,0.2,23.0,67.1,6.7,43.6,75.3,56.4,24.7,100.0,1.8,0.0,10.3,0.0,0.0,1.6,1.3,0.2,23.0,67.1,6.7,43.6,75.3,56.4,24.7,100.0,0.0,0.0,0.0,0.0,0.0,0.0,0.0,0.0,0.0,0.0,0.0,0.0,0.0,0.0,0.0,41,0,0,0,17,13,10,33,21,41,0,0,0,17,13,10,33,21,0,0,0,0,0,0,0,0,0,0,0,0,0,0,23.6,59.0,30.1,68.5,21.6,58.2,27.4,64.2,23.6,59.0,30.1,68.5,21.6,58.2,27.4,64.2,0.0,0.0,0.0,0.0,0.0,0.0,0.0,0.0,(CONTRACTS OF 10 TROY OUNCES),N20,GOLD,PRECIOUS METALS,NATURAL RESOURCES,Combined,,,,,,,,,,
260602088691C,GOLD - COMMODITY EXCHANGE INC.,2026-06-02T00:00:00.000,2026 Report Week 22,GOLD,088691,CMX ,NYC,088 ,GOLD,434790,13947,37076,27867,207242,45106,129260,17919,22553,72918,12842,74416,386067,417154,48724,17636,434790,13947,37076,27867,207242,45106,129260,17919,22553,72918,12842,74416,386067,417154,48724,17636,0,0,0,0,0,0,0,0,0,0,0,0,0,0,0,0,-20336,-1877,-1456,-1879,17675,-15541,4726,-9683,-7331,455,-6892,4268,-17177,-18960,-3158,-1376,100.0,3.2,8.5,6.4,47.7,10.4,29.7,4.1,5.2,16.8,3.0,17.1,88.8,95.9,11.2,4.1,100.0,3.2,8.5,6.4,47.7,10.4,29.7,4.1,5.2,16.8,3.0,17.1,88.8,95.9,11.2,4.1,100.0,0.0,0.0,0.0,0.0,0.0,0.0,0.0,0.0,0.0,0.0,0.0,0.0,0.0,0.0,0.0,280,16,27,30,84,34,57,260,181,280,16,27,30,84,34,57,260,181,0,0,0,0,0,0,0,0,0,0,0,0,0,0,18.6,31.2,28.4,47.6,15.4,28.9,22.2,40.1,18.6,31.2,28.4,47.6,15.4,28.9,22.2,40.1,0.0,0.0,0.0,0.0,0.0,0.0,0.0,0.0,(CONTRACTS OF 100 TROY OUNCES),N20,GOLD,PRECIOUS METALS,NATURAL RESOURCES,Combined,18,14,77,22,61,18,14,77,22,61
260526088691C,GOLD - COMMODITY EXCHANGE INC.,2026-05-26T00:00:00.000,2026 Report Week 21,GOLD,088691,CMX ,NYC,088 ,GOLD,455126,15824,38531,29746,189568,60647,124534,27603,29884,72463,19734,70147,403244,436114,51882,19012,455126,15824,38531,29746,189568,60647,124534,27603,29884,72463,19734,70147,403244,436114,51882,19012,0,0,0,0,0,0,0,0,0,0,0,0,0,0,0,0,-88290,-4782,-2090,-783,-2851,-9673,476,-2068,-23136,-1836,-293,-47442,-87176,-87552,-1114,-738,100.0,3.5,8.5,6.5,41.7,13.3,27.4,6.1,6.6,15.9,4.3,15.4,88.6,95.8,11.4,4.2,100.0,3.5,8.5,6.5,41.7,13.3,27.4,6.1,6.6,15.9,4.3,15.4,88.6,95.8,11.4,4.2,100.0,0.0,0.0,0.0,0.0,0.0,0.0,0.0,0.0,0.0,0.0,0.0,0.0,0.0,0.0,0.0,276,14,23,29,89,30,61,256,179,276,14,23,29,89,30,61,256,179,0,0,0,0,0,0,0,0,0,0,0,0,0,0,17.4,29.6,27.4,44.5,14.5,26.8,21.0,35.8,17.4,29.6,27.4,44.5,14.5,26.8,21.0,35.8,0.0,0.0,0.0,0.0,0.0,0.0,0.0,0.0,(CONTRACTS OF 100 TROY OUNCES),N20,GOLD,PRECIOUS METALS,NATURAL RESOURCES,Combined,17,16,83,15,58,17,16,83,15,58
260526088695C,MICRO GOLD - COMMODITY EXCHANGE INC.,2026-05-26T00:00:00.000,2026 Report Week 21,MICRO GOLD,088695,CMX ,NYC,088 ,GOLD,65251,232,0,5850,0,0,1130,0,18,17890,36252,4243,29363,40513,35888,24738,65251,232,0,5850,0,0,1130,0,18,17890,36252,4243,29363,40513,35888,24738,0,0,0,0,0,0,0,0,0,0,0,0,0,0,0,0,-2958,0,0,272,0,0,374,-1178,-125,-3161,-8421,1142,-1498,-8582,-1460,5624,100.0,0.4,0.0,9.0,0.0,0.0,1.7,0.0,0.0,27.4,55.6,6.5,45.0,62.1,55.0,37.9,100.0,0.4,0.0,9.0,0.0,0.0,1.7,0.0,0.0,27.4,55.6,6.5,45.0,62.1,55.0,37.9,100.0,0.0,0.0,0.0,0.0,0.0,0.0,0.0,0.0,0.0,0.0,0.0,0.0,0.0,0.0,0.0,34,0,0,0,11,14,8,26,18,34,0,0,0,11,14,8,26,18,0,0,0,0,0,0,0,0,0,0,0,0,0,0,28.4,43.3,35.8,54.3,27.3,42.1,33.9,50.8,28.4,43.3,35.8,54.3,27.3,42.1,33.9,50.8,0.0,0.0,0.0,0.0,0.0,0.0,0.0,0.0,(CONTRACTS OF 10 TROY OUNCES),N20,GOLD,PRECIOUS METALS,NATURAL RESOURCES,Combined,,,4,0,,,,4,0,
260519088695C,MICRO GOLD - COMMODITY EXCHANGE INC.,2026-05-19T00:00:00.000,2026 Report Week 20,MICRO GOLD,088695,CMX ,NYC,088 ,GOLD,68210,232,0,5578,0,0,756,1178,143,21051,44673,3101,30861,49095,37349,19115,68210,232,0,5578,0,0,756,1178,143,21051,44673,3101,30861,49095,37349,19115,0,0,0,0,0,0,0,0,0,0,0,0,0,0,0,0,1141,0,0,-287,0,0,225,1178,142,-61,-847,118,137,591,1004,550,100.0,0.3,0.0,8.2,0.0,0.0,1.1,1.7,0.2,30.9,65.5,4.5,45.2,72.0,54.8,28.0,100.0,0.3,0.0,8.2,0.0,0.0,1.1,1.7,0.2,30.9,65.5,4.5,45.2,72.0,54.8,28.0,100.0,0.0,0.0,0.0,0.0,0.0,0.0,0.0,0.0,0.0,0.0,0.0,0.0,0.0,0.0,0.0,39,0,0,0,14,16,8,27,23,39,0,0,0,14,16,8,27,23,0,0,0,0,0,0,0,0,0,0,0,0,0,0,28.4,43.9,34.9,59.2,28.4,43.8,34.7,57.8,28.4,43.9,34.9,59.2,28.4,43.8,34.7,57.8,0.0,0.0,0.0,0.0,0.0,0.0,0.0,0.0,(CONTRACTS OF 10 TROY OUNCES),N20,GOLD,PRECIOUS METALS,NATURAL RESOURCES,Combined,,,,,,,,,,
260519088691C,GOLD - COMMODITY EXCHANGE INC.,2026-05-19T00:00:00.000,2026 Report Week 20,GOLD,088691,CMX ,NYC,088 ,GOLD,543416,20605,40621,30528,192418,70319,124058,29670,53021,74299,20028,117589,490420,523667,52996,19750,543416,20605,40621,30528,192418,70319,124058,29670,53021,74299,20028,117589,490420,523667,52996,19750,0,0,0,0,0,0,0,0,0,0,0,0,0,0,0,0,-1651,2894,-813,3577,-16384,8406,-5012,1227,1762,-8898,1378,-1358,1372,-5782,-3023,4131,100.0,3.8,7.5,5.6,35.4,12.9,22.8,5.5,9.8,13.7,3.7,21.6,90.2,96.4,9.8,3.6,100.0,3.8,7.5,5.6,35.4,12.9,22.8,5.5,9.8,13.7,3.7,21.6,90.2,96.4,9.8,3.6,100.0,0.0,0.0,0.0,0.0,0.0,0.0,0.0,0.0,0.0,0.0,0.0,0.0,0.0,0.0,0.0,310,16,24,33,104,37,76,285,211,310,16,24,33,104,37,76,285,211,0,0,0,0,0,0,0,0,0,0,0,0,0,0,18.0,27.4,29.7,42.1,12.0,22.5,17.6,30.2,18.0,27.4,29.7,42.1,12.0,22.5,17.6,30.2,0.0,0.0,0.0,0.0,0.0,0.0,0.0,0.0,(CONTRACTS OF 100 TROY OUNCES),N20,GOLD,PRECIOUS METALS,NATURAL RESOURCES,Combined,19,19,83,18,65,19,19,83,18,65
260512088691C,GOLD - COMMODITY EXCHANGE INC.,2026-05-12T00:00:00.000,2026 Report Week 19,GOLD,088691,CMX ,NYC,088 ,GOLD,545067,17711,41434,26951,208803,61913,129070,28443,51258,83197,18650,118947,489048,529449,56019,15618,545067,17711,41434,26951,208803,61913,129070,28443,51258,83197,18650,118947,489048,529449,56019,15618,0,0,0,0,0,0,0,0,0,0,0,0,0,0,0,0,18080,-1112,261,-1764,8430,4936,4403,-560,124,4377,667,6682,17646,20540,434,-2460,100.0,3.2,7.6,4.9,38.3,11.4,23.7,5.2,9.4,15.3,3.4,21.8,89.7,97.1,10.3,2.9,100.0,3.2,7.6,4.9,38.3,11.4,23.7,5.2,9.4,15.3,3.4,21.8,89.7,97.1,10.3,2.9,100.0,0.0,0.0,0.0,0.0,0.0,0.0,0.0,0.0,0.0,0.0,0.0,0.0,0.0,0.0,0.0,306,18,26,32,106,33,76,283,209,306,18,26,32,106,33,76,283,209,0,0,0,0,0,0,0,0,0,0,0,0,0,0,19.0,28.0,30.6,44.2,12.2,23.6,18.0,32.3,19.0,28.0,30.6,44.2,12.2,23.6,18.0,32.3,0.0,0.0,0.0,0.0,0.0,0.0,0.0,0.0,(CONTRACTS OF 100 TROY OUNCES),N20,GOLD,PRECIOUS METALS,NATURAL RESOURCES,Combined,19,14,88,16,64,19,14,88,16,64
260512088695C,MICRO GOLD - COMMODITY EXCHANGE INC.,2026-05-12T00:00:00.000,2026 Report Week 19,MICRO GOLD,088695,CMX ,NYC,088 ,GOLD,67068,232,0,5865,0,0,531,0,1,21112,45520,2983,30724,48504,36344,18564,67068,232,0,5865,0,0,531,0,1,21112,45520,2983,30724,48504,36344,18564,0,0,0,0,0,0,0,0,0,0,0,0,0,0,0,0,1760,0,0,79,0,0,-339,-235,-33,1817,1048,560,2084,1340,-324,420,100.0,0.3,0.0,8.7,0.0,0.0,0.8,0.0,0.0,31.5,67.9,4.4,45.8,72.3,54.2,27.7,100.0,0.3,0.0,8.7,0.0,0.0,0.8,0.0,0.0,31.5,67.9,4.4,45.8,72.3,54.2,27.7,100.0,0.0,0.0,0.0,0.0,0.0,0.0,0.0,0.0,0.0,0.0,0.0,0.0,0.0,0.0,0.0,37,0,0,0,13,17,8,25,21,37,0,0,0,13,17,8,25,21,0,0,0,0,0,0,0,0,0,0,0,0,0,0,28.5,50.1,34.9,61.5,28.5,48.8,34.7,60.2,28.5,50.1,34.9,61.5,28.5,48.8,34.7,60.2,0.0,0.0,0.0,0.0,0.0,0.0,0.0,0.0,(CONTRACTS OF 10 TROY OUNCES),N20,GOLD,PRECIOUS METALS,NATURAL RESOURCES,Combined,,,,0,,,,,0,
260505088695C,MICRO GOLD - COMMODITY EXCHANGE INC.,2026-05-05T00:00:00.000,2026 Report Week 18,MICRO GOLD,088695,CMX ,NYC,088 ,GOLD,65309,232,0,5786,0,0,870,235,34,19295,44472,2423,28640,47164,36669,18145,65309,232,0,5786,0,0,870,235,34,19295,44472,2423,28640,47164,36669,18145,0,0,0,0,0,0,0,0,0,0,0,0,0,0,0,0,3475,0,0,-9,0,0,70,13,-73,2437,3989,401,2826,4330,649,-855,100.0,0.4,0.0,8.9,0.0,0.0,1.3,0.4,0.1,29.5,68.1,3.7,43.9,72.2,56.1,27.8,100.0,0.4,0.0,8.9,0.0,0.0,1.3,0.4,0.1,29.5,68.1,3.7,43.9,72.2,56.1,27.8,100.0,0.0,0.0,0.0,0.0,0.0,0.0,0.0,0.0,0.0,0.0,0.0,0.0,0.0,0.0,0.0,40,0,0,0,14,17,9,28,23,40,0,0,0,14,17,9,28,23,0,0,0,0,0,0,0,0,0,0,0,0,0,0,27.5,50.9,33.7,62.1,27.5,49.6,33.1,60.7,27.5,50.9,33.7,62.1,27.5,49.6,33.1,60.7,0.0,0.0,0.0,0.0,0.0,0.0,0.0,0.0,(CONTRACTS OF 10 TROY OUNCES),N20,GOLD,PRECIOUS METALS,NATURAL RESOURCES,Combined,,,,,,,,,,
260505088691C,GOLD - COMMODITY EXCHANGE INC.,2026-05-05T00:00:00.000,2026 Report Week 18,GOLD,088691,CMX ,NYC,088 ,GOLD,526987,18823,41173,28715,200373,56977,124667,29003,51135,78820,17983,112266,471402,508909,55585,18078,526987,18823,41173,28715,200373,56977,124667,29003,51135,78820,17983,112266,471402,508909,55585,18078,0,0,0,0,0,0,0,0,0,0,0,0,0,0,0,0,5434,-14,-1275,-655,4438,892,385,-3705,2636,-1457,-364,3192,4979,5813,455,-379,100.0,3.6,7.8,5.4,38.0,10.8,23.7,5.5,9.7,15.0,3.4,21.3,89.5,96.6,10.5,3.4,100.0,3.6,7.8,5.4,38.0,10.8,23.7,5.5,9.7,15.0,3.4,21.3,89.5,96.6,10.5,3.4,100.0,0.0,0.0,0.0,0.0,0.0,0.0,0.0,0.0,0.0,0.0,0.0,0.0,0.0,0.0,0.0,300,17,26,32,100,37,77,280,202,300,17,26,32,100,37,77,280,202,0,0,0,0,0,0,0,0,0,0,0,0,0,0,18.8,28.1,30.4,43.4,13.0,23.4,19.1,31.8,18.8,28.1,30.4,43.4,13.0,23.4,19.1,31.8,0.0,0.0,0.0,0.0,0.0,0.0,0.0,0.0,(CONTRACTS OF 100 TROY OUNCES),N20,GOLD,PRECIOUS METALS,NATURAL RESOURCES,Combined,18,14,83,18,60,18,14,83,18,60
260428088691C,GOLD - COMMODITY EXCHANGE INC.,2026-04-28T00:00:00.000,2026 Report Week 17,GOLD,088691,CMX ,NYC,088 ,GOLD,521553,18837,42448,29369,195935,56084,124282,32708,48499,80277,18347,109074,466423,503097,55131,18457,521553,18837,42448,29369,195935,56084,124282,32708,48499,80277,18347,109074,466423,503097,55131,18457,0,0,0,0,0,0,0,0,0,0,0,0,0,0,0,0,-35341,-1591,-1676,714,-10268,-1526,-1626,2298,-2135,-1938,831,-23170,-31272,-35646,-4069,305,100.0,3.6,8.1,5.6,37.6,10.8,23.8,6.3,9.3,15.4,3.5,20.9,89.4,96.5,10.6,3.5,100.0,3.6,8.1,5.6,37.6,10.8,23.8,6.3,9.3,15.4,3.5,20.9,89.4,96.5,10.6,3.5,100.0,0.0,0.0,0.0,0.0,0.0,0.0,0.0,0.0,0.0,0.0,0.0,0.0,0.0,0.0,0.0,300,18,25,32,95,32,70,279,201,300,18,25,32,95,32,70,279,201,0,0,0,0,0,0,0,0,0,0,0,0,0,0,18.5,28.0,29.8,43.5,12.7,23.3,18.9,31.7,18.5,28.0,29.8,43.5,12.7,23.3,18.9,31.7,0.0,0.0,0.0,0.0,0.0,0.0,0.0,0.0,(CONTRACTS OF 100 TROY OUNCES),N20,GOLD,PRECIOUS METALS,NATURAL RESOURCES,Combined,18,18,85,22,65,18,18,85,22,65
260428088695C,MICRO GOLD - COMMODITY EXCHANGE INC.,2026-04-28T00:00:00.000,2026 Report Week 17,MICRO GOLD,088695,CMX ,NYC,088 ,GOLD,61834,232,0,5795,0,0,800,222,107,16858,40483,2022,25814,42834,36020,19000,61834,232,0,5795,0,0,800,222,107,16858,40483,2022,25814,42834,36020,19000,0,0,0,0,0,0,0,0,0,0,0,0,0,0,0,0,1353,0,0,98,0,0,196,-382,77,1983,-312,-595,1759,-1212,-406,2565,100.0,0.4,0.0,9.4,0.0,0.0,1.3,0.4,0.2,27.3,65.5,3.3,41.7,69.3,58.3,30.7,100.0,0.4,0.0,9.4,0.0,0.0,1.3,0.4,0.2,27.3,65.5,3.3,41.7,69.3,58.3,30.7,100.0,0.0,0.0,0.0,0.0,0.0,0.0,0.0,0.0,0.0,0.0,0.0,0.0,0.0,0.0,0.0,40,0,0,0,15,17,9,28,24,40,0,0,0,15,17,9,28,24,0,0,0,0,0,0,0,0,0,0,0,0,0,0,24.1,46.8,30.8,58.8,24.1,45.8,30.2,57.8,24.1,46.8,30.8,58.8,24.1,45.8,30.2,57.8,0.0,0.0,0.0,0.0,0.0,0.0,0.0,0.0,(CONTRACTS OF 10 TROY OUNCES),N20,GOLD,PRECIOUS METALS,NATURAL RESOURCES,Combined,,,,,,,,,,
260421088691C,GOLD - COMMODITY EXCHANGE INC.,2026-04-21T00:00:00.000,2026 Report Week 16,GOLD,088691,CMX ,NYC,088 ,GOLD,556894,20428,44124,28656,206203,57610,125908,30410,50634,82215,17516,132244,497695,538742,59200,18152,556894,20428,44124,28656,206203,57610,125908,30410,50634,82215,17516,132244,497695,538742,59200,18152,0,0,0,0,0,0,0,0,0,0,0,0,0,0,0,0,-8275,-1620,308,-112,-1483,1405,-2731,623,-3247,2690,259,-5864,-9478,-7999,1203,-275,100.0,3.7,7.9,5.1,37.0,10.3,22.6,5.5,9.1,14.8,3.1,23.7,89.4,96.7,10.6,3.3,100.0,3.7,7.9,5.1,37.0,10.3,22.6,5.5,9.1,14.8,3.1,23.7,89.4,96.7,10.6,3.3,100.0,0.0,0.0,0.0,0.0,0.0,0.0,0.0,0.0,0.0,0.0,0.0,0.0,0.0,0.0,0.0,312,18,26,34,103,34,76,292,211,312,18,26,34,103,34,76,292,211,0,0,0,0,0,0,0,0,0,0,0,0,0,0,18.8,27.7,30.5,43.4,11.9,22.4,17.4,30.8,18.8,27.7,30.5,43.4,11.9,22.4,17.4,30.8,0.0,0.0,0.0,0.0,0.0,0.0,0.0,0.0,(CONTRACTS OF 100 TROY OUNCES),N20,GOLD,PRECIOUS METALS,NATURAL RESOURCES,Combined,18,17,92,17,68,18,17,92,17,68
260421088695C,MICRO GOLD - COMMODITY EXCHANGE INC.,2026-04-21T00:00:00.000,2026 Report Week 16,MICRO GOLD,088695,CMX ,NYC,088 ,GOLD,60480,232,0,5697,0,0,604,604,30,14875,40795,2617,24055,44046,36425,16434,60480,232,0,5697,0,0,604,604,30,14875,40795,2617,24055,44046,36425,16434,0,0,0,0,0,0,0,0,0,0,0,0,0,0,0,0,566,0,0,-279,0,0,-184,333,14,-2796,9168,-1178,-4423,8337,4989,-7771,100.0,0.4,0.0,9.4,0.0,0.0,1.0,1.0,0.0,24.6,67.5,4.3,39.8,72.8,60.2,27.2,100.0,0.4,0.0,9.4,0.0,0.0,1.0,1.0,0.0,24.6,67.5,4.3,39.8,72.8,60.2,27.2,100.0,0.0,0.0,0.0,0.0,0.0,0.0,0.0,0.0,0.0,0.0,0.0,0.0,0.0,0.0,0.0,45,0,0,0,19,18,7,30,24,45,0,0,0,19,18,7,30,24,0,0,0,0,0,0,0,0,0,0,0,0,0,0,20.9,49.8,27.5,60.8,20.4,48.7,26.3,59.1,20.9,49.8,27.5,60.8,20.4,48.7,26.3,59.1,0.0,0.0,0.0,0.0,0.0,0.0,0.0,0.0,(CONTRACTS OF 10 TROY OUNCES),N20,GOLD,PRECIOUS METALS,NATURAL RESOURCES,Combined,,,,,,,,,,
260414088691C,GOLD - COMMODITY EXCHANGE INC.,2026-04-14T00:00:00.000,2026 Report Week 15,GOLD,088691,CMX ,NYC,088 ,GOLD,565169,22048,43817,28767,207687,56205,128638,29788,53881,79525,17257,138108,507173,546742,57997,18427,565169,22048,43817,28767,207687,56205,128638,29788,53881,79525,17257,138108,507173,546742,57997,18427,0,0,0,0,0,0,0,0,0,0,0,0,0,0,0,0,14682,2207,2016,-1908,6505,-1011,6257,-482,1047,-563,-1075,6675,12704,13675,1978,1006,100.0,3.9,7.8,5.1,36.7,9.9,22.8,5.3,9.5,14.1,3.1,24.4,89.7,96.7,10.3,3.3,100.0,3.9,7.8,5.1,36.7,9.9,22.8,5.3,9.5,14.1,3.1,24.4,89.7,96.7,10.3,3.3,100.0,0.0,0.0,0.0,0.0,0.0,0.0,0.0,0.0,0.0,0.0,0.0,0.0,0.0,0.0,0.0,302,20,26,33,94,38,74,281,206,302,20,26,33,94,38,74,281,206,0,0,0,0,0,0,0,0,0,0,0,0,0,0,18.9,27.6,30.5,43.6,11.5,22.3,16.6,30.4,18.9,27.6,30.5,43.6,11.5,22.3,16.6,30.4,0.0,0.0,0.0,0.0,0.0,0.0,0.0,0.0,(CONTRACTS OF 100 TROY OUNCES),N20,GOLD,PRECIOUS METALS,NATURAL RESOURCES,Combined,19,14,88,16,64,19,14,88,16,64
260414088695C,MICRO GOLD - COMMODITY EXCHANGE INC.,2026-04-14T00:00:00.000,2026 Report Week 15,MICRO GOLD,088695,CMX ,NYC,088 ,GOLD,59915,232,0,5976,0,0,788,271,16,17671,31627,3795,28478,35709,31437,24206,59915,232,0,5976,0,0,788,271,16,17671,31627,3795,28478,35709,31437,24206,0,0,0,0,0,0,0,0,0,0,0,0,0,0,0,0,2684,-1,0,102,0,0,447,-206,-1,1898,2813,-576,1869,2030,815,654,100.0,0.4,0.0,10.0,0.0,0.0,1.3,0.5,0.0,29.5,52.8,6.3,47.5,59.6,52.5,40.4,100.0,0.4,0.0,10.0,0.0,0.0,1.3,0.5,0.0,29.5,52.8,6.3,47.5,59.6,52.5,40.4,100.0,0.0,0.0,0.0,0.0,0.0,0.0,0.0,0.0,0.0,0.0,0.0,0.0,0.0,0.0,0.0,44,0,0,0,16,18,8,31,22,44,0,0,0,16,18,8,31,22,0,0,0,0,0,0,0,0,0,0,0,0,0,0,23.9,42.4,33.0,50.7,23.9,41.4,31.8,47.7,23.9,42.4,33.0,50.7,23.9,41.4,31.8,47.7,0.0,0.0,0.0,0.0,0.0,0.0,0.0,0.0,(CONTRACTS OF 10 TROY OUNCES),N20,GOLD,PRECIOUS METALS,NATURAL RESOURCES,Combined,,4,,,,,4,,,
260407088695C,MICRO GOLD - COMMODITY EXCHANGE INC.,2026-04-07T00:00:00.000,2026 Report Week 14,MICRO GOLD,088695,CMX ,NYC,088 ,GOLD,57230,233,0,5874,0,0,341,477,17,15773,28814,4371,26609,33679,30621,23551,57230,233,0,5874,0,0,341,477,17,15773,28814,4371,26609,33679,30621,23551,0,0,0,0,0,0,0,0,0,0,0,0,0,0,0,0,-62,0,0,20,0,0,-31,-106,-7,653,814,-377,258,324,-320,-386,100.0,0.4,0.0,10.3,0.0,0.0,0.6,0.8,0.0,27.6,50.3,7.6,46.5,58.8,53.5,41.2,100.0,0.4,0.0,10.3,0.0,0.0,0.6,0.8,0.0,27.6,50.3,7.6,46.5,58.8,53.5,41.2,100.0,0.0,0.0,0.0,0.0,0.0,0.0,0.0,0.0,0.0,0.0,0.0,0.0,0.0,0.0,0.0,41,0,0,0,17,16,9,30,21,41,0,0,0,17,16,9,30,21,0,0,0,0,0,0,0,0,0,0,0,0,0,0,24.4,42.3,32.6,49.7,24.4,41.2,31.2,45.6,24.4,42.3,32.6,49.7,24.4,41.2,31.2,45.6,0.0,0.0,0.0,0.0,0.0,0.0,0.0,0.0,(CONTRACTS OF 10 TROY OUNCES),N20,GOLD,PRECIOUS METALS,NATURAL RESOURCES,Combined,,4,,,,,4,,,
260407088691C,GOLD - COMMODITY EXCHANGE INC.,2026-04-07T00:00:00.000,2026 Report Week 14,GOLD,088691,CMX ,NYC,088 ,GOLD,550487,19841,41800,30676,201182,57215,122382,30269,52834,80088,18333,131433,494469,533066,56019,17421,550487,19841,41800,30676,201182,57215,122382,30269,52834,80088,18333,131433,494469,533066,56019,17421,0,0,0,0,0,0,0,0,0,0,0,0,0,0,0,0,-8490,973,-37,-448,-7106,-1519,1845,3605,-3268,-4007,1062,-701,-7124,-7964,-1366,-526,100.0,3.6,7.6,5.6,36.5,10.4,22.2,5.5,9.6,14.5,3.3,23.9,89.8,96.8,10.2,3.2,100.0,3.6,7.6,5.6,36.5,10.4,22.2,5.5,9.6,14.5,3.3,23.9,89.8,96.8,10.2,3.2,100.0,0.0,0.0,0.0,0.0,0.0,0.0,0.0,0.0,0.0,0.0,0.0,0.0,0.0,0.0,0.0,295,17,25,33,98,34,68,274,196,295,17,25,33,98,34,68,274,196,0,0,0,0,0,0,0,0,0,0,0,0,0,0,18.7,27.8,30.6,43.4,11.7,22.5,17.3,30.5,18.7,27.8,30.6,43.4,11.7,22.5,17.3,30.5,0.0,0.0,0.0,0.0,0.0,0.0,0.0,0.0,(CONTRACTS OF 100 TROY OUNCES),N20,GOLD,PRECIOUS METALS,NATURAL RESOURCES,Combined,18,15,84,16,62,18,15,84,16,62
260331088695C,MICRO GOLD - COMMODITY EXCHANGE INC.,2026-03-31T00:00:00.000,2026 Report Week 13,MICRO GOLD,088695,CMX ,NYC,088 ,GOLD,57293,233,0,5854,0,0,372,583,24,15120,28000,4748,26351,33355,30942,23938,57293,233,0,5854,0,0,372,583,24,15120,28000,4748,26351,33355,30942,23938,0,0,0,0,0,0,0,0,0,0,0,0,0,0,0,0,-14706,233,0,-130,0,0,-189,583,24,-4831,-9115,-4180,-9073,-12688,-5633,-2018,100.0,0.4,0.0,10.2,0.0,0.0,0.6,1.0,0.0,26.4,48.9,8.3,46.0,58.2,54.0,41.8,100.0,0.4,0.0,10.2,0.0,0.0,0.6,1.0,0.0,26.4,48.9,8.3,46.0,58.2,54.0,41.8,100.0,0.0,0.0,0.0,0.0,0.0,0.0,0.0,0.0,0.0,0.0,0.0,0.0,0.0,0.0,0.0,41,0,0,0,17,15,12,32,23,41,0,0,0,17,15,12,32,23,0,0,0,0,0,0,0,0,0,0,0,0,0,0,22.5,43.4,31.5,49.7,22.3,41.2,29.9,44.9,22.5,43.4,31.5,49.7,22.3,41.2,29.9,44.9,0.0,0.0,0.0,0.0,0.0,0.0,0.0,0.0,(CONTRACTS OF 10 TROY OUNCES),N20,GOLD,PRECIOUS METALS,NATURAL RESOURCES,Combined,,4,,,,,4,,,
260331088691C,GOLD - COMMODITY EXCHANGE INC.,2026-03-31T00:00:00.000,2026 Report Week 13,GOLD,088691,CMX ,NYC,088 ,GOLD,558977,18868,41838,31124,208288,58734,120536,26664,56102,84095,17271,132134,501593,541030,57385,17947,558977,18868,41838,31124,208288,58734,120536,26664,56102,84095,17271,132134,501593,541030,57385,17947,0,0,0,0,0,0,0,0,0,0,0,0,0,0,0,0,-133235,-7593,-10411,-3154,382,-37967,797,-301,-10615,-3634,-1899,-70412,-132578,-131222,-657,-2013,100.0,3.4,7.5,5.6,37.3,10.5,21.6,4.8,10.0,15.0,3.1,23.6,89.7,96.8,10.3,3.2,100.0,3.4,7.5,5.6,37.3,10.5,21.6,4.8,10.0,15.0,3.1,23.6,89.7,96.8,10.3,3.2,100.0,0.0,0.0,0.0,0.0,0.0,0.0,0.0,0.0,0.0,0.0,0.0,0.0,0.0,0.0,0.0,288,19,27,30,98,32,66,267,190,288,19,27,30,98,32,66,267,190,0,0,0,0,0,0,0,0,0,0,0,0,0,0,18.6,27.7,30.8,43.6,11.9,22.8,17.6,30.7,18.6,27.7,30.8,43.6,11.9,22.8,17.6,30.7,0.0,0.0,0.0,0.0,0.0,0.0,0.0,0.0,(CONTRACTS OF 100 TROY OUNCES),N20,GOLD,PRECIOUS METALS,NATURAL RESOURCES,Combined,17,12,79,16,61,17,12,79,16,61
260324088695C,MICRO GOLD - COMMODITY EXCHANGE INC.,2026-03-24T00:00:00.000,2026 Report Week 12,MICRO GOLD,088695,CMX ,NYC,088 ,GOLD,71998,0,0,5984,0,0,561,0,0,19951,37115,8928,35424,46043,36574,25955,71998,0,0,5984,0,0,561,0,0,19951,37115,8928,35424,46043,36574,25955,0,0,0,0,0,0,0,0,0,0,0,0,0,0,0,0,7874,0,0,173,0,0,561,0,0,9197,1532,3955,13886,5487,-6012,2387,100.0,0.0,0.0,8.3,0.0,0.0,0.8,0.0,0.0,27.7,51.5,12.4,49.2,64.0,50.8,36.0,100.0,0.0,0.0,8.3,0.0,0.0,0.8,0.0,0.0,27.7,51.5,12.4,49.2,64.0,50.8,36.0,100.0,0.0,0.0,0.0,0.0,0.0,0.0,0.0,0.0,0.0,0.0,0.0,0.0,0.0,0.0,0.0,41,0,0,0,22,14,13,36,18,41,0,0,0,22,14,13,36,18,0,0,0,0,0,0,0,0,0,0,0,0,0,0,24.1,47.2,32.5,57.8,21.1,42.0,27.1,48.2,24.1,47.2,32.5,57.8,21.1,42.0,27.1,48.2,0.0,0.0,0.0,0.0,0.0,0.0,0.0,0.0,(CONTRACTS OF 10 TROY OUNCES),N20,GOLD,PRECIOUS METALS,NATURAL RESOURCES,Combined,0,,,0,0,0,,,0,0
260324088691C,GOLD - COMMODITY EXCHANGE INC.,2026-03-24T00:00:00.000,2026 Report Week 12,GOLD,088691,CMX ,NYC,088 ,GOLD,692212,26461,52249,34278,207906,96701,119740,26965,66717,87729,19170,202545,634171,672252,58041,19960,692212,26461,52249,34278,207906,96701,119740,26965,66717,87729,19170,202545,634171,672252,58041,19960,0,0,0,0,0,0,0,0,0,0,0,0,0,0,0,0,10819,-4915,-2919,79,-6160,3767,-11497,1647,2201,7639,-3489,15169,12442,10215,-1624,603,100.0,3.8,7.5,5.0,30.0,14.0,17.3,3.9,9.6,12.7,2.8,29.3,91.6,97.1,8.4,2.9,100.0,3.8,7.5,5.0,30.0,14.0,17.3,3.9,9.6,12.7,2.8,29.3,91.6,97.1,8.4,2.9,100.0,0.0,0.0,0.0,0.0,0.0,0.0,0.0,0.0,0.0,0.0,0.0,0.0,0.0,0.0,0.0,318,18,26,33,112,37,79,291,210,318,18,26,33,112,37,79,291,210,0,0,0,0,0,0,0,0,0,0,0,0,0,0,19.0,25.4,30.7,41.8,10.0,18.6,14.8,25.4,19.0,25.4,30.7,41.8,10.0,18.6,14.8,25.4,0.0,0.0,0.0,0.0,0.0,0.0,0.0,0.0,(CONTRACTS OF 100 TROY OUNCES),N20,GOLD,PRECIOUS METALS,NATURAL RESOURCES,Combined,17,13,79,25,59,17,13,79,25,59
260317088695C,MICRO GOLD - COMMODITY EXCHANGE INC.,2026-03-17T00:00:00.000,2026 Report Week 11,MICRO GOLD,088695,CMX ,NYC,088 ,GOLD,64124,0,0,5811,0,0,0,0,0,10754,35583,4973,21538,40556,42586,23568,64124,0,0,5811,0,0,0,0,0,10754,35583,4973,21538,40556,42586,23568,0,0,0,0,0,0,0,0,0,0,0,0,0,0,0,0,6005,0,0,284,0,0,-841,-509,0,1145,4335,1508,2096,5334,3909,671,100.0,0.0,0.0,9.1,0.0,0.0,0.0,0.0,0.0,16.8,55.5,7.8,33.6,63.2,66.4,36.8,100.0,0.0,0.0,9.1,0.0,0.0,0.0,0.0,0.0,16.8,55.5,7.8,33.6,63.2,66.4,36.8,100.0,0.0,0.0,0.0,0.0,0.0,0.0,0.0,0.0,0.0,0.0,0.0,0.0,0.0,0.0,0.0,37,0,0,0,17,17,12,29,20,37,0,0,0,17,17,12,29,20,0,0,0,0,0,0,0,0,0,0,0,0,0,0,16.9,41.6,23.5,53.8,14.9,38.4,20.3,49.0,16.9,41.6,23.5,53.8,14.9,38.4,20.3,49.0,0.0,0.0,0.0,0.0,0.0,0.0,0.0,0.0,(CONTRACTS OF 10 TROY OUNCES),N20,GOLD,PRECIOUS METALS,NATURAL RESOURCES,Combined,0,,0,0,0,0,,0,0,0
260317088691C,GOLD - COMMODITY EXCHANGE INC.,2026-03-17T00:00:00.000,2026 Report Week 11,GOLD,088691,CMX ,NYC,088 ,GOLD,681393,31376,55168,34200,214065,92934,131237,25317,64516,80090,22659,187377,621729,662036,59665,19357,681393,31376,55168,34200,214065,92934,131237,25317,64516,80090,22659,187377,621729,662036,59665,19357,0,0,0,0,0,0,0,0,0,0,0,0,0,0,0,0,-28469,-1228,-2697,-985,-3227,-4650,5104,1422,-3030,-4417,1593,-17555,-26762,-28144,-1707,-325,100.0,4.6,8.1,5.0,31.4,13.6,19.3,3.7,9.5,11.8,3.3,27.5,91.2,97.2,8.8,2.8,100.0,4.6,8.1,5.0,31.4,13.6,19.3,3.7,9.5,11.8,3.3,27.5,91.2,97.2,8.8,2.8,100.0,0.0,0.0,0.0,0.0,0.0,0.0,0.0,0.0,0.0,0.0,0.0,0.0,0.0,0.0,0.0,324,19,24,35,106,38,81,298,216,324,19,24,35,106,38,81,298,216,0,0,0,0,0,0,0,0,0,0,0,0,0,0,18.4,25.8,29.9,41.6,9.2,19.7,14.2,27.2,18.4,25.8,29.9,41.6,9.2,19.7,14.2,27.2,0.0,0.0,0.0,0.0,0.0,0.0,0.0,0.0,(CONTRACTS OF 100 TROY OUNCES),N20,GOLD,PRECIOUS METALS,NATURAL RESOURCES,Combined,19,18,87,22,61,19,18,87,22,61
260310088691C,GOLD - COMMODITY EXCHANGE INC.,2026-03-10T00:00:00.000,2026 Report Week 10,GOLD,088691,CMX ,NYC,088 ,GOLD,709862,32604,57865,35185,217292,97584,126132,23896,67547,84507,21066,204932,648491,690180,61371,19682,709862,32604,57865,35185,217292,97584,126132,23896,67547,84507,21066,204932,648491,690180,61371,19682,0,0,0,0,0,0,0,0,0,0,0,0,0,0,0,0,9986,831,63,-879,3444,2973,2127,744,2366,-477,-4882,5617,12557,10326,-2572,-340,100.0,4.6,8.2,5.0,30.6,13.7,17.8,3.4,9.5,11.9,3.0,28.9,91.4,97.2,8.6,2.8,100.0,4.6,8.2,5.0,30.6,13.7,17.8,3.4,9.5,11.9,3.0,28.9,91.4,97.2,8.6,2.8,100.0,0.0,0.0,0.0,0.0,0.0,0.0,0.0,0.0,0.0,0.0,0.0,0.0,0.0,0.0,0.0,317,18,23,32,108,34,78,292,208,317,18,23,32,108,34,78,292,208,0,0,0,0,0,0,0,0,0,0,0,0,0,0,19.1,26.0,30.1,42.0,8.3,19.5,13.0,27.3,19.1,26.0,30.1,42.0,8.3,19.5,13.0,27.3,0.0,0.0,0.0,0.0,0.0,0.0,0.0,0.0,(CONTRACTS OF 100 TROY OUNCES),N20,GOLD,PRECIOUS METALS,NATURAL RESOURCES,Combined,18,20,84,21,61,18,20,84,21,61
260310088695C,MICRO GOLD - COMMODITY EXCHANGE INC.,2026-03-10T00:00:00.000,2026 Report Week 10,MICRO GOLD,088695,CMX ,NYC,088 ,GOLD,58119,0,0,5527,0,0,841,509,0,9609,31248,3465,19442,35222,38677,22897,58119,0,0,5527,0,0,841,509,0,9609,31248,3465,19442,35222,38677,22897,0,0,0,0,0,0,0,0,0,0,0,0,0,0,0,0,-2814,0,0,145,0,0,841,509,0,-1752,-865,-91,-857,-447,-1957,-2367,100.0,0.0,0.0,9.5,0.0,0.0,1.4,0.9,0.0,16.5,53.8,6.0,33.5,60.6,66.5,39.4,100.0,0.0,0.0,9.5,0.0,0.0,1.4,0.9,0.0,16.5,53.8,6.0,33.5,60.6,66.5,39.4,100.0,0.0,0.0,0.0,0.0,0.0,0.0,0.0,0.0,0.0,0.0,0.0,0.0,0.0,0.0,0.0,35,0,0,0,16,13,12,29,18,35,0,0,0,16,13,12,29,18,0,0,0,0,0,0,0,0,0,0,0,0,0,0,16.8,38.9,22.9,50.7,15.0,37.7,20.4,48.1,16.8,38.9,22.9,50.7,15.0,37.7,20.4,48.1,0.0,0.0,0.0,0.0,0.0,0.0,0.0,0.0,(CONTRACTS OF 10 TROY OUNCES),N20,GOLD,PRECIOUS METALS,NATURAL RESOURCES,Combined,0,,,,0,0,,,,0
260303088695C,MICRO GOLD - COMMODITY EXCHANGE INC.,2026-03-03T00:00:00.000,2026 Report Week 09,MICRO GOLD,088695,CMX ,NYC,088 ,GOLD,60933,0,0,5382,0,0,0,0,0,11361,32113,3556,20299,35669,40634,25264,60933,0,0,5382,0,0,0,0,0,11361,32113,3556,20299,35669,40634,25264,0,0,0,0,0,0,0,0,0,0,0,0,0,0,0,0,1001,0,0,79,0,0,0,0,0,-420,-746,567,226,-179,775,1180,100.0,0.0,0.0,8.8,0.0,0.0,0.0,0.0,0.0,18.6,52.7,5.8,33.3,58.5,66.7,41.5,100.0,0.0,0.0,8.8,0.0,0.0,0.0,0.0,0.0,18.6,52.7,5.8,33.3,58.5,66.7,41.5,100.0,0.0,0.0,0.0,0.0,0.0,0.0,0.0,0.0,0.0,0.0,0.0,0.0,0.0,0.0,0.0,35,0,0,0,18,15,9,27,17,35,0,0,0,18,15,9,27,17,0,0,0,0,0,0,0,0,0,0,0,0,0,0,16.5,37.6,22.3,50.4,14.5,36.9,19.3,47.2,16.5,37.6,22.3,50.4,14.5,36.9,19.3,47.2,0.0,0.0,0.0,0.0,0.0,0.0,0.0,0.0,(CONTRACTS OF 10 TROY OUNCES),N20,GOLD,PRECIOUS METALS,NATURAL RESOURCES,Combined,0,,0,0,0,0,,0,0,0
260303088691C,GOLD - COMMODITY EXCHANGE INC.,2026-03-03T00:00:00.000,2026 Report Week 09,GOLD,088691,CMX ,NYC,088 ,GOLD,699876,31774,57801,36064,213848,94611,124006,23151,65180,84985,25948,199315,635933,679854,63943,20022,699876,31774,57801,36064,213848,94611,124006,23151,65180,84985,25948,199315,635933,679854,63943,20022,0,0,0,0,0,0,0,0,0,0,0,0,0,0,0,0,108,532,1625,-163,-3583,2837,1621,703,668,-508,2707,7618,12605,12575,-12497,-12467,100.0,4.5,8.3,5.2,30.6,13.5,17.7,3.3,9.3,12.1,3.7,28.5,90.9,97.1,9.1,2.9,100.0,4.5,8.3,5.2,30.6,13.5,17.7,3.3,9.3,12.1,3.7,28.5,90.9,97.1,9.1,2.9,100.0,0.0,0.0,0.0,0.0,0.0,0.0,0.0,0.0,0.0,0.0,0.0,0.0,0.0,0.0,0.0,309,19,22,30,103,38,72,281,200,309,19,22,30,103,38,72,281,200,0,0,0,0,0,0,0,0,0,0,0,0,0,0,18.4,26.2,28.9,41.8,7.8,19.6,12.9,27.6,18.4,26.2,28.9,41.8,7.8,19.6,12.9,27.6,0.0,0.0,0.0,0.0,0.0,0.0,0.0,0.0,(CONTRACTS OF 100 TROY OUNCES),N20,GOLD,PRECIOUS METALS,NATURAL RESOURCES,Combined,19,20,81,19,57,19,20,81,19,57
260224088691C,GOLD - COMMODITY EXCHANGE INC.,2026-02-24T00:00:00.000,2026 Report Week 08,GOLD,088691,CMX ,NYC,088 ,GOLD,699768,31242,56176,36227,217431,91774,122385,22448,64512,85492,23241,191697,623329,667279,76440,32489,699768,31242,56176,36227,217431,91774,122385,22448,64512,85492,23241,191697,623329,667279,76440,32489,0,0,0,0,0,0,0,0,0,0,0,0,0,0,0,0,-24137,-1959,469,-2560,7826,-7263,2070,-1808,-3622,3195,-524,-30312,-40451,-35233,16313,11096,100.0,4.5,8.0,5.2,31.1,13.1,17.5,3.2,9.2,12.2,3.3,27.4,89.1,95.4,10.9,4.6,100.0,4.5,8.0,5.2,31.1,13.1,17.5,3.2,9.2,12.2,3.3,27.4,89.1,95.4,10.9,4.6,100.0,0.0,0.0,0.0,0.0,0.0,0.0,0.0,0.0,0.0,0.0,0.0,0.0,0.0,0.0,0.0,308,19,24,33,101,39,69,278,200,308,19,24,33,101,39,69,278,200,0,0,0,0,0,0,0,0,0,0,0,0,0,0,18.2,25.4,28.3,40.8,7.7,19.2,12.4,27.4,18.2,25.4,28.3,40.8,7.7,19.2,12.4,27.4,0.0,0.0,0.0,0.0,0.0,0.0,0.0,0.0,(CONTRACTS OF 100 TROY OUNCES),N20,GOLD,PRECIOUS METALS,NATURAL RESOURCES,Combined,18,18,84,16,56,18,18,84,16,56
260224088695C,MICRO GOLD - COMMODITY EXCHANGE INC.,2026-02-24T00:00:00.000,2026 Report Week 08,MICRO GOLD,088695,CMX ,NYC,088 ,GOLD,59932,0,0,5303,0,0,0,0,0,11781,32859,2989,20073,35848,39859,24084,59932,0,0,5303,0,0,0,0,0,11781,32859,2989,20073,35848,39859,24084,0,0,0,0,0,0,0,0,0,0,0,0,0,0,0,0,-885,0,0,350,0,0,0,0,0,-1427,2162,-2926,-4003,-764,3118,-121,100.0,0.0,0.0,8.8,0.0,0.0,0.0,0.0,0.0,19.7,54.8,5.0,33.5,59.8,66.5,40.2,100.0,0.0,0.0,8.8,0.0,0.0,0.0,0.0,0.0,19.7,54.8,5.0,33.5,59.8,66.5,40.2,100.0,0.0,0.0,0.0,0.0,0.0,0.0,0.0,0.0,0.0,0.0,0.0,0.0,0.0,0.0,0.0,34,0,0,0,15,17,10,25,19,34,0,0,0,15,17,10,25,19,0,0,0,0,0,0,0,0,0,0,0,0,0,0,16.7,34.4,23.7,48.6,16.7,34.1,22.5,47.2,16.7,34.4,23.7,48.6,16.7,34.1,22.5,47.2,0.0,0.0,0.0,0.0,0.0,0.0,0.0,0.0,(CONTRACTS OF 10 TROY OUNCES),N20,GOLD,PRECIOUS METALS,NATURAL RESOURCES,Combined,0,,0,0,0,0,,0,0,0
260217088691C,GOLD - COMMODITY EXCHANGE INC.,2026-02-17T00:00:00.000,2026 Report Week 07,GOLD,088691,CMX ,NYC,088 ,GOLD,723906,33201,55706,38787,209605,99037,120314,24257,68135,82297,23764,222009,663779,702512,60126,21393,723906,33201,55706,38787,209605,99037,120314,24257,68135,82297,23764,222009,663779,702512,60126,21393,0,0,0,0,0,0,0,0,0,0,0,0,0,0,0,0,-2251,-2931,-336,-715,-4830,2728,4158,1138,-1433,-1902,1974,-588,-683,-1347,-1567,-903,100.0,4.6,7.7,5.4,29.0,13.7,16.6,3.4,9.4,11.4,3.3,30.7,91.7,97.0,8.3,3.0,100.0,4.6,7.7,5.4,29.0,13.7,16.6,3.4,9.4,11.4,3.3,30.7,91.7,97.0,8.3,3.0,100.0,0.0,0.0,0.0,0.0,0.0,0.0,0.0,0.0,0.0,0.0,0.0,0.0,0.0,0.0,0.0,332,20,23,32,108,48,81,300,221,332,20,23,32,108,48,81,300,221,0,0,0,0,0,0,0,0,0,0,0,0,0,0,19.4,25.3,29.2,41.2,7.2,18.1,12.2,25.2,19.4,25.3,29.2,41.2,7.2,18.1,12.2,25.2,0.0,0.0,0.0,0.0,0.0,0.0,0.0,0.0,(CONTRACTS OF 100 TROY OUNCES),N20,GOLD,PRECIOUS METALS,NATURAL RESOURCES,Combined,20,20,88,19,62,20,20,88,19,62
260217088695C,MICRO GOLD - COMMODITY EXCHANGE INC.,2026-02-17T00:00:00.000,2026 Report Week 07,MICRO GOLD,088695,CMX ,NYC,088 ,GOLD,60817,0,0,4953,0,0,0,0,0,13208,30697,5915,24076,36612,36741,24205,60817,0,0,4953,0,0,0,0,0,13208,30697,5915,24076,36612,36741,24205,0,0,0,0,0,0,0,0,0,0,0,0,0,0,0,0,221,0,0,731,0,0,-218,-611,0,-2759,397,280,-1966,66,2187,155,100.0,0.0,0.0,8.1,0.0,0.0,0.0,0.0,0.0,21.7,50.5,9.7,39.6,60.2,60.4,39.8,100.0,0.0,0.0,8.1,0.0,0.0,0.0,0.0,0.0,21.7,50.5,9.7,39.6,60.2,60.4,39.8,100.0,0.0,0.0,0.0,0.0,0.0,0.0,0.0,0.0,0.0,0.0,0.0,0.0,0.0,0.0,0.0,36,0,0,0,17,17,9,25,20,36,0,0,0,17,17,9,25,20,0,0,0,0,0,0,0,0,0,0,0,0,0,0,18.5,33.4,27.0,46.8,16.2,33.4,21.9,44.6,18.5,33.4,27.0,46.8,16.2,33.4,21.9,44.6,0.0,0.0,0.0,0.0,0.0,0.0,0.0,0.0,(CONTRACTS OF 10 TROY OUNCES),N20,GOLD,PRECIOUS METALS,NATURAL RESOURCES,Combined,0,,0,0,0,0,,0,0,0
260210088695C,MICRO GOLD - COMMODITY EXCHANGE INC.,2026-02-10T00:00:00.000,2026 Report Week 06,MICRO GOLD,088695,CMX ,NYC,088 ,GOLD,60595,0,0,4222,0,0,218,611,0,15967,30300,5635,26042,36546,34553,24049,60595,0,0,4222,0,0,218,611,0,15967,30300,5635,26042,36546,34553,24049,0,0,0,0,0,0,0,0,0,0,0,0,0,0,0,0,6998,0,0,184,0,0,-104,611,0,4751,4870,2309,7140,7790,-142,-792,100.0,0.0,0.0,7.0,0.0,0.0,0.4,1.0,0.0,26.4,50.0,9.3,43.0,60.3,57.0,39.7,100.0,0.0,0.0,7.0,0.0,0.0,0.4,1.0,0.0,26.4,50.0,9.3,43.0,60.3,57.0,39.7,100.0,0.0,0.0,0.0,0.0,0.0,0.0,0.0,0.0,0.0,0.0,0.0,0.0,0.0,0.0,0.0,38,0,0,0,17,17,13,28,23,38,0,0,0,17,17,13,28,23,0,0,0,0,0,0,0,0,0,0,0,0,0,0,22.2,30.3,30.3,44.5,18.8,29.8,25.5,42.2,22.2,30.3,30.3,44.5,18.8,29.8,25.5,42.2,0.0,0.0,0.0,0.0,0.0,0.0,0.0,0.0,(CONTRACTS OF 10 TROY OUNCES),N20,GOLD,PRECIOUS METALS,NATURAL RESOURCES,Combined,0,,,,0,0,,,,0
260210088691C,GOLD - COMMODITY EXCHANGE INC.,2026-02-10T00:00:00.000,2026 Report Week 06,GOLD,088691,CMX ,NYC,088 ,GOLD,726156,36132,56042,39502,214435,96309,116157,23119,69568,84199,21790,222597,664463,703859,61693,22297,726156,36132,56042,39502,214435,96309,116157,23119,69568,84199,21790,222597,664463,703859,61693,22297,0,0,0,0,0,0,0,0,0,0,0,0,0,0,0,0,-6169,3364,-2977,3378,-1400,-3677,-1053,-654,-1799,-3783,1559,2449,-1121,-6499,-5048,330,100.0,5.0,7.7,5.4,29.5,13.3,16.0,3.2,9.6,11.6,3.0,30.7,91.5,96.9,8.5,3.1,100.0,5.0,7.7,5.4,29.5,13.3,16.0,3.2,9.6,11.6,3.0,30.7,91.5,96.9,8.5,3.1,100.0,0.0,0.0,0.0,0.0,0.0,0.0,0.0,0.0,0.0,0.0,0.0,0.0,0.0,0.0,0.0,322,21,24,32,105,49,79,293,214,322,21,24,32,105,49,79,293,214,0,0,0,0,0,0,0,0,0,0,0,0,0,0,19.6,26.0,29.5,42.3,7.4,18.5,12.4,25.7,19.6,26.0,29.5,42.3,7.4,18.5,12.4,25.7,0.0,0.0,0.0,0.0,0.0,0.0,0.0,0.0,(CONTRACTS OF 100 TROY OUNCES),N20,GOLD,PRECIOUS METALS,NATURAL RESOURCES,Combined,23,16,83,16,58,23,16,83,16,58
260203088695C,MICRO GOLD - COMMODITY EXCHANGE INC.,2026-02-03T00:00:00.000,2026 Report Week 05,MICRO GOLD,088695,CMX ,NYC,088 ,GOLD,53597,0,0,4038,0,0,322,0,0,11216,25430,3326,18902,28756,34695,24841,53597,0,0,4038,0,0,322,0,0,11216,25430,3326,18902,28756,34695,24841,0,0,0,0,0,0,0,0,0,0,0,0,0,0,0,0,-24836,0,0,16,0,-1,322,0,0,-13410,-13907,-9461,-22534,-23369,-2302,-1467,100.0,0.0,0.0,7.5,0.0,0.0,0.6,0.0,0.0,20.9,47.4,6.2,35.3,53.7,64.7,46.3,100.0,0.0,0.0,7.5,0.0,0.0,0.6,0.0,0.0,20.9,47.4,6.2,35.3,53.7,64.7,46.3,100.0,0.0,0.0,0.0,0.0,0.0,0.0,0.0,0.0,0.0,0.0,0.0,0.0,0.0,0.0,0.0,34,0,0,0,16,14,11,27,18,34,0,0,0,16,14,11,27,18,0,0,0,0,0,0,0,0,0,0,0,0,0,0,13.4,29.8,20.7,44.2,13.0,29.6,19.3,41.0,13.4,29.8,20.7,44.2,13.0,29.6,19.3,41.0,0.0,0.0,0.0,0.0,0.0,0.0,0.0,0.0,(CONTRACTS OF 10 TROY OUNCES),N20,GOLD,PRECIOUS METALS,NATURAL RESOURCES,Combined,0,,,0,0,0,,,0,0
260203088691C,GOLD - COMMODITY EXCHANGE INC.,2026-02-03T00:00:00.000,2026 Report Week 05,GOLD,088691,CMX ,NYC,088 ,GOLD,732325,32768,59019,36124,215835,99986,117210,23772,71367,87982,20232,220148,665584,710358,66741,21967,732325,32768,59019,36124,215835,99986,117210,23772,71367,87982,20232,220148,665584,710358,66741,21967,0,0,0,0,0,0,0,0,0,0,0,0,0,0,0,0,-61428,-142,-16586,6755,-21610,-6163,-24612,3371,-13500,-19104,-1841,599,-56168,-55728,-5260,-5700,100.0,4.5,8.1,4.9,29.5,13.7,16.0,3.2,9.7,12.0,2.8,30.1,90.9,97.0,9.1,3.0,100.0,4.5,8.1,4.9,29.5,13.7,16.0,3.2,9.7,12.0,2.8,30.1,90.9,97.0,9.1,3.0,100.0,0.0,0.0,0.0,0.0,0.0,0.0,0.0,0.0,0.0,0.0,0.0,0.0,0.0,0.0,0.0,337,21,23,35,112,46,83,310,223,337,21,23,35,112,46,83,310,223,0,0,0,0,0,0,0,0,0,0,0,0,0,0,19.3,25.9,29.0,42.1,7.4,18.5,12.4,26.2,19.3,25.9,29.0,42.1,7.4,18.5,12.4,26.2,0.0,0.0,0.0,0.0,0.0,0.0,0.0,0.0,(CONTRACTS OF 100 TROY OUNCES),N20,GOLD,PRECIOUS METALS,NATURAL RESOURCES,Combined,21,20,93,16,63,21,20,93,16,63
260127088695C,MICRO GOLD - COMMODITY EXCHANGE INC.,2026-01-27T00:00:00.000,2026 Report Week 04,MICRO GOLD,088695,CMX ,NYC,088 ,GOLD,78433,0,0,4022,0,1,0,0,0,24626,39337,12787,41436,52125,36997,26308,78433,0,0,4022,0,1,0,0,0,24626,39337,12787,41436,52125,36997,26308,0,0,0,0,0,0,0,0,0,0,0,0,0,0,0,0,-559,0,0,1033,0,1,-1504,0,0,-5251,13,5212,-509,5226,-50,-5785,100.0,0.0,0.0,5.1,0.0,0.0,0.0,0.0,0.0,31.4,50.2,16.3,52.8,66.5,47.2,33.5,100.0,0.0,0.0,5.1,0.0,0.0,0.0,0.0,0.0,31.4,50.2,16.3,52.8,66.5,47.2,33.5,100.0,0.0,0.0,0.0,0.0,0.0,0.0,0.0,0.0,0.0,0.0,0.0,0.0,0.0,0.0,0.0,30,0,0,,16,10,11,26,16,30,0,0,,16,10,11,26,16,0,0,0,0,0,0,0,0,0,0,0,0,0,0,24.9,53.3,35.1,63.5,21.3,42.8,28.5,49.3,24.9,53.3,35.1,63.5,21.3,42.8,28.5,49.3,0.0,0.0,0.0,0.0,0.0,0.0,0.0,0.0,(CONTRACTS OF 10 TROY OUNCES),N20,GOLD,PRECIOUS METALS,NATURAL RESOURCES,Combined,0,,0,0,0,0,,0,0,0
260127088LM1C,"GOLD -1 TROY OUNCE  - COINBASE DERIVATIVES, LLC",2026-01-27T00:00:00.000,2026 Report Week 04,GOLD -1 TROY OUNCE,088LM1,FREX,CHI,088 ,GOLD,11365,0,0,0,0,0,0,0,0,4243,7984,1121,5364,9105,6001,2260,11365,0,0,0,0,0,0,0,0,4243,7984,1121,5364,9105,6001,2260,0,0,0,0,0,0,0,0,0,0,0,0,0,0,0,0,1046,0,0,0,0,0,0,0,0,116,-696,1121,1237,425,-191,621,100.0,0.0,0.0,0.0,0.0,0.0,0.0,0.0,0.0,37.3,70.3,9.9,47.2,80.1,52.8,19.9,100.0,0.0,0.0,0.0,0.0,0.0,0.0,0.0,0.0,37.3,70.3,9.9,47.2,80.1,52.8,19.9,100.0,0.0,0.0,0.0,0.0,0.0,0.0,0.0,0.0,0.0,0.0,0.0,0.0,0.0,0.0,0.0,21,0,0,0,17,4,,17,5,21,0,0,0,17,4,,17,5,0,0,0,0,0,0,0,0,0,0,0,0,0,0,24.3,78.4,31.4,80.1,14.5,70.3,21.5,70.3,24.3,78.4,31.4,80.1,14.5,70.3,21.5,70.3,0.0,0.0,0.0,0.0,0.0,0.0,0.0,0.0,"(1 troy ounce x $2,300)",N20,GOLD,PRECIOUS METALS,NATURAL RESOURCES,Combined,0,0,0,0,0,0,0,0,0,0
260127088691C,GOLD - COMMODITY EXCHANGE INC.,2026-01-27T00:00:00.000,2026 Report Week 04,GOLD,088691,CMX ,NYC,088 ,GOLD,793753,32910,75605,29369,237445,106148,141822,20401,84867,107086,22072,219549,721752,766086,72002,27667,793753,32910,75605,29369,237445,106148,141822,20401,84867,107086,22072,219549,721752,766086,72002,27667,0,0,0,0,0,0,0,0,0,0,0,0,0,0,0,0,-77802,-5028,-3980,4622,-16602,-7426,-17930,-188,-10620,1298,1050,-40903,-75987,-78670,-1815,868,100.0,4.1,9.5,3.7,29.9,13.4,17.9,2.6,10.7,13.5,2.8,27.7,90.9,96.5,9.1,3.5,100.0,4.1,9.5,3.7,29.9,13.4,17.9,2.6,10.7,13.5,2.8,27.7,90.9,96.5,9.1,3.5,100.0,0.0,0.0,0.0,0.0,0.0,0.0,0.0,0.0,0.0,0.0,0.0,0.0,0.0,0.0,0.0,337,21,26,32,115,38,81,316,214,337,21,26,32,115,38,81,316,214,0,0,0,0,0,0,0,0,0,0,0,0,0,0,16.9,24.8,26.7,40.8,7.2,19.7,12.2,27.8,16.9,24.8,26.7,40.8,7.2,19.7,12.2,27.8,0.0,0.0,0.0,0.0,0.0,0.0,0.0,0.0,(CONTRACTS OF 100 TROY OUNCES),N20,GOLD,PRECIOUS METALS,NATURAL RESOURCES,Combined,20,15,101,16,64,20,15,101,16,64
260120088695C,MICRO GOLD - COMMODITY EXCHANGE INC.,2026-01-20T00:00:00.000,2026 Report Week 03,MICRO GOLD,088695,CMX ,NYC,088 ,GOLD,78992,0,0,2989,0,0,1504,0,0,29877,39324,7575,41945,46899,37047,32093,78992,0,0,2989,0,0,1504,0,0,29877,39324,7575,41945,46899,37047,32093,0,0,0,0,0,0,0,0,0,0,0,0,0,0,0,0,6422,0,0,139,0,0,868,0,0,4355,-1206,1748,7110,542,-688,5880,100.0,0.0,0.0,3.8,0.0,0.0,1.9,0.0,0.0,37.8,49.8,9.6,53.1,59.4,46.9,40.6,100.0,0.0,0.0,3.8,0.0,0.0,1.9,0.0,0.0,37.8,49.8,9.6,53.1,59.4,46.9,40.6,100.0,0.0,0.0,0.0,0.0,0.0,0.0,0.0,0.0,0.0,0.0,0.0,0.0,0.0,0.0,0.0,37,0,0,0,18,13,11,31,17,37,0,0,0,18,13,11,31,17,0,0,0,0,0,0,0,0,0,0,0,0,0,0,27.1,46.1,35.9,54.6,24.9,41.3,32.1,47.4,27.1,46.1,35.9,54.6,24.9,41.3,32.1,47.4,0.0,0.0,0.0,0.0,0.0,0.0,0.0,0.0,(CONTRACTS OF 10 TROY OUNCES),N20,GOLD,PRECIOUS METALS,NATURAL RESOURCES,Combined,0,,,0,0,0,,,0,0
260120088691C,GOLD - COMMODITY EXCHANGE INC.,2026-01-20T00:00:00.000,2026 Report Week 03,GOLD,088691,CMX ,NYC,088 ,GOLD,871555,37938,79584,24748,254047,113574,159752,20590,95486,105788,21023,260452,797738,844756,73817,26799,871555,37938,79584,24748,254047,113574,159752,20590,95486,105788,21023,260452,797738,844756,73817,26799,0,0,0,0,0,0,0,0,0,0,0,0,0,0,0,0,27556,9287,-109,-3846,-2706,7291,2979,365,9754,-8319,831,13689,30835,29114,-3279,-1558,100.0,4.4,9.1,2.8,29.1,13.0,18.3,2.4,11.0,12.1,2.4,29.9,91.5,96.9,8.5,3.1,100.0,4.4,9.1,2.8,29.1,13.0,18.3,2.4,11.0,12.1,2.4,29.9,91.5,96.9,8.5,3.1,100.0,0.0,0.0,0.0,0.0,0.0,0.0,0.0,0.0,0.0,0.0,0.0,0.0,0.0,0.0,0.0,362,22,26,32,122,44,82,332,227,362,22,26,32,122,44,82,332,227,0,0,0,0,0,0,0,0,0,0,0,0,0,0,16.7,24.2,25.7,40.3,6.7,19.0,11.3,26.9,16.7,24.2,25.7,40.3,6.7,19.0,11.3,26.9,0.0,0.0,0.0,0.0,0.0,0.0,0.0,0.0,(CONTRACTS OF 100 TROY OUNCES),N20,GOLD,PRECIOUS METALS,NATURAL RESOURCES,Combined,20,16,111,16,67,20,16,111,16,67
260120088LM1C,"GOLD -1 TROY OUNCE  - COINBASE DERIVATIVES, LLC",2026-01-20T00:00:00.000,2026 Report Week 03,GOLD -1 TROY OUNCE,088LM1,FREX,CHI,088 ,GOLD,10319,0,0,0,0,0,0,0,0,4127,8680,0,4127,8680,6192,1639,10319,0,0,0,0,0,0,0,0,4127,8680,0,4127,8680,6192,1639,0,0,0,0,0,0,0,0,0,0,0,0,0,0,0,0,926,0,0,0,0,0,0,0,0,287,663,0,287,663,639,263,100.0,0.0,0.0,0.0,0.0,0.0,0.0,0.0,0.0,40.0,84.1,0.0,40.0,84.1,60.0,15.9,100.0,0.0,0.0,0.0,0.0,0.0,0.0,0.0,0.0,40.0,84.1,0.0,40.0,84.1,60.0,15.9,100.0,0.0,0.0,0.0,0.0,0.0,0.0,0.0,0.0,0.0,0.0,0.0,0.0,0.0,0.0,0.0,20,0,0,0,16,4,0,16,4,20,0,0,0,16,4,0,16,4,0,0,0,0,0,0,0,0,0,0,0,0,0,0,16.7,84.1,24.5,84.1,16.7,84.1,24.5,84.1,16.7,84.1,24.5,84.1,16.7,84.1,24.5,84.1,0.0,0.0,0.0,0.0,0.0,0.0,0.0,0.0,"(1 troy ounce x $2,300)",N20,GOLD,PRECIOUS METALS,NATURAL RESOURCES,Combined,0,0,0,0,0,0,0,0,0,0
260113088691C,GOLD - COMMODITY EXCHANGE INC.,2026-01-13T00:00:00.000,2026 Report Week 02,GOLD,088691,CMX ,NYC,088 ,GOLD,844000,28651,79694,28594,256753,106283,156773,20225,85732,114107,20192,246764,766904,815642,77096,28357,844000,28651,79694,28594,256753,106283,156773,20225,85732,114107,20192,246764,766904,815642,77096,28357,0,0,0,0,0,0,0,0,0,0,0,0,0,0,0,0,71708,2072,2955,-6991,10975,21521,11859,-433,2054,3583,-845,30893,64991,67120,6717,4588,100.0,3.4,9.4,3.4,30.4,12.6,18.6,2.4,10.2,13.5,2.4,29.2,90.9,96.6,9.1,3.4,100.0,3.4,9.4,3.4,30.4,12.6,18.6,2.4,10.2,13.5,2.4,29.2,90.9,96.6,9.1,3.4,100.0,0.0,0.0,0.0,0.0,0.0,0.0,0.0,0.0,0.0,0.0,0.0,0.0,0.0,0.0,0.0,360,18,26,34,113,47,82,330,233,360,18,26,34,113,47,82,330,233,0,0,0,0,0,0,0,0,0,0,0,0,0,0,17.1,24.6,25.9,40.9,7.3,19.5,12.9,28.0,17.1,24.6,25.9,40.9,7.3,19.5,12.9,28.0,0.0,0.0,0.0,0.0,0.0,0.0,0.0,0.0,(CONTRACTS OF 100 TROY OUNCES),N20,GOLD,PRECIOUS METALS,NATURAL RESOURCES,Combined,18,18,110,19,74,18,18,110,19,74
260113088LM1C,"GOLD -1 TROY OUNCE  - COINBASE DERIVATIVES, LLC",2026-01-13T00:00:00.000,2026 Report Week 02,GOLD -1 TROY OUNCE,088LM1,FREX,CHI,088 ,GOLD,9393,0,0,0,0,0,0,0,0,3840,8017,0,3840,8017,5553,1376,9393,0,0,0,0,0,0,0,0,3840,8017,0,3840,8017,5553,1376,0,0,0,0,0,0,0,0,0,0,0,0,0,0,0,0,,,,,,,,,,,,,,,,,100.0,0.0,0.0,0.0,0.0,0.0,0.0,0.0,0.0,40.9,85.4,0.0,40.9,85.4,59.1,14.6,100.0,0.0,0.0,0.0,0.0,0.0,0.0,0.0,0.0,40.9,85.4,0.0,40.9,85.4,59.1,14.6,100.0,0.0,0.0,0.0,0.0,0.0,0.0,0.0,0.0,0.0,0.0,0.0,0.0,0.0,0.0,0.0,24,0,0,0,18,6,0,18,6,24,0,0,0,18,6,0,18,6,0,0,0,0,0,0,0,0,0,0,0,0,0,0,11.1,81.1,19.6,85.4,11.1,81.1,19.6,85.4,11.1,81.1,19.6,85.4,11.1,81.1,19.6,85.4,0.0,0.0,0.0,0.0,0.0,0.0,0.0,0.0,"1 troy ounce x $2,300",N20,GOLD,PRECIOUS METALS,NATURAL RESOURCES,Combined,0,0,0,0,0,0,0,0,0,0
260113088695C,MICRO GOLD - COMMODITY EXCHANGE INC.,2026-01-13T00:00:00.000,2026 Report Week 02,MICRO GOLD,088695,CMX ,NYC,088 ,GOLD,72570,0,0,2850,0,0,636,0,0,25522,40530,5827,34835,46357,37735,26213,72570,0,0,2850,0,0,636,0,0,25522,40530,5827,34835,46357,37735,26213,0,0,0,0,0,0,0,0,0,0,0,0,0,0,0,0,3824,0,0,-161,0,0,158,-320,0,2897,3238,429,3323,3347,501,477,100.0,0.0,0.0,3.9,0.0,0.0,0.9,0.0,0.0,35.2,55.8,8.0,48.0,63.9,52.0,36.1,100.0,0.0,0.0,3.9,0.0,0.0,0.9,0.0,0.0,35.2,55.8,8.0,48.0,63.9,52.0,36.1,100.0,0.0,0.0,0.0,0.0,0.0,0.0,0.0,0.0,0.0,0.0,0.0,0.0,0.0,0.0,0.0,38,0,0,0,18,15,9,28,19,38,0,0,0,18,15,9,28,19,0,0,0,0,0,0,0,0,0,0,0,0,0,0,25.6,50.9,33.3,57.9,23.2,45.1,29.9,52.1,25.6,50.9,33.3,57.9,23.2,45.1,29.9,52.1,0.0,0.0,0.0,0.0,0.0,0.0,0.0,0.0,(CONTRACTS OF 10 TROY OUNCES),N20,GOLD,PRECIOUS METALS,NATURAL RESOURCES,Combined,0,,,0,0,0,,,0,0
260106088691C,GOLD - COMMODITY EXCHANGE INC.,2026-01-06T00:00:00.000,2026 Report Week 01,GOLD,088691,CMX ,NYC,088 ,GOLD,772291,26579,76739,35585,245778,84762,144914,20658,83678,110524,21037,215870,701913,748522,70379,23769,772291,26579,76739,35585,245778,84762,144914,20658,83678,110524,21037,215870,701913,748522,70379,23769,0,0,0,0,0,0,0,0,0,0,0,0,0,0,0,0,29184,1754,-2227,-396,-3002,4932,-3214,-597,11039,-788,2350,16886,30214,29382,-1030,-198,100.0,3.4,9.9,4.6,31.8,11.0,18.8,2.7,10.8,14.3,2.7,28.0,90.9,96.9,9.1,3.1,100.0,3.4,9.9,4.6,31.8,11.0,18.8,2.7,10.8,14.3,2.7,28.0,90.9,96.9,9.1,3.1,100.0,0.0,0.0,0.0,0.0,0.0,0.0,0.0,0.0,0.0,0.0,0.0,0.0,0.0,0.0,0.0,333,15,26,33,105,47,71,304,208,333,15,26,33,105,47,71,304,208,0,0,0,0,0,0,0,0,0,0,0,0,0,0,17.1,25.4,26.9,42.1,8.1,20.3,14.3,29.3,17.1,25.4,26.9,42.1,8.1,20.3,14.3,29.3,0.0,0.0,0.0,0.0,0.0,0.0,0.0,0.0,(CONTRACTS OF 100 TROY OUNCES),N20,GOLD,PRECIOUS METALS,NATURAL RESOURCES,Combined,14,19,99,17,64,14,19,99,17,64
260106088695C,MICRO GOLD - COMMODITY EXCHANGE INC.,2026-01-06T00:00:00.000,2026 Report Week 01,MICRO GOLD,088695,CMX ,NYC,088 ,GOLD,68746,0,0,3011,0,0,478,320,0,22625,37292,5398,31512,43010,37234,25736,68746,0,0,3011,0,0,478,320,0,22625,37292,5398,31512,43010,37234,25736,0,0,0,0,0,0,0,0,0,0,0,0,0,0,0,0,-1288,0,0,141,0,0,0,320,0,6632,-4582,-719,6054,-4981,-7342,3693,100.0,0.0,0.0,4.4,0.0,0.0,0.7,0.5,0.0,32.9,54.2,7.9,45.8,62.6,54.2,37.4,100.0,0.0,0.0,4.4,0.0,0.0,0.7,0.5,0.0,32.9,54.2,7.9,45.8,62.6,54.2,37.4,100.0,0.0,0.0,0.0,0.0,0.0,0.0,0.0,0.0,0.0,0.0,0.0,0.0,0.0,0.0,0.0,34,0,0,0,14,15,10,25,19,34,0,0,0,14,15,10,25,19,0,0,0,0,0,0,0,0,0,0,0,0,0,0,27.5,49.2,35.1,58.1,25.7,43.6,31.8,51.3,27.5,49.2,35.1,58.1,25.7,43.6,31.8,51.3,0.0,0.0,0.0,0.0,0.0,0.0,0.0,0.0,(CONTRACTS OF 10 TROY OUNCES),N20,GOLD,PRECIOUS METALS,NATURAL RESOURCES,Combined,0,,,,0,0,,,,0
251230088691C,GOLD - COMMODITY EXCHANGE INC.,2025-12-30T00:00:00.000,2025 Report Week 52,GOLD,088691,CMX ,NYC,088 ,GOLD,743107,24825,78966,35980,248780,79830,148128,21255,72639,111312,18686,198984,671699,719140,71408,23967,743107,24825,78966,35980,248780,79830,148128,21255,72639,111312,18686,198984,671699,719140,71408,23967,0,0,0,0,0,0,0,0,0,0,0,0,0,0,0,0,-27022,-5053,-2511,7176,-6332,2420,-11775,-1107,-661,-4466,-2775,-13052,-25411,-24019,-1612,-3003,100.0,3.3,10.6,4.8,33.5,10.7,19.9,2.9,9.8,15.0,2.5,26.8,90.4,96.8,9.6,3.2,100.0,3.3,10.6,4.8,33.5,10.7,19.9,2.9,9.8,15.0,2.5,26.8,90.4,96.8,9.6,3.2,100.0,0.0,0.0,0.0,0.0,0.0,0.0,0.0,0.0,0.0,0.0,0.0,0.0,0.0,0.0,0.0,333,18,25,32,113,36,70,301,209,333,18,25,32,113,36,70,301,209,0,0,0,0,0,0,0,0,0,0,0,0,0,0,16.9,26.4,26.7,43.0,8.2,21.6,14.5,31.1,16.9,26.4,26.7,43.0,8.2,21.6,14.5,31.1,0.0,0.0,0.0,0.0,0.0,0.0,0.0,0.0,(CONTRACTS OF 100 TROY OUNCES),N20,GOLD,PRECIOUS METALS,NATURAL RESOURCES,Combined,15,20,100,16,63,15,20,100,16,63
251230088695C,MICRO GOLD - COMMODITY EXCHANGE INC.,2025-12-30T00:00:00.000,2025 Report Week 52,MICRO GOLD,088695,CMX ,NYC,088 ,GOLD,70034,0,0,2870,0,0,478,0,0,15993,41874,6117,25458,47991,44576,22043,70034,0,0,2870,0,0,478,0,0,15993,41874,6117,25458,47991,44576,22043,0,0,0,0,0,0,0,0,0,0,0,0,0,0,0,0,4798,0,0,34,0,0,-203,0,0,-1841,7265,2403,393,9668,4405,-4870,100.0,0.0,0.0,4.1,0.0,0.0,0.7,0.0,0.0,22.8,59.8,8.7,36.4,68.5,63.6,31.5,100.0,0.0,0.0,4.1,0.0,0.0,0.7,0.0,0.0,22.8,59.8,8.7,36.4,68.5,63.6,31.5,100.0,0.0,0.0,0.0,0.0,0.0,0.0,0.0,0.0,0.0,0.0,0.0,0.0,0.0,0.0,0.0,33,0,0,0,16,14,7,24,16,33,0,0,0,16,14,7,24,16,0,0,0,0,0,0,0,0,0,0,0,0,0,0,17.8,54.7,25.8,64.6,14.9,47.6,21.3,56.5,17.8,54.7,25.8,64.6,14.9,47.6,21.3,56.5,0.0,0.0,0.0,0.0,0.0,0.0,0.0,0.0,(CONTRACTS OF 10 TROY OUNCES),N20,GOLD,PRECIOUS METALS,NATURAL RESOURCES,Combined,0,,,0,0,0,,,0,0
251230088LM1C,"GOLD -1 TROY OUNCE  - COINBASE DERIVATIVES, LLC",2025-12-30T00:00:00.000,2025 Report Week 52,GOLD -1 TROY OUNCE,088LM1,FREX,CHI,088 ,GOLD,11050,0,0,0,0,0,0,0,0,4000,10241,0,4000,10241,7050,809,11050,0,0,0,0,0,0,0,0,4000,10241,0,4000,10241,7050,809,0,0,0,0,0,0,0,0,0,0,0,0,0,0,0,0,,,,,,,,,,,,,,,,,100.0,0.0,0.0,0.0,0.0,0.0,0.0,0.0,0.0,36.2,92.7,0.0,36.2,92.7,63.8,7.3,100.0,0.0,0.0,0.0,0.0,0.0,0.0,0.0,0.0,36.2,92.7,0.0,36.2,92.7,63.8,7.3,100.0,0.0,0.0,0.0,0.0,0.0,0.0,0.0,0.0,0.0,0.0,0.0,0.0,0.0,0.0,0.0,22,0,0,0,20,,0,20,,22,0,0,0,20,,0,20,,0,0,0,0,0,0,0,0,0,0,0,0,0,0,7.2,92.7,14.5,92.7,7.2,92.7,14.5,92.7,7.2,92.7,14.5,92.7,7.2,92.7,14.5,92.7,0.0,0.0,0.0,0.0,0.0,0.0,0.0,0.0,"1 troy ounce x $2,300",N20,GOLD,PRECIOUS METALS,NATURAL RESOURCES,Combined,0,0,0,0,0,0,0,0,0,0
251223088691C,GOLD - COMMODITY EXCHANGE INC.,2025-12-23T00:00:00.000,2025 Report Week 51,GOLD,088691,CMX ,NYC,088 ,GOLD,770129,29878,81477,28804,255112,77410,159903,22362,73300,115777,21462,212037,697109,743159,73020,26971,770129,29878,81477,28804,255112,77410,159903,22362,73300,115777,21462,212037,697109,743159,73020,26971,0,0,0,0,0,0,0,0,0,0,0,0,0,0,0,0,9078,-593,8059,-2012,5954,-4310,6021,2610,8103,5054,-4668,-8255,4007,7493,5071,1585,100.0,3.9,10.6,3.7,33.1,10.1,20.8,2.9,9.5,15.0,2.8,27.5,90.5,96.5,9.5,3.5,100.0,3.9,10.6,3.7,33.1,10.1,20.8,2.9,9.5,15.0,2.8,27.5,90.5,96.5,9.5,3.5,100.0,0.0,0.0,0.0,0.0,0.0,0.0,0.0,0.0,0.0,0.0,0.0,0.0,0.0,0.0,0.0,348,18,29,31,108,47,67,312,208,348,18,29,31,108,47,67,312,208,0,0,0,0,0,0,0,0,0,0,0,0,0,0,17.2,25.8,26.3,42.3,8.1,20.9,14.2,30.6,17.2,25.8,26.3,42.3,8.1,20.9,14.2,30.6,0.0,0.0,0.0,0.0,0.0,0.0,0.0,0.0,(CONTRACTS OF 100 TROY OUNCES),N20,GOLD,PRECIOUS METALS,NATURAL RESOURCES,Combined,17,15,106,19,61,17,15,106,19,61
251223088695C,MICRO GOLD - COMMODITY EXCHANGE INC.,2025-12-23T00:00:00.000,2025 Report Week 51,MICRO GOLD,088695,CMX ,NYC,088 ,GOLD,65236,0,0,2836,0,0,681,0,0,17834,34609,3714,25065,38323,40171,26913,65236,0,0,2836,0,0,681,0,0,17834,34609,3714,25065,38323,40171,26913,0,0,0,0,0,0,0,0,0,0,0,0,0,0,0,0,7325,0,0,495,0,0,-28,0,0,6807,5987,-493,6781,5494,544,1831,100.0,0.0,0.0,4.3,0.0,0.0,1.0,0.0,0.0,27.3,53.1,5.7,38.4,58.7,61.6,41.3,100.0,0.0,0.0,4.3,0.0,0.0,1.0,0.0,0.0,27.3,53.1,5.7,38.4,58.7,61.6,41.3,100.0,0.0,0.0,0.0,0.0,0.0,0.0,0.0,0.0,0.0,0.0,0.0,0.0,0.0,0.0,0.0,35,0,0,0,17,14,6,26,15,35,0,0,0,17,14,6,26,15,0,0,0,0,0,0,0,0,0,0,0,0,0,0,17.0,47.3,23.9,55.7,17.0,43.4,23.0,50.4,17.0,47.3,23.9,55.7,17.0,43.4,23.0,50.4,0.0,0.0,0.0,0.0,0.0,0.0,0.0,0.0,(CONTRACTS OF 10 TROY OUNCES),N20,GOLD,PRECIOUS METALS,NATURAL RESOURCES,Combined,0,,,0,0,0,,,0,0
251216088695C,MICRO GOLD - COMMODITY EXCHANGE INC.,2025-12-16T00:00:00.000,2025 Report Week 50,MICRO GOLD,088695,CMX ,NYC,088 ,GOLD,57910,0,0,2341,0,0,709,0,0,11027,28622,4207,18284,32829,39626,25081,57910,0,0,2341,0,0,709,0,0,11027,28622,4207,18284,32829,39626,25081,0,0,0,0,0,0,0,0,0,0,0,0,0,0,0,0,3860,0,0,117,0,0,-237,0,0,1254,1510,900,2034,2410,1826,1450,100.0,0.0,0.0,4.0,0.0,0.0,1.2,0.0,0.0,19.0,49.4,7.3,31.6,56.7,68.4,43.3,100.0,0.0,0.0,4.0,0.0,0.0,1.2,0.0,0.0,19.0,49.4,7.3,31.6,56.7,68.4,43.3,100.0,0.0,0.0,0.0,0.0,0.0,0.0,0.0,0.0,0.0,0.0,0.0,0.0,0.0,0.0,0.0,32,0,0,0,13,13,7,23,16,32,0,0,0,13,13,7,23,16,0,0,0,0,0,0,0,0,0,0,0,0,0,0,13.5,43.3,20.8,52.6,12.4,40.2,18.1,47.1,13.5,43.3,20.8,52.6,12.4,40.2,18.1,47.1,0.0,0.0,0.0,0.0,0.0,0.0,0.0,0.0,(CONTRACTS OF 10 TROY OUNCES),N20,GOLD,PRECIOUS METALS,NATURAL RESOURCES,Combined,0,,,0,0,0,,,0,0
251216088691C,GOLD - COMMODITY EXCHANGE INC.,2025-12-16T00:00:00.000,2025 Report Week 50,GOLD,088691,CMX ,NYC,088 ,GOLD,761051,30471,73418,30817,249158,81720,153882,19752,65197,110724,26129,220292,693102,735666,67949,25385,761051,30471,73418,30817,249158,81720,153882,19752,65197,110724,26129,220292,693102,735666,67949,25385,0,0,0,0,0,0,0,0,0,0,0,0,0,0,0,0,77147,6676,1862,-2935,13465,13175,10126,633,9984,2273,2047,33183,72482,74349,4664,2798,100.0,4.0,9.6,4.0,32.7,10.7,20.2,2.6,8.6,14.5,3.4,28.9,91.1,96.7,8.9,3.3,100.0,4.0,9.6,4.0,32.7,10.7,20.2,2.6,8.6,14.5,3.4,28.9,91.1,96.7,8.9,3.3,100.0,0.0,0.0,0.0,0.0,0.0,0.0,0.0,0.0,0.0,0.0,0.0,0.0,0.0,0.0,0.0,365,18,28,32,122,47,85,334,227,365,18,28,32,122,47,85,334,227,0,0,0,0,0,0,0,0,0,0,0,0,0,0,17.0,24.7,26.6,41.2,8.2,19.5,14.3,29.0,17.0,24.7,26.6,41.2,8.2,19.5,14.3,29.0,0.0,0.0,0.0,0.0,0.0,0.0,0.0,0.0,(CONTRACTS OF 100 TROY OUNCES),N20,GOLD,PRECIOUS METALS,NATURAL RESOURCES,Combined,17,18,106,19,66,17,18,106,19,66
251209088691C,GOLD - COMMODITY EXCHANGE INC.,2025-12-09T00:00:00.000,2025 Report Week 49,GOLD,088691,CMX ,NYC,088 ,GOLD,683904,23795,71556,33752,235693,68545,143756,19119,55213,108450,24083,187108,620620,661317,63285,22587,683904,23795,71556,33752,235693,68545,143756,19119,55213,108450,24083,187108,620620,661317,63285,22587,0,0,0,0,0,0,0,0,0,0,0,0,0,0,0,0,19008,679,704,744,6763,2981,4602,-227,3703,962,1203,6040,19710,21167,-702,-2159,100.0,3.5,10.5,4.9,34.5,10.0,21.0,2.8,8.1,15.9,3.5,27.4,90.7,96.7,9.3,3.3,100.0,3.5,10.5,4.9,34.5,10.0,21.0,2.8,8.1,15.9,3.5,27.4,90.7,96.7,9.3,3.3,100.0,0.0,0.0,0.0,0.0,0.0,0.0,0.0,0.0,0.0,0.0,0.0,0.0,0.0,0.0,0.0,347,18,28,31,117,40,77,315,214,347,18,28,31,117,40,77,315,214,0,0,0,0,0,0,0,0,0,0,0,0,0,0,16.9,25.4,26.9,42.4,9.0,21.0,15.5,30.3,16.9,25.4,26.9,42.4,9.0,21.0,15.5,30.3,0.0,0.0,0.0,0.0,0.0,0.0,0.0,0.0,(CONTRACTS OF 100 TROY OUNCES),N20,GOLD,PRECIOUS METALS,NATURAL RESOURCES,Combined,16,18,104,15,61,16,18,104,15,61
251209088695C,MICRO GOLD - COMMODITY EXCHANGE INC.,2025-12-09T00:00:00.000,2025 Report Week 49,MICRO GOLD,088695,CMX ,NYC,088 ,GOLD,54051,0,0,2224,0,0,946,0,0,9773,27112,3307,16250,30419,37801,23632,54051,0,0,2224,0,0,946,0,0,9773,27112,3307,16250,30419,37801,23632,0,0,0,0,0,0,0,0,0,0,0,0,0,0,0,0,2879,0,0,122,0,0,484,0,0,2598,3210,-291,2913,2919,-34,-40,100.0,0.0,0.0,4.1,0.0,0.0,1.8,0.0,0.0,18.1,50.2,6.1,30.1,56.3,69.9,43.7,100.0,0.0,0.0,4.1,0.0,0.0,1.8,0.0,0.0,18.1,50.2,6.1,30.1,56.3,69.9,43.7,100.0,0.0,0.0,0.0,0.0,0.0,0.0,0.0,0.0,0.0,0.0,0.0,0.0,0.0,0.0,0.0,32,0,0,0,12,14,8,23,17,32,0,0,0,12,14,8,23,17,0,0,0,0,0,0,0,0,0,0,0,0,0,0,13.0,40.3,20.5,50.8,11.7,39.2,17.8,47.2,13.0,40.3,20.5,50.8,11.7,39.2,17.8,47.2,0.0,0.0,0.0,0.0,0.0,0.0,0.0,0.0,(CONTRACTS OF 10 TROY OUNCES),N20,GOLD,PRECIOUS METALS,NATURAL RESOURCES,Combined,0,,,0,0,0,,,0,0
251202088695C,MICRO GOLD - COMMODITY EXCHANGE INC.,2025-12-02T00:00:00.000,2025 Report Week 48,MICRO GOLD,088695,CMX ,NYC,088 ,GOLD,51171,0,0,2102,0,0,462,0,0,7175,23902,3598,13337,27500,37834,23671,51171,0,0,2102,0,0,462,0,0,7175,23902,3598,13337,27500,37834,23671,0,0,0,0,0,0,0,0,0,0,0,0,0,0,0,0,6426,0,0,-32,0,-199,8,0,0,1937,3585,-1309,405,2077,6021,4349,100.0,0.0,0.0,4.1,0.0,0.0,0.9,0.0,0.0,14.0,46.7,7.0,26.1,53.7,73.9,46.3,100.0,0.0,0.0,4.1,0.0,0.0,0.9,0.0,0.0,14.0,46.7,7.0,26.1,53.7,73.9,46.3,100.0,0.0,0.0,0.0,0.0,0.0,0.0,0.0,0.0,0.0,0.0,0.0,0.0,0.0,0.0,0.0,31,0,0,0,9,19,8,19,20,31,0,0,0,9,19,8,19,20,0,0,0,0,0,0,0,0,0,0,0,0,0,0,12.2,31.8,19.9,43.9,10.8,31.3,16.7,41.0,12.2,31.8,19.9,43.9,10.8,31.3,16.7,41.0,0.0,0.0,0.0,0.0,0.0,0.0,0.0,0.0,(CONTRACTS OF 10 TROY OUNCES),N20,GOLD,PRECIOUS METALS,NATURAL RESOURCES,Combined,0,,,0,0,0,,,0,0
251202088691C,GOLD - COMMODITY EXCHANGE INC.,2025-12-02T00:00:00.000,2025 Report Week 48,GOLD,088691,CMX ,NYC,088 ,GOLD,664896,23116,70852,33008,228929,65564,139154,19346,51510,107488,22880,181069,600910,640150,63986,24746,664896,23116,70852,33008,228929,65564,139154,19346,51510,107488,22880,181069,600910,640150,63986,24746,0,0,0,0,0,0,0,0,0,0,0,0,0,0,0,0,-4559,1257,3184,-5262,6824,-16408,3790,-8042,2259,3536,2547,3536,-7291,-6100,2732,1541,100.0,3.5,10.7,5.0,34.4,9.9,20.9,2.9,7.7,16.2,3.4,27.2,90.4,96.3,9.6,3.7,100.0,3.5,10.7,5.0,34.4,9.9,20.9,2.9,7.7,16.2,3.4,27.2,90.4,96.3,9.6,3.7,100.0,0.0,0.0,0.0,0.0,0.0,0.0,0.0,0.0,0.0,0.0,0.0,0.0,0.0,0.0,0.0,336,17,26,33,112,40,73,303,214,336,17,26,33,112,40,73,303,214,0,0,0,0,0,0,0,0,0,0,0,0,0,0,17.6,26.1,27.6,43.2,9.3,21.2,15.8,30.6,17.6,26.1,27.6,43.2,9.3,21.2,15.8,30.6,0.0,0.0,0.0,0.0,0.0,0.0,0.0,0.0,(CONTRACTS OF 100 TROY OUNCES),N20,GOLD,PRECIOUS METALS,NATURAL RESOURCES,Combined,15,16,100,18,63,15,16,100,18,63
251125088691C,GOLD - COMMODITY EXCHANGE INC.,2025-11-25T00:00:00.000,2025 Report Week 47,GOLD,088691,CMX ,NYC,088 ,GOLD,669455,21859,67668,38271,222105,81972,135364,27388,49252,103952,20333,177532,608201,646250,61255,23205,669455,21859,67668,38271,222105,81972,135364,27388,49252,103952,20333,177532,608201,646250,61255,23205,0,0,0,0,0,0,0,0,0,0,0,0,0,0,0,0,-177324,-13194,-16175,-3714,12216,-44975,9018,-2273,-12241,-4090,-3896,-105264,-174459,-172608,-2864,-4716,100.0,3.3,10.1,5.7,33.2,12.2,20.2,4.1,7.4,15.5,3.0,26.5,90.8,96.5,9.1,3.5,100.0,3.3,10.1,5.7,33.2,12.2,20.2,4.1,7.4,15.5,3.0,26.5,90.8,96.5,9.1,3.5,100.0,0.0,0.0,0.0,0.0,0.0,0.0,0.0,0.0,0.0,0.0,0.0,0.0,0.0,0.0,0.0,327,18,26,32,107,37,68,294,205,327,18,26,32,107,37,68,294,205,0,0,0,0,0,0,0,0,0,0,0,0,0,0,17.0,25.5,26.9,41.5,9.4,20.2,15.6,29.6,17.0,25.5,26.9,41.5,9.4,20.2,15.6,29.6,0.0,0.0,0.0,0.0,0.0,0.0,0.0,0.0,(CONTRACTS OF 100 TROY OUNCES),N20,GOLD,PRECIOUS METALS,NATURAL RESOURCES,Combined,15,15,99,17,61,15,15,99,17,61
251125088695C,MICRO GOLD - COMMODITY EXCHANGE INC.,2025-11-25T00:00:00.000,2025 Report Week 47,MICRO GOLD,088695,CMX ,NYC,088 ,GOLD,44745,0,0,2134,0,199,454,0,0,5238,20317,4907,12932,25423,31813,19322,44745,0,0,2134,0,199,454,0,0,5238,20317,4907,12932,25423,31813,19322,0,0,0,0,0,0,0,0,0,0,0,0,0,0,0,0,-39553,0,0,105,0,199,5,0,0,-20889,-46924,1134,-19446,-45591,-20107,6038,100.0,0.0,0.0,4.8,0.0,0.4,1.0,0.0,0.0,11.7,45.4,11.0,28.9,56.8,71.1,43.2,100.0,0.0,0.0,4.8,0.0,0.4,1.0,0.0,0.0,11.7,45.4,11.0,28.9,56.8,71.1,43.2,100.0,0.0,0.0,0.0,0.0,0.0,0.0,0.0,0.0,0.0,0.0,0.0,0.0,0.0,0.0,0.0,31,0,0,,9,16,10,21,21,31,0,0,,9,16,10,21,21,0,0,0,0,0,0,0,0,0,0,0,0,0,0,13.3,25.6,20.8,41.6,10.8,24.2,15.6,37.2,13.3,25.6,20.8,41.6,10.8,24.2,15.6,37.2,0.0,0.0,0.0,0.0,0.0,0.0,0.0,0.0,(CONTRACTS OF 10 TROY OUNCES),N20,GOLD,PRECIOUS METALS,NATURAL RESOURCES,Combined,0,,,0,0,0,,,0,0
251118088691C,GOLD - COMMODITY EXCHANGE INC.,2025-11-18T00:00:00.000,2025 Report Week 46,GOLD,088691,CMX ,NYC,088 ,GOLD,846779,35053,83844,41985,209889,126947,126346,29661,61493,108042,24229,282796,782660,818858,64119,27921,846779,35053,83844,41985,209889,126947,126346,29661,61493,108042,24229,282796,782660,818858,64119,27921,0,0,0,0,0,0,0,0,0,0,0,0,0,0,0,0,9610,-296,-391,1997,-1753,11032,-5300,1845,454,6146,823,-2094,11939,9916,-2329,-306,100.0,4.1,9.9,5.0,24.8,15.0,14.9,3.5,7.3,12.8,2.9,33.4,92.4,96.7,7.6,3.3,100.0,4.1,9.9,5.0,24.8,15.0,14.9,3.5,7.3,12.8,2.9,33.4,92.4,96.7,7.6,3.3,100.0,0.0,0.0,0.0,0.0,0.0,0.0,0.0,0.0,0.0,0.0,0.0,0.0,0.0,0.0,0.0,361,24,23,36,134,40,99,334,243,361,24,23,36,134,40,99,334,243,0,0,0,0,0,0,0,0,0,0,0,0,0,0,18.3,23.9,28.6,38.5,7.4,15.2,11.8,22.5,18.3,23.9,28.6,38.5,7.4,15.2,11.8,22.5,0.0,0.0,0.0,0.0,0.0,0.0,0.0,0.0,(CONTRACTS OF 100 TROY OUNCES),N20,GOLD,PRECIOUS METALS,NATURAL RESOURCES,Combined,20,21,95,16,65,20,21,95,16,65
251118088695C,MICRO GOLD - COMMODITY EXCHANGE INC.,2025-11-18T00:00:00.000,2025 Report Week 46,MICRO GOLD,088695,CMX ,NYC,088 ,GOLD,84298,0,0,2029,0,0,449,0,0,26127,67241,3773,32378,71014,51920,13284,84298,0,0,2029,0,0,449,0,0,26127,67241,3773,32378,71014,51920,13284,0,0,0,0,0,0,0,0,0,0,0,0,0,0,0,0,3354,0,0,1029,0,0,-272,0,-3,957,4344,1506,3217,5847,137,-2493,100.0,0.0,0.0,2.4,0.0,0.0,0.5,0.0,0.0,31.0,79.8,4.5,38.4,84.2,61.6,15.8,100.0,0.0,0.0,2.4,0.0,0.0,0.5,0.0,0.0,31.0,79.8,4.5,38.4,84.2,61.6,15.8,100.0,0.0,0.0,0.0,0.0,0.0,0.0,0.0,0.0,0.0,0.0,0.0,0.0,0.0,0.0,0.0,35,0,0,0,15,16,13,26,22,35,0,0,0,15,16,13,26,22,0,0,0,0,0,0,0,0,0,0,0,0,0,0,25.8,71.0,31.3,78.0,24.7,69.6,29.9,76.1,25.8,71.0,31.3,78.0,24.7,69.6,29.9,76.1,0.0,0.0,0.0,0.0,0.0,0.0,0.0,0.0,(CONTRACTS OF 10 TROY OUNCES),N20,GOLD,PRECIOUS METALS,NATURAL RESOURCES,Combined,0,,,0,0,0,,,0,0
251110088695C,MICRO GOLD - COMMODITY EXCHANGE INC.,2025-11-10T00:00:00.000,2025 Report Week 45,MICRO GOLD,088695,CMX ,NYC,088 ,GOLD,80944,0,0,1000,0,0,721,0,3,25170,62897,2267,29161,65167,51783,15777,80944,0,0,1000,0,0,721,0,3,25170,62897,2267,29161,65167,51783,15777,0,0,0,0,0,0,0,0,0,0,0,0,0,0,0,0,4310,0,0,-7,0,0,273,0,3,3241,344,83,3593,430,717,3880,100.0,0.0,0.0,1.2,0.0,0.0,0.9,0.0,0.0,31.1,77.7,2.8,36.0,80.5,64.0,19.5,100.0,0.0,0.0,1.2,0.0,0.0,0.9,0.0,0.0,31.1,77.7,2.8,36.0,80.5,64.0,19.5,100.0,0.0,0.0,0.0,0.0,0.0,0.0,0.0,0.0,0.0,0.0,0.0,0.0,0.0,0.0,0.0,33,0,0,0,17,13,8,25,17,33,0,0,0,17,13,8,25,17,0,0,0,0,0,0,0,0,0,0,0,0,0,0,20.6,66.9,26.6,75.5,19.5,66.4,25.1,75.0,20.6,66.9,26.6,75.5,19.5,66.4,25.1,75.0,0.0,0.0,0.0,0.0,0.0,0.0,0.0,0.0,(CONTRACTS OF 10 TROY OUNCES),N20,GOLD,PRECIOUS METALS,NATURAL RESOURCES,Combined,0,,,0,,0,,,0,
251110088691C,GOLD - COMMODITY EXCHANGE INC.,2025-11-10T00:00:00.000,2025 Report Week 45,GOLD,088691,CMX ,NYC,088 ,GOLD,837169,35349,84235,39988,211642,115914,131646,27816,61039,101895,23406,284890,770721,808942,66448,28227,837169,35349,84235,39988,211642,115914,131646,27816,61039,101895,23406,284890,770721,808942,66448,28227,0,0,0,0,0,0,0,0,0,0,0,0,0,0,0,0,44185,2230,769,-4315,4036,8463,2074,-200,-813,1993,952,31053,40683,44259,3502,-74,100.0,4.2,10.1,4.8,25.3,13.8,15.7,3.3,7.3,12.2,2.8,34.0,92.1,96.6,7.9,3.4,100.0,4.2,10.1,4.8,25.3,13.8,15.7,3.3,7.3,12.2,2.8,34.0,92.1,96.6,7.9,3.4,100.0,0.0,0.0,0.0,0.0,0.0,0.0,0.0,0.0,0.0,0.0,0.0,0.0,0.0,0.0,0.0,357,21,25,38,122,50,92,325,237,357,21,25,38,122,50,92,325,237,0,0,0,0,0,0,0,0,0,0,0,0,0,0,18.2,24.2,28.4,38.7,7.5,15.4,12.0,22.7,18.2,24.2,28.4,38.7,7.5,15.4,12.0,22.7,0.0,0.0,0.0,0.0,0.0,0.0,0.0,0.0,(CONTRACTS OF 100 TROY OUNCES),N20,GOLD,PRECIOUS METALS,NATURAL RESOURCES,Combined,17,22,92,17,62,17,22,92,17,62
251104088695C,MICRO GOLD - COMMODITY EXCHANGE INC.,2025-11-04T00:00:00.000,2025 Report Week 44,MICRO GOLD,088695,CMX ,NYC,088 ,GOLD,76634,0,0,1007,0,0,448,0,0,21929,62553,2184,25568,64737,51066,11897,76634,0,0,1007,0,0,448,0,0,21929,62553,2184,25568,64737,51066,11897,0,0,0,0,0,0,0,0,0,0,0,0,0,0,0,0,2101,0,0,-107,0,0,5,0,0,746,2536,303,947,2839,1154,-738,100.0,0.0,0.0,1.3,0.0,0.0,0.6,0.0,0.0,28.6,81.6,2.8,33.4,84.5,66.6,15.5,100.0,0.0,0.0,1.3,0.0,0.0,0.6,0.0,0.0,28.6,81.6,2.8,33.4,84.5,66.6,15.5,100.0,0.0,0.0,0.0,0.0,0.0,0.0,0.0,0.0,0.0,0.0,0.0,0.0,0.0,0.0,0.0,32,0,0,0,17,13,7,23,16,32,0,0,0,17,13,7,23,16,0,0,0,0,0,0,0,0,0,0,0,0,0,0,20.8,70.0,25.6,79.2,19.6,69.4,24.3,78.7,20.8,70.0,25.6,79.2,19.6,69.4,24.3,78.7,0.0,0.0,0.0,0.0,0.0,0.0,0.0,0.0,(CONTRACTS OF 10 TROY OUNCES),N20,GOLD,PRECIOUS METALS,NATURAL RESOURCES,Combined,0,,,0,0,0,,,0,0
251104088691C,GOLD - COMMODITY EXCHANGE INC.,2025-11-04T00:00:00.000,2025 Report Week 44,GOLD,088691,CMX ,NYC,088 ,GOLD,792984,33119,83466,44303,207606,107452,129572,28016,61852,99903,22454,253838,730038,764683,62946,28301,792984,33119,83466,44303,207606,107452,129572,28016,61852,99903,22454,253838,730038,764683,62946,28301,0,0,0,0,0,0,0,0,0,0,0,0,0,0,0,0,-15444,-3089,-1760,-1173,-5603,4199,-6565,-2486,-5202,-2218,-2425,-833,-14882,-14110,-562,-1334,100.0,4.2,10.5,5.6,26.2,13.6,16.3,3.5,7.8,12.6,2.8,32.0,92.1,96.4,7.9,3.6,100.0,4.2,10.5,5.6,26.2,13.6,16.3,3.5,7.8,12.6,2.8,32.0,92.1,96.4,7.9,3.6,100.0,0.0,0.0,0.0,0.0,0.0,0.0,0.0,0.0,0.0,0.0,0.0,0.0,0.0,0.0,0.0,352,21,23,37,117,51,90,323,233,352,21,23,37,117,51,90,323,233,0,0,0,0,0,0,0,0,0,0,0,0,0,0,17.6,24.4,27.9,39.0,8.3,16.0,13.1,23.7,17.6,24.4,27.9,39.0,8.3,16.0,13.1,23.7,0.0,0.0,0.0,0.0,0.0,0.0,0.0,0.0,(CONTRACTS OF 100 TROY OUNCES),N20,GOLD,PRECIOUS METALS,NATURAL RESOURCES,Combined,18,23,91,19,63,18,23,91,19,63
251028088691C,GOLD - COMMODITY EXCHANGE INC.,2025-10-28T00:00:00.000,2025 Report Week 43,GOLD,088691,CMX ,NYC,088 ,GOLD,808428,36208,85226,45476,213208,103253,136137,30502,67054,102121,24879,254671,744920,778793,63508,29635,808428,36208,85226,45476,213208,103253,136137,30502,67054,102121,24879,254671,744920,778793,63508,29635,0,0,0,0,0,0,0,0,0,0,0,0,0,0,0,0,-117669,-7326,-6566,-3363,12283,-27318,9106,-4395,-18138,584,-2591,-66461,-112916,-113186,-4753,-4484,100.0,4.5,10.5,5.6,26.4,12.8,16.8,3.8,8.3,12.6,3.1,31.5,92.1,96.3,7.9,3.7,100.0,4.5,10.5,5.6,26.4,12.8,16.8,3.8,8.3,12.6,3.1,31.5,92.1,96.3,7.9,3.7,100.0,0.0,0.0,0.0,0.0,0.0,0.0,0.0,0.0,0.0,0.0,0.0,0.0,0.0,0.0,0.0,364,21,26,36,122,47,87,332,240,364,21,26,36,122,47,87,332,240,0,0,0,0,0,0,0,0,0,0,0,0,0,0,17.6,24.2,27.7,38.8,8.2,16.0,13.1,23.7,17.6,24.2,27.7,38.8,8.2,16.0,13.1,23.7,0.0,0.0,0.0,0.0,0.0,0.0,0.0,0.0,(CONTRACTS OF 100 TROY OUNCES),N20,GOLD,PRECIOUS METALS,NATURAL RESOURCES,Combined,18,20,99,21,72,18,20,99,21,72
251028088695C,MICRO GOLD - COMMODITY EXCHANGE INC.,2025-10-28T00:00:00.000,2025 Report Week 43,MICRO GOLD,088695,CMX ,NYC,088 ,GOLD,74533,0,0,1114,0,0,443,0,0,21183,60017,1881,24621,61898,49912,12635,74533,0,0,1114,0,0,443,0,0,21183,60017,1881,24621,61898,49912,12635,0,0,0,0,0,0,0,0,0,0,0,0,0,0,0,0,8814,0,0,199,-484,0,233,0,0,10149,12598,-776,9805,11338,-991,-2524,100.0,0.0,0.0,1.5,0.0,0.0,0.6,0.0,0.0,28.4,80.5,2.5,33.0,83.0,67.0,17.0,100.0,0.0,0.0,1.5,0.0,0.0,0.6,0.0,0.0,28.4,80.5,2.5,33.0,83.0,67.0,17.0,100.0,0.0,0.0,0.0,0.0,0.0,0.0,0.0,0.0,0.0,0.0,0.0,0.0,0.0,0.0,0.0,33,0,0,0,17,14,8,25,16,33,0,0,0,17,14,8,25,16,0,0,0,0,0,0,0,0,0,0,0,0,0,0,17.4,66.8,24.0,76.9,17.3,66.2,23.3,76.1,17.4,66.8,24.0,76.9,17.3,66.2,23.3,76.1,0.0,0.0,0.0,0.0,0.0,0.0,0.0,0.0,(CONTRACTS OF 10 TROY OUNCES),N20,GOLD,PRECIOUS METALS,NATURAL RESOURCES,Combined,0,,,0,0,0,,,0,0
251021088695C,MICRO GOLD - COMMODITY EXCHANGE INC.,2025-10-21T00:00:00.000,2025 Report Week 42,MICRO GOLD,088695,CMX ,NYC,088 ,GOLD,65719,0,0,915,484,0,210,0,0,11034,47419,2657,14816,50560,50903,15159,65719,0,0,915,484,0,210,0,0,11034,47419,2657,14816,50560,50903,15159,0,0,0,0,0,0,0,0,0,0,0,0,0,0,0,0,3216,-397,-84,149,484,0,-438,0,0,-5057,11164,-411,-6154,11153,9370,-7937,100.0,0.0,0.0,1.4,0.7,0.0,0.3,0.0,0.0,16.8,72.2,4.0,22.5,76.9,77.5,23.1,100.0,0.0,0.0,1.4,0.7,0.0,0.3,0.0,0.0,16.8,72.2,4.0,22.5,76.9,77.5,23.1,100.0,0.0,0.0,0.0,0.0,0.0,0.0,0.0,0.0,0.0,0.0,0.0,0.0,0.0,0.0,0.0,35,0,,0,15,17,8,24,19,35,0,,0,15,17,8,24,19,0,0,0,0,0,0,0,0,0,0,0,0,0,0,8.9,56.4,14.9,68.1,8.7,55.7,14.2,65.9,8.9,56.4,14.9,68.1,8.7,55.7,14.2,65.9,0.0,0.0,0.0,0.0,0.0,0.0,0.0,0.0,(CONTRACTS OF 10 TROY OUNCES),N20,GOLD,PRECIOUS METALS,NATURAL RESOURCES,Combined,0,,,0,0,0,,,0,0
251021088691C,GOLD - COMMODITY EXCHANGE INC.,2025-10-21T00:00:00.000,2025 Report Week 42,GOLD,088691,CMX ,NYC,088 ,GOLD,926098,43534,91792,48839,200925,130571,127031,34897,85192,101537,27470,321132,857836,891979,68262,34119,926098,43534,91792,48839,200925,130571,127031,34897,85192,101537,27470,321132,857836,891979,68262,34119,0,0,0,0,0,0,0,0,0,0,0,0,0,0,0,0,10644,-20,-3645,5464,-20740,17384,-20290,-2848,1687,-12263,1824,21067,13028,14729,-2384,-4085,100.0,4.7,9.9,5.3,21.7,14.1,13.7,3.8,9.2,11.0,3.0,34.7,92.6,96.3,7.4,3.7,100.0,4.7,9.9,5.3,21.7,14.1,13.7,3.8,9.2,11.0,3.0,34.7,92.6,96.3,7.4,3.7,100.0,0.0,0.0,0.0,0.0,0.0,0.0,0.0,0.0,0.0,0.0,0.0,0.0,0.0,0.0,0.0,388,24,23,35,136,56,110,353,270,388,24,23,35,136,56,110,353,270,0,0,0,0,0,0,0,0,0,0,0,0,0,0,19.4,24.4,30.0,38.3,6.8,13.8,11.1,20.5,19.4,24.4,30.0,38.3,6.8,13.8,11.1,20.5,0.0,0.0,0.0,0.0,0.0,0.0,0.0,0.0,(CONTRACTS OF 100 TROY OUNCES),N20,GOLD,PRECIOUS METALS,NATURAL RESOURCES,Combined,21,22,95,24,74,21,22,95,24,74
251014088695C,MICRO GOLD - COMMODITY EXCHANGE INC.,2025-10-14T00:00:00.000,2025 Report Week 41,MICRO GOLD,088695,CMX ,NYC,088 ,GOLD,62503,397,84,766,0,0,648,0,0,16091,36255,3068,20970,39407,41533,23096,62503,397,84,766,0,0,648,0,0,16091,36255,3068,20970,39407,41533,23096,0,0,0,0,0,0,0,0,0,0,0,0,0,0,0,0,6743,397,84,258,0,0,-957,0,0,-966,14586,314,-954,14984,7697,-8241,100.0,0.6,0.1,1.2,0.0,0.0,1.0,0.0,0.0,25.7,58.0,4.9,33.6,63.0,66.4,37.0,100.0,0.6,0.1,1.2,0.0,0.0,1.0,0.0,0.0,25.7,58.0,4.9,33.6,63.0,66.4,37.0,100.0,0.0,0.0,0.0,0.0,0.0,0.0,0.0,0.0,0.0,0.0,0.0,0.0,0.0,0.0,0.0,36,,0,0,17,15,9,28,18,36,,0,0,17,15,9,28,18,0,0,0,0,0,0,0,0,0,0,0,0,0,0,14.8,49.9,20.9,58.3,14.5,48.2,19.8,54.6,14.8,49.9,20.9,58.3,14.5,48.2,19.8,54.6,0.0,0.0,0.0,0.0,0.0,0.0,0.0,0.0,(CONTRACTS OF 10 TROY OUNCES),N20,GOLD,PRECIOUS METALS,NATURAL RESOURCES,Combined,,,,0,0,,,,0,0
251014088691C,GOLD - COMMODITY EXCHANGE INC.,2025-10-14T00:00:00.000,2025 Report Week 41,GOLD,088691,CMX ,NYC,088 ,GOLD,915454,43554,95437,43375,221665,113187,147322,37745,83506,113800,25646,300064,844809,877250,70645,38204,915454,43554,95437,43375,221665,113187,147322,37745,83506,113800,25646,300064,844809,877250,70645,38204,0,0,0,0,0,0,0,0,0,0,0,0,0,0,0,0,66278,6016,1892,5217,-18298,16616,-22561,1789,9937,-3743,-623,51357,62838,62671,3440,3607,100.0,4.8,10.4,4.7,24.2,12.4,16.1,4.1,9.1,12.4,2.8,32.8,92.3,95.8,7.7,4.2,100.0,4.8,10.4,4.7,24.2,12.4,16.1,4.1,9.1,12.4,2.8,32.8,92.3,95.8,7.7,4.2,100.0,0.0,0.0,0.0,0.0,0.0,0.0,0.0,0.0,0.0,0.0,0.0,0.0,0.0,0.0,0.0,382,21,24,34,122,58,102,346,260,382,21,24,34,122,58,102,346,260,0,0,0,0,0,0,0,0,0,0,0,0,0,0,18.7,24.3,29.0,37.9,6.9,14.8,11.7,22.6,18.7,24.3,29.0,37.9,6.9,14.8,11.7,22.6,0.0,0.0,0.0,0.0,0.0,0.0,0.0,0.0,(CONTRACTS OF 100 TROY OUNCES),N20,GOLD,PRECIOUS METALS,NATURAL RESOURCES,Combined,19,19,105,25,74,19,19,105,25,74
251007088695C,MICRO GOLD - COMMODITY EXCHANGE INC.,2025-10-07T00:00:00.000,2025 Report Week 40,MICRO GOLD,088695,CMX ,NYC,088 ,GOLD,55760,0,0,508,0,0,1605,0,0,17057,21669,2754,21924,24423,33836,31337,55760,0,0,508,0,0,1605,0,0,17057,21669,2754,21924,24423,33836,31337,0,0,0,0,0,0,0,0,0,0,0,0,0,0,0,0,592,0,0,189,0,0,468,0,0,-129,1170,-377,151,793,441,-201,100.0,0.0,0.0,0.9,0.0,0.0,2.9,0.0,0.0,30.6,38.9,4.9,39.3,43.8,60.7,56.2,100.0,0.0,0.0,0.9,0.0,0.0,2.9,0.0,0.0,30.6,38.9,4.9,39.3,43.8,60.7,56.2,100.0,0.0,0.0,0.0,0.0,0.0,0.0,0.0,0.0,0.0,0.0,0.0,0.0,0.0,0.0,0.0,37,0,0,0,20,13,8,30,15,37,0,0,0,20,13,8,30,15,0,0,0,0,0,0,0,0,0,0,0,0,0,0,16.7,30.1,24.4,39.9,16.2,28.7,23.0,36.2,16.7,30.1,24.4,39.9,16.2,28.7,23.0,36.2,0.0,0.0,0.0,0.0,0.0,0.0,0.0,0.0,(CONTRACTS OF 10 TROY OUNCES),N20,GOLD,PRECIOUS METALS,NATURAL RESOURCES,Combined,0,,,0,0,0,,,0,0
251007088691C,GOLD - COMMODITY EXCHANGE INC.,2025-10-07T00:00:00.000,2025 Report Week 40,GOLD,088691,CMX ,NYC,088 ,GOLD,849176,37539,93545,38158,239963,96571,169883,35956,73569,117544,26269,248707,781970,814579,67205,34597,849176,37539,93545,38158,239963,96571,169883,35956,73569,117544,26269,248707,781970,814579,67205,34597,0,0,0,0,0,0,0,0,0,0,0,0,0,0,0,0,27441,3857,2460,2945,-21230,14056,-14912,472,1559,-7091,403,26654,27068,24374,374,3067,100.0,4.4,11.0,4.5,28.3,11.4,20.0,4.2,8.7,13.8,3.1,29.3,92.1,95.9,7.9,4.1,100.0,4.4,11.0,4.5,28.3,11.4,20.0,4.2,8.7,13.8,3.1,29.3,92.1,95.9,7.9,4.1,100.0,0.0,0.0,0.0,0.0,0.0,0.0,0.0,0.0,0.0,0.0,0.0,0.0,0.0,0.0,0.0,394,21,26,36,109,70,97,350,261,394,21,26,36,109,70,97,350,261,0,0,0,0,0,0,0,0,0,0,0,0,0,0,17.1,24.1,26.9,38.6,8.3,17.2,13.6,25.7,17.1,24.1,26.9,38.6,8.3,17.2,13.6,25.7,0.0,0.0,0.0,0.0,0.0,0.0,0.0,0.0,(CONTRACTS OF 100 TROY OUNCES),N20,GOLD,PRECIOUS METALS,NATURAL RESOURCES,Combined,19,20,119,20,70,19,20,119,20,70
250930088691C,GOLD - COMMODITY EXCHANGE INC.,2025-09-30T00:00:00.000,2025 Report Week 39,GOLD,088691,CMX ,NYC,088 ,GOLD,821734,33682,91085,35213,261193,82515,184795,35484,72011,124635,25865,222053,754902,790205,66832,31529,821734,33682,91085,35213,261193,82515,184795,35484,72011,124635,25865,222053,754902,790205,66832,31529,0,0,0,0,0,0,0,0,0,0,0,0,0,0,0,0,-76713,-4984,-4423,-6815,-15053,-15340,-7555,1750,-17081,-2788,-913,-20248,-74811,-71309,-1902,-5404,100.0,4.1,11.1,4.3,31.8,10.0,22.5,4.3,8.8,15.2,3.1,27.0,91.9,96.2,8.1,3.8,100.0,4.1,11.1,4.3,31.8,10.0,22.5,4.3,8.8,15.2,3.1,27.0,91.9,96.2,8.1,3.8,100.0,0.0,0.0,0.0,0.0,0.0,0.0,0.0,0.0,0.0,0.0,0.0,0.0,0.0,0.0,0.0,389,24,26,37,111,62,91,348,257,389,24,26,37,111,62,91,348,257,0,0,0,0,0,0,0,0,0,0,0,0,0,0,16.6,25.0,26.8,39.8,9.7,18.5,15.5,28.6,16.6,25.0,26.8,39.8,9.7,18.5,15.5,28.6,0.0,0.0,0.0,0.0,0.0,0.0,0.0,0.0,(CONTRACTS OF 100 TROY OUNCES),N20,GOLD,PRECIOUS METALS,NATURAL RESOURCES,Combined,20,19,121,19,71,20,19,121,19,71
250930088695C,MICRO GOLD - COMMODITY EXCHANGE INC.,2025-09-30T00:00:00.000,2025 Report Week 39,MICRO GOLD,088695,CMX ,NYC,088 ,GOLD,55168,0,0,319,0,0,1137,0,0,17186,20499,3131,21773,23630,33395,31538,55168,0,0,319,0,0,1137,0,0,17186,20499,3131,21773,23630,33395,31538,0,0,0,0,0,0,0,0,0,0,0,0,0,0,0,0,-4067,0,0,319,0,0,-320,0,0,-660,5444,-4292,-4953,1152,886,-5219,100.0,0.0,0.0,0.6,0.0,0.0,2.1,0.0,0.0,31.2,37.2,5.7,39.5,42.8,60.5,57.2,100.0,0.0,0.0,0.6,0.0,0.0,2.1,0.0,0.0,31.2,37.2,5.7,39.5,42.8,60.5,57.2,100.0,0.0,0.0,0.0,0.0,0.0,0.0,0.0,0.0,0.0,0.0,0.0,0.0,0.0,0.0,0.0,39,0,0,0,19,16,9,28,20,39,0,0,0,19,16,9,28,20,0,0,0,0,0,0,0,0,0,0,0,0,0,0,16.4,26.2,24.6,35.7,15.4,25.2,22.7,32.3,16.4,26.2,24.6,35.7,15.4,25.2,22.7,32.3,0.0,0.0,0.0,0.0,0.0,0.0,0.0,0.0,(CONTRACTS OF 10 TROY OUNCES),N20,GOLD,PRECIOUS METALS,NATURAL RESOURCES,Combined,0,,,0,0,0,,,0,0
250923088691C,GOLD - COMMODITY EXCHANGE INC.,2025-09-23T00:00:00.000,2025 Report Week 38,GOLD,088691,CMX ,NYC,088 ,GOLD,898447,38666,95508,42028,276247,97855,192350,33734,89092,127422,26778,242301,829713,861514,68734,36933,898447,38666,95508,42028,276247,97855,192350,33734,89092,127422,26778,242301,829713,861514,68734,36933,0,0,0,0,0,0,0,0,0,0,0,0,0,0,0,0,62626,2590,2350,384,-588,9703,-890,978,11360,7690,2640,33592,64428,60035,-1802,2591,100.0,4.3,10.6,4.7,30.7,10.9,21.4,3.8,9.9,14.2,3.0,27.0,92.3,95.9,7.7,4.1,100.0,4.3,10.6,4.7,30.7,10.9,21.4,3.8,9.9,14.2,3.0,27.0,92.3,95.9,7.7,4.1,100.0,0.0,0.0,0.0,0.0,0.0,0.0,0.0,0.0,0.0,0.0,0.0,0.0,0.0,0.0,0.0,399,24,26,39,110,64,92,356,268,399,24,26,39,110,64,92,356,268,0,0,0,0,0,0,0,0,0,0,0,0,0,0,16.3,23.4,26.2,38.1,9.0,16.3,14.2,26.6,16.3,23.4,26.2,38.1,9.0,16.3,14.2,26.6,0.0,0.0,0.0,0.0,0.0,0.0,0.0,0.0,(CONTRACTS OF 100 TROY OUNCES),N20,GOLD,PRECIOUS METALS,NATURAL RESOURCES,Combined,21,20,124,23,77,21,20,124,23,77
250923088695C,MICRO GOLD - COMMODITY EXCHANGE INC.,2025-09-23T00:00:00.000,2025 Report Week 38,MICRO GOLD,088695,CMX ,NYC,088 ,GOLD,59235,0,0,0,0,0,1457,0,0,17846,15055,7423,26726,22478,32509,36757,59235,0,0,0,0,0,1457,0,0,17846,15055,7423,26726,22478,32509,36757,0,0,0,0,0,0,0,0,0,0,0,0,0,0,0,0,3313,0,0,0,0,0,-405,0,-2,3026,770,817,3436,1585,-123,1728,100.0,0.0,0.0,0.0,0.0,0.0,2.5,0.0,0.0,30.1,25.4,12.5,45.1,37.9,54.9,62.1,100.0,0.0,0.0,0.0,0.0,0.0,2.5,0.0,0.0,30.1,25.4,12.5,45.1,37.9,54.9,62.1,100.0,0.0,0.0,0.0,0.0,0.0,0.0,0.0,0.0,0.0,0.0,0.0,0.0,0.0,0.0,0.0,35,0,0,0,17,15,11,26,20,35,0,0,0,17,15,11,26,20,0,0,0,0,0,0,0,0,0,0,0,0,0,0,21.0,20.9,31.9,30.0,15.8,16.8,22.5,21.7,21.0,20.9,31.9,30.0,15.8,16.8,22.5,21.7,0.0,0.0,0.0,0.0,0.0,0.0,0.0,0.0,(CONTRACTS OF 10 TROY OUNCES),N20,GOLD,PRECIOUS METALS,NATURAL RESOURCES,Combined,0,0,,0,0,0,0,,0,0
250916088691C,GOLD - COMMODITY EXCHANGE INC.,2025-09-16T00:00:00.000,2025 Report Week 37,GOLD,088691,CMX ,NYC,088 ,GOLD,835822,36076,93158,41644,276835,88152,193240,32757,77732,119733,24138,208708,765285,801479,70536,34343,835822,36076,93158,41644,276835,88152,193240,32757,77732,119733,24138,208708,765285,801479,70536,34343,0,0,0,0,0,0,0,0,0,0,0,0,0,0,0,0,18714,3972,3357,-1162,24828,6791,-6065,-132,5168,3099,-3562,4964,16766,41414,1948,-22700,100.0,4.3,11.1,5.0,33.1,10.5,23.1,3.9,9.3,14.3,2.9,25.0,91.6,95.9,8.4,4.1,100.0,4.3,11.1,5.0,33.1,10.5,23.1,3.9,9.3,14.3,2.9,25.0,91.6,95.9,8.4,4.1,100.0,0.0,0.0,0.0,0.0,0.0,0.0,0.0,0.0,0.0,0.0,0.0,0.0,0.0,0.0,0.0,387,25,25,38,111,61,96,350,261,387,25,25,38,111,61,96,350,261,0,0,0,0,0,0,0,0,0,0,0,0,0,0,16.4,24.1,25.9,39.3,9.5,17.5,14.9,28.6,16.4,24.1,25.9,39.3,9.5,17.5,14.9,28.6,0.0,0.0,0.0,0.0,0.0,0.0,0.0,0.0,(CONTRACTS OF 100 TROY OUNCES),N20,GOLD,PRECIOUS METALS,NATURAL RESOURCES,Combined,20,19,117,21,73,20,19,117,21,73
250916088695C,MICRO GOLD - COMMODITY EXCHANGE INC.,2025-09-16T00:00:00.000,2025 Report Week 37,MICRO GOLD,088695,CMX ,NYC,088 ,GOLD,55922,0,0,0,0,0,1862,0,2,14820,14285,6606,23290,20893,32632,35029,55922,0,0,0,0,0,1862,0,2,14820,14285,6606,23290,20893,32632,35029,0,0,0,0,0,0,0,0,0,0,0,0,0,0,0,0,-1560,0,0,0,0,0,-193,0,-7,-3685,-683,963,-2922,273,1362,-1833,100.0,0.0,0.0,0.0,0.0,0.0,3.3,0.0,0.0,26.5,25.5,11.8,41.6,37.4,58.4,62.6,100.0,0.0,0.0,0.0,0.0,0.0,3.3,0.0,0.0,26.5,25.5,11.8,41.6,37.4,58.4,62.6,100.0,0.0,0.0,0.0,0.0,0.0,0.0,0.0,0.0,0.0,0.0,0.0,0.0,0.0,0.0,0.0,36,0,0,0,18,14,9,27,19,36,0,0,0,18,14,9,27,19,0,0,0,0,0,0,0,0,0,0,0,0,0,0,15.3,20.4,26.5,29.5,12.2,17.1,20.4,22.2,15.3,20.4,26.5,29.5,12.2,17.1,20.4,22.2,0.0,0.0,0.0,0.0,0.0,0.0,0.0,0.0,(CONTRACTS OF 10 TROY OUNCES),N20,GOLD,PRECIOUS METALS,NATURAL RESOURCES,Combined,0,0,4,0,,0,0,4,0,
250909088695C,MICRO GOLD - COMMODITY EXCHANGE INC.,2025-09-09T00:00:00.000,2025 Report Week 36,MICRO GOLD,088695,CMX ,NYC,088 ,GOLD,57482,0,0,0,0,0,2055,0,9,18505,14968,5643,26212,20620,31270,36862,57482,0,0,0,0,0,2055,0,9,18505,14968,5643,26212,20620,31270,36862,0,0,0,0,0,0,0,0,0,0,0,0,0,0,0,0,-4428,0,0,0,0,0,-782,0,9,-5710,-325,-545,-7028,-861,2600,-3567,100.0,0.0,0.0,0.0,0.0,0.0,3.6,0.0,0.0,32.2,26.0,9.8,45.6,35.9,54.4,64.1,100.0,0.0,0.0,0.0,0.0,0.0,3.6,0.0,0.0,32.2,26.0,9.8,45.6,35.9,54.4,64.1,100.0,0.0,0.0,0.0,0.0,0.0,0.0,0.0,0.0,0.0,0.0,0.0,0.0,0.0,0.0,0.0,33,0,0,0,16,13,8,24,18,33,0,0,0,16,13,8,24,18,0,0,0,0,0,0,0,0,0,0,0,0,0,0,22.9,19.8,32.6,28.3,19.3,17.4,26.3,22.9,22.9,19.8,32.6,28.3,19.3,17.4,26.3,22.9,0.0,0.0,0.0,0.0,0.0,0.0,0.0,0.0,(CONTRACTS OF 10 TROY OUNCES),N20,GOLD,PRECIOUS METALS,NATURAL RESOURCES,Combined,0,0,4,0,,0,0,4,0,
250909088691C,GOLD - COMMODITY EXCHANGE INC.,2025-09-09T00:00:00.000,2025 Report Week 36,GOLD,088691,CMX ,NYC,088 ,GOLD,817108,32104,89800,42806,252008,81361,199305,32888,72564,116634,27700,203744,748519,760065,68589,57043,817108,32104,89800,42806,252008,81361,199305,32888,72564,116634,27700,203744,748519,760065,68589,57043,0,0,0,0,0,0,0,0,0,0,0,0,0,0,0,0,52326,3114,10206,-1476,-10557,9749,-2491,-46,6486,7473,-5893,26615,49469,36560,2857,15767,100.0,3.9,11.0,5.2,30.8,10.0,24.4,4.0,8.9,14.3,3.4,24.9,91.6,93.0,8.4,7.0,100.0,3.9,11.0,5.2,30.8,10.0,24.4,4.0,8.9,14.3,3.4,24.9,91.6,93.0,8.4,7.0,100.0,0.0,0.0,0.0,0.0,0.0,0.0,0.0,0.0,0.0,0.0,0.0,0.0,0.0,0.0,0.0,385,23,27,38,113,62,95,347,255,385,23,27,38,113,62,95,347,255,0,0,0,0,0,0,0,0,0,0,0,0,0,0,16.6,23.7,26.1,39.0,10.1,17.3,15.7,27.3,16.6,23.7,26.1,39.0,10.1,17.3,15.7,27.3,0.0,0.0,0.0,0.0,0.0,0.0,0.0,0.0,(CONTRACTS OF 100 TROY OUNCES),N20,GOLD,PRECIOUS METALS,NATURAL RESOURCES,Combined,18,18,117,20,69,18,18,117,20,69
250902088695C,MICRO GOLD - COMMODITY EXCHANGE INC.,2025-09-02T00:00:00.000,2025 Report Week 35,MICRO GOLD,088695,CMX ,NYC,088 ,GOLD,61910,0,0,0,0,0,2837,0,0,24215,15293,6188,33240,21481,28670,40429,61910,0,0,0,0,0,2837,0,0,24215,15293,6188,33240,21481,28670,40429,0,0,0,0,0,0,0,0,0,0,0,0,0,0,0,0,12630,0,0,0,0,0,1319,0,0,15669,-1376,-1698,15290,-3074,-2660,15704,100.0,0.0,0.0,0.0,0.0,0.0,4.6,0.0,0.0,39.1,24.7,10.0,53.7,34.7,46.3,65.3,100.0,0.0,0.0,0.0,0.0,0.0,4.6,0.0,0.0,39.1,24.7,10.0,53.7,34.7,46.3,65.3,100.0,0.0,0.0,0.0,0.0,0.0,0.0,0.0,0.0,0.0,0.0,0.0,0.0,0.0,0.0,0.0,34,0,0,0,12,17,9,22,21,34,0,0,0,12,17,9,22,21,0,0,0,0,0,0,0,0,0,0,0,0,0,0,34.3,18.1,43.6,27.1,30.9,16.1,37.8,20.6,34.3,18.1,43.6,27.1,30.9,16.1,37.8,20.6,0.0,0.0,0.0,0.0,0.0,0.0,0.0,0.0,(CONTRACTS OF 10 TROY OUNCES),N20,GOLD,PRECIOUS METALS,NATURAL RESOURCES,Combined,0,0,5,0,0,0,0,5,0,0
250902088691C,GOLD - COMMODITY EXCHANGE INC.,2025-09-02T00:00:00.000,2025 Report Week 35,GOLD,088691,CMX ,NYC,088 ,GOLD,764782,28990,79594,44281,262565,71613,201796,32934,66078,109162,33592,177130,699050,723506,65732,41276,764782,28990,79594,44281,262565,71613,201796,32934,66078,109162,33592,177130,699050,723506,65732,41276,0,0,0,0,0,0,0,0,0,0,0,0,0,0,0,0,131500,2179,14359,-790,8621,15206,20422,-318,18220,21593,7633,52102,128932,115822,2568,15678,100.0,3.8,10.4,5.8,34.3,9.4,26.4,4.3,8.6,14.3,4.4,23.2,91.4,94.6,8.6,5.4,100.0,3.8,10.4,5.8,34.3,9.4,26.4,4.3,8.6,14.3,4.4,23.2,91.4,94.6,8.6,5.4,100.0,0.0,0.0,0.0,0.0,0.0,0.0,0.0,0.0,0.0,0.0,0.0,0.0,0.0,0.0,0.0,394,25,31,41,104,65,87,348,268,394,25,31,41,104,65,87,348,268,0,0,0,0,0,0,0,0,0,0,0,0,0,0,16.5,23.7,25.9,39.0,11.1,17.8,16.4,28.9,16.5,23.7,25.9,39.0,11.1,17.8,16.4,28.9,0.0,0.0,0.0,0.0,0.0,0.0,0.0,0.0,(CONTRACTS OF 100 TROY OUNCES),N20,GOLD,PRECIOUS METALS,NATURAL RESOURCES,Combined,18,18,127,21,78,18,18,127,21,78
250826088695C,MICRO GOLD - COMMODITY EXCHANGE INC.,2025-08-26T00:00:00.000,2025 Report Week 34,MICRO GOLD,088695,CMX ,NYC,088 ,GOLD,49280,0,0,0,0,0,1518,0,0,8546,16669,7886,17950,24555,31330,24725,49280,0,0,0,0,0,1518,0,0,8546,16669,7886,17950,24555,31330,24725,0,0,0,0,0,0,0,0,0,0,0,0,0,0,0,0,-1980,0,0,0,0,0,-158,0,-5,-20,-6126,2692,2509,-3439,-4489,1459,100.0,0.0,0.0,0.0,0.0,0.0,3.1,0.0,0.0,17.3,33.8,16.0,36.4,49.8,63.6,50.2,100.0,0.0,0.0,0.0,0.0,0.0,3.1,0.0,0.0,17.3,33.8,16.0,36.4,49.8,63.6,50.2,100.0,0.0,0.0,0.0,0.0,0.0,0.0,0.0,0.0,0.0,0.0,0.0,0.0,0.0,0.0,0.0,30,0,0,0,9,18,12,21,21,30,0,0,0,9,18,12,21,21,0,0,0,0,0,0,0,0,0,0,0,0,0,0,19.9,25.4,27.2,38.3,12.5,21.1,18.4,28.7,19.9,25.4,27.2,38.3,12.5,21.1,18.4,28.7,0.0,0.0,0.0,0.0,0.0,0.0,0.0,0.0,(CONTRACTS OF 10 TROY OUNCES),N20,GOLD,PRECIOUS METALS,NATURAL RESOURCES,Combined,0,0,,0,0,0,0,,0,0
250826088691C,GOLD - COMMODITY EXCHANGE INC.,2025-08-26T00:00:00.000,2025 Report Week 34,GOLD,088691,CMX ,NYC,088 ,GOLD,633282,26811,65235,45071,253944,56407,181374,33252,47858,87568,25959,125028,570118,607683,63164,25598,633282,26811,65235,45071,253944,56407,181374,33252,47858,87568,25959,125028,570118,607683,63164,25598,0,0,0,0,0,0,0,0,0,0,0,0,0,0,0,0,-10723,-2608,2568,6008,6767,-4713,3813,-2551,1786,3174,1678,-18769,-11309,-13234,585,2511,100.0,4.2,10.3,7.1,40.1,8.9,28.6,5.3,7.6,13.8,4.1,19.7,90.0,96.0,10.0,4.0,100.0,4.2,10.3,7.1,40.1,8.9,28.6,5.3,7.6,13.8,4.1,19.7,90.0,96.0,10.0,4.0,100.0,0.0,0.0,0.0,0.0,0.0,0.0,0.0,0.0,0.0,0.0,0.0,0.0,0.0,0.0,0.0,350,17,27,40,91,50,71,317,228,350,17,27,40,91,50,71,317,228,0,0,0,0,0,0,0,0,0,0,0,0,0,0,17.1,24.8,27.4,42.2,13.4,20.9,19.8,33.6,17.1,24.8,27.4,42.2,13.4,20.9,19.8,33.6,0.0,0.0,0.0,0.0,0.0,0.0,0.0,0.0,(CONTRACTS OF 100 TROY OUNCES),N20,GOLD,PRECIOUS METALS,NATURAL RESOURCES,Combined,19,20,121,17,71,19,20,121,17,71
250819088691C,GOLD - COMMODITY EXCHANGE INC.,2025-08-19T00:00:00.000,2025 Report Week 33,GOLD,088691,CMX ,NYC,088 ,GOLD,644005,29419,62667,39063,247177,61120,177561,35803,46073,84394,24282,143797,581426,620918,62579,23087,644005,29419,62667,39063,247177,61120,177561,35803,46073,84394,24282,143797,581426,620918,62579,23087,0,0,0,0,0,0,0,0,0,0,0,0,0,0,0,0,-19449,-528,-185,4505,-10527,-1997,-10575,1893,-528,-5942,262,-6451,-21516,-17532,2067,-1917,100.0,4.6,9.7,6.1,38.4,9.5,27.6,5.6,7.2,13.1,3.8,22.3,90.3,96.4,9.7,3.6,100.0,4.6,9.7,6.1,38.4,9.5,27.6,5.6,7.2,13.1,3.8,22.3,90.3,96.4,9.7,3.6,100.0,0.0,0.0,0.0,0.0,0.0,0.0,0.0,0.0,0.0,0.0,0.0,0.0,0.0,0.0,0.0,356,18,24,37,105,47,78,321,241,356,18,24,37,105,47,78,321,241,0,0,0,0,0,0,0,0,0,0,0,0,0,0,18.3,25.6,29.0,43.0,13.4,20.8,20.3,32.9,18.3,25.6,29.0,43.0,13.4,20.8,20.3,32.9,0.0,0.0,0.0,0.0,0.0,0.0,0.0,0.0,(CONTRACTS OF 100 TROY OUNCES),N20,GOLD,PRECIOUS METALS,NATURAL RESOURCES,Combined,17,20,112,25,78,17,20,112,25,78
250819088695C,MICRO GOLD - COMMODITY EXCHANGE INC.,2025-08-19T00:00:00.000,2025 Report Week 33,MICRO GOLD,088695,CMX ,NYC,088 ,GOLD,51260,0,0,0,0,0,1676,0,5,8566,22795,5194,15441,27994,35819,23266,51260,0,0,0,0,0,1676,0,5,8566,22795,5194,15441,27994,35819,23266,0,0,0,0,0,0,0,0,0,0,0,0,0,0,0,0,6425,0,0,0,0,0,203,-207,-254,2241,7989,-690,1500,6838,4925,-413,100.0,0.0,0.0,0.0,0.0,0.0,3.3,0.0,0.0,16.7,44.5,10.1,30.1,54.6,69.9,45.4,100.0,0.0,0.0,0.0,0.0,0.0,3.3,0.0,0.0,16.7,44.5,10.1,30.1,54.6,69.9,45.4,100.0,0.0,0.0,0.0,0.0,0.0,0.0,0.0,0.0,0.0,0.0,0.0,0.0,0.0,0.0,0.0,32,0,0,0,13,15,11,26,18,32,0,0,0,13,15,11,26,18,0,0,0,0,0,0,0,0,0,0,0,0,0,0,11.9,34.4,19.8,48.1,10.0,32.1,15.5,40.9,11.9,34.4,19.8,48.1,10.0,32.1,15.5,40.9,0.0,0.0,0.0,0.0,0.0,0.0,0.0,0.0,(CONTRACTS OF 10 TROY OUNCES),N20,GOLD,PRECIOUS METALS,NATURAL RESOURCES,Combined,0,0,4,0,,0,0,4,0,
250812088691C,GOLD - COMMODITY EXCHANGE INC.,2025-08-12T00:00:00.000,2025 Report Week 32,GOLD,088691,CMX ,NYC,088 ,GOLD,663454,29947,62852,34558,257703,63117,188136,33910,46600,90336,24019,150248,602942,638449,60512,25005,663454,29947,62852,34558,257703,63117,188136,33910,46600,90336,24019,150248,602942,638449,60512,25005,0,0,0,0,0,0,0,0,0,0,0,0,0,0,0,0,-7286,-13056,-7419,800,-12476,667,-4838,2748,6551,-186,1902,1216,-8846,-6811,1561,-474,100.0,4.5,9.5,5.2,38.8,9.5,28.4,5.1,7.0,13.6,3.6,22.6,90.9,96.2,9.1,3.8,100.0,4.5,9.5,5.2,38.8,9.5,28.4,5.1,7.0,13.6,3.6,22.6,90.9,96.2,9.1,3.8,100.0,0.0,0.0,0.0,0.0,0.0,0.0,0.0,0.0,0.0,0.0,0.0,0.0,0.0,0.0,0.0,352,19,27,39,106,41,79,318,237,352,19,27,39,106,41,79,318,237,0,0,0,0,0,0,0,0,0,0,0,0,0,0,18.2,25.3,28.7,42.7,13.3,20.2,19.9,33.0,18.2,25.3,28.7,42.7,13.3,20.2,19.9,33.0,0.0,0.0,0.0,0.0,0.0,0.0,0.0,0.0,(CONTRACTS OF 100 TROY OUNCES),N20,GOLD,PRECIOUS METALS,NATURAL RESOURCES,Combined,16,19,114,20,73,16,19,114,20,73
250812088695C,MICRO GOLD - COMMODITY EXCHANGE INC.,2025-08-12T00:00:00.000,2025 Report Week 32,MICRO GOLD,088695,CMX ,NYC,088 ,GOLD,44835,0,0,0,0,0,1473,207,259,6325,14806,5884,13941,21156,30894,23679,44835,0,0,0,0,0,1473,207,259,6325,14806,5884,13941,21156,30894,23679,0,0,0,0,0,0,0,0,0,0,0,0,0,0,0,0,-431,0,0,0,0,0,-221,207,257,-4693,41,86,-4571,591,4140,-1022,100.0,0.0,0.0,0.0,0.0,0.0,3.3,0.5,0.6,14.1,33.0,13.1,31.1,47.2,68.9,52.8,100.0,0.0,0.0,0.0,0.0,0.0,3.3,0.5,0.6,14.1,33.0,13.1,31.1,47.2,68.9,52.8,100.0,0.0,0.0,0.0,0.0,0.0,0.0,0.0,0.0,0.0,0.0,0.0,0.0,0.0,0.0,0.0,30,0,0,0,12,14,10,25,16,30,0,0,0,12,14,10,25,16,0,0,0,0,0,0,0,0,0,0,0,0,0,0,12.8,28.6,20.4,39.7,9.6,21.9,13.4,29.6,12.8,28.6,20.4,39.7,9.6,21.9,13.4,29.6,0.0,0.0,0.0,0.0,0.0,0.0,0.0,0.0,(CONTRACTS OF 10 TROY OUNCES),N20,GOLD,PRECIOUS METALS,NATURAL RESOURCES,Combined,0,0,,,,0,0,,,
250805088691C,GOLD - COMMODITY EXCHANGE INC.,2025-08-05T00:00:00.000,2025 Report Week 31,GOLD,088691,CMX ,NYC,088 ,GOLD,670740,43003,70271,33758,270179,62450,192973,31162,40049,90523,22117,149032,611788,645260,58951,25479,670740,43003,70271,33758,270179,62450,192973,31162,40049,90523,22117,149032,611788,645260,58951,25479,0,0,0,0,0,0,0,0,0,0,0,0,0,0,0,0,22326,12247,-3338,-3716,21501,-8537,14538,-4427,1579,-3974,1961,11255,23392,19994,-1066,2332,100.0,6.4,10.5,5.0,40.3,9.3,28.8,4.6,6.0,13.5,3.3,22.2,91.2,96.2,8.8,3.8,100.0,6.4,10.5,5.0,40.3,9.3,28.8,4.6,6.0,13.5,3.3,22.2,91.2,96.2,8.8,3.8,100.0,0.0,0.0,0.0,0.0,0.0,0.0,0.0,0.0,0.0,0.0,0.0,0.0,0.0,0.0,0.0,345,20,29,39,96,43,70,312,229,345,20,29,39,96,43,70,312,229,0,0,0,0,0,0,0,0,0,0,0,0,0,0,17.9,27.5,28.7,45.7,13.2,22.4,20.3,36.6,17.9,27.5,28.7,45.7,13.2,22.4,20.3,36.6,0.0,0.0,0.0,0.0,0.0,0.0,0.0,0.0,(CONTRACTS OF 100 TROY OUNCES),N20,GOLD,PRECIOUS METALS,NATURAL RESOURCES,Combined,19,17,119,14,73,19,17,119,14,73
250805088695C,MICRO GOLD - COMMODITY EXCHANGE INC.,2025-08-05T00:00:00.000,2025 Report Week 31,MICRO GOLD,088695,CMX ,NYC,088 ,GOLD,45266,0,0,0,0,0,1694,0,2,11018,14765,5798,18512,20565,26754,24701,45266,0,0,0,0,0,1694,0,2,11018,14765,5798,18512,20565,26754,24701,0,0,0,0,0,0,0,0,0,0,0,0,0,0,0,0,-8406,0,0,0,0,0,530,0,2,1175,-13992,-5726,-4019,-19716,-4387,11310,100.0,0.0,0.0,0.0,0.0,0.0,3.7,0.0,0.0,24.3,32.6,12.8,40.9,45.4,59.1,54.6,100.0,0.0,0.0,0.0,0.0,0.0,3.7,0.0,0.0,24.3,32.6,12.8,40.9,45.4,59.1,54.6,100.0,0.0,0.0,0.0,0.0,0.0,0.0,0.0,0.0,0.0,0.0,0.0,0.0,0.0,0.0,0.0,31,0,0,0,11,16,11,25,18,31,0,0,0,11,16,11,25,18,0,0,0,0,0,0,0,0,0,0,0,0,0,0,23.1,26.7,30.3,37.9,17.6,22.3,23.7,28.7,23.1,26.7,30.3,37.9,17.6,22.3,23.7,28.7,0.0,0.0,0.0,0.0,0.0,0.0,0.0,0.0,(CONTRACTS OF 10 TROY OUNCES),N20,GOLD,PRECIOUS METALS,NATURAL RESOURCES,Combined,0,0,4,0,,0,0,4,0,
250729088691C,GOLD - COMMODITY EXCHANGE INC.,2025-07-29T00:00:00.000,2025 Report Week 30,GOLD,088691,CMX ,NYC,088 ,GOLD,648414,30756,73609,37473,248678,70987,178435,35589,38470,94497,20156,137777,588396,625267,60017,23147,648414,30756,73609,37473,248678,70987,178435,35589,38470,94497,20156,137777,588396,625267,60017,23147,0,0,0,0,0,0,0,0,0,0,0,0,0,0,0,0,-110127,-4152,-4559,5972,-15082,-14173,-26079,1942,-13975,-5044,-4974,-50534,-107985,-101355,-2142,-8773,100.0,4.7,11.4,5.8,38.4,10.9,27.5,5.5,5.9,14.6,3.1,21.2,90.7,96.4,9.3,3.6,100.0,4.7,11.4,5.8,38.4,10.9,27.5,5.5,5.9,14.6,3.1,21.2,90.7,96.4,9.3,3.6,100.0,0.0,0.0,0.0,0.0,0.0,0.0,0.0,0.0,0.0,0.0,0.0,0.0,0.0,0.0,0.0,329,20,25,39,94,36,66,300,217,329,20,25,39,94,36,66,300,217,0,0,0,0,0,0,0,0,0,0,0,0,0,0,17.5,27.1,27.8,44.6,13.3,21.2,20.0,34.7,17.5,27.1,27.8,44.6,13.3,21.2,20.0,34.7,0.0,0.0,0.0,0.0,0.0,0.0,0.0,0.0,(CONTRACTS OF 100 TROY OUNCES),N20,GOLD,PRECIOUS METALS,NATURAL RESOURCES,Combined,17,21,108,18,70,17,21,108,18,70
250729088695C,MICRO GOLD - COMMODITY EXCHANGE INC.,2025-07-29T00:00:00.000,2025 Report Week 30,MICRO GOLD,088695,CMX ,NYC,088 ,GOLD,53672,0,0,0,0,0,1164,0,0,9843,28757,11524,22531,40281,31141,13391,53672,0,0,0,0,0,1164,0,0,9843,28757,11524,22531,40281,31141,13391,0,0,0,0,0,0,0,0,0,0,0,0,0,0,0,0,655,0,0,0,0,0,-813,0,-692,-8975,10592,5451,-5029,15351,5683,-14696,100.0,0.0,0.0,0.0,0.0,0.0,2.2,0.0,0.0,18.3,53.6,21.5,42.0,75.1,58.0,24.9,100.0,0.0,0.0,0.0,0.0,0.0,2.2,0.0,0.0,18.3,53.6,21.5,42.0,75.1,58.0,24.9,100.0,0.0,0.0,0.0,0.0,0.0,0.0,0.0,0.0,0.0,0.0,0.0,0.0,0.0,0.0,0.0,28,0,0,0,11,14,13,22,19,28,0,0,0,11,14,13,22,19,0,0,0,0,0,0,0,0,0,0,0,0,0,0,24.4,54.9,32.9,68.0,12.8,44.0,17.9,51.3,24.4,54.9,32.9,68.0,12.8,44.0,17.9,51.3,0.0,0.0,0.0,0.0,0.0,0.0,0.0,0.0,(CONTRACTS OF 10 TROY OUNCES),N20,GOLD,PRECIOUS METALS,NATURAL RESOURCES,Combined,0,0,,0,0,0,0,,0,0
250722088691C,GOLD - COMMODITY EXCHANGE INC.,2025-07-22T00:00:00.000,2025 Report Week 29,GOLD,088691,CMX ,NYC,088 ,GOLD,758541,34908,78168,31501,263760,85161,204514,33646,52445,99542,25130,188311,696381,726621,62160,31920,758541,34908,78168,31501,263760,85161,204514,33646,52445,99542,25130,188311,696381,726621,62160,31920,0,0,0,0,0,0,0,0,0,0,0,0,0,0,0,0,79908,-920,3024,-2139,25974,11224,26251,-960,9830,19430,5119,18036,81713,72246,-1805,7662,100.0,4.6,10.3,4.2,34.8,11.2,27.0,4.4,6.9,13.1,3.3,24.8,91.8,95.8,8.2,4.2,100.0,4.6,10.3,4.2,34.8,11.2,27.0,4.4,6.9,13.1,3.3,24.8,91.8,95.8,8.2,4.2,100.0,0.0,0.0,0.0,0.0,0.0,0.0,0.0,0.0,0.0,0.0,0.0,0.0,0.0,0.0,0.0,370,24,31,39,97,53,80,332,246,370,24,31,39,97,53,80,332,246,0,0,0,0,0,0,0,0,0,0,0,0,0,0,17.2,24.8,26.7,40.8,11.3,18.6,16.8,30.2,17.2,24.8,26.7,40.8,11.3,18.6,16.8,30.2,0.0,0.0,0.0,0.0,0.0,0.0,0.0,0.0,(CONTRACTS OF 100 TROY OUNCES),N20,GOLD,PRECIOUS METALS,NATURAL RESOURCES,Combined,17,16,126,17,75,17,16,126,17,75
250722088695C,MICRO GOLD - COMMODITY EXCHANGE INC.,2025-07-22T00:00:00.000,2025 Report Week 29,MICRO GOLD,088695,CMX ,NYC,088 ,GOLD,53017,0,0,0,0,0,1977,0,692,18818,18165,6073,27560,24930,25458,28087,53017,0,0,0,0,0,1977,0,692,18818,18165,6073,27560,24930,25458,28087,0,0,0,0,0,0,0,0,0,0,0,0,0,0,0,0,374,0,0,0,0,0,446,-731,692,4407,-8403,1997,7542,-6445,-7168,6819,100.0,0.0,0.0,0.0,0.0,0.0,3.7,0.0,1.3,35.5,34.3,11.5,52.0,47.0,48.0,53.0,100.0,0.0,0.0,0.0,0.0,0.0,3.7,0.0,1.3,35.5,34.3,11.5,52.0,47.0,48.0,53.0,100.0,0.0,0.0,0.0,0.0,0.0,0.0,0.0,0.0,0.0,0.0,0.0,0.0,0.0,0.0,0.0,38,0,0,0,13,19,10,24,26,38,0,0,0,13,19,10,24,26,0,0,0,0,0,0,0,0,0,0,0,0,0,0,32.4,22.2,41.5,34.3,27.7,19.0,34.2,27.2,32.4,22.2,41.5,34.3,27.7,19.0,34.2,27.2,0.0,0.0,0.0,0.0,0.0,0.0,0.0,0.0,(CONTRACTS OF 10 TROY OUNCES),N20,GOLD,PRECIOUS METALS,NATURAL RESOURCES,Combined,0,0,5,0,,0,0,5,0,
250715088691C,GOLD - COMMODITY EXCHANGE INC.,2025-07-15T00:00:00.000,2025 Report Week 28,GOLD,088691,CMX,NYC,088,GOLD,678633,35828,75144,33639,237786,73937,178263,34607,42615,80111,20011,170275,614668,654375,63965,24258,678633,35828,75144,33639,237786,73937,178263,34607,42615,80111,20011,170275,614668,654375,63965,24258,0,0,0,0,0,0,0,0,0,0,0,0,0,0,0,0,12320,1747,1103,-1499,11248,5828,8443,-372,-12338,739,-564,8970,11890,13874,429,-1555,100.0,5.3,11.1,5.0,35.0,10.9,26.3,5.1,6.3,11.8,2.9,25.1,90.6,96.4,9.4,3.6,100.0,5.3,11.1,5.0,35.0,10.9,26.3,5.1,6.3,11.8,2.9,25.1,90.6,96.4,9.4,3.6,100.0,0.0,0.0,0.0,0.0,0.0,0.0,0.0,0.0,0.0,0.0,0.0,0.0,0.0,0.0,0.0,334,18,28,37,101,37,73,309,222,334,18,28,37,101,37,73,309,222,0,0,0,0,0,0,0,0,0,0,0,0,0,0,18.5,26.7,28.1,42.6,11.5,20.2,17.1,31.7,18.5,26.7,28.1,42.6,11.5,20.2,17.1,31.7,0.0,0.0,0.0,0.0,0.0,0.0,0.0,0.0,(CONTRACTS OF 100 TROY OUNCES),N20,GOLD,PRECIOUS METALS,NATURAL RESOURCES,Combined,17,15,109,19,74,17,15,109,19,74
250715088695C,MICRO GOLD - COMMODITY EXCHANGE INC.,2025-07-15T00:00:00.000,2025 Report Week 28,MICRO GOLD,088695,CMX,NYC,088,GOLD,52643,0,0,0,0,0,1531,731,0,14411,26568,4076,20018,31375,32626,21268,52643,0,0,0,0,0,1531,731,0,14411,26568,4076,20018,31375,32626,21268,0,0,0,0,0,0,0,0,0,0,0,0,0,0,0,0,4303,0,0,0,0,0,-57,211,-2,4897,1732,1827,6665,3768,-2362,535,100.0,0.0,0.0,0.0,0.0,0.0,2.9,1.4,0.0,27.4,50.5,7.7,38.0,59.6,62.0,40.4,100.0,0.0,0.0,0.0,0.0,0.0,2.9,1.4,0.0,27.4,50.5,7.7,38.0,59.6,62.0,40.4,100.0,0.0,0.0,0.0,0.0,0.0,0.0,0.0,0.0,0.0,0.0,0.0,0.0,0.0,0.0,0.0,34,0,0,0,12,16,9,22,21,34,0,0,0,12,16,9,22,21,0,0,0,0,0,0,0,0,0,0,0,0,0,0,18.1,39.6,29.1,49.0,17.5,36.3,25.0,44.6,18.1,39.6,29.1,49.0,17.5,36.3,25.0,44.6,0.0,0.0,0.0,0.0,0.0,0.0,0.0,0.0,(CONTRACTS OF 10 TROY OUNCES),N20,GOLD,PRECIOUS METALS,NATURAL RESOURCES,Combined,0,0,4,,0,0,0,4,,0
250708088695C,MICRO GOLD - COMMODITY EXCHANGE INC.,2025-07-08T00:00:00.000,2025 Report Week 27,MICRO GOLD,088695,CMX ,NYC,088 ,GOLD,48340,0,0,0,0,0,1588,520,2,9514,24836,2249,13353,27607,34987,20733,48340,0,0,0,0,0,1588,520,2,9514,24836,2249,13353,27607,34987,20733,0,0,0,0,0,0,0,0,0,0,0,0,0,0,0,0,3018,0,0,0,0,0,180,-112,-14,-2996,4706,892,-1938,5472,4956,-2454,100.0,0.0,0.0,0.0,0.0,0.0,3.3,1.1,0.0,19.7,51.4,4.7,27.6,57.1,72.4,42.9,100.0,0.0,0.0,0.0,0.0,0.0,3.3,1.1,0.0,19.7,51.4,4.7,27.6,57.1,72.4,42.9,100.0,0.0,0.0,0.0,0.0,0.0,0.0,0.0,0.0,0.0,0.0,0.0,0.0,0.0,0.0,0.0,36,0,0,0,14,16,9,25,21,36,0,0,0,14,16,9,25,21,0,0,0,0,0,0,0,0,0,0,0,0,0,0,13.0,35.3,18.7,45.2,11.9,33.9,17.0,43.8,13.0,35.3,18.7,45.2,11.9,33.9,17.0,43.8,0.0,0.0,0.0,0.0,0.0,0.0,0.0,0.0,(CONTRACTS OF 10 TROY OUNCES),N20,GOLD,PRECIOUS METALS,NATURAL RESOURCES,Combined,0,0,4,,,0,0,4,,
250708088691C,GOLD - COMMODITY EXCHANGE INC.,2025-07-08T00:00:00.000,2025 Report Week 27,GOLD,088691,CMX ,NYC,088 ,GOLD,666313,34080,74042,35138,226538,68109,169820,34978,54953,79372,20575,161304,602778,640500,63535,25813,666313,34080,74042,35138,226538,68109,169820,34978,54953,79372,20575,161304,602778,640500,63535,25813,0,0,0,0,0,0,0,0,0,0,0,0,0,0,0,0,-2457,787,-1233,-827,2843,1538,-1232,623,-4637,2052,-83,-2848,-5167,-3796,2710,1339,100.0,5.1,11.1,5.3,34.0,10.2,25.5,5.2,8.2,11.9,3.1,24.2,90.5,96.1,9.5,3.9,100.0,5.1,11.1,5.3,34.0,10.2,25.5,5.2,8.2,11.9,3.1,24.2,90.5,96.1,9.5,3.9,100.0,0.0,0.0,0.0,0.0,0.0,0.0,0.0,0.0,0.0,0.0,0.0,0.0,0.0,0.0,0.0,328,18,24,39,105,37,73,299,220,328,18,24,39,105,37,73,299,220,0,0,0,0,0,0,0,0,0,0,0,0,0,0,18.6,26.4,28.6,42.8,11.8,20.0,17.5,31.1,18.6,26.4,28.6,42.8,11.8,20.0,17.5,31.1,0.0,0.0,0.0,0.0,0.0,0.0,0.0,0.0,(CONTRACTS OF 100 TROY OUNCES),N20,GOLD,PRECIOUS METALS,NATURAL RESOURCES,Combined,15,21,99,20,68,15,21,99,20,68
250701088691C,GOLD - COMMODITY EXCHANGE INC.,2025-07-01T00:00:00.000,2025 Report Week 26,GOLD,088691,CMX ,NYC,088 ,GOLD,668770,33294,75275,35966,223695,66571,171053,34356,59590,77320,20658,164152,607945,644296,60825,24473,668770,33294,75275,35966,223695,66571,171053,34356,59590,77320,20658,164152,607945,644296,60825,24473,0,0,0,0,0,0,0,0,0,0,0,0,0,0,0,0,-30200,368,-2208,-1010,5049,-6103,3666,-2547,-1879,-2161,-760,-21585,-28704,-30033,-1496,-167,100.0,5.0,11.3,5.4,33.4,10.0,25.6,5.1,8.9,11.6,3.1,24.5,90.9,96.3,9.1,3.7,100.0,5.0,11.3,5.4,33.4,10.0,25.6,5.1,8.9,11.6,3.1,24.5,90.9,96.3,9.1,3.7,100.0,0.0,0.0,0.0,0.0,0.0,0.0,0.0,0.0,0.0,0.0,0.0,0.0,0.0,0.0,0.0,334,20,27,37,103,36,73,301,223,334,20,27,37,103,36,73,301,223,0,0,0,0,0,0,0,0,0,0,0,0,0,0,18.7,26.5,29.3,42.6,11.4,19.5,17.1,30.6,18.7,26.5,29.3,42.6,11.4,19.5,17.1,30.6,0.0,0.0,0.0,0.0,0.0,0.0,0.0,0.0,(CONTRACTS OF 100 TROY OUNCES),N20,GOLD,PRECIOUS METALS,NATURAL RESOURCES,Combined,16,19,104,20,68,16,19,104,20,68
250701088695C,MICRO GOLD - COMMODITY EXCHANGE INC.,2025-07-01T00:00:00.000,2025 Report Week 26,MICRO GOLD,088695,CMX ,NYC,088 ,GOLD,45322,0,0,0,0,0,1408,632,16,12510,20130,1357,15291,22135,30031,23188,45322,0,0,0,0,0,1408,632,16,12510,20130,1357,15291,22135,30031,23188,0,0,0,0,0,0,0,0,0,0,0,0,0,0,0,0,-1112,0,0,0,0,0,16,-123,-26,3553,-4372,-1217,2326,-5738,-3438,4625,100.0,0.0,0.0,0.0,0.0,0.0,3.1,1.4,0.0,27.6,44.4,3.0,33.7,48.8,66.3,51.2,100.0,0.0,0.0,0.0,0.0,0.0,3.1,1.4,0.0,27.6,44.4,3.0,33.7,48.8,66.3,51.2,100.0,0.0,0.0,0.0,0.0,0.0,0.0,0.0,0.0,0.0,0.0,0.0,0.0,0.0,0.0,0.0,32,0,0,0,10,16,8,20,21,32,0,0,0,10,16,8,20,21,0,0,0,0,0,0,0,0,0,0,0,0,0,0,22.3,24.9,27.9,36.4,21.6,24.0,27.2,35.5,22.3,24.9,27.9,36.4,21.6,24.0,27.2,35.5,0.0,0.0,0.0,0.0,0.0,0.0,0.0,0.0,(CONTRACTS OF 10 TROY OUNCES),N20,GOLD,PRECIOUS METALS,NATURAL RESOURCES,Combined,0,0,4,,,0,0,4,,
250624088695C,MICRO GOLD - COMMODITY EXCHANGE INC.,2025-06-24T00:00:00.000,2025 Report Week 25,MICRO GOLD,088695,CMX ,NYC,088 ,GOLD,46434,0,0,0,0,0,1392,755,42,8957,24501,2574,12965,27872,33469,18562,46434,0,0,0,0,0,1392,755,42,8957,24501,2574,12965,27872,33469,18562,0,0,0,0,0,0,0,0,0,0,0,0,0,0,0,0,1425,0,0,0,0,0,293,-697,42,-2125,515,-230,-2020,-369,3445,1795,100.0,0.0,0.0,0.0,0.0,0.0,3.0,1.6,0.1,19.3,52.8,5.5,27.9,60.0,72.1,40.0,100.0,0.0,0.0,0.0,0.0,0.0,3.0,1.6,0.1,19.3,52.8,5.5,27.9,60.0,72.1,40.0,100.0,0.0,0.0,0.0,0.0,0.0,0.0,0.0,0.0,0.0,0.0,0.0,0.0,0.0,0.0,0.0,35,0,0,0,11,19,9,22,23,35,0,0,0,11,19,9,22,23,0,0,0,0,0,0,0,0,0,0,0,0,0,0,16.0,31.2,21.3,44.7,14.4,29.5,19.1,42.4,16.0,31.2,21.3,44.7,14.4,29.5,19.1,42.4,0.0,0.0,0.0,0.0,0.0,0.0,0.0,0.0,(CONTRACTS OF 10 TROY OUNCES),N20,GOLD,PRECIOUS METALS,NATURAL RESOURCES,Combined,0,0,4,,,0,0,4,,
250624088691C,GOLD - COMMODITY EXCHANGE INC.,2025-06-24T00:00:00.000,2025 Report Week 25,GOLD,088691,CMX ,NYC,088 ,GOLD,698970,32926,77483,36975,218646,72674,167386,36902,61469,79481,21417,185737,636648,674329,62321,24641,698970,32926,77483,36975,218646,72674,167386,36902,61469,79481,21417,185737,636648,674329,62321,24641,0,0,0,0,0,0,0,0,0,0,0,0,0,0,0,0,-43424,689,-4242,1176,-7582,-1757,-4217,1925,-12710,-6455,-502,-18489,-41763,-43358,-1661,-66,100.0,4.7,11.1,5.3,31.3,10.4,23.9,5.3,8.8,11.4,3.1,26.6,91.1,96.5,8.9,3.5,100.0,4.7,11.1,5.3,31.3,10.4,23.9,5.3,8.8,11.4,3.1,26.6,91.1,96.5,8.9,3.5,100.0,0.0,0.0,0.0,0.0,0.0,0.0,0.0,0.0,0.0,0.0,0.0,0.0,0.0,0.0,0.0,345,19,24,36,109,41,82,311,235,345,19,24,36,109,41,82,311,235,0,0,0,0,0,0,0,0,0,0,0,0,0,0,18.7,25.8,29.3,42.3,10.6,18.8,16.3,29.5,18.7,25.8,29.3,42.3,10.6,18.8,16.3,29.5,0.0,0.0,0.0,0.0,0.0,0.0,0.0,0.0,(CONTRACTS OF 100 TROY OUNCES),N20,GOLD,PRECIOUS METALS,NATURAL RESOURCES,Combined,17,22,96,28,70,17,22,96,28,70
250617088691C,GOLD - COMMODITY EXCHANGE INC.,2025-06-17T00:00:00.000,2025 Report Week 24,GOLD,088691,CMX ,NYC,088 ,GOLD,742394,32237,81725,35799,226229,74431,171604,34978,74179,85936,21920,204226,678412,717687,63982,24707,742394,32237,81725,35799,226229,74431,171604,34978,74179,85936,21920,204226,678412,717687,63982,24707,0,0,0,0,0,0,0,0,0,0,0,0,0,0,0,0,45312,-1589,946,1851,12912,8160,7289,514,8893,5244,1558,11913,41761,44896,3551,416,100.0,4.3,11.0,4.8,30.5,10.0,23.1,4.7,10.0,11.6,3.0,27.5,91.4,96.7,8.6,3.3,100.0,4.3,11.0,4.8,30.5,10.0,23.1,4.7,10.0,11.6,3.0,27.5,91.4,96.7,8.6,3.3,100.0,0.0,0.0,0.0,0.0,0.0,0.0,0.0,0.0,0.0,0.0,0.0,0.0,0.0,0.0,0.0,363,21,24,37,117,45,83,331,236,363,21,24,37,117,45,83,331,236,0,0,0,0,0,0,0,0,0,0,0,0,0,0,19.2,26.5,29.3,42.4,9.6,18.5,14.7,28.6,19.2,26.5,29.3,42.4,9.6,18.5,14.7,28.6,0.0,0.0,0.0,0.0,0.0,0.0,0.0,0.0,(CONTRACTS OF 100 TROY OUNCES),N20,GOLD,PRECIOUS METALS,NATURAL RESOURCES,Combined,18,22,113,17,70,18,22,113,17,70
250617088695C,MICRO GOLD - COMMODITY EXCHANGE INC.,2025-06-17T00:00:00.000,2025 Report Week 24,MICRO GOLD,088695,CMX ,NYC,088 ,GOLD,45009,0,0,0,0,0,1099,1452,0,11082,23986,2804,14985,28242,30024,16768,45009,0,0,0,0,0,1099,1452,0,11082,23986,2804,14985,28242,30024,16768,0,0,0,0,0,0,0,0,0,0,0,0,0,0,0,0,1254,0,0,0,0,0,283,591,0,-1213,2851,-665,-1595,2777,2849,-1523,100.0,0.0,0.0,0.0,0.0,0.0,2.4,3.2,0.0,24.6,53.3,6.2,33.3,62.7,66.7,37.3,100.0,0.0,0.0,0.0,0.0,0.0,2.4,3.2,0.0,24.6,53.3,6.2,33.3,62.7,66.7,37.3,100.0,0.0,0.0,0.0,0.0,0.0,0.0,0.0,0.0,0.0,0.0,0.0,0.0,0.0,0.0,0.0,32,0,0,0,10,18,9,19,22,32,0,0,0,10,18,9,19,22,0,0,0,0,0,0,0,0,0,0,0,0,0,0,20.5,33.1,26.8,47.6,19.6,30.5,24.7,43.8,20.5,33.1,26.8,47.6,19.6,30.5,24.7,43.8,0.0,0.0,0.0,0.0,0.0,0.0,0.0,0.0,(CONTRACTS OF 10 TROY OUNCES),N20,GOLD,PRECIOUS METALS,NATURAL RESOURCES,Combined,0,0,,,0,0,0,,,0
250610088691C,GOLD - COMMODITY EXCHANGE INC.,2025-06-10T00:00:00.000,2025 Report Week 23,GOLD,088691,CMX ,NYC,088 ,GOLD,697081,33826,80779,33948,213316,66271,164315,34464,65286,80692,20361,192313,636651,672790,60431,24291,697081,33826,80779,33948,213316,66271,164315,34464,65286,80692,20361,192313,636651,672790,60431,24291,0,0,0,0,0,0,0,0,0,0,0,0,0,0,0,0,-13606,-1350,-229,-897,-856,-1723,-772,-116,-3576,-1202,-608,-5916,-15437,-13025,1831,-581,100.0,4.9,11.6,4.9,30.6,9.5,23.6,4.9,9.4,11.6,2.9,27.6,91.3,96.5,8.7,3.5,100.0,4.9,11.6,4.9,30.6,9.5,23.6,4.9,9.4,11.6,2.9,27.6,91.3,96.5,8.7,3.5,100.0,0.0,0.0,0.0,0.0,0.0,0.0,0.0,0.0,0.0,0.0,0.0,0.0,0.0,0.0,0.0,357,22,25,35,108,45,81,326,232,357,22,25,35,108,45,81,326,232,0,0,0,0,0,0,0,0,0,0,0,0,0,0,20.1,27.5,30.4,43.0,10.2,18.6,15.6,28.8,20.1,27.5,30.4,43.0,10.2,18.6,15.6,28.8,0.0,0.0,0.0,0.0,0.0,0.0,0.0,0.0,(CONTRACTS OF 100 TROY OUNCES),N20,GOLD,PRECIOUS METALS,NATURAL RESOURCES,Combined,20,20,112,21,69,20,20,112,21,69
250610088695C,MICRO GOLD - COMMODITY EXCHANGE INC.,2025-06-10T00:00:00.000,2025 Report Week 23,MICRO GOLD,088695,CMX ,NYC,088 ,GOLD,43755,0,0,0,0,0,816,861,0,12295,21135,3469,16580,25464,27175,18290,43755,0,0,0,0,0,816,861,0,12295,21135,3469,16580,25464,27175,18290,0,0,0,0,0,0,0,0,0,0,0,0,0,0,0,0,4655,0,0,0,0,0,228,136,0,2510,7849,-697,2041,7287,2614,-2632,100.0,0.0,0.0,0.0,0.0,0.0,1.9,2.0,0.0,28.1,48.3,7.9,37.9,58.2,62.1,41.8,100.0,0.0,0.0,0.0,0.0,0.0,1.9,2.0,0.0,28.1,48.3,7.9,37.9,58.2,62.1,41.8,100.0,0.0,0.0,0.0,0.0,0.0,0.0,0.0,0.0,0.0,0.0,0.0,0.0,0.0,0.0,0.0,30,0,0,0,9,18,11,20,21,30,0,0,0,9,18,11,20,21,0,0,0,0,0,0,0,0,0,0,0,0,0,0,25.5,32.6,31.8,45.6,23.5,29.7,28.5,40.3,25.5,32.6,31.8,45.6,23.5,29.7,28.5,40.3,0.0,0.0,0.0,0.0,0.0,0.0,0.0,0.0,(CONTRACTS OF 10 TROY OUNCES),N20,GOLD,PRECIOUS METALS,NATURAL RESOURCES,Combined,0,0,,,0,0,0,,,0
250603088691C,GOLD - COMMODITY EXCHANGE INC.,2025-06-03T00:00:00.000,2025 Report Week 22,GOLD,088691,CMX ,NYC,088 ,GOLD,710687,35176,81008,34845,214173,67995,165087,34579,68862,81894,20969,198229,652088,685815,58600,24872,710687,35176,81008,34845,214173,67995,165087,34579,68862,81894,20969,198229,652088,685815,58600,24872,0,0,0,0,0,0,0,0,0,0,0,0,0,0,0,0,-5539,-744,236,-916,12504,-11736,13052,-218,-9697,463,-638,8334,-1244,-1214,-4296,-4325,100.0,4.9,11.4,4.9,30.1,9.6,23.2,4.9,9.7,11.5,3.0,27.9,91.8,96.5,8.2,3.5,100.0,4.9,11.4,4.9,30.1,9.6,23.2,4.9,9.7,11.5,3.0,27.9,91.8,96.5,8.2,3.5,100.0,0.0,0.0,0.0,0.0,0.0,0.0,0.0,0.0,0.0,0.0,0.0,0.0,0.0,0.0,0.0,357,22,26,37,106,46,76,323,229,357,22,26,37,106,46,76,323,229,0,0,0,0,0,0,0,0,0,0,0,0,0,0,20.2,27.7,30.3,42.8,10.0,18.4,15.0,28.4,20.2,27.7,30.3,42.8,10.0,18.4,15.0,28.4,0.0,0.0,0.0,0.0,0.0,0.0,0.0,0.0,(CONTRACTS OF 100 TROY OUNCES),N20,GOLD,PRECIOUS METALS,NATURAL RESOURCES,Combined,21,19,112,21,66,21,19,112,21,66
250603088695C,MICRO GOLD - COMMODITY EXCHANGE INC.,2025-06-03T00:00:00.000,2025 Report Week 22,MICRO GOLD,088695,CMX ,NYC,088 ,GOLD,39100,0,0,0,0,0,588,725,0,9785,13286,4166,14539,18177,24561,20923,39100,0,0,0,0,0,588,725,0,9785,13286,4166,14539,18177,24561,20923,0,0,0,0,0,0,0,0,0,0,0,0,0,0,0,0,-9966,0,0,0,0,0,-566,213,0,-6240,-12621,-188,-6994,-12596,-2972,2630,100.0,0.0,0.0,0.0,0.0,0.0,1.5,1.9,0.0,25.0,34.0,10.7,37.2,46.5,62.8,53.5,100.0,0.0,0.0,0.0,0.0,0.0,1.5,1.9,0.0,25.0,34.0,10.7,37.2,46.5,62.8,53.5,100.0,0.0,0.0,0.0,0.0,0.0,0.0,0.0,0.0,0.0,0.0,0.0,0.0,0.0,0.0,0.0,28,0,0,0,11,14,10,21,17,28,0,0,0,11,14,10,21,17,0,0,0,0,0,0,0,0,0,0,0,0,0,0,21.7,23.1,29.1,36.3,18.4,20.9,24.0,31.3,21.7,23.1,29.1,36.3,18.4,20.9,24.0,31.3,0.0,0.0,0.0,0.0,0.0,0.0,0.0,0.0,(CONTRACTS OF 10 TROY OUNCES),N20,GOLD,PRECIOUS METALS,NATURAL RESOURCES,Combined,0,0,,,0,0,0,,,0
250527088691C,GOLD - COMMODITY EXCHANGE INC.,2025-05-27T00:00:00.000,2025 Report Week 21,GOLD,088691,CMX ,NYC,088 ,GOLD,716227,35919,80772,35761,201669,79731,152034,34797,78559,81432,21607,189895,653331,687030,62895,29197,716227,35919,80772,35761,201669,79731,152034,34797,78559,81432,21607,189895,653331,687030,62895,29197,0,0,0,0,0,0,0,0,0,0,0,0,0,0,0,0,-144841,-16110,-10802,4863,-2913,-17478,-1229,149,-14884,-2423,-923,-99097,-146357,-145948,1516,1107,100.0,5.0,11.3,5.0,28.2,11.1,21.2,4.9,11.0,11.4,3.0,26.5,91.2,95.9,8.8,4.1,100.0,5.0,11.3,5.0,28.2,11.1,21.2,4.9,11.0,11.4,3.0,26.5,91.2,95.9,8.8,4.1,100.0,0.0,0.0,0.0,0.0,0.0,0.0,0.0,0.0,0.0,0.0,0.0,0.0,0.0,0.0,0.0,333,20,25,37,101,44,69,295,221,333,20,25,37,101,44,69,295,221,0,0,0,0,0,0,0,0,0,0,0,0,0,0,19.4,26.6,29.2,39.8,9.9,17.2,14.8,25.3,19.4,26.6,29.2,39.8,9.9,17.2,14.8,25.3,0.0,0.0,0.0,0.0,0.0,0.0,0.0,0.0,(CONTRACTS OF 100 TROY OUNCES),N20,GOLD,PRECIOUS METALS,NATURAL RESOURCES,Combined,17,21,96,21,64,17,21,96,21,64
250527088695C,MICRO GOLD - COMMODITY EXCHANGE INC.,2025-05-27T00:00:00.000,2025 Report Week 21,MICRO GOLD,088695,CMX ,NYC,088 ,GOLD,49066,0,0,0,0,0,1154,512,0,16025,25907,4354,21533,30773,27533,18293,49066,0,0,0,0,0,1154,512,0,16025,25907,4354,21533,30773,27533,18293,0,0,0,0,0,0,0,0,0,0,0,0,0,0,0,0,55,0,0,0,0,0,-20,194,-25,-2673,639,2441,-277,3249,333,-3193,100.0,0.0,0.0,0.0,0.0,0.0,2.4,1.0,0.0,32.7,52.8,8.9,43.9,62.7,56.1,37.3,100.0,0.0,0.0,0.0,0.0,0.0,2.4,1.0,0.0,32.7,52.8,8.9,43.9,62.7,56.1,37.3,100.0,0.0,0.0,0.0,0.0,0.0,0.0,0.0,0.0,0.0,0.0,0.0,0.0,0.0,0.0,0.0,29,0,0,0,12,13,8,18,19,29,0,0,0,12,13,8,18,19,0,0,0,0,0,0,0,0,0,0,0,0,0,0,28.1,43.1,36.2,55.0,24.6,42.0,29.7,50.1,28.1,43.1,36.2,55.0,24.6,42.0,29.7,50.1,0.0,0.0,0.0,0.0,0.0,0.0,0.0,0.0,(CONTRACTS OF 10 TROY OUNCES),N20,GOLD,PRECIOUS METALS,NATURAL RESOURCES,Combined,0,0,,,0,0,0,,,0
250520088695C,MICRO GOLD - COMMODITY EXCHANGE INC.,2025-05-20T00:00:00.000,2025 Report Week 20,MICRO GOLD,088695,CMX ,NYC,088 ,GOLD,49010,0,0,0,0,0,1174,318,25,18698,25268,1913,21810,27524,27201,21486,49010,0,0,0,0,0,1174,318,25,18698,25268,1913,21810,27524,27201,21486,0,0,0,0,0,0,0,0,0,0,0,0,0,0,0,0,6255,0,0,0,0,0,-436,318,25,4574,3538,502,4665,4383,1590,1872,100.0,0.0,0.0,0.0,0.0,0.0,2.4,0.6,0.1,38.2,51.6,3.9,44.5,56.2,55.5,43.8,100.0,0.0,0.0,0.0,0.0,0.0,2.4,0.6,0.1,38.2,51.6,3.9,44.5,56.2,55.5,43.8,100.0,0.0,0.0,0.0,0.0,0.0,0.0,0.0,0.0,0.0,0.0,0.0,0.0,0.0,0.0,0.0,29,0,0,0,14,11,7,20,17,29,0,0,0,14,11,7,20,17,0,0,0,0,0,0,0,0,0,0,0,0,0,0,23.7,42.3,34.3,50.9,23.1,41.9,32.6,49.8,23.7,42.3,34.3,50.9,23.1,41.9,32.6,49.8,0.0,0.0,0.0,0.0,0.0,0.0,0.0,0.0,(CONTRACTS OF 10 TROY OUNCES),N20,GOLD,PRECIOUS METALS,NATURAL RESOURCES,Combined,0,0,,,,0,0,,,
250520088691C,GOLD - COMMODITY EXCHANGE INC.,2025-05-20T00:00:00.000,2025 Report Week 20,GOLD,088691,CMX ,NYC,088 ,GOLD,861067,52029,91574,30898,204582,97209,153263,34648,93443,83854,22530,288992,799688,832978,61379,28090,861067,52029,91574,30898,204582,97209,153263,34648,93443,83854,22530,288992,799688,832978,61379,28090,0,0,0,0,0,0,0,0,0,0,0,0,0,0,0,0,28651,3872,566,-156,9795,2690,5009,-2733,10311,-7150,-3328,11904,26479,29205,2172,-553,100.0,6.0,10.6,3.6,23.8,11.3,17.8,4.0,10.9,9.7,2.6,33.6,92.9,96.7,7.1,3.3,100.0,6.0,10.6,3.6,23.8,11.3,17.8,4.0,10.9,9.7,2.6,33.6,92.9,96.7,7.1,3.3,100.0,0.0,0.0,0.0,0.0,0.0,0.0,0.0,0.0,0.0,0.0,0.0,0.0,0.0,0.0,0.0,360,19,22,35,114,54,83,322,239,360,19,22,35,114,54,83,322,239,0,0,0,0,0,0,0,0,0,0,0,0,0,0,21.8,27.1,32.1,40.2,8.1,14.5,12.3,21.5,21.8,27.1,32.1,40.2,8.1,14.5,12.3,21.5,0.0,0.0,0.0,0.0,0.0,0.0,0.0,0.0,(CONTRACTS OF 100 TROY OUNCES),N20,GOLD,PRECIOUS METALS,NATURAL RESOURCES,Combined,17,20,103,23,70,17,20,103,23,70
250513088695C,MICRO GOLD - COMMODITY EXCHANGE INC.,2025-05-13T00:00:00.000,2025 Report Week 19,MICRO GOLD,088695,CMX ,NYC,088 ,GOLD,42756,0,0,0,0,0,1610,0,0,14124,21730,1411,17145,23141,25611,19614,42756,0,0,0,0,0,1610,0,0,14124,21730,1411,17145,23141,25611,19614,0,0,0,0,0,0,0,0,0,0,0,0,0,0,0,0,-3569,0,0,-632,0,0,-540,-272,-47,-2996,2271,-215,-4430,1736,861,-5305,100.0,0.0,0.0,0.0,0.0,0.0,3.8,0.0,0.0,33.0,50.8,3.3,40.1,54.1,59.9,45.9,100.0,0.0,0.0,0.0,0.0,0.0,3.8,0.0,0.0,33.0,50.8,3.3,40.1,54.1,59.9,45.9,100.0,0.0,0.0,0.0,0.0,0.0,0.0,0.0,0.0,0.0,0.0,0.0,0.0,0.0,0.0,0.0,30,0,0,0,15,11,8,23,15,30,0,0,0,15,11,8,23,15,0,0,0,0,0,0,0,0,0,0,0,0,0,0,18.7,41.1,26.9,50.1,18.7,39.7,26.9,48.6,18.7,41.1,26.9,50.1,18.7,39.7,26.9,48.6,0.0,0.0,0.0,0.0,0.0,0.0,0.0,0.0,(CONTRACTS OF 10 TROY OUNCES),N20,GOLD,PRECIOUS METALS,NATURAL RESOURCES,Combined,0,0,,0,0,0,0,,0,0
250513088691C,GOLD - COMMODITY EXCHANGE INC.,2025-05-13T00:00:00.000,2025 Report Week 19,GOLD,088691,CMX ,NYC,088 ,GOLD,832416,48157,91008,31054,194787,94519,148255,37381,83132,91004,25858,277088,773209,803773,59207,28643,832416,48157,91008,31054,194787,94519,148255,37381,83132,91004,25858,277088,773209,803773,59207,28643,0,0,0,0,0,0,0,0,0,0,0,0,0,0,0,0,-70379,-2549,-5850,-1186,-2276,-1781,704,2138,-29582,-5221,-1560,-28284,-67899,-67194,-2480,-3186,100.0,5.8,10.9,3.7,23.4,11.4,17.8,4.5,10.0,10.9,3.1,33.3,92.9,96.6,7.1,3.4,100.0,5.8,10.9,3.7,23.4,11.4,17.8,4.5,10.0,10.9,3.1,33.3,92.9,96.6,7.1,3.4,100.0,0.0,0.0,0.0,0.0,0.0,0.0,0.0,0.0,0.0,0.0,0.0,0.0,0.0,0.0,0.0,368,19,22,37,117,59,84,321,246,368,19,22,37,117,59,84,321,246,0,0,0,0,0,0,0,0,0,0,0,0,0,0,21.6,27.0,31.8,40.2,8.3,14.8,12.5,22.0,21.6,27.0,31.8,40.2,8.3,14.8,12.5,22.0,0.0,0.0,0.0,0.0,0.0,0.0,0.0,0.0,(CONTRACTS OF 100 TROY OUNCES),N20,GOLD,PRECIOUS METALS,NATURAL RESOURCES,Combined,16,21,100,24,66,16,21,100,24,66
250506088691C,GOLD - COMMODITY EXCHANGE INC.,2025-05-06T00:00:00.000,2025 Report Week 18,GOLD,088691,CMX ,NYC,088 ,GOLD,902795,50707,96858,32240,197063,96299,147550,35243,112714,96225,27418,305372,841108,870967,61688,31829,902795,50707,96858,32240,197063,96299,147550,35243,112714,96225,27418,305372,841108,870967,61688,31829,0,0,0,0,0,0,0,0,0,0,0,0,0,0,0,0,40197,1913,2459,1443,2139,-1319,-7706,-4148,12323,2143,-651,28146,36944,38950,3253,1247,100.0,5.6,10.7,3.6,21.8,10.7,16.3,3.9,12.5,10.7,3.0,33.8,93.2,96.5,6.8,3.5,100.0,5.6,10.7,3.6,21.8,10.7,16.3,3.9,12.5,10.7,3.0,33.8,93.2,96.5,6.8,3.5,100.0,0.0,0.0,0.0,0.0,0.0,0.0,0.0,0.0,0.0,0.0,0.0,0.0,0.0,0.0,0.0,381,19,26,41,114,63,84,334,252,381,19,26,41,114,63,84,334,252,0,0,0,0,0,0,0,0,0,0,0,0,0,0,21.9,27.0,33.5,40.3,7.4,13.7,11.3,20.9,21.9,27.0,33.5,40.3,7.4,13.7,11.3,20.9,0.0,0.0,0.0,0.0,0.0,0.0,0.0,0.0,(CONTRACTS OF 100 TROY OUNCES),N20,GOLD,PRECIOUS METALS,NATURAL RESOURCES,Combined,15,24,102,27,69,15,24,102,27,69
250506088695C,MICRO GOLD - COMMODITY EXCHANGE INC.,2025-05-06T00:00:00.000,2025 Report Week 18,MICRO GOLD,088695,CMX ,NYC,088 ,GOLD,46325,0,0,632,0,0,2150,272,47,17120,19460,1626,21575,21405,24749,24920,46325,0,0,632,0,0,2150,272,47,17120,19460,1626,21575,21405,24749,24920,0,0,0,0,0,0,0,0,0,0,0,0,0,0,0,0,2448,0,0,236,0,0,88,147,-30,-1010,-1060,280,-436,-663,2884,3112,100.0,0.0,0.0,1.4,0.0,0.0,4.6,0.6,0.1,37.0,42.0,3.5,46.6,46.2,53.4,53.8,100.0,0.0,0.0,1.4,0.0,0.0,4.6,0.6,0.1,37.0,42.0,3.5,46.6,46.2,53.4,53.8,100.0,0.0,0.0,0.0,0.0,0.0,0.0,0.0,0.0,0.0,0.0,0.0,0.0,0.0,0.0,0.0,30,0,0,0,11,12,7,23,15,30,0,0,0,11,12,7,23,15,0,0,0,0,0,0,0,0,0,0,0,0,0,0,25.8,32.4,35.6,41.8,25.8,30.3,35.6,39.6,25.8,32.4,35.6,41.8,25.8,30.3,35.6,39.6,0.0,0.0,0.0,0.0,0.0,0.0,0.0,0.0,(CONTRACTS OF 10 TROY OUNCES),N20,GOLD,PRECIOUS METALS,NATURAL RESOURCES,Combined,0,,,,,0,,,,
250429088691C,GOLD - COMMODITY EXCHANGE INC.,2025-04-29T00:00:00.000,2025 Report Week 17,GOLD,088691,CMX ,NYC,088 ,GOLD,862598,48794,94399,30798,194924,97618,155256,39391,100390,94082,28069,277226,804164,832017,58434,30582,862598,48794,94399,30798,194924,97618,155256,39391,100390,94082,28069,277226,804164,832017,58434,30582,0,0,0,0,0,0,0,0,0,0,0,0,0,0,0,0,-116333,-1285,-2481,-1493,-11690,-12442,-9180,677,-25838,-5218,-1685,-57600,-113055,-111057,-3278,-5277,100.0,5.7,10.9,3.6,22.6,11.3,18.0,4.6,11.6,10.9,3.3,32.1,93.2,96.5,6.8,3.5,100.0,5.7,10.9,3.6,22.6,11.3,18.0,4.6,11.6,10.9,3.3,32.1,93.2,96.5,6.8,3.5,100.0,0.0,0.0,0.0,0.0,0.0,0.0,0.0,0.0,0.0,0.0,0.0,0.0,0.0,0.0,0.0,362,19,26,34,100,58,77,316,236,362,19,26,34,100,58,77,316,236,0,0,0,0,0,0,0,0,0,0,0,0,0,0,21.3,26.5,32.8,39.8,7.8,13.5,11.9,21.7,21.3,26.5,32.8,39.8,7.8,13.5,11.9,21.7,0.0,0.0,0.0,0.0,0.0,0.0,0.0,0.0,(CONTRACTS OF 100 TROY OUNCES),N20,GOLD,PRECIOUS METALS,NATURAL RESOURCES,Combined,15,20,101,31,68,15,20,101,31,68
250429088695C,MICRO GOLD - COMMODITY EXCHANGE INC.,2025-04-29T00:00:00.000,2025 Report Week 17,MICRO GOLD,088695,CMX ,NYC,088 ,GOLD,43876,0,0,396,0,0,2062,125,77,18130,20520,1346,22011,22068,21865,21808,43876,0,0,396,0,0,2062,125,77,18130,20520,1346,22011,22068,21865,21808,0,0,0,0,0,0,0,0,0,0,0,0,0,0,0,0,-2330,0,0,0,0,0,-425,125,77,-1713,2156,-1088,-3149,1270,819,-3600,100.0,0.0,0.0,0.9,0.0,0.0,4.7,0.3,0.2,41.3,46.8,3.1,50.2,50.3,49.8,49.7,100.0,0.0,0.0,0.9,0.0,0.0,4.7,0.3,0.2,41.3,46.8,3.1,50.2,50.3,49.8,49.7,100.0,0.0,0.0,0.0,0.0,0.0,0.0,0.0,0.0,0.0,0.0,0.0,0.0,0.0,0.0,0.0,29,0,0,0,11,13,6,20,16,29,0,0,0,11,13,6,20,16,0,0,0,0,0,0,0,0,0,0,0,0,0,0,29.7,36.0,39.6,45.5,29.2,33.8,39.2,43.1,29.7,36.0,39.6,45.5,29.2,33.8,39.2,43.1,0.0,0.0,0.0,0.0,0.0,0.0,0.0,0.0,(CONTRACTS OF 10 TROY OUNCES),N20,GOLD,PRECIOUS METALS,NATURAL RESOURCES,Combined,0,,,,,0,,,,
250422088695C,MICRO GOLD - COMMODITY EXCHANGE INC.,2025-04-22T00:00:00.000,2025 Report Week 16,MICRO GOLD,088695,CMX ,NYC,088 ,GOLD,46206,0,0,396,0,0,2487,0,0,19843,18364,2434,25160,20798,21046,25408,46206,0,0,396,0,0,2487,0,0,19843,18364,2434,25160,20798,21046,25408,0,0,0,0,0,0,0,0,0,0,0,0,0,0,0,0,7247,0,0,0,0,0,775,0,0,4338,2776,257,5370,3033,1877,4214,100.0,0.0,0.0,0.9,0.0,0.0,5.4,0.0,0.0,42.9,39.7,5.3,54.5,45.0,45.5,55.0,100.0,0.0,0.0,0.9,0.0,0.0,5.4,0.0,0.0,42.9,39.7,5.3,54.5,45.0,45.5,55.0,100.0,0.0,0.0,0.0,0.0,0.0,0.0,0.0,0.0,0.0,0.0,0.0,0.0,0.0,0.0,0.0,33,0,0,0,15,13,7,25,15,33,0,0,0,15,13,7,25,15,0,0,0,0,0,0,0,0,0,0,0,0,0,0,30.4,28.6,39.8,40.9,30.0,25.2,38.5,36.6,30.4,28.6,39.8,40.9,30.0,25.2,38.5,36.6,0.0,0.0,0.0,0.0,0.0,0.0,0.0,0.0,(CONTRACTS OF 10 TROY OUNCES),N20,GOLD,PRECIOUS METALS,NATURAL RESOURCES,Combined,0,,4,0,0,0,,4,0,0
250422088691C,GOLD - COMMODITY EXCHANGE INC.,2025-04-22T00:00:00.000,2025 Report Week 16,GOLD,088691,CMX ,NYC,088 ,GOLD,978932,50079,96879,32291,206614,110060,164436,38714,126228,99300,29753,334826,917219,943074,61713,35858,978932,50079,96879,32291,206614,110060,164436,38714,126228,99300,29753,334826,917219,943074,61713,35858,0,0,0,0,0,0,0,0,0,0,0,0,0,0,0,0,94003,7873,2665,6902,-13035,22001,-10787,409,20514,-8413,1522,53411,91501,87486,2503,6517,100.0,5.1,9.9,3.3,21.1,11.2,16.8,4.0,12.9,10.1,3.0,34.2,93.7,96.3,6.3,3.7,100.0,5.1,9.9,3.3,21.1,11.2,16.8,4.0,12.9,10.1,3.0,34.2,93.7,96.3,6.3,3.7,100.0,0.0,0.0,0.0,0.0,0.0,0.0,0.0,0.0,0.0,0.0,0.0,0.0,0.0,0.0,0.0,383,19,27,37,112,60,89,338,250,383,19,27,37,112,60,89,338,250,0,0,0,0,0,0,0,0,0,0,0,0,0,0,21.8,26.1,33.4,38.7,7.0,12.3,10.9,19.8,21.8,26.1,33.4,38.7,7.0,12.3,10.9,19.8,0.0,0.0,0.0,0.0,0.0,0.0,0.0,0.0,(CONTRACTS OF 100 TROY OUNCES),N20,GOLD,PRECIOUS METALS,NATURAL RESOURCES,Combined,16,20,110,29,67,16,20,110,29,67
250415088691C,GOLD - COMMODITY EXCHANGE INC.,2025-04-15T00:00:00.000,2025 Report Week 15,GOLD,088691,CMX ,NYC,088 ,GOLD,884929,42205,94214,25389,219649,88058,175224,38305,105714,107713,28231,281415,825718,855588,59210,29341,884929,42205,94214,25389,219649,88058,175224,38305,105714,107713,28231,281415,825718,855588,59210,29341,0,0,0,0,0,0,0,0,0,0,0,0,0,0,0,0,109192,5947,6690,-3221,6887,16737,-5810,-4262,22028,19730,4884,52527,107939,105492,1253,3701,100.0,4.8,10.6,2.9,24.8,10.0,19.8,4.3,11.9,12.2,3.2,31.8,93.3,96.7,6.7,3.3,100.0,4.8,10.6,2.9,24.8,10.0,19.8,4.3,11.9,12.2,3.2,31.8,93.3,96.7,6.7,3.3,100.0,0.0,0.0,0.0,0.0,0.0,0.0,0.0,0.0,0.0,0.0,0.0,0.0,0.0,0.0,0.0,361,20,29,37,99,54,73,320,229,361,20,29,37,99,54,73,320,229,0,0,0,0,0,0,0,0,0,0,0,0,0,0,20.5,25.8,32.0,38.8,9.3,14.4,13.6,23.0,20.5,25.8,32.0,38.8,9.3,14.4,13.6,23.0,0.0,0.0,0.0,0.0,0.0,0.0,0.0,0.0,(CONTRACTS OF 100 TROY OUNCES),N20,GOLD,PRECIOUS METALS,NATURAL RESOURCES,Combined,14,19,110,23,67,14,19,110,23,67
250415088695C,MICRO GOLD - COMMODITY EXCHANGE INC.,2025-04-15T00:00:00.000,2025 Report Week 15,MICRO GOLD,088695,CMX ,NYC,088 ,GOLD,38960,0,0,396,0,0,1712,0,0,15505,15588,2177,19790,17765,19170,21195,38960,0,0,396,0,0,1712,0,0,15505,15588,2177,19790,17765,19170,21195,0,0,0,0,0,0,0,0,0,0,0,0,0,0,0,0,1054,0,0,396,0,0,-421,0,0,4681,-237,-2440,2216,-2677,-1162,3731,100.0,0.0,0.0,1.0,0.0,0.0,4.4,0.0,0.0,39.8,40.0,5.6,50.8,45.6,49.2,54.4,100.0,0.0,0.0,1.0,0.0,0.0,4.4,0.0,0.0,39.8,40.0,5.6,50.8,45.6,49.2,54.4,100.0,0.0,0.0,0.0,0.0,0.0,0.0,0.0,0.0,0.0,0.0,0.0,0.0,0.0,0.0,0.0,33,0,0,0,16,13,5,23,15,33,0,0,0,16,13,5,23,15,0,0,0,0,0,0,0,0,0,0,0,0,0,0,23.1,27.8,35.5,40.4,22.6,24.0,34.2,35.9,23.1,27.8,35.5,40.4,22.6,24.0,34.2,35.9,0.0,0.0,0.0,0.0,0.0,0.0,0.0,0.0,(CONTRACTS OF 10 TROY OUNCES),N20,GOLD,PRECIOUS METALS,NATURAL RESOURCES,Combined,0,,,0,0,0,,,0,0
250408088691C,GOLD - COMMODITY EXCHANGE INC.,2025-04-08T00:00:00.000,2025 Report Week 14,GOLD,088691,CMX ,NYC,088 ,GOLD,775736,36258,87524,28610,212762,71321,181033,42568,83686,87983,23347,228888,717779,750096,57957,25640,775736,36258,87524,28610,212762,71321,181033,42568,83686,87983,23347,228888,717779,750096,57957,25640,0,0,0,0,0,0,0,0,0,0,0,0,0,0,0,0,-75700,-835,-10716,5719,-25823,-4746,-35315,2772,-22009,-20002,-10309,2254,-74934,-68577,-766,-7123,100.0,4.7,11.3,3.7,27.4,9.2,23.3,5.5,10.8,11.3,3.0,29.5,92.5,96.7,7.5,3.3,100.0,4.7,11.3,3.7,27.4,9.2,23.3,5.5,10.8,11.3,3.0,29.5,92.5,96.7,7.5,3.3,100.0,0.0,0.0,0.0,0.0,0.0,0.0,0.0,0.0,0.0,0.0,0.0,0.0,0.0,0.0,0.0,355,18,22,35,106,46,81,321,234,355,18,22,35,106,46,81,321,234,0,0,0,0,0,0,0,0,0,0,0,0,0,0,19.5,25.1,29.8,38.6,9.7,15.8,14.2,25.7,19.5,25.1,29.8,38.6,9.7,15.8,14.2,25.7,0.0,0.0,0.0,0.0,0.0,0.0,0.0,0.0,(CONTRACTS OF 100 TROY OUNCES),N20,GOLD,PRECIOUS METALS,NATURAL RESOURCES,Combined,14,22,110,25,73,14,22,110,25,73
250408088695C,MICRO GOLD - COMMODITY EXCHANGE INC.,2025-04-08T00:00:00.000,2025 Report Week 14,MICRO GOLD,088695,CMX ,NYC,088 ,GOLD,37906,0,0,0,0,0,2133,0,0,10824,15825,4617,17574,20442,20332,17464,37906,0,0,0,0,0,2133,0,0,10824,15825,4617,17574,20442,20332,17464,0,0,0,0,0,0,0,0,0,0,0,0,0,0,0,0,-222,0,0,0,0,0,-133,0,0,-1980,5426,-254,-2367,5172,2145,-5394,100.0,0.0,0.0,0.0,0.0,0.0,5.6,0.0,0.0,28.6,41.7,12.2,46.4,53.9,53.6,46.1,100.0,0.0,0.0,0.0,0.0,0.0,5.6,0.0,0.0,28.6,41.7,12.2,46.4,53.9,53.6,46.1,100.0,0.0,0.0,0.0,0.0,0.0,0.0,0.0,0.0,0.0,0.0,0.0,0.0,0.0,0.0,0.0,27,0,0,0,14,9,9,23,13,27,0,0,0,14,9,9,23,13,0,0,0,0,0,0,0,0,0,0,0,0,0,0,22.0,32.4,33.4,49.3,17.5,28.8,27.2,41.0,22.0,32.4,33.4,49.3,17.5,28.8,27.2,41.0,0.0,0.0,0.0,0.0,0.0,0.0,0.0,0.0,(CONTRACTS OF 10 TROY OUNCES),N20,GOLD,PRECIOUS METALS,NATURAL RESOURCES,Combined,0,0,,0,0,0,0,,0,0
250401088695C,MICRO GOLD - COMMODITY EXCHANGE INC.,2025-04-01T00:00:00.000,2025 Report Week 13,MICRO GOLD,088695,CMX ,NYC,088 ,GOLD,38127,0,0,0,0,0,2266,0,0,12804,10399,4871,19941,15270,18186,22857,38127,0,0,0,0,0,2266,0,0,12804,10399,4871,19941,15270,18186,22857,0,0,0,0,0,0,0,0,0,0,0,0,0,0,0,0,-107,0,0,0,0,0,362,0,0,3135,-5721,-1945,1552,-7666,-1659,7559,100.0,0.0,0.0,0.0,0.0,0.0,5.9,0.0,0.0,33.6,27.3,12.8,52.3,40.1,47.7,59.9,100.0,0.0,0.0,0.0,0.0,0.0,5.9,0.0,0.0,33.6,27.3,12.8,52.3,40.1,47.7,59.9,100.0,0.0,0.0,0.0,0.0,0.0,0.0,0.0,0.0,0.0,0.0,0.0,0.0,0.0,0.0,0.0,30,0,0,0,14,11,8,22,16,30,0,0,0,14,11,8,22,16,0,0,0,0,0,0,0,0,0,0,0,0,0,0,24.5,24.3,38.8,33.7,21.6,18.6,31.4,25.2,24.5,24.3,38.8,33.7,21.6,18.6,31.4,25.2,0.0,0.0,0.0,0.0,0.0,0.0,0.0,0.0,(CONTRACTS OF 10 TROY OUNCES),N20,GOLD,PRECIOUS METALS,NATURAL RESOURCES,Combined,0,0,4,0,0,0,0,4,0,0
250401088691C,GOLD - COMMODITY EXCHANGE INC.,2025-04-01T00:00:00.000,2025 Report Week 13,GOLD,088691,CMX ,NYC,088 ,GOLD,851437,37094,98240,22891,238585,76067,216348,39795,105695,107985,33656,226634,792714,818673,58723,32764,851437,37094,98240,22891,238585,76067,216348,39795,105695,107985,33656,226634,792714,818673,58723,32764,0,0,0,0,0,0,0,0,0,0,0,0,0,0,0,0,24835,-3180,-1318,9923,-1875,-25542,-10357,5777,25002,9966,1535,20507,26320,24086,-1485,749,100.0,4.4,11.5,2.7,28.0,8.9,25.4,4.7,12.4,12.7,4.0,26.6,93.1,96.2,6.9,3.8,100.0,4.4,11.5,2.7,28.0,8.9,25.4,4.7,12.4,12.7,4.0,26.6,93.1,96.2,6.9,3.8,100.0,0.0,0.0,0.0,0.0,0.0,0.0,0.0,0.0,0.0,0.0,0.0,0.0,0.0,0.0,0.0,369,20,27,29,99,63,82,317,237,369,20,27,29,99,63,82,317,237,0,0,0,0,0,0,0,0,0,0,0,0,0,0,18.5,24.5,30.0,36.7,10.5,15.2,15.4,24.1,18.5,24.5,30.0,36.7,10.5,15.2,15.4,24.1,0.0,0.0,0.0,0.0,0.0,0.0,0.0,0.0,(CONTRACTS OF 100 TROY OUNCES),N20,GOLD,PRECIOUS METALS,NATURAL RESOURCES,Combined,13,13,112,29,64,13,13,112,29,64
250325088691C,GOLD - COMMODITY EXCHANGE INC.,2025-03-25T00:00:00.000,2025 Report Week 12,GOLD,088691,CMX ,NYC,088 ,GOLD,826602,40273,99558,12968,240461,101610,226705,34018,80693,98019,32121,206127,766394,794586,60208,32015,826602,40273,99558,12968,240461,101610,226705,34018,80693,98019,32121,206127,766394,794586,60208,32015,0,0,0,0,0,0,0,0,0,0,0,0,0,0,0,0,-43432,-9417,-11039,-590,-6613,4087,-8705,-1234,-14495,-1913,599,-12095,-43128,-40790,-304,-2641,100.0,4.9,12.0,1.6,29.1,12.3,27.4,4.1,9.8,11.9,3.9,24.9,92.7,96.1,7.3,3.9,100.0,4.9,12.0,1.6,29.1,12.3,27.4,4.1,9.8,11.9,3.9,24.9,92.7,96.1,7.3,3.9,100.0,0.0,0.0,0.0,0.0,0.0,0.0,0.0,0.0,0.0,0.0,0.0,0.0,0.0,0.0,0.0,358,18,29,36,96,59,79,317,231,358,18,29,36,96,59,79,317,231,0,0,0,0,0,0,0,0,0,0,0,0,0,0,18.6,24.9,28.8,38.3,10.3,16.5,15.8,25.2,18.6,24.9,28.8,38.3,10.3,16.5,15.8,25.2,0.0,0.0,0.0,0.0,0.0,0.0,0.0,0.0,(CONTRACTS OF 100 TROY OUNCES),N20,GOLD,PRECIOUS METALS,NATURAL RESOURCES,Combined,13,14,116,20,65,13,14,116,20,65
250325088695C,MICRO GOLD - COMMODITY EXCHANGE INC.,2025-03-25T00:00:00.000,2025 Report Week 12,MICRO GOLD,088695,CMX ,NYC,088 ,GOLD,38234,0,0,0,0,0,1904,0,0,9669,16120,6816,18389,22936,19845,15298,38234,0,0,0,0,0,1904,0,0,9669,16120,6816,18389,22936,19845,15298,0,0,0,0,0,0,0,0,0,0,0,0,0,0,0,0,2231,0,0,0,0,0,-121,0,-75,-866,4878,2639,1577,7442,654,-5211,100.0,0.0,0.0,0.0,0.0,0.0,5.0,0.0,0.0,25.3,42.2,17.8,48.1,60.0,51.9,40.0,100.0,0.0,0.0,0.0,0.0,0.0,5.0,0.0,0.0,25.3,42.2,17.8,48.1,60.0,51.9,40.0,100.0,0.0,0.0,0.0,0.0,0.0,0.0,0.0,0.0,0.0,0.0,0.0,0.0,0.0,0.0,0.0,25,0,0,0,12,10,9,20,14,25,0,0,0,12,10,9,20,14,0,0,0,0,0,0,0,0,0,0,0,0,0,0,26.2,38.0,38.9,54.9,20.8,33.6,25.9,40.7,26.2,38.0,38.9,54.9,20.8,33.6,25.9,40.7,0.0,0.0,0.0,0.0,0.0,0.0,0.0,0.0,(CONTRACTS OF 10 TROY OUNCES),N20,GOLD,PRECIOUS METALS,NATURAL RESOURCES,Combined,0,0,,0,0,0,0,,0,0
250318088695C,MICRO GOLD - COMMODITY EXCHANGE INC.,2025-03-18T00:00:00.000,2025 Report Week 11,MICRO GOLD,088695,CMX ,NYC,088 ,GOLD,36003,0,0,0,0,0,2025,0,75,10535,11242,4177,16812,15494,19191,20509,36003,0,0,0,0,0,2025,0,75,10535,11242,4177,16812,15494,19191,20509,0,0,0,0,0,0,0,0,0,0,0,0,0,0,0,0,4017,0,0,0,0,0,443,-270,75,1505,-4620,2010,4033,-2805,-16,6822,100.0,0.0,0.0,0.0,0.0,0.0,5.6,0.0,0.2,29.3,31.2,11.6,46.7,43.0,53.3,57.0,100.0,0.0,0.0,0.0,0.0,0.0,5.6,0.0,0.2,29.3,31.2,11.6,46.7,43.0,53.3,57.0,100.0,0.0,0.0,0.0,0.0,0.0,0.0,0.0,0.0,0.0,0.0,0.0,0.0,0.0,0.0,0.0,24,0,0,0,11,10,8,19,14,24,0,0,0,11,10,8,19,14,0,0,0,0,0,0,0,0,0,0,0,0,0,0,24.7,24.7,35.2,38.5,23.8,22.9,30.5,30.0,24.7,24.7,35.2,38.5,23.8,22.9,30.5,30.0,0.0,0.0,0.0,0.0,0.0,0.0,0.0,0.0,(CONTRACTS OF 10 TROY OUNCES),N20,GOLD,PRECIOUS METALS,NATURAL RESOURCES,Combined,0,0,,0,,0,0,,0,
250318088691C,GOLD - COMMODITY EXCHANGE INC.,2025-03-18T00:00:00.000,2025 Report Week 11,GOLD,088691,CMX ,NYC,088 ,GOLD,870033,49690,110597,13557,247074,97523,235409,35252,95187,99932,31522,218222,809522,835376,60512,34657,870033,49690,110597,13557,247074,97523,235409,35252,95187,99932,31522,218222,809522,835376,60512,34657,0,0,0,0,0,0,0,0,0,0,0,0,0,0,0,0,90763,3663,10497,-2230,13424,18099,19783,1775,3745,11919,3389,35438,90417,86369,346,4395,100.0,5.7,12.7,1.6,28.4,11.2,27.1,4.1,10.9,11.5,3.6,25.1,93.0,96.0,7.0,4.0,100.0,5.7,12.7,1.6,28.4,11.2,27.1,4.1,10.9,11.5,3.6,25.1,93.0,96.0,7.0,4.0,100.0,0.0,0.0,0.0,0.0,0.0,0.0,0.0,0.0,0.0,0.0,0.0,0.0,0.0,0.0,0.0,362,18,28,35,97,63,81,324,227,362,18,28,35,97,63,81,324,227,0,0,0,0,0,0,0,0,0,0,0,0,0,0,19.6,25.2,30.0,39.6,10.1,15.9,15.5,24.7,19.6,25.2,30.0,39.6,10.1,15.9,15.5,24.7,0.0,0.0,0.0,0.0,0.0,0.0,0.0,0.0,(CONTRACTS OF 100 TROY OUNCES),N20,GOLD,PRECIOUS METALS,NATURAL RESOURCES,Combined,12,15,116,20,64,12,15,116,20,64
250311088691C,GOLD - COMMODITY EXCHANGE INC.,2025-03-11T00:00:00.000,2025 Report Week 10,GOLD,088691,CMX ,NYC,088 ,GOLD,779270,46027,100100,15787,233650,79424,215627,33476,91442,88014,28132,182784,719105,749008,60166,30262,779270,46027,100100,15787,233650,79424,215627,33476,91442,88014,28132,182784,719105,749008,60166,30262,0,0,0,0,0,0,0,0,0,0,0,0,0,0,0,0,22971,-382,-1682,2181,-1990,17823,-1429,-1016,6497,-6900,-344,1515,19307,20805,3664,2165,100.0,5.9,12.8,2.0,30.0,10.2,27.7,4.3,11.7,11.3,3.6,23.5,92.3,96.1,7.7,3.9,100.0,5.9,12.8,2.0,30.0,10.2,27.7,4.3,11.7,11.3,3.6,23.5,92.3,96.1,7.7,3.9,100.0,0.0,0.0,0.0,0.0,0.0,0.0,0.0,0.0,0.0,0.0,0.0,0.0,0.0,0.0,0.0,336,15,27,35,91,51,74,301,217,336,15,27,35,91,51,74,301,217,0,0,0,0,0,0,0,0,0,0,0,0,0,0,19.6,26.2,31.5,40.9,11.3,17.4,17.0,26.3,19.6,26.2,31.5,40.9,11.3,17.4,17.0,26.3,0.0,0.0,0.0,0.0,0.0,0.0,0.0,0.0,(CONTRACTS OF 100 TROY OUNCES),N20,GOLD,PRECIOUS METALS,NATURAL RESOURCES,Combined,13,15,108,21,65,13,15,108,21,65
250311088695C,MICRO GOLD - COMMODITY EXCHANGE INC.,2025-03-11T00:00:00.000,2025 Report Week 10,MICRO GOLD,088695,CMX ,NYC,088 ,GOLD,31986,0,0,0,0,0,1582,270,0,9030,15862,2167,12779,18299,19207,13687,31986,0,0,0,0,0,1582,270,0,9030,15862,2167,12779,18299,19207,13687,0,0,0,0,0,0,0,0,0,0,0,0,0,0,0,0,565,0,0,0,0,0,0,112,-76,1305,1040,-222,1007,854,-442,-289,100.0,0.0,0.0,0.0,0.0,0.0,4.9,0.8,0.0,28.2,49.6,6.8,40.0,57.2,60.0,42.8,100.0,0.0,0.0,0.0,0.0,0.0,4.9,0.8,0.0,28.2,49.6,6.8,40.0,57.2,60.0,42.8,100.0,0.0,0.0,0.0,0.0,0.0,0.0,0.0,0.0,0.0,0.0,0.0,0.0,0.0,0.0,0.0,22,0,0,0,9,10,8,16,14,22,0,0,0,9,10,8,16,14,0,0,0,0,0,0,0,0,0,0,0,0,0,0,21.5,42.4,31.6,54.8,21.5,41.3,30.8,48.9,21.5,42.4,31.6,54.8,21.5,41.3,30.8,48.9,0.0,0.0,0.0,0.0,0.0,0.0,0.0,0.0,(CONTRACTS OF 10 TROY OUNCES),N20,GOLD,PRECIOUS METALS,NATURAL RESOURCES,Combined,0,0,,,0,0,0,,,0
250304088691C,GOLD - COMMODITY EXCHANGE INC.,2025-03-04T00:00:00.000,2025 Report Week 09,GOLD,088691,CMX ,NYC,088 ,GOLD,756299,46409,101781,13606,235639,61601,217056,34492,84944,94913,28476,181269,699798,728203,56502,28097,756299,46409,101781,13606,235639,61601,217056,34492,84944,94913,28476,181269,699798,728203,56502,28097,0,0,0,0,0,0,0,0,0,0,0,0,0,0,0,0,-16748,1012,-861,1480,-14490,-8661,-6399,5394,-5659,-6562,86,7257,-17533,-16935,785,188,100.0,6.1,13.5,1.8,31.2,8.1,28.7,4.6,11.2,12.5,3.8,24.0,92.5,96.3,7.5,3.7,100.0,6.1,13.5,1.8,31.2,8.1,28.7,4.6,11.2,12.5,3.8,24.0,92.5,96.3,7.5,3.7,100.0,0.0,0.0,0.0,0.0,0.0,0.0,0.0,0.0,0.0,0.0,0.0,0.0,0.0,0.0,0.0,325,14,28,34,90,51,73,295,207,325,14,28,34,90,51,73,295,207,0,0,0,0,0,0,0,0,0,0,0,0,0,0,19.7,27.7,31.3,41.9,11.7,18.7,17.7,27.9,19.7,27.7,31.3,41.9,11.7,18.7,17.7,27.9,0.0,0.0,0.0,0.0,0.0,0.0,0.0,0.0,(CONTRACTS OF 100 TROY OUNCES),N20,GOLD,PRECIOUS METALS,NATURAL RESOURCES,Combined,14,14,101,20,61,14,14,101,20,61
250304088695C,MICRO GOLD - COMMODITY EXCHANGE INC.,2025-03-04T00:00:00.000,2025 Report Week 09,MICRO GOLD,088695,CMX ,NYC,088 ,GOLD,31421,0,0,0,0,0,1582,158,76,7725,14822,2389,11772,17445,19649,13976,31421,0,0,0,0,0,1582,158,76,7725,14822,2389,11772,17445,19649,13976,0,0,0,0,0,0,0,0,0,0,0,0,0,0,0,0,-3098,0,0,0,0,0,-309,-68,19,-1105,1207,-1016,-2411,142,-687,-3240,100.0,0.0,0.0,0.0,0.0,0.0,5.0,0.5,0.2,24.6,47.2,7.6,37.5,55.5,62.5,44.5,100.0,0.0,0.0,0.0,0.0,0.0,5.0,0.5,0.2,24.6,47.2,7.6,37.5,55.5,62.5,44.5,100.0,0.0,0.0,0.0,0.0,0.0,0.0,0.0,0.0,0.0,0.0,0.0,0.0,0.0,0.0,0.0,22,0,0,0,10,9,8,18,13,22,0,0,0,10,9,8,18,13,0,0,0,0,0,0,0,0,0,0,0,0,0,0,19.2,43.0,28.8,53.8,19.2,39.9,26.2,47.0,19.2,43.0,28.8,53.8,19.2,39.9,26.2,47.0,0.0,0.0,0.0,0.0,0.0,0.0,0.0,0.0,(CONTRACTS OF 10 TROY OUNCES),N20,GOLD,PRECIOUS METALS,NATURAL RESOURCES,Combined,0,0,,,,0,0,,,
250225088691C,GOLD - COMMODITY EXCHANGE INC.,2025-02-25T00:00:00.000,2025 Report Week 08,GOLD,088691,CMX ,NYC,088 ,GOLD,773047,45397,102642,12126,250130,70262,223455,29098,90604,101475,28391,174012,717331,745138,55716,27909,773047,45397,102642,12126,250130,70262,223455,29098,90604,101475,28391,174012,717331,745138,55716,27909,0,0,0,0,0,0,0,0,0,0,0,0,0,0,0,0,-98091,-4266,-5193,-2546,-7804,-20330,-8310,-706,-8859,-1004,-1275,-50065,-95380,-94231,-2710,-3859,100.0,5.9,13.3,1.6,32.4,9.1,28.9,3.8,11.7,13.1,3.7,22.5,92.8,96.4,7.2,3.6,100.0,5.9,13.3,1.6,32.4,9.1,28.9,3.8,11.7,13.1,3.7,22.5,92.8,96.4,7.2,3.6,100.0,0.0,0.0,0.0,0.0,0.0,0.0,0.0,0.0,0.0,0.0,0.0,0.0,0.0,0.0,0.0,331,15,30,35,92,50,69,293,216,331,15,30,35,92,50,69,293,216,0,0,0,0,0,0,0,0,0,0,0,0,0,0,19.4,26.5,30.8,42.1,11.5,18.5,17.4,28.3,19.4,26.5,30.8,42.1,11.5,18.5,17.4,28.3,0.0,0.0,0.0,0.0,0.0,0.0,0.0,0.0,(CONTRACTS OF 100 TROY OUNCES),N20,GOLD,PRECIOUS METALS,NATURAL RESOURCES,Combined,14,13,103,20,66,14,13,103,20,66
250225088695C,MICRO GOLD - COMMODITY EXCHANGE INC.,2025-02-25T00:00:00.000,2025 Report Week 08,MICRO GOLD,088695,CMX ,NYC,088 ,GOLD,34519,0,0,0,0,0,1891,226,57,8830,13615,3405,14183,17303,20336,17216,34519,0,0,0,0,0,1891,226,57,8830,13615,3405,14183,17303,20336,17216,0,0,0,0,0,0,0,0,0,0,0,0,0,0,0,0,902,0,0,0,0,0,-223,226,57,-704,4223,618,-252,5124,1154,-4222,100.0,0.0,0.0,0.0,0.0,0.0,5.5,0.7,0.2,25.6,39.4,9.9,41.1,50.1,58.9,49.9,100.0,0.0,0.0,0.0,0.0,0.0,5.5,0.7,0.2,25.6,39.4,9.9,41.1,50.1,58.9,49.9,100.0,0.0,0.0,0.0,0.0,0.0,0.0,0.0,0.0,0.0,0.0,0.0,0.0,0.0,0.0,0.0,21,0,0,0,9,8,8,17,13,21,0,0,0,9,8,8,17,13,0,0,0,0,0,0,0,0,0,0,0,0,0,0,20.0,38.6,32.5,48.3,18.6,32.9,27.8,39.4,20.0,38.6,32.5,48.3,18.6,32.9,27.8,39.4,0.0,0.0,0.0,0.0,0.0,0.0,0.0,0.0,(CONTRACTS OF 10 TROY OUNCES),N20,GOLD,PRECIOUS METALS,NATURAL RESOURCES,Combined,0,0,,,,0,0,,,
250218088695C,MICRO GOLD - COMMODITY EXCHANGE INC.,2025-02-18T00:00:00.000,2025 Report Week 07,MICRO GOLD,088695,CMX ,NYC,088 ,GOLD,33617,0,0,0,0,0,2114,0,0,9534,9392,2787,14435,12179,19182,21438,33617,0,0,0,0,0,2114,0,0,9534,9392,2787,14435,12179,19182,21438,0,0,0,0,0,0,0,0,0,0,0,0,0,0,0,0,1437,-19,-251,0,0,0,-308,0,0,-107,359,293,-141,401,1578,1036,100.0,0.0,0.0,0.0,0.0,0.0,6.3,0.0,0.0,28.4,27.9,8.3,42.9,36.2,57.1,63.8,100.0,0.0,0.0,0.0,0.0,0.0,6.3,0.0,0.0,28.4,27.9,8.3,42.9,36.2,57.1,63.8,100.0,0.0,0.0,0.0,0.0,0.0,0.0,0.0,0.0,0.0,0.0,0.0,0.0,0.0,0.0,0.0,22,0,0,0,9,10,7,16,13,22,0,0,0,9,10,7,16,13,0,0,0,0,0,0,0,0,0,0,0,0,0,0,26.0,23.7,36.3,33.1,23.0,19.7,31.0,26.1,26.0,23.7,36.3,33.1,23.0,19.7,31.0,26.1,0.0,0.0,0.0,0.0,0.0,0.0,0.0,0.0,(CONTRACTS OF 10 TROY OUNCES),N20,GOLD,PRECIOUS METALS,NATURAL RESOURCES,Combined,0,0,,0,0,0,0,,0,0
250218088691C,GOLD - COMMODITY EXCHANGE INC.,2025-02-18T00:00:00.000,2025 Report Week 07,GOLD,088691,CMX ,NYC,088 ,GOLD,871137,49662,107835,14673,257934,90592,231765,29803,99463,102479,29665,224077,812711,839369,58427,31769,871137,49662,107835,14673,257934,90592,231765,29803,99463,102479,29665,224077,812711,839369,58427,31769,0,0,0,0,0,0,0,0,0,0,0,0,0,0,0,0,3628,2571,425,-2847,-17397,2944,-11641,1964,1453,-5156,96,14500,1826,3986,1802,-358,100.0,5.7,12.4,1.7,29.6,10.4,26.6,3.4,11.4,11.8,3.4,25.7,93.3,96.4,6.7,3.6,100.0,5.7,12.4,1.7,29.6,10.4,26.6,3.4,11.4,11.8,3.4,25.7,93.3,96.4,6.7,3.6,100.0,0.0,0.0,0.0,0.0,0.0,0.0,0.0,0.0,0.0,0.0,0.0,0.0,0.0,0.0,0.0,350,15,32,40,91,62,79,315,231,350,15,32,40,91,62,79,315,231,0,0,0,0,0,0,0,0,0,0,0,0,0,0,20.3,26.9,31.4,42.6,10.5,16.9,16.1,26.1,20.3,26.9,31.4,42.6,10.5,16.9,16.1,26.1,0.0,0.0,0.0,0.0,0.0,0.0,0.0,0.0,(CONTRACTS OF 100 TROY OUNCES),N20,GOLD,PRECIOUS METALS,NATURAL RESOURCES,Combined,14,15,106,21,68,14,15,106,21,68
250211088691C,GOLD - COMMODITY EXCHANGE INC.,2025-02-11T00:00:00.000,2025 Report Week 06,GOLD,088691,CMX ,NYC,088 ,GOLD,867510,47091,107410,17519,275330,87647,243406,27839,98010,107635,29570,209577,810885,835383,56624,32126,867510,47091,107410,17519,275330,87647,243406,27839,98010,107635,29570,209577,810885,835383,56624,32126,0,0,0,0,0,0,0,0,0,0,0,0,0,0,0,0,30312,4490,1295,-3038,-17020,5282,-11624,3036,5565,-2360,-496,31100,29415,28763,896,1549,100.0,5.4,12.4,2.0,31.7,10.1,28.1,3.2,11.3,12.4,3.4,24.2,93.5,96.3,6.5,3.7,100.0,5.4,12.4,2.0,31.7,10.1,28.1,3.2,11.3,12.4,3.4,24.2,93.5,96.3,6.5,3.7,100.0,0.0,0.0,0.0,0.0,0.0,0.0,0.0,0.0,0.0,0.0,0.0,0.0,0.0,0.0,0.0,345,15,33,37,87,62,72,307,223,345,15,33,37,87,62,72,307,223,0,0,0,0,0,0,0,0,0,0,0,0,0,0,20.5,27.0,31.4,43.1,11.5,17.2,17.2,27.7,20.5,27.0,31.4,43.1,11.5,17.2,17.2,27.7,0.0,0.0,0.0,0.0,0.0,0.0,0.0,0.0,(CONTRACTS OF 100 TROY OUNCES),N20,GOLD,PRECIOUS METALS,NATURAL RESOURCES,Combined,13,13,105,23,68,13,13,105,23,68
250211088695C,MICRO GOLD - COMMODITY EXCHANGE INC.,2025-02-11T00:00:00.000,2025 Report Week 06,MICRO GOLD,088695,CMX ,NYC,088 ,GOLD,32180,19,251,0,0,0,2422,0,0,9641,9033,2494,14576,11778,17604,20402,32180,19,251,0,0,0,2422,0,0,9641,9033,2494,14576,11778,17604,20402,0,0,0,0,0,0,0,0,0,0,0,0,0,0,0,0,,,,,,,,,,,,,,,,,100.0,0.1,0.8,0.0,0.0,0.0,7.5,0.0,0.0,30.0,28.1,7.8,45.3,36.6,54.7,63.4,100.0,0.1,0.8,0.0,0.0,0.0,7.5,0.0,0.0,30.0,28.1,7.8,45.3,36.6,54.7,63.4,100.0,0.0,0.0,0.0,0.0,0.0,0.0,0.0,0.0,0.0,0.0,0.0,0.0,0.0,0.0,0.0,24,,0,0,9,10,7,17,15,24,,0,0,9,10,7,17,15,0,0,0,0,0,0,0,0,0,0,0,0,0,0,27.8,23.7,38.4,32.9,24.8,20.3,33.2,26.7,27.8,23.7,38.4,32.9,24.8,20.3,33.2,26.7,0.0,0.0,0.0,0.0,0.0,0.0,0.0,0.0,(CONTRACTS OF 10 TROY OUNCES),N20,GOLD,PRECIOUS METALS,NATURAL RESOURCES,Combined,,0,4,0,0,,0,4,0,0
250204088691C,GOLD - COMMODITY EXCHANGE INC.,2025-02-04T00:00:00.000,2025 Report Week 05,GOLD,088691,CMX ,NYC,088 ,GOLD,837198,42601,106115,20557,292350,82365,255030,24804,92445,109995,30066,178477,781470,806621,55728,30577,837198,42601,106115,20557,292350,82365,255030,24804,92445,109995,30066,178477,781470,806621,55728,30577,0,0,0,0,0,0,0,0,0,0,0,0,0,0,0,0,31945,3040,-14272,-8726,13044,-15084,12202,12568,-2245,6080,1714,35705,30971,31429,974,516,100.0,5.1,12.7,2.5,34.9,9.8,30.5,3.0,11.0,13.1,3.6,21.3,93.3,96.3,6.7,3.7,100.0,5.1,12.7,2.5,34.9,9.8,30.5,3.0,11.0,13.1,3.6,21.3,93.3,96.3,6.7,3.7,100.0,0.0,0.0,0.0,0.0,0.0,0.0,0.0,0.0,0.0,0.0,0.0,0.0,0.0,0.0,0.0,342,14,33,38,88,55,64,307,212,342,14,33,38,88,55,64,307,212,0,0,0,0,0,0,0,0,0,0,0,0,0,0,19.0,29.5,29.4,44.9,11.8,21.2,17.7,31.3,19.0,29.5,29.4,44.9,11.8,21.2,17.7,31.3,0.0,0.0,0.0,0.0,0.0,0.0,0.0,0.0,(CONTRACTS OF 100 TROY OUNCES),N20,GOLD,PRECIOUS METALS,NATURAL RESOURCES,Combined,13,15,113,17,67,13,15,113,17,67
250128088691C,GOLD - COMMODITY EXCHANGE INC.,2025-01-28T00:00:00.000,2025 Report Week 04,GOLD,088691,CMX ,NYC,088 ,GOLD,805253,39561,120387,29284,279306,97449,242828,12236,94690,103914,28352,142771,750498,775191,54754,30062,805253,39561,120387,29284,279306,97449,242828,12236,94690,103914,28352,142771,750498,775191,54754,30062,0,0,0,0,0,0,0,0,0,0,0,0,0,0,0,0,-39882,-1407,-369,-428,198,6731,2910,6676,-10946,3086,-3627,-37599,-37652,-38936,-2229,-945,100.0,4.9,15.0,3.6,34.7,12.1,30.2,1.5,11.8,12.9,3.5,17.7,93.2,96.3,6.8,3.7,100.0,4.9,15.0,3.6,34.7,12.1,30.2,1.5,11.8,12.9,3.5,17.7,93.2,96.3,6.8,3.7,100.0,0.0,0.0,0.0,0.0,0.0,0.0,0.0,0.0,0.0,0.0,0.0,0.0,0.0,0.0,0.0,327,17,30,36,85,50,63,293,208,327,17,30,36,85,50,63,293,208,0,0,0,0,0,0,0,0,0,0,0,0,0,0,17.7,30.7,27.1,45.2,11.9,23.6,17.8,32.4,17.7,30.7,27.1,45.2,11.9,23.6,17.8,32.4,0.0,0.0,0.0,0.0,0.0,0.0,0.0,0.0,(CONTRACTS OF 100 TROY OUNCES),N20,GOLD,PRECIOUS METALS,NATURAL RESOURCES,Combined,13,13,111,16,65,13,13,111,16,65
250128088695C,MICRO GOLD - COMMODITY EXCHANGE INC.,2025-01-28T00:00:00.000,2025 Report Week 04,MICRO GOLD,088695,CMX ,NYC,088 ,GOLD,37918,11,238,0,0,0,1560,396,0,7062,7595,13383,22016,21612,15902,16306,37918,11,238,0,0,0,1560,396,0,7062,7595,13383,22016,21612,15902,16306,0,0,0,0,0,0,0,0,0,0,0,0,0,0,0,0,540,-1,10,0,0,0,-624,396,-46,-157,-3572,3152,2324,-60,-1784,600,100.0,0.0,0.6,0.0,0.0,0.0,4.1,1.0,0.0,18.6,20.0,35.3,58.1,57.0,41.9,43.0,100.0,0.0,0.6,0.0,0.0,0.0,4.1,1.0,0.0,18.6,20.0,35.3,58.1,57.0,41.9,43.0,100.0,0.0,0.0,0.0,0.0,0.0,0.0,0.0,0.0,0.0,0.0,0.0,0.0,0.0,0.0,0.0,23,,0,0,10,10,9,16,17,23,,0,0,10,10,9,16,17,0,0,0,0,0,0,0,0,0,0,0,0,0,0,35.5,42.9,50.8,51.6,15.2,14.7,21.0,19.1,35.5,42.9,50.8,51.6,15.2,14.7,21.0,19.1,0.0,0.0,0.0,0.0,0.0,0.0,0.0,0.0,(CONTRACTS OF 10 TROY OUNCES),N20,GOLD,PRECIOUS METALS,NATURAL RESOURCES,Combined,,0,,,0,,0,,,0
250121088691C,GOLD - COMMODITY EXCHANGE INC.,2025-01-21T00:00:00.000,2025 Report Week 03,GOLD,088691,CMX ,NYC,088 ,GOLD,845135,40969,120756,29712,279108,90718,239918,5560,105636,100828,31979,180370,788151,814128,56984,31007,845135,40969,120756,29712,279108,90718,239918,5560,105636,100828,31979,180370,788151,814128,56984,31007,0,0,0,0,0,0,0,0,0,0,0,0,0,0,0,0,88158,1519,8702,-362,19533,9217,18304,-3560,27174,7868,4789,21454,85174,87309,2984,849,100.0,4.8,14.3,3.5,33.0,10.7,28.4,0.7,12.5,11.9,3.8,21.3,93.3,96.3,6.7,3.7,100.0,4.8,14.3,3.5,33.0,10.7,28.4,0.7,12.5,11.9,3.8,21.3,93.3,96.3,6.7,3.7,100.0,0.0,0.0,0.0,0.0,0.0,0.0,0.0,0.0,0.0,0.0,0.0,0.0,0.0,0.0,0.0,343,17,31,36,92,54,75,309,224,343,17,31,36,92,54,75,309,224,0,0,0,0,0,0,0,0,0,0,0,0,0,0,18.1,31.2,27.7,46.0,11.5,23.9,17.0,31.5,18.1,31.2,27.7,46.0,11.5,23.9,17.0,31.5,0.0,0.0,0.0,0.0,0.0,0.0,0.0,0.0,(CONTRACTS OF 100 TROY OUNCES),N20,GOLD,PRECIOUS METALS,NATURAL RESOURCES,Combined,13,13,109,21,70,13,13,109,21,70
250121088695C,MICRO GOLD - COMMODITY EXCHANGE INC.,2025-01-21T00:00:00.000,2025 Report Week 03,MICRO GOLD,088695,CMX ,NYC,088 ,GOLD,37378,12,228,0,0,0,2184,0,46,7219,11167,10231,19692,21672,17686,15706,37378,12,228,0,0,0,2184,0,46,7219,11167,10231,19692,21672,17686,15706,0,0,0,0,0,0,0,0,0,0,0,0,0,0,0,0,3863,12,228,0,0,0,606,-916,46,1267,1036,1325,3256,1719,607,2144,100.0,0.0,0.6,0.0,0.0,0.0,5.8,0.0,0.1,19.3,29.9,27.4,52.7,58.0,47.3,42.0,100.0,0.0,0.6,0.0,0.0,0.0,5.8,0.0,0.1,19.3,29.9,27.4,52.7,58.0,47.3,42.0,100.0,0.0,0.0,0.0,0.0,0.0,0.0,0.0,0.0,0.0,0.0,0.0,0.0,0.0,0.0,0.0,22,,0,0,10,8,8,17,15,22,,0,0,10,8,8,17,15,0,0,0,0,0,0,0,0,0,0,0,0,0,0,29.3,44.5,43.6,54.8,15.0,25.1,21.2,29.9,29.3,44.5,43.6,54.8,15.0,25.1,21.2,29.9,0.0,0.0,0.0,0.0,0.0,0.0,0.0,0.0,(CONTRACTS OF 10 TROY OUNCES),N20,GOLD,PRECIOUS METALS,NATURAL RESOURCES,Combined,,0,,0,,,0,,0,
250114088691C,GOLD - COMMODITY EXCHANGE INC.,2025-01-14T00:00:00.000,2025 Report Week 02,GOLD,088691,CMX ,NYC,088 ,GOLD,756977,39449,112054,30073,259575,81501,221614,9120,78463,92960,27190,158916,702977,726819,54000,30158,756977,39449,112054,30073,259575,81501,221614,9120,78463,92960,27190,158916,702977,726819,54000,30158,0,0,0,0,0,0,0,0,0,0,0,0,0,0,0,0,66491,11778,14444,-2435,18532,24468,14901,-3093,-2138,3846,-2092,14581,65001,64701,1491,1791,100.0,5.2,14.8,4.0,34.3,10.8,29.3,1.2,10.4,12.3,3.6,21.0,92.9,96.0,7.1,4.0,100.0,5.2,14.8,4.0,34.3,10.8,29.3,1.2,10.4,12.3,3.6,21.0,92.9,96.0,7.1,4.0,100.0,0.0,0.0,0.0,0.0,0.0,0.0,0.0,0.0,0.0,0.0,0.0,0.0,0.0,0.0,0.0,326,16,29,33,93,43,68,290,214,326,16,29,33,93,43,68,290,214,0,0,0,0,0,0,0,0,0,0,0,0,0,0,18.0,32.6,27.8,47.8,12.1,25.4,18.2,33.5,18.0,32.6,27.8,47.8,12.1,25.4,18.2,33.5,0.0,0.0,0.0,0.0,0.0,0.0,0.0,0.0,(CONTRACTS OF 100 TROY OUNCES),N20,GOLD,PRECIOUS METALS,NATURAL RESOURCES,Combined,13,13,105,20,68,13,13,105,20,68
250114088695C,MICRO GOLD - COMMODITY EXCHANGE INC.,2025-01-14T00:00:00.000,2025 Report Week 02,MICRO GOLD,088695,CMX ,NYC,088 ,GOLD,33515,0,0,0,0,0,1578,916,0,5952,10131,8906,16436,19953,17079,13562,33515,0,0,0,0,0,1578,916,0,5952,10131,8906,16436,19953,17079,13562,0,0,0,0,0,0,0,0,0,0,0,0,0,0,0,0,,,,,,,,,,,,,,,,,100.0,0.0,0.0,0.0,0.0,0.0,4.7,2.7,0.0,17.8,30.2,26.6,49.0,59.5,51.0,40.5,100.0,0.0,0.0,0.0,0.0,0.0,4.7,2.7,0.0,17.8,30.2,26.6,49.0,59.5,51.0,40.5,100.0,0.0,0.0,0.0,0.0,0.0,0.0,0.0,0.0,0.0,0.0,0.0,0.0,0.0,0.0,0.0,20,0,0,0,9,8,8,13,15,20,0,0,0,9,8,8,13,15,0,0,0,0,0,0,0,0,0,0,0,0,0,0,31.1,43.0,43.4,53.4,14.2,24.1,21.0,30.6,31.1,43.0,43.4,53.4,14.2,24.1,21.0,30.6,0.0,0.0,0.0,0.0,0.0,0.0,0.0,0.0,(CONTRACTS OF 10 TROY OUNCES),N20,GOLD,PRECIOUS METALS,NATURAL RESOURCES,Combined,0,0,,,0,0,0,,,0
250107088691C,GOLD - COMMODITY EXCHANGE INC.,2025-01-07T00:00:00.000,2025 Report Week 01,GOLD,088691,CMX ,NYC,088 ,GOLD,690485,27671,97610,32508,241043,57033,206713,12214,80600,89114,29283,144336,637976,662118,52509,28367,690485,27671,97610,32508,241043,57033,206713,12214,80600,89114,29283,144336,637976,662118,52509,28367,0,0,0,0,0,0,0,0,0,0,0,0,0,0,0,0,31895,649,-1315,764,11558,2175,10777,-1339,9957,1490,4837,5859,31671,31732,224,162,100.0,4.0,14.1,4.7,34.9,8.3,29.9,1.8,11.7,12.9,4.2,20.9,92.4,95.9,7.6,4.1,100.0,4.0,14.1,4.7,34.9,8.3,29.9,1.8,11.7,12.9,4.2,20.9,92.4,95.9,7.6,4.1,100.0,0.0,0.0,0.0,0.0,0.0,0.0,0.0,0.0,0.0,0.0,0.0,0.0,0.0,0.0,0.0,316,17,29,33,84,42,62,277,209,316,17,29,33,84,42,62,277,209,0,0,0,0,0,0,0,0,0,0,0,0,0,0,19.5,32.7,30.6,48.7,13.2,26.0,19.2,34.6,19.5,32.7,30.6,48.7,13.2,26.0,19.2,34.6,0.0,0.0,0.0,0.0,0.0,0.0,0.0,0.0,(CONTRACTS OF 100 TROY OUNCES),N20,GOLD,PRECIOUS METALS,NATURAL RESOURCES,Combined,11,14,102,20,67,11,14,102,20,67
241231088691C,GOLD - COMMODITY EXCHANGE INC.,2024-12-31T00:00:00.000,2024 Report Week 53,GOLD,088691,CMX ,NYC,088 ,GOLD,658591,27022,98925,31744,229484,54858,195936,13552,70643,87624,24446,138477,606305,630386,52285,28205,658591,27022,98925,31744,229484,54858,195936,13552,70643,87624,24446,138477,606305,630386,52285,28205,0,0,0,0,0,0,0,0,0,0,0,0,0,0,0,0,-32458,-3479,-2628,146,-900,-2232,-2617,-741,2815,2137,-1921,-28253,-31484,-33860,-975,1401,100.0,4.1,15.0,4.8,34.8,8.3,29.8,2.1,10.7,13.3,3.7,21.0,92.1,95.7,7.9,4.3,100.0,4.1,15.0,4.8,34.8,8.3,29.8,2.1,10.7,13.3,3.7,21.0,92.1,95.7,7.9,4.3,100.0,0.0,0.0,0.0,0.0,0.0,0.0,0.0,0.0,0.0,0.0,0.0,0.0,0.0,0.0,0.0,290,13,30,32,81,34,52,255,187,290,13,30,32,81,34,52,255,187,0,0,0,0,0,0,0,0,0,0,0,0,0,0,19.2,33.3,30.7,49.3,13.7,26.0,19.7,34.9,19.2,33.3,30.7,49.3,13.7,26.0,19.7,34.9,0.0,0.0,0.0,0.0,0.0,0.0,0.0,0.0,(CONTRACTS OF 100 TROY OUNCES),N20,GOLD,PRECIOUS METALS,NATURAL RESOURCES,Combined,11,12,91,24,60,11,12,91,24,60
241231088695C,MICRO GOLD - COMMODITY EXCHANGE INC.,2024-12-31T00:00:00.000,2024 Report Week 53,MICRO GOLD,088695,CMX ,NYC,088 ,GOLD,32113,0,0,0,0,0,1817,453,5,3907,13583,6677,12406,20718,19706,11394,32113,0,0,0,0,0,1817,453,5,3907,13583,6677,12406,20718,19706,11394,0,0,0,0,0,0,0,0,0,0,0,0,0,0,0,0,-1368,0,0,0,0,0,-188,342,-93,-151,-1892,753,321,-890,-1689,-478,100.0,0.0,0.0,0.0,0.0,0.0,5.7,1.4,0.0,12.2,42.3,20.8,38.6,64.5,61.4,35.5,100.0,0.0,0.0,0.0,0.0,0.0,5.7,1.4,0.0,12.2,42.3,20.8,38.6,64.5,61.4,35.5,100.0,0.0,0.0,0.0,0.0,0.0,0.0,0.0,0.0,0.0,0.0,0.0,0.0,0.0,0.0,0.0,23,0,0,0,11,9,8,18,14,23,0,0,0,11,9,8,18,14,0,0,0,0,0,0,0,0,0,0,0,0,0,0,24.5,49.8,32.4,59.4,10.8,35.0,14.9,41.9,24.5,49.8,32.4,59.4,10.8,35.0,14.9,41.9,0.0,0.0,0.0,0.0,0.0,0.0,0.0,0.0,(CONTRACTS OF 10 TROY OUNCES),N20,GOLD,PRECIOUS METALS,NATURAL RESOURCES,Combined,0,0,,,,0,0,,,
241224088691C,GOLD - COMMODITY EXCHANGE INC.,2024-12-24T00:00:00.000,2024 Report Week 52,GOLD,088691,CMX ,NYC,088 ,GOLD,691049,30502,101553,31598,230384,57090,198553,14293,67829,85488,26366,166729,637789,664245,53260,26803,691049,30502,101553,31598,230384,57090,198553,14293,67829,85488,26366,166729,637789,664245,53260,26803,0,0,0,0,0,0,0,0,0,0,0,0,0,0,0,0,-24885,-2966,-1246,-1090,-18662,-1331,-17172,2506,-2358,-423,-2272,1763,-23576,-21600,-1308,-3285,100.0,4.4,14.7,4.6,33.3,8.3,28.7,2.1,9.8,12.4,3.8,24.1,92.3,96.1,7.7,3.9,100.0,4.4,14.7,4.6,33.3,8.3,28.7,2.1,9.8,12.4,3.8,24.1,92.3,96.1,7.7,3.9,100.0,0.0,0.0,0.0,0.0,0.0,0.0,0.0,0.0,0.0,0.0,0.0,0.0,0.0,0.0,0.0,308,17,30,31,97,31,65,273,206,308,17,30,31,97,31,65,273,206,0,0,0,0,0,0,0,0,0,0,0,0,0,0,19.2,31.8,30.9,47.3,13.1,24.5,18.8,33.1,19.2,31.8,30.9,47.3,13.1,24.5,18.8,33.1,0.0,0.0,0.0,0.0,0.0,0.0,0.0,0.0,(CONTRACTS OF 100 TROY OUNCES),N20,GOLD,PRECIOUS METALS,NATURAL RESOURCES,Combined,14,11,92,25,64,14,11,92,25,64
241224088695C,MICRO GOLD - COMMODITY EXCHANGE INC.,2024-12-24T00:00:00.000,2024 Report Week 52,MICRO GOLD,088695,CMX ,NYC,088 ,GOLD,33481,0,0,0,0,0,2005,111,98,4058,15475,5924,12085,21608,21396,11873,33481,0,0,0,0,0,2005,111,98,4058,15475,5924,12085,21608,21396,11873,0,0,0,0,0,0,0,0,0,0,0,0,0,0,0,0,-1160,0,0,0,0,0,85,-472,98,-3705,1553,1491,-2031,2670,872,-3829,100.0,0.0,0.0,0.0,0.0,0.0,6.0,0.3,0.3,12.1,46.2,17.7,36.1,64.5,63.9,35.5,100.0,0.0,0.0,0.0,0.0,0.0,6.0,0.3,0.3,12.1,46.2,17.7,36.1,64.5,63.9,35.5,100.0,0.0,0.0,0.0,0.0,0.0,0.0,0.0,0.0,0.0,0.0,0.0,0.0,0.0,0.0,0.0,21,0,0,0,9,9,7,16,13,21,0,0,0,9,9,7,16,13,0,0,0,0,0,0,0,0,0,0,0,0,0,0,25.2,51.0,31.4,61.0,12.7,39.0,16.7,45.5,25.2,51.0,31.4,61.0,12.7,39.0,16.7,45.5,0.0,0.0,0.0,0.0,0.0,0.0,0.0,0.0,(CONTRACTS OF 10 TROY OUNCES),N20,GOLD,PRECIOUS METALS,NATURAL RESOURCES,Combined,0,0,,,,0,0,,,
241217088691C,GOLD - COMMODITY EXCHANGE INC.,2024-12-17T00:00:00.000,2024 Report Week 51,GOLD,088691,CMX ,NYC,088 ,GOLD,715934,33468,102799,32688,249046,58422,215724,11787,70186,85911,28639,164966,661365,685845,54568,30088,715934,33468,102799,32688,249046,58422,215724,11787,70186,85911,28639,164966,661365,685845,54568,30088,0,0,0,0,0,0,0,0,0,0,0,0,0,0,0,0,-42818,-4504,537,-29,-17714,-8899,-20543,-4292,419,-5652,-5683,-5746,-44954,-41377,2136,-1441,100.0,4.7,14.4,4.6,34.8,8.2,30.1,1.6,9.8,12.0,4.0,23.0,92.4,95.8,7.6,4.2,100.0,4.7,14.4,4.6,34.8,8.2,30.1,1.6,9.8,12.0,4.0,23.0,92.4,95.8,7.6,4.2,100.0,0.0,0.0,0.0,0.0,0.0,0.0,0.0,0.0,0.0,0.0,0.0,0.0,0.0,0.0,0.0,313,19,28,30,91,37,62,275,209,313,19,28,30,91,37,62,275,209,0,0,0,0,0,0,0,0,0,0,0,0,0,0,19.0,32.6,30.7,47.9,13.7,25.2,19.5,33.9,19.0,32.6,30.7,47.9,13.7,25.2,19.5,33.9,0.0,0.0,0.0,0.0,0.0,0.0,0.0,0.0,(CONTRACTS OF 100 TROY OUNCES),N20,GOLD,PRECIOUS METALS,NATURAL RESOURCES,Combined,15,13,97,22,68,15,13,97,22,68
241217088695C,MICRO GOLD - COMMODITY EXCHANGE INC.,2024-12-17T00:00:00.000,2024 Report Week 51,MICRO GOLD,088695,CMX ,NYC,088 ,GOLD,34641,0,0,0,0,0,1920,583,0,7763,13922,4433,14116,18938,20524,15702,34641,0,0,0,0,0,1920,583,0,7763,13922,4433,14116,18938,20524,15702,0,0,0,0,0,0,0,0,0,0,0,0,0,0,0,0,5988,0,0,0,0,0,-82,583,0,1453,4636,1930,3301,7149,2687,-1161,100.0,0.0,0.0,0.0,0.0,0.0,5.5,1.7,0.0,22.4,40.2,12.8,40.8,54.7,59.2,45.3,100.0,0.0,0.0,0.0,0.0,0.0,5.5,1.7,0.0,22.4,40.2,12.8,40.8,54.7,59.2,45.3,100.0,0.0,0.0,0.0,0.0,0.0,0.0,0.0,0.0,0.0,0.0,0.0,0.0,0.0,0.0,0.0,22,0,0,0,10,9,9,17,14,22,0,0,0,10,9,9,17,14,0,0,0,0,0,0,0,0,0,0,0,0,0,0,24.5,42.0,35.0,50.7,19.4,33.5,24.8,40.2,24.5,42.0,35.0,50.7,19.4,33.5,24.8,40.2,0.0,0.0,0.0,0.0,0.0,0.0,0.0,0.0,(CONTRACTS OF 10 TROY OUNCES),N20,GOLD,PRECIOUS METALS,NATURAL RESOURCES,Combined,0,0,,,0,0,0,,,0
241210088691C,GOLD - COMMODITY EXCHANGE INC.,2024-12-10T00:00:00.000,2024 Report Week 50,GOLD,088691,CMX ,NYC,088 ,GOLD,758752,37972,102262,32717,266760,67321,236267,16078,69767,91563,34322,170713,706320,727222,52432,31530,758752,37972,102262,32717,266760,67321,236267,16078,69767,91563,34322,170713,706320,727222,52432,31530,0,0,0,0,0,0,0,0,0,0,0,0,0,0,0,0,49143,2400,7956,391,8296,5134,17827,-965,6700,2196,1793,16245,50893,45158,-1750,3985,100.0,5.0,13.5,4.3,35.2,8.9,31.1,2.1,9.2,12.1,4.5,22.5,93.1,95.8,6.9,4.2,100.0,5.0,13.5,4.3,35.2,8.9,31.1,2.1,9.2,12.1,4.5,22.5,93.1,95.8,6.9,4.2,100.0,0.0,0.0,0.0,0.0,0.0,0.0,0.0,0.0,0.0,0.0,0.0,0.0,0.0,0.0,0.0,342,21,32,33,84,51,66,295,229,342,21,32,33,84,51,66,295,229,0,0,0,0,0,0,0,0,0,0,0,0,0,0,19.5,32.9,30.4,48.7,13.5,25.1,19.7,34.4,19.5,32.9,30.4,48.7,13.5,25.1,19.7,34.4,0.0,0.0,0.0,0.0,0.0,0.0,0.0,0.0,(CONTRACTS OF 100 TROY OUNCES),N20,GOLD,PRECIOUS METALS,NATURAL RESOURCES,Combined,14,15,110,24,72,14,15,110,24,72
241210088695C,MICRO GOLD - COMMODITY EXCHANGE INC.,2024-12-10T00:00:00.000,2024 Report Week 50,MICRO GOLD,088695,CMX ,NYC,088 ,GOLD,28652,0,0,0,0,0,2002,0,0,6310,9286,2503,10815,11789,17837,16863,28652,0,0,0,0,0,2002,0,0,6310,9286,2503,10815,11789,17837,16863,0,0,0,0,0,0,0,0,0,0,0,0,0,0,0,0,47,0,0,0,0,0,277,-634,-7,317,-1476,-500,87,-2616,-41,2663,100.0,0.0,0.0,0.0,0.0,0.0,7.0,0.0,0.0,22.0,32.4,8.7,37.7,41.1,62.3,58.9,100.0,0.0,0.0,0.0,0.0,0.0,7.0,0.0,0.0,22.0,32.4,8.7,37.7,41.1,62.3,58.9,100.0,0.0,0.0,0.0,0.0,0.0,0.0,0.0,0.0,0.0,0.0,0.0,0.0,0.0,0.0,0.0,23,0,0,0,11,9,6,17,12,23,0,0,0,11,9,6,17,12,0,0,0,0,0,0,0,0,0,0,0,0,0,0,22.5,27.8,31.5,37.3,20.2,26.3,25.1,31.6,22.5,27.8,31.5,37.3,20.2,26.3,25.1,31.6,0.0,0.0,0.0,0.0,0.0,0.0,0.0,0.0,(CONTRACTS OF 10 TROY OUNCES),N20,GOLD,PRECIOUS METALS,NATURAL RESOURCES,Combined,0,0,,0,0,0,0,,0,0
241203088691C,GOLD - COMMODITY EXCHANGE INC.,2024-12-03T00:00:00.000,2024 Report Week 49,GOLD,088691,CMX ,NYC,088 ,GOLD,709609,35571,94306,32325,258464,62187,218441,17044,63067,89367,32529,154468,655426,682064,54182,27545,709609,35571,94306,32325,258464,62187,218441,17044,63067,89367,32529,154468,655426,682064,54182,27545,0,0,0,0,0,0,0,0,0,0,0,0,0,0,0,0,-2315,-3012,-6883,-523,18015,-5250,873,-2333,2765,4325,-3783,-2503,-3323,29,1008,-2344,100.0,5.0,13.3,4.6,36.4,8.8,30.8,2.4,8.9,12.6,4.6,21.8,92.4,96.1,7.6,3.9,100.0,5.0,13.3,4.6,36.4,8.8,30.8,2.4,8.9,12.6,4.6,21.8,92.4,96.1,7.6,3.9,100.0,0.0,0.0,0.0,0.0,0.0,0.0,0.0,0.0,0.0,0.0,0.0,0.0,0.0,0.0,0.0,327,20,33,34,88,40,62,282,216,327,20,33,34,88,40,62,282,216,0,0,0,0,0,0,0,0,0,0,0,0,0,0,19.8,34.3,30.9,50.2,14.1,26.7,20.2,36.0,19.8,34.3,30.9,50.2,14.1,26.7,20.2,36.0,0.0,0.0,0.0,0.0,0.0,0.0,0.0,0.0,(CONTRACTS OF 100 TROY OUNCES),N20,GOLD,PRECIOUS METALS,NATURAL RESOURCES,Combined,13,14,102,25,65,13,14,102,25,65
241203088695C,MICRO GOLD - COMMODITY EXCHANGE INC.,2024-12-03T00:00:00.000,2024 Report Week 49,MICRO GOLD,088695,CMX ,NYC,088 ,GOLD,28605,0,0,0,0,0,1725,634,7,5993,10762,3003,10728,14406,17878,14200,28605,0,0,0,0,0,1725,634,7,5993,10762,3003,10728,14406,17878,14200,0,0,0,0,0,0,0,0,0,0,0,0,0,0,0,0,-19869,0,0,0,0,0,235,353,5,-7412,-5884,-13926,-21098,-19452,1229,-417,100.0,0.0,0.0,0.0,0.0,0.0,6.0,2.2,0.0,21.0,37.6,10.5,37.5,50.4,62.5,49.6,100.0,0.0,0.0,0.0,0.0,0.0,6.0,2.2,0.0,21.0,37.6,10.5,37.5,50.4,62.5,49.6,100.0,0.0,0.0,0.0,0.0,0.0,0.0,0.0,0.0,0.0,0.0,0.0,0.0,0.0,0.0,0.0,21,0,0,0,9,9,8,18,12,21,0,0,0,9,9,8,18,12,0,0,0,0,0,0,0,0,0,0,0,0,0,0,24.0,32.4,32.0,45.1,20.3,30.1,24.6,38.4,24.0,32.4,32.0,45.1,20.3,30.1,24.6,38.4,0.0,0.0,0.0,0.0,0.0,0.0,0.0,0.0,(CONTRACTS OF 10 TROY OUNCES),N20,GOLD,PRECIOUS METALS,NATURAL RESOURCES,Combined,0,0,,,,0,0,,,
241126088691C,GOLD - COMMODITY EXCHANGE INC.,2024-11-26T00:00:00.000,2024 Report Week 48,GOLD,088691,CMX ,NYC,088 ,GOLD,711924,38583,101189,32848,240449,67436,217568,19377,60302,85042,36312,156970,658749,682035,53175,29889,711924,38583,101189,32848,240449,67436,217568,19377,60302,85042,36312,156970,658749,682035,53175,29889,0,0,0,0,0,0,0,0,0,0,0,0,0,0,0,0,-138865,-6095,-15663,920,10740,-20939,7436,-430,-37301,-7179,-4215,-69041,-132198,-136849,-6667,-2017,100.0,5.4,14.2,4.6,33.8,9.5,30.6,2.7,8.5,11.9,5.1,22.0,92.5,95.8,7.5,4.2,100.0,5.4,14.2,4.6,33.8,9.5,30.6,2.7,8.5,11.9,5.1,22.0,92.5,95.8,7.5,4.2,100.0,0.0,0.0,0.0,0.0,0.0,0.0,0.0,0.0,0.0,0.0,0.0,0.0,0.0,0.0,0.0,325,19,30,35,85,48,67,283,216,325,19,30,35,85,48,67,283,216,0,0,0,0,0,0,0,0,0,0,0,0,0,0,19.8,32.7,30.6,47.8,13.8,24.5,19.7,33.4,19.8,32.7,30.6,47.8,13.8,24.5,19.7,33.4,0.0,0.0,0.0,0.0,0.0,0.0,0.0,0.0,(CONTRACTS OF 100 TROY OUNCES),N20,GOLD,PRECIOUS METALS,NATURAL RESOURCES,Combined,13,17,99,20,62,13,17,99,20,62
241126088695C,MICRO GOLD - COMMODITY EXCHANGE INC.,2024-11-26T00:00:00.000,2024 Report Week 48,MICRO GOLD,088695,CMX ,NYC,088 ,GOLD,48475,0,0,0,0,0,1490,281,2,13405,16645,16929,31826,33858,16649,14617,48475,0,0,0,0,0,1490,281,2,13405,16645,16929,31826,33858,16649,14617,0,0,0,0,0,0,0,0,0,0,0,0,0,0,0,0,-5666,0,0,0,0,0,181,281,2,-3288,-1583,1774,-1331,475,-4335,-6141,100.0,0.0,0.0,0.0,0.0,0.0,3.1,0.6,0.0,27.7,34.3,34.9,65.7,69.8,34.3,30.2,100.0,0.0,0.0,0.0,0.0,0.0,3.1,0.6,0.0,27.7,34.3,34.9,65.7,69.8,34.3,30.2,100.0,0.0,0.0,0.0,0.0,0.0,0.0,0.0,0.0,0.0,0.0,0.0,0.0,0.0,0.0,0.0,22,0,0,0,12,8,10,18,15,22,0,0,0,12,8,10,18,15,0,0,0,0,0,0,0,0,0,0,0,0,0,0,48.4,58.4,59.6,66.1,20.7,31.7,28.1,34.4,48.4,58.4,59.6,66.1,20.7,31.7,28.1,34.4,0.0,0.0,0.0,0.0,0.0,0.0,0.0,0.0,(CONTRACTS OF 10 TROY OUNCES),N20,GOLD,PRECIOUS METALS,NATURAL RESOURCES,Combined,0,0,,,,0,0,,,
241119088691C,GOLD - COMMODITY EXCHANGE INC.,2024-11-19T00:00:00.000,2024 Report Week 47,GOLD,088691,CMX ,NYC,088 ,GOLD,850790,44678,116851,31928,229709,88376,210131,19807,97602,92221,40527,226011,790948,818884,59842,31905,850790,44678,116851,31928,229709,88376,210131,19807,97602,92221,40527,226011,790948,818884,59842,31905,0,0,0,0,0,0,0,0,0,0,0,0,0,0,0,0,-20664,1515,5589,-2584,-8965,4723,-8608,-1570,-13009,1602,-5188,922,-15438,-17498,-5226,-3167,100.0,5.3,13.7,3.8,27.0,10.4,24.7,2.3,11.5,10.8,4.8,26.6,93.0,96.2,7.0,3.8,100.0,5.3,13.7,3.8,27.0,10.4,24.7,2.3,11.5,10.8,4.8,26.6,93.0,96.2,7.0,3.8,100.0,0.0,0.0,0.0,0.0,0.0,0.0,0.0,0.0,0.0,0.0,0.0,0.0,0.0,0.0,0.0,325,18,28,36,97,40,77,292,220,325,18,28,36,97,40,77,292,220,0,0,0,0,0,0,0,0,0,0,0,0,0,0,20.6,29.8,31.5,45.2,11.7,20.3,16.6,28.4,20.6,29.8,31.5,45.2,11.7,20.3,16.6,28.4,0.0,0.0,0.0,0.0,0.0,0.0,0.0,0.0,(CONTRACTS OF 100 TROY OUNCES),N20,GOLD,PRECIOUS METALS,NATURAL RESOURCES,Combined,14,16,89,28,63,14,16,89,28,63
241119088695C,MICRO GOLD - COMMODITY EXCHANGE INC.,2024-11-19T00:00:00.000,2024 Report Week 47,MICRO GOLD,088695,CMX ,NYC,088 ,GOLD,54141,0,0,0,0,0,1309,0,0,16693,18228,15155,33157,33383,20984,20758,54141,0,0,0,0,0,1309,0,0,16693,18228,15155,33157,33383,20984,20758,0,0,0,0,0,0,0,0,0,0,0,0,0,0,0,0,-2164,0,0,0,0,0,-151,0,0,-1087,668,-489,-1727,179,-437,-2343,100.0,0.0,0.0,0.0,0.0,0.0,2.4,0.0,0.0,30.8,33.7,28.0,61.2,61.7,38.8,38.3,100.0,0.0,0.0,0.0,0.0,0.0,2.4,0.0,0.0,30.8,33.7,28.0,61.2,61.7,38.8,38.3,100.0,0.0,0.0,0.0,0.0,0.0,0.0,0.0,0.0,0.0,0.0,0.0,0.0,0.0,0.0,0.0,25,0,0,0,16,8,9,20,14,25,0,0,0,16,8,9,20,14,0,0,0,0,0,0,0,0,0,0,0,0,0,0,42.8,54.1,52.7,58.7,20.6,31.8,27.9,33.7,42.8,54.1,52.7,58.7,20.6,31.8,27.9,33.7,0.0,0.0,0.0,0.0,0.0,0.0,0.0,0.0,(CONTRACTS OF 10 TROY OUNCES),N20,GOLD,PRECIOUS METALS,NATURAL RESOURCES,Combined,0,0,,0,0,0,0,,0,0
241112088691C,GOLD - COMMODITY EXCHANGE INC.,2024-11-12T00:00:00.000,2024 Report Week 46,GOLD,088691,CMX ,NYC,088 ,GOLD,871454,43163,111263,34511,238675,83653,218739,21377,110611,90619,45714,225089,806386,836382,65067,35072,871454,43163,111263,34511,238675,83653,218739,21377,110611,90619,45714,225089,806386,836382,65067,35072,0,0,0,0,0,0,0,0,0,0,0,0,0,0,0,0,-54759,-6082,-11437,-1266,-18468,-6153,-20794,3590,-18520,-3425,-2938,-3627,-59868,-57552,5109,2793,100.0,5.0,12.8,4.0,27.4,9.6,25.1,2.5,12.7,10.4,5.2,25.8,92.5,96.0,7.5,4.0,100.0,5.0,12.8,4.0,27.4,9.6,25.1,2.5,12.7,10.4,5.2,25.8,92.5,96.0,7.5,4.0,100.0,0.0,0.0,0.0,0.0,0.0,0.0,0.0,0.0,0.0,0.0,0.0,0.0,0.0,0.0,0.0,334,16,29,35,93,49,75,295,230,334,16,29,35,93,49,75,295,230,0,0,0,0,0,0,0,0,0,0,0,0,0,0,19.8,28.1,30.3,43.6,11.2,19.4,16.0,27.4,19.8,28.1,30.3,43.6,11.2,19.4,16.0,27.4,0.0,0.0,0.0,0.0,0.0,0.0,0.0,0.0,(CONTRACTS OF 100 TROY OUNCES),N20,GOLD,PRECIOUS METALS,NATURAL RESOURCES,Combined,12,14,99,27,72,12,14,99,27,72
241112088695C,MICRO GOLD - COMMODITY EXCHANGE INC.,2024-11-12T00:00:00.000,2024 Report Week 46,MICRO GOLD,088695,CMX ,NYC,088 ,GOLD,56304,0,0,0,0,0,1460,0,0,17780,17560,15643,34883,33204,21421,23101,56304,0,0,0,0,0,1460,0,0,17780,17560,15643,34883,33204,21421,23101,0,0,0,0,0,0,0,0,0,0,0,0,0,0,0,0,3176,0,0,0,0,0,-904,-288,0,511,2593,2392,1999,4697,1177,-1521,100.0,0.0,0.0,0.0,0.0,0.0,2.6,0.0,0.0,31.6,31.2,27.8,62.0,59.0,38.0,41.0,100.0,0.0,0.0,0.0,0.0,0.0,2.6,0.0,0.0,31.6,31.2,27.8,62.0,59.0,38.0,41.0,100.0,0.0,0.0,0.0,0.0,0.0,0.0,0.0,0.0,0.0,0.0,0.0,0.0,0.0,0.0,0.0,26,0,0,0,14,11,9,19,16,26,0,0,0,14,11,9,19,16,0,0,0,0,0,0,0,0,0,0,0,0,0,0,39.0,51.1,52.9,55.1,19.9,28.2,30.4,30.2,39.0,51.1,52.9,55.1,19.9,28.2,30.4,30.2,0.0,0.0,0.0,0.0,0.0,0.0,0.0,0.0,(CONTRACTS OF 10 TROY OUNCES),N20,GOLD,PRECIOUS METALS,NATURAL RESOURCES,Combined,0,0,,0,0,0,0,,0,0
241105088691C,GOLD - COMMODITY EXCHANGE INC.,2024-11-05T00:00:00.000,2024 Report Week 45,GOLD,088691,CMX ,NYC,088 ,GOLD,926213,49245,122699,35777,257142,89806,239534,17787,129131,94044,48652,228717,866254,893934,59959,32279,926213,49245,122699,35777,257142,89806,239534,17787,129131,94044,48652,228717,866254,893934,59959,32279,0,0,0,0,0,0,0,0,0,0,0,0,0,0,0,0,-18987,-195,-5596,-1041,-16973,4283,-17987,-2659,273,-9867,-1386,7064,-17471,-14994,-1516,-3994,100.0,5.3,13.2,3.9,27.8,9.7,25.9,1.9,13.9,10.2,5.3,24.7,93.5,96.5,6.5,3.5,100.0,5.3,13.2,3.9,27.8,9.7,25.9,1.9,13.9,10.2,5.3,24.7,93.5,96.5,6.5,3.5,100.0,0.0,0.0,0.0,0.0,0.0,0.0,0.0,0.0,0.0,0.0,0.0,0.0,0.0,0.0,0.0,346,19,29,31,92,53,74,299,234,346,19,29,31,92,53,74,299,234,0,0,0,0,0,0,0,0,0,0,0,0,0,0,20.2,28.7,31.2,44.8,10.6,19.4,15.8,26.9,20.2,28.7,31.2,44.8,10.6,19.4,15.8,26.9,0.0,0.0,0.0,0.0,0.0,0.0,0.0,0.0,(CONTRACTS OF 100 TROY OUNCES),N20,GOLD,PRECIOUS METALS,NATURAL RESOURCES,Combined,14,13,103,28,72,14,13,103,28,72
241105088695C,MICRO GOLD - COMMODITY EXCHANGE INC.,2024-11-05T00:00:00.000,2024 Report Week 45,MICRO GOLD,088695,CMX ,NYC,088 ,GOLD,53128,0,0,0,0,0,2364,288,0,17269,14967,13251,32884,28507,20244,24621,53128,0,0,0,0,0,2364,288,0,17269,14967,13251,32884,28507,20244,24621,0,0,0,0,0,0,0,0,0,0,0,0,0,0,0,0,2332,0,0,0,0,0,318,288,0,-311,3433,1954,1961,5675,372,-3343,100.0,0.0,0.0,0.0,0.0,0.0,4.4,0.5,0.0,32.5,28.2,24.9,61.9,53.7,38.1,46.3,100.0,0.0,0.0,0.0,0.0,0.0,4.4,0.5,0.0,32.5,28.2,24.9,61.9,53.7,38.1,46.3,100.0,0.0,0.0,0.0,0.0,0.0,0.0,0.0,0.0,0.0,0.0,0.0,0.0,0.0,0.0,0.0,25,0,0,0,13,8,9,19,15,25,0,0,0,13,8,9,19,15,0,0,0,0,0,0,0,0,0,0,0,0,0,0,39.8,45.5,52.1,49.8,19.9,26.1,30.5,28.2,39.8,45.5,52.1,49.8,19.9,26.1,30.5,28.2,0.0,0.0,0.0,0.0,0.0,0.0,0.0,0.0,(CONTRACTS OF 10 TROY OUNCES),N20,GOLD,PRECIOUS METALS,NATURAL RESOURCES,Combined,0,0,,,0,0,0,,,0
241029088691C,GOLD - COMMODITY EXCHANGE INC.,2024-10-29T00:00:00.000,2024 Report Week 44,GOLD,088691,CMX ,NYC,088 ,GOLD,945200,49441,128295,36818,274115,85522,257521,20446,128858,103912,50038,221653,883725,908928,61475,36272,945200,49441,128295,36818,274115,85522,257521,20446,128858,103912,50038,221653,883725,908928,61475,36272,0,0,0,0,0,0,0,0,0,0,0,0,0,0,0,0,-37879,-7794,-7515,-1978,-10414,-7106,-438,4577,3570,2597,1811,-26075,-37225,-41152,-654,3273,100.0,5.2,13.6,3.9,29.0,9.0,27.2,2.2,13.6,11.0,5.3,23.5,93.5,96.2,6.5,3.8,100.0,5.2,13.6,3.9,29.0,9.0,27.2,2.2,13.6,11.0,5.3,23.5,93.5,96.2,6.5,3.8,100.0,0.0,0.0,0.0,0.0,0.0,0.0,0.0,0.0,0.0,0.0,0.0,0.0,0.0,0.0,0.0,361,19,29,30,100,56,74,311,229,361,19,29,30,100,56,74,311,229,0,0,0,0,0,0,0,0,0,0,0,0,0,0,20.3,28.1,31.1,44.1,10.7,19.0,16.0,26.6,20.3,28.1,31.1,44.1,10.7,19.0,16.0,26.6,0.0,0.0,0.0,0.0,0.0,0.0,0.0,0.0,(CONTRACTS OF 100 TROY OUNCES),N20,GOLD,PRECIOUS METALS,NATURAL RESOURCES,Combined,12,14,111,23,66,12,14,111,23,66
241029088695C,MICRO GOLD - COMMODITY EXCHANGE INC.,2024-10-29T00:00:00.000,2024 Report Week 44,MICRO GOLD,088695,CMX ,NYC,088 ,GOLD,50796,0,0,0,0,0,2046,0,0,17580,11534,11298,30924,22832,19872,27964,50796,0,0,0,0,0,2046,0,0,17580,11534,11298,30924,22832,19872,27964,0,0,0,0,0,0,0,0,0,0,0,0,0,0,0,0,424,0,0,0,0,0,-1041,0,0,468,-119,1008,435,889,-11,-465,100.0,0.0,0.0,0.0,0.0,0.0,4.0,0.0,0.0,34.6,22.7,22.2,60.9,44.9,39.1,55.1,100.0,0.0,0.0,0.0,0.0,0.0,4.0,0.0,0.0,34.6,22.7,22.2,60.9,44.9,39.1,55.1,100.0,0.0,0.0,0.0,0.0,0.0,0.0,0.0,0.0,0.0,0.0,0.0,0.0,0.0,0.0,0.0,27,0,0,0,14,10,9,20,16,27,0,0,0,14,10,9,20,16,0,0,0,0,0,0,0,0,0,0,0,0,0,0,39.3,37.4,51.5,41.0,21.1,20.0,32.3,21.9,39.3,37.4,51.5,41.0,21.1,20.0,32.3,21.9,0.0,0.0,0.0,0.0,0.0,0.0,0.0,0.0,(CONTRACTS OF 10 TROY OUNCES),N20,GOLD,PRECIOUS METALS,NATURAL RESOURCES,Combined,0,0,,0,0,0,0,,0,0
241022088691C,GOLD - COMMODITY EXCHANGE INC.,2024-10-22T00:00:00.000,2024 Report Week 43,GOLD,088691,CMX ,NYC,088 ,GOLD,983079,57234,135810,38797,284529,92629,257959,15870,125288,101315,48227,247728,920949,950080,62129,32999,983079,57234,135810,38797,284529,92629,257959,15870,125288,101315,48227,247728,920949,950080,62129,32999,0,0,0,0,0,0,0,0,0,0,0,0,0,0,0,0,78491,6616,12722,-2190,3408,6568,4319,-2487,31359,1024,-1808,25973,73669,75735,4822,2756,100.0,5.8,13.8,3.9,28.9,9.4,26.2,1.6,12.7,10.3,4.9,25.2,93.7,96.6,6.3,3.4,100.0,5.8,13.8,3.9,28.9,9.4,26.2,1.6,12.7,10.3,4.9,25.2,93.7,96.6,6.3,3.4,100.0,0.0,0.0,0.0,0.0,0.0,0.0,0.0,0.0,0.0,0.0,0.0,0.0,0.0,0.0,0.0,376,24,29,30,104,65,88,322,254,376,24,29,30,104,65,88,322,254,0,0,0,0,0,0,0,0,0,0,0,0,0,0,20.4,29.0,31.1,44.9,10.5,18.7,15.6,26.4,20.4,29.0,31.1,44.9,10.5,18.7,15.6,26.4,0.0,0.0,0.0,0.0,0.0,0.0,0.0,0.0,(CONTRACTS OF 100 TROY OUNCES),N20,GOLD,PRECIOUS METALS,NATURAL RESOURCES,Combined,16,15,111,21,69,16,15,111,21,69
241022088695C,MICRO GOLD - COMMODITY EXCHANGE INC.,2024-10-22T00:00:00.000,2024 Report Week 43,MICRO GOLD,088695,CMX ,NYC,088 ,GOLD,50372,0,0,0,0,0,3087,0,0,17112,11653,10290,30489,21943,19884,28430,50372,0,0,0,0,0,3087,0,0,17112,11653,10290,30489,21943,19884,28430,0,0,0,0,0,0,0,0,0,0,0,0,0,0,0,0,3747,0,0,0,0,0,1241,-590,0,3098,-412,52,4391,-950,-644,4697,100.0,0.0,0.0,0.0,0.0,0.0,6.1,0.0,0.0,34.0,23.1,20.4,60.5,43.6,39.5,56.4,100.0,0.0,0.0,0.0,0.0,0.0,6.1,0.0,0.0,34.0,23.1,20.4,60.5,43.6,39.5,56.4,100.0,0.0,0.0,0.0,0.0,0.0,0.0,0.0,0.0,0.0,0.0,0.0,0.0,0.0,0.0,0.0,27,0,0,0,15,7,8,22,13,27,0,0,0,15,7,8,22,13,0,0,0,0,0,0,0,0,0,0,0,0,0,0,39.8,37.8,50.1,41.7,22.4,21.8,32.4,23.1,39.8,37.8,50.1,41.7,22.4,21.8,32.4,23.1,0.0,0.0,0.0,0.0,0.0,0.0,0.0,0.0,(CONTRACTS OF 10 TROY OUNCES),N20,GOLD,PRECIOUS METALS,NATURAL RESOURCES,Combined,0,0,5,0,0,0,0,5,0,0
241015088691C,GOLD - COMMODITY EXCHANGE INC.,2024-10-15T00:00:00.000,2024 Report Week 42,GOLD,088691,CMX ,NYC,088 ,GOLD,904588,50619,123088,40986,281120,86061,253640,18356,93929,100291,50036,221754,847280,874344,57307,30243,904588,50619,123088,40986,281120,86061,253640,18356,93929,100291,50036,221754,847280,874344,57307,30243,0,0,0,0,0,0,0,0,0,0,0,0,0,0,0,0,28622,4529,7589,-1504,4482,6267,8884,-117,3925,1494,1719,6007,29602,29872,-980,-1250,100.0,5.6,13.6,4.5,31.1,9.5,28.0,2.0,10.4,11.1,5.5,24.5,93.7,96.7,6.3,3.3,100.0,5.6,13.6,4.5,31.1,9.5,28.0,2.0,10.4,11.1,5.5,24.5,93.7,96.7,6.3,3.3,100.0,0.0,0.0,0.0,0.0,0.0,0.0,0.0,0.0,0.0,0.0,0.0,0.0,0.0,0.0,0.0,358,22,29,30,92,66,79,305,237,358,22,29,30,92,66,79,305,237,0,0,0,0,0,0,0,0,0,0,0,0,0,0,20.4,29.8,31.4,45.9,12.1,20.6,17.3,28.8,20.4,29.8,31.4,45.9,12.1,20.6,17.3,28.8,0.0,0.0,0.0,0.0,0.0,0.0,0.0,0.0,(CONTRACTS OF 100 TROY OUNCES),N20,GOLD,PRECIOUS METALS,NATURAL RESOURCES,Combined,15,14,109,20,63,15,14,109,20,63
241015088695C,MICRO GOLD - COMMODITY EXCHANGE INC.,2024-10-15T00:00:00.000,2024 Report Week 42,MICRO GOLD,088695,CMX ,NYC,088 ,GOLD,46625,0,0,0,0,0,1846,590,0,14014,12065,10238,26098,22893,20527,23732,46625,0,0,0,0,0,1846,590,0,14014,12065,10238,26098,22893,20527,23732,0,0,0,0,0,0,0,0,0,0,0,0,0,0,0,0,1020,0,0,0,0,0,-4,590,0,1051,284,-488,559,386,460,633,100.0,0.0,0.0,0.0,0.0,0.0,4.0,1.3,0.0,30.1,25.9,22.0,56.0,49.1,44.0,50.9,100.0,0.0,0.0,0.0,0.0,0.0,4.0,1.3,0.0,30.1,25.9,22.0,56.0,49.1,44.0,50.9,100.0,0.0,0.0,0.0,0.0,0.0,0.0,0.0,0.0,0.0,0.0,0.0,0.0,0.0,0.0,0.0,26,0,0,0,13,9,8,19,15,26,0,0,0,13,9,8,19,15,0,0,0,0,0,0,0,0,0,0,0,0,0,0,41.5,42.4,49.9,46.0,22.2,23.9,29.5,26.2,41.5,42.4,49.9,46.0,22.2,23.9,29.5,26.2,0.0,0.0,0.0,0.0,0.0,0.0,0.0,0.0,(CONTRACTS OF 10 TROY OUNCES),N20,GOLD,PRECIOUS METALS,NATURAL RESOURCES,Combined,0,0,,,0,0,0,,,0
241008088691C,GOLD - COMMODITY EXCHANGE INC.,2024-10-08T00:00:00.000,2024 Report Week 41,GOLD,088691,CMX ,NYC,088 ,GOLD,875966,46090,115500,42490,276638,79793,244756,18473,90003,98798,48317,215748,817678,844472,58287,31494,875966,46090,115500,42490,276638,79793,244756,18473,90003,98798,48317,215748,817678,844472,58287,31494,0,0,0,0,0,0,0,0,0,0,0,0,0,0,0,0,-39283,-2504,-6888,2612,-17457,-4792,-22721,-43,-2405,436,1695,-7876,-37250,-37767,-2034,-1516,100.0,5.3,13.2,4.9,31.6,9.1,27.9,2.1,10.3,11.3,5.5,24.6,93.3,96.4,6.7,3.6,100.0,5.3,13.2,4.9,31.6,9.1,27.9,2.1,10.3,11.3,5.5,24.6,93.3,96.4,6.7,3.6,100.0,0.0,0.0,0.0,0.0,0.0,0.0,0.0,0.0,0.0,0.0,0.0,0.0,0.0,0.0,0.0,348,22,28,29,92,59,77,296,234,348,22,28,29,92,59,77,296,234,0,0,0,0,0,0,0,0,0,0,0,0,0,0,21.5,30.0,32.5,47.2,12.3,21.5,17.4,29.5,21.5,30.0,32.5,47.2,12.3,21.5,17.4,29.5,0.0,0.0,0.0,0.0,0.0,0.0,0.0,0.0,(CONTRACTS OF 100 TROY OUNCES),N20,GOLD,PRECIOUS METALS,NATURAL RESOURCES,Combined,16,16,101,24,63,16,16,101,24,63
241008088695C,MICRO GOLD - COMMODITY EXCHANGE INC.,2024-10-08T00:00:00.000,2024 Report Week 41,MICRO GOLD,088695,CMX ,NYC,088 ,GOLD,45606,0,0,0,0,0,1850,0,0,12963,11781,10726,25539,22507,20067,23099,45606,0,0,0,0,0,1850,0,0,12963,11781,10726,25539,22507,20067,23099,0,0,0,0,0,0,0,0,0,0,0,0,0,0,0,0,-1648,0,0,0,0,0,-76,0,0,-2208,2216,259,-2025,2475,377,-4123,100.0,0.0,0.0,0.0,0.0,0.0,4.1,0.0,0.0,28.4,25.8,23.5,56.0,49.4,44.0,50.6,100.0,0.0,0.0,0.0,0.0,0.0,4.1,0.0,0.0,28.4,25.8,23.5,56.0,49.4,44.0,50.6,100.0,0.0,0.0,0.0,0.0,0.0,0.0,0.0,0.0,0.0,0.0,0.0,0.0,0.0,0.0,0.0,23,0,0,0,10,10,9,18,14,23,0,0,0,10,10,9,18,14,0,0,0,0,0,0,0,0,0,0,0,0,0,0,41.6,43.7,50.6,47.3,24.0,22.9,30.0,25.2,41.6,43.7,50.6,47.3,24.0,22.9,30.0,25.2,0.0,0.0,0.0,0.0,0.0,0.0,0.0,0.0,(CONTRACTS OF 10 TROY OUNCES),N20,GOLD,PRECIOUS METALS,NATURAL RESOURCES,Combined,0,0,,0,0,0,0,,0,0
241001088691C,GOLD - COMMODITY EXCHANGE INC.,2024-10-01T00:00:00.000,2024 Report Week 40,GOLD,088691,CMX ,NYC,088 ,GOLD,915249,48594,122388,39878,294095,84586,267477,18517,92408,98362,46622,223624,854928,882239,60321,33010,915249,48594,122388,39878,294095,84586,267477,18517,92408,98362,46622,223624,854928,882239,60321,33010,0,0,0,0,0,0,0,0,0,0,0,0,0,0,0,0,-78950,-3566,-8655,-1766,-6191,-17564,-15435,-9554,-5165,-5265,2093,-29140,-77901,-74177,-1049,-4773,100.0,5.3,13.4,4.4,32.1,9.2,29.2,2.0,10.1,10.7,5.1,24.4,93.4,96.4,6.6,3.6,100.0,5.3,13.4,4.4,32.1,9.2,29.2,2.0,10.1,10.7,5.1,24.4,93.4,96.4,6.6,3.6,100.0,0.0,0.0,0.0,0.0,0.0,0.0,0.0,0.0,0.0,0.0,0.0,0.0,0.0,0.0,0.0,353,23,31,31,83,68,77,295,239,353,23,31,31,83,68,77,295,239,0,0,0,0,0,0,0,0,0,0,0,0,0,0,21.7,30.2,32.5,47.3,11.8,21.2,16.9,29.3,21.7,30.2,32.5,47.3,11.8,21.2,16.9,29.3,0.0,0.0,0.0,0.0,0.0,0.0,0.0,0.0,(CONTRACTS OF 100 TROY OUNCES),N20,GOLD,PRECIOUS METALS,NATURAL RESOURCES,Combined,15,14,110,19,61,15,14,110,19,61
241001088695C,MICRO GOLD - COMMODITY EXCHANGE INC.,2024-10-01T00:00:00.000,2024 Report Week 40,MICRO GOLD,088695,CMX ,NYC,088 ,GOLD,47254,0,0,0,0,0,1926,0,0,15171,9565,10467,27564,20031,19690,27222,47254,0,0,0,0,0,1926,0,0,15171,9565,10467,27564,20031,19690,27222,0,0,0,0,0,0,0,0,0,0,0,0,0,0,0,0,-2721,0,0,0,0,0,-1396,0,0,-4497,2857,1266,-4627,4122,1906,-6844,100.0,0.0,0.0,0.0,0.0,0.0,4.1,0.0,0.0,32.1,20.2,22.1,58.3,42.4,41.7,57.6,100.0,0.0,0.0,0.0,0.0,0.0,4.1,0.0,0.0,32.1,20.2,22.1,58.3,42.4,41.7,57.6,100.0,0.0,0.0,0.0,0.0,0.0,0.0,0.0,0.0,0.0,0.0,0.0,0.0,0.0,0.0,0.0,24,0,0,0,10,10,8,19,13,24,0,0,0,10,10,8,19,13,0,0,0,0,0,0,0,0,0,0,0,0,0,0,42.8,37.6,53.0,40.8,27.4,18.1,33.7,20.0,42.8,37.6,53.0,40.8,27.4,18.1,33.7,20.0,0.0,0.0,0.0,0.0,0.0,0.0,0.0,0.0,(CONTRACTS OF 10 TROY OUNCES),N20,GOLD,PRECIOUS METALS,NATURAL RESOURCES,Combined,0,0,4,0,0,0,0,4,0,0
240924088691C,GOLD - COMMODITY EXCHANGE INC.,2024-09-24T00:00:00.000,2024 Report Week 39,GOLD,088691,CMX ,NYC,088 ,GOLD,994199,52159,131043,41644,300286,102150,282912,28071,97573,103627,44529,252764,932829,956416,61370,37783,994199,52159,131043,41644,300286,102150,282912,28071,97573,103627,44529,252764,932829,956416,61370,37783,0,0,0,0,0,0,0,0,0,0,0,0,0,0,0,0,91629,10400,12384,-40,2587,13971,9616,7404,17987,2102,-1860,36637,90672,89109,957,2520,100.0,5.2,13.2,4.2,30.2,10.3,28.5,2.8,9.8,10.4,4.5,25.4,93.8,96.2,6.2,3.8,100.0,5.2,13.2,4.2,30.2,10.3,28.5,2.8,9.8,10.4,4.5,25.4,93.8,96.2,6.2,3.8,100.0,0.0,0.0,0.0,0.0,0.0,0.0,0.0,0.0,0.0,0.0,0.0,0.0,0.0,0.0,0.0,368,23,27,30,96,64,77,312,245,368,23,27,30,96,64,77,312,245,0,0,0,0,0,0,0,0,0,0,0,0,0,0,20.9,29.6,31.5,45.5,11.7,20.3,16.4,28.6,20.9,29.6,31.5,45.5,11.7,20.3,16.4,28.6,0.0,0.0,0.0,0.0,0.0,0.0,0.0,0.0,(CONTRACTS OF 100 TROY OUNCES),N20,GOLD,PRECIOUS METALS,NATURAL RESOURCES,Combined,15,18,114,21,70,15,18,114,21,70
240924088695C,MICRO GOLD - COMMODITY EXCHANGE INC.,2024-09-24T00:00:00.000,2024 Report Week 39,MICRO GOLD,088695,CMX ,NYC,088 ,GOLD,49975,0,0,0,0,0,3322,0,0,19668,6708,9201,32191,15909,17784,34066,49975,0,0,0,0,0,3322,0,0,19668,6708,9201,32191,15909,17784,34066,0,0,0,0,0,0,0,0,0,0,0,0,0,0,0,0,2170,0,0,0,0,0,549,0,0,2251,-2025,594,3394,-1431,-1224,3601,100.0,0.0,0.0,0.0,0.0,0.0,6.6,0.0,0.0,39.4,13.4,18.4,64.4,31.8,35.6,68.2,100.0,0.0,0.0,0.0,0.0,0.0,6.6,0.0,0.0,39.4,13.4,18.4,64.4,31.8,35.6,68.2,100.0,0.0,0.0,0.0,0.0,0.0,0.0,0.0,0.0,0.0,0.0,0.0,0.0,0.0,0.0,0.0,23,0,0,0,11,8,7,18,12,23,0,0,0,11,8,7,18,12,0,0,0,0,0,0,0,0,0,0,0,0,0,0,43.2,25.5,55.4,30.3,30.9,11.7,42.1,13.4,43.2,25.5,55.4,30.3,30.9,11.7,42.1,13.4,0.0,0.0,0.0,0.0,0.0,0.0,0.0,0.0,(CONTRACTS OF 10 TROY OUNCES),N20,GOLD,PRECIOUS METALS,NATURAL RESOURCES,Combined,0,0,4,0,0,0,0,4,0,0
240917088691C,GOLD - COMMODITY EXCHANGE INC.,2024-09-17T00:00:00.000,2024 Report Week 38,GOLD,088691,CMX ,NYC,088 ,GOLD,902570,41760,118659,41685,297700,88179,273295,20667,79586,101525,46389,216128,842156,867307,60413,35263,902570,41760,118659,41685,297700,88179,273295,20667,79586,101525,46389,216128,842156,867307,60413,35263,0,0,0,0,0,0,0,0,0,0,0,0,0,0,0,0,75555,5398,7992,-6645,18817,10699,27082,1162,11180,5350,4133,19041,72105,73024,3450,2531,100.0,4.6,13.1,4.6,33.0,9.8,30.3,2.3,8.8,11.2,5.1,23.9,93.3,96.1,6.7,3.9,100.0,4.6,13.1,4.6,33.0,9.8,30.3,2.3,8.8,11.2,5.1,23.9,93.3,96.1,6.7,3.9,100.0,0.0,0.0,0.0,0.0,0.0,0.0,0.0,0.0,0.0,0.0,0.0,0.0,0.0,0.0,0.0,359,23,25,30,93,63,70,298,241,359,23,25,30,93,63,70,298,241,0,0,0,0,0,0,0,0,0,0,0,0,0,0,20.3,30.8,30.5,45.8,12.7,22.9,17.7,31.9,20.3,30.8,30.5,45.8,12.7,22.9,17.7,31.9,0.0,0.0,0.0,0.0,0.0,0.0,0.0,0.0,(CONTRACTS OF 100 TROY OUNCES),N20,GOLD,PRECIOUS METALS,NATURAL RESOURCES,Combined,15,18,109,23,68,15,18,109,23,68
240917088695C,MICRO GOLD - COMMODITY EXCHANGE INC.,2024-09-17T00:00:00.000,2024 Report Week 38,MICRO GOLD,088695,CMX ,NYC,088 ,GOLD,47805,0,0,0,0,0,2773,0,0,17417,8733,8607,28797,17340,19008,30465,47805,0,0,0,0,0,2773,0,0,17417,8733,8607,28797,17340,19008,30465,0,0,0,0,0,0,0,0,0,0,0,0,0,0,0,0,3066,0,0,0,0,0,2052,-715,-386,305,1387,-20,1951,266,1115,2800,100.0,0.0,0.0,0.0,0.0,0.0,5.8,0.0,0.0,36.4,18.3,18.0,60.2,36.3,39.8,63.7,100.0,0.0,0.0,0.0,0.0,0.0,5.8,0.0,0.0,36.4,18.3,18.0,60.2,36.3,39.8,63.7,100.0,0.0,0.0,0.0,0.0,0.0,0.0,0.0,0.0,0.0,0.0,0.0,0.0,0.0,0.0,0.0,21,0,0,0,8,9,7,17,11,21,0,0,0,8,9,7,17,11,0,0,0,0,0,0,0,0,0,0,0,0,0,0,40.7,31.6,53.4,35.5,30.0,16.0,40.1,18.2,40.7,31.6,53.4,35.5,30.0,16.0,40.1,18.2,0.0,0.0,0.0,0.0,0.0,0.0,0.0,0.0,(CONTRACTS OF 10 TROY OUNCES),N20,GOLD,PRECIOUS METALS,NATURAL RESOURCES,Combined,0,0,4,0,0,0,0,4,0,0
240910088691C,GOLD - COMMODITY EXCHANGE INC.,2024-09-10T00:00:00.000,2024 Report Week 37,GOLD,088691,CMX ,NYC,088 ,GOLD,827014,36362,110667,48329,278882,77479,246214,19505,68406,96175,42257,197086,770051,794283,56963,32732,827014,36362,110667,48329,278882,77479,246214,19505,68406,96175,42257,197086,770051,794283,56963,32732,0,0,0,0,0,0,0,0,0,0,0,0,0,0,0,0,18689,2303,9105,-2635,-12993,3024,3353,3233,3274,-572,1993,10569,19315,18205,-625,485,100.0,4.4,13.4,5.8,33.7,9.4,29.8,2.4,8.3,11.6,5.1,23.8,93.1,96.0,6.9,4.0,100.0,4.4,13.4,5.8,33.7,9.4,29.8,2.4,8.3,11.6,5.1,23.8,93.1,96.0,6.9,4.0,100.0,0.0,0.0,0.0,0.0,0.0,0.0,0.0,0.0,0.0,0.0,0.0,0.0,0.0,0.0,0.0,351,20,27,31,92,67,75,298,234,351,20,27,31,92,67,75,298,234,0,0,0,0,0,0,0,0,0,0,0,0,0,0,19.9,32.3,30.0,47.0,13.2,24.7,18.1,33.7,19.9,32.3,30.0,47.0,13.2,24.7,18.1,33.7,0.0,0.0,0.0,0.0,0.0,0.0,0.0,0.0,(CONTRACTS OF 100 TROY OUNCES),N20,GOLD,PRECIOUS METALS,NATURAL RESOURCES,Combined,14,18,100,22,64,14,18,100,22,64
240910088695C,MICRO GOLD - COMMODITY EXCHANGE INC.,2024-09-10T00:00:00.000,2024 Report Week 37,MICRO GOLD,088695,CMX ,NYC,088 ,GOLD,44739,0,0,0,0,0,721,715,386,17112,7346,8627,26846,17074,17893,27665,44739,0,0,0,0,0,721,715,386,17112,7346,8627,26846,17074,17893,27665,0,0,0,0,0,0,0,0,0,0,0,0,0,0,0,0,125,0,0,0,0,0,-251,598,-203,161,-3107,1112,819,-1600,-694,1725,100.0,0.0,0.0,0.0,0.0,0.0,1.6,1.6,0.9,38.2,16.4,19.3,60.0,38.2,40.0,61.8,100.0,0.0,0.0,0.0,0.0,0.0,1.6,1.6,0.9,38.2,16.4,19.3,60.0,38.2,40.0,61.8,100.0,0.0,0.0,0.0,0.0,0.0,0.0,0.0,0.0,0.0,0.0,0.0,0.0,0.0,0.0,0.0,21,0,0,0,8,10,7,16,13,21,0,0,0,8,10,7,16,13,0,0,0,0,0,0,0,0,0,0,0,0,0,0,41.2,29.1,53.1,35.7,29.6,14.3,38.6,17.0,41.2,29.1,53.1,35.7,29.6,14.3,38.6,17.0,0.0,0.0,0.0,0.0,0.0,0.0,0.0,0.0,(CONTRACTS OF 10 TROY OUNCES),N20,GOLD,PRECIOUS METALS,NATURAL RESOURCES,Combined,0,0,,,,0,0,,,
240903088691C,GOLD - COMMODITY EXCHANGE INC.,2024-09-03T00:00:00.000,2024 Report Week 36,GOLD,088691,CMX ,NYC,088 ,GOLD,808325,34058,101562,50964,291875,74456,242861,16271,65133,96747,40264,186518,750736,776078,57589,32247,808325,34058,101562,50964,291875,74456,242861,16271,65133,96747,40264,186518,750736,776078,57589,32247,0,0,0,0,0,0,0,0,0,0,0,0,0,0,0,0,-32301,-1098,518,2207,-13370,-9815,-8235,1992,-8900,-820,736,-1923,-28585,-30761,-3716,-1540,100.0,4.2,12.6,6.3,36.1,9.2,30.0,2.0,8.1,12.0,5.0,23.1,92.9,96.0,7.1,4.0,100.0,4.2,12.6,6.3,36.1,9.2,30.0,2.0,8.1,12.0,5.0,23.1,92.9,96.0,7.1,4.0,100.0,0.0,0.0,0.0,0.0,0.0,0.0,0.0,0.0,0.0,0.0,0.0,0.0,0.0,0.0,0.0,341,20,27,32,92,58,72,288,233,341,20,27,32,92,58,72,288,233,0,0,0,0,0,0,0,0,0,0,0,0,0,0,18.9,33.5,28.9,48.0,12.9,26.2,18.5,35.8,18.9,33.5,28.9,48.0,12.9,26.2,18.5,35.8,0.0,0.0,0.0,0.0,0.0,0.0,0.0,0.0,(CONTRACTS OF 100 TROY OUNCES),N20,GOLD,PRECIOUS METALS,NATURAL RESOURCES,Combined,12,18,98,23,67,12,18,98,23,67
240903088695C,MICRO GOLD - COMMODITY EXCHANGE INC.,2024-09-03T00:00:00.000,2024 Report Week 36,MICRO GOLD,088695,CMX ,NYC,088 ,GOLD,44615,0,0,0,0,0,972,117,589,16951,10453,7515,26027,18674,18588,25941,44615,0,0,0,0,0,972,117,589,16951,10453,7515,26027,18674,18588,25941,0,0,0,0,0,0,0,0,0,0,0,0,0,0,0,0,1284,0,0,0,0,0,-417,117,282,369,1067,1005,1239,2471,45,-1187,100.0,0.0,0.0,0.0,0.0,0.0,2.2,0.3,1.3,38.0,23.4,16.8,58.3,41.9,41.7,58.1,100.0,0.0,0.0,0.0,0.0,0.0,2.2,0.3,1.3,38.0,23.4,16.8,58.3,41.9,41.7,58.1,100.0,0.0,0.0,0.0,0.0,0.0,0.0,0.0,0.0,0.0,0.0,0.0,0.0,0.0,0.0,0.0,21,0,0,0,8,9,8,17,13,21,0,0,0,8,9,8,17,13,0,0,0,0,0,0,0,0,0,0,0,0,0,0,38.3,33.7,50.2,40.0,29.0,20.7,38.4,23.3,38.3,33.7,50.2,40.0,29.0,20.7,38.4,23.3,0.0,0.0,0.0,0.0,0.0,0.0,0.0,0.0,(CONTRACTS OF 10 TROY OUNCES),N20,GOLD,PRECIOUS METALS,NATURAL RESOURCES,Combined,0,0,,,,0,0,,,
240827088691C,GOLD - COMMODITY EXCHANGE INC.,2024-08-27T00:00:00.000,2024 Report Week 35,GOLD,088691,CMX ,NYC,088 ,GOLD,840626,35157,101043,48757,305245,84271,251097,14279,74033,97567,39528,188440,779322,806839,61305,33787,840626,35157,101043,48757,305245,84271,251097,14279,74033,97567,39528,188440,779322,806839,61305,33787,0,0,0,0,0,0,0,0,0,0,0,0,0,0,0,0,-85399,-10125,-11003,-984,-2239,-8202,-422,-491,-19947,-7033,-2037,-40024,-86737,-83942,1338,-1457,100.0,4.2,12.0,5.8,36.3,10.0,29.9,1.7,8.8,11.6,4.7,22.4,92.7,96.0,7.3,4.0,100.0,4.2,12.0,5.8,36.3,10.0,29.9,1.7,8.8,11.6,4.7,22.4,92.7,96.0,7.3,4.0,100.0,0.0,0.0,0.0,0.0,0.0,0.0,0.0,0.0,0.0,0.0,0.0,0.0,0.0,0.0,0.0,349,21,27,33,91,56,69,299,225,349,21,27,33,91,56,69,299,225,0,0,0,0,0,0,0,0,0,0,0,0,0,0,19.1,33.1,28.7,47.9,12.3,25.3,17.7,35.0,19.1,33.1,28.7,47.9,12.3,25.3,17.7,35.0,0.0,0.0,0.0,0.0,0.0,0.0,0.0,0.0,(CONTRACTS OF 100 TROY OUNCES),N20,GOLD,PRECIOUS METALS,NATURAL RESOURCES,Combined,14,18,110,20,62,14,18,110,20,62
240827088695C,MICRO GOLD - COMMODITY EXCHANGE INC.,2024-08-27T00:00:00.000,2024 Report Week 35,MICRO GOLD,088695,CMX ,NYC,088 ,GOLD,43331,0,0,0,0,0,1389,0,307,16582,9386,6510,24788,16203,18543,27128,43331,0,0,0,0,0,1389,0,307,16582,9386,6510,24788,16203,18543,27128,0,0,0,0,0,0,0,0,0,0,0,0,0,0,0,0,-862,0,0,0,0,0,-2081,0,307,1059,-178,-641,-1356,-512,494,-350,100.0,0.0,0.0,0.0,0.0,0.0,3.2,0.0,0.7,38.3,21.7,15.0,57.2,37.4,42.8,62.6,100.0,0.0,0.0,0.0,0.0,0.0,3.2,0.0,0.7,38.3,21.7,15.0,57.2,37.4,42.8,62.6,100.0,0.0,0.0,0.0,0.0,0.0,0.0,0.0,0.0,0.0,0.0,0.0,0.0,0.0,0.0,0.0,20,0,0,0,8,8,6,17,10,20,0,0,0,8,8,6,17,10,0,0,0,0,0,0,0,0,0,0,0,0,0,0,36.1,30.1,48.3,36.1,29.3,19.4,38.6,21.7,36.1,30.1,48.3,36.1,29.3,19.4,38.6,21.7,0.0,0.0,0.0,0.0,0.0,0.0,0.0,0.0,(CONTRACTS OF 10 TROY OUNCES),N20,GOLD,PRECIOUS METALS,NATURAL RESOURCES,Combined,0,0,4,0,,0,0,4,0,
240820088691C,GOLD - COMMODITY EXCHANGE INC.,2024-08-20T00:00:00.000,2024 Report Week 34,GOLD,088691,CMX ,NYC,088 ,GOLD,926026,45282,112046,49742,307484,92473,251519,14770,93980,104599,41564,228464,866059,890781,59967,35244,926026,45282,112046,49742,307484,92473,251519,14770,93980,104599,41564,228464,866059,890781,59967,35244,0,0,0,0,0,0,0,0,0,0,0,0,0,0,0,0,60206,2044,11525,-2194,11883,5569,18610,1532,8832,10139,2653,14283,57284,56278,2922,3928,100.0,4.9,12.1,5.4,33.2,10.0,27.2,1.6,10.1,11.3,4.5,24.7,93.5,96.2,6.5,3.8,100.0,4.9,12.1,5.4,33.2,10.0,27.2,1.6,10.1,11.3,4.5,24.7,93.5,96.2,6.5,3.8,100.0,0.0,0.0,0.0,0.0,0.0,0.0,0.0,0.0,0.0,0.0,0.0,0.0,0.0,0.0,0.0,369,20,27,34,102,63,81,322,241,369,20,27,34,102,63,81,322,241,0,0,0,0,0,0,0,0,0,0,0,0,0,0,20.1,31.7,30.3,47.6,11.2,23.0,16.4,31.8,20.1,31.7,30.3,47.6,11.2,23.0,16.4,31.8,0.0,0.0,0.0,0.0,0.0,0.0,0.0,0.0,(CONTRACTS OF 100 TROY OUNCES),N20,GOLD,PRECIOUS METALS,NATURAL RESOURCES,Combined,15,20,113,18,67,15,20,113,18,67
240820088695C,MICRO GOLD - COMMODITY EXCHANGE INC.,2024-08-20T00:00:00.000,2024 Report Week 34,MICRO GOLD,088695,CMX ,NYC,088 ,GOLD,44193,0,0,0,0,0,3470,0,0,15523,9564,7151,26144,16715,18049,27478,44193,0,0,0,0,0,3470,0,0,15523,9564,7151,26144,16715,18049,27478,0,0,0,0,0,0,0,0,0,0,0,0,0,0,0,0,6109,0,0,0,0,0,1718,0,0,1408,3273,569,3695,3842,2414,2267,100.0,0.0,0.0,0.0,0.0,0.0,7.9,0.0,0.0,35.1,21.6,16.2,59.2,37.8,40.8,62.2,100.0,0.0,0.0,0.0,0.0,0.0,7.9,0.0,0.0,35.1,21.6,16.2,59.2,37.8,40.8,62.2,100.0,0.0,0.0,0.0,0.0,0.0,0.0,0.0,0.0,0.0,0.0,0.0,0.0,0.0,0.0,0.0,22,0,0,0,9,7,7,19,10,22,0,0,0,9,7,7,19,10,0,0,0,0,0,0,0,0,0,0,0,0,0,0,33.6,28.9,48.8,36.6,28.7,20.3,38.4,21.6,33.6,28.9,48.8,36.6,28.7,20.3,38.4,21.6,0.0,0.0,0.0,0.0,0.0,0.0,0.0,0.0,(CONTRACTS OF 10 TROY OUNCES),N20,GOLD,PRECIOUS METALS,NATURAL RESOURCES,Combined,0,0,6,0,0,0,0,6,0,0
240813088691C,GOLD - COMMODITY EXCHANGE INC.,2024-08-13T00:00:00.000,2024 Report Week 33,GOLD,088691,CMX ,NYC,088 ,GOLD,865820,43238,100522,51936,295601,86904,232909,13237,85148,94460,38911,214181,808775,834503,57045,31317,865820,43238,100522,51936,295601,86904,232909,13237,85148,94460,38911,214181,808775,834503,57045,31317,0,0,0,0,0,0,0,0,0,0,0,0,0,0,0,0,69740,2876,11667,-3747,16896,9643,29182,-5015,8805,7823,6984,15907,70490,64887,-750,4853,100.0,5.0,11.6,6.0,34.1,10.0,26.9,1.5,9.8,10.9,4.5,24.7,93.4,96.4,6.6,3.6,100.0,5.0,11.6,6.0,34.1,10.0,26.9,1.5,9.8,10.9,4.5,24.7,93.4,96.4,6.6,3.6,100.0,0.0,0.0,0.0,0.0,0.0,0.0,0.0,0.0,0.0,0.0,0.0,0.0,0.0,0.0,0.0,356,18,26,33,88,68,76,308,234,356,18,26,33,88,68,76,308,234,0,0,0,0,0,0,0,0,0,0,0,0,0,0,19.9,33.0,30.2,48.5,11.5,24.3,16.9,32.4,19.9,33.0,30.2,48.5,11.5,24.3,16.9,32.4,0.0,0.0,0.0,0.0,0.0,0.0,0.0,0.0,(CONTRACTS OF 100 TROY OUNCES),N20,GOLD,PRECIOUS METALS,NATURAL RESOURCES,Combined,14,19,114,16,66,14,19,114,16,66
240813088695C,MICRO GOLD - COMMODITY EXCHANGE INC.,2024-08-13T00:00:00.000,2024 Report Week 33,MICRO GOLD,088695,CMX ,NYC,088 ,GOLD,38084,0,0,0,0,0,1752,0,0,14115,6291,6582,22449,12873,15635,25211,38084,0,0,0,0,0,1752,0,0,14115,6291,6582,22449,12873,15635,25211,0,0,0,0,0,0,0,0,0,0,0,0,0,0,0,0,,,,,,,,,,,,,,,,,100.0,0.0,0.0,0.0,0.0,0.0,4.6,0.0,0.0,37.1,16.5,17.3,58.9,33.8,41.1,66.2,100.0,0.0,0.0,0.0,0.0,0.0,4.6,0.0,0.0,37.1,16.5,17.3,58.9,33.8,41.1,66.2,100.0,0.0,0.0,0.0,0.0,0.0,0.0,0.0,0.0,0.0,0.0,0.0,0.0,0.0,0.0,0.0,20,0,0,0,9,7,7,17,10,20,0,0,0,9,7,7,17,10,0,0,0,0,0,0,0,0,0,0,0,0,0,0,33.0,23.7,47.5,32.7,26.1,15.2,36.7,16.5,33.0,23.7,47.5,32.7,26.1,15.2,36.7,16.5,0.0,0.0,0.0,0.0,0.0,0.0,0.0,0.0,(CONTRACTS OF 10 TROY OUNCES),N20,GOLD,PRECIOUS METALS,NATURAL RESOURCES,Combined,0,0,4,0,0,0,0,4,0,0
240806088691C,GOLD - COMMODITY EXCHANGE INC.,2024-08-06T00:00:00.000,2024 Report Week 32,GOLD,088691,CMX ,NYC,088 ,GOLD,796080,40361,88854,55683,278705,77261,203726,18252,76343,86637,31927,198274,738285,769616,57795,26464,796080,40361,88854,55683,278705,77261,203726,18252,76343,86637,31927,198274,738285,769616,57795,26464,0,0,0,0,0,0,0,0,0,0,0,0,0,0,0,0,-19736,-2529,-136,3488,-6286,-3786,-7882,-4447,889,-10823,-2555,-603,-21246,-16925,1511,-2811,100.0,5.1,11.2,7.0,35.0,9.7,25.6,2.3,9.6,10.9,4.0,24.9,92.7,96.7,7.3,3.3,100.0,5.1,11.2,7.0,35.0,9.7,25.6,2.3,9.6,10.9,4.0,24.9,92.7,96.7,7.3,3.3,100.0,0.0,0.0,0.0,0.0,0.0,0.0,0.0,0.0,0.0,0.0,0.0,0.0,0.0,0.0,0.0,337,18,24,34,88,54,75,296,228,337,18,24,34,88,54,75,296,228,0,0,0,0,0,0,0,0,0,0,0,0,0,0,19.1,34.2,29.7,49.4,11.5,25.9,17.4,34.3,19.1,34.2,29.7,49.4,11.5,25.9,17.4,34.3,0.0,0.0,0.0,0.0,0.0,0.0,0.0,0.0,(CONTRACTS OF 100 TROY OUNCES),N20,GOLD,PRECIOUS METALS,NATURAL RESOURCES,Combined,13,19,100,27,68,13,19,100,27,68
240730088691C,GOLD - COMMODITY EXCHANGE INC.,2024-07-30T00:00:00.000,2024 Report Week 31,GOLD,088691,CMX ,NYC,088 ,GOLD,815816,42890,88991,52195,284991,81047,211608,22699,75454,97460,34482,198877,759532,786540,56284,29275,815816,42890,88991,52195,284991,81047,211608,22699,75454,97460,34482,198877,759532,786540,56284,29275,0,0,0,0,0,0,0,0,0,0,0,0,0,0,0,0,-92230,2349,-5768,-3618,-13775,-17036,-11018,-1483,-21169,-6284,860,-30801,-87576,-89172,-4654,-3058,100.0,5.3,10.9,6.4,34.9,9.9,25.9,2.8,9.2,11.9,4.2,24.4,93.1,96.4,6.9,3.6,100.0,5.3,10.9,6.4,34.9,9.9,25.9,2.8,9.2,11.9,4.2,24.4,93.1,96.4,6.9,3.6,100.0,0.0,0.0,0.0,0.0,0.0,0.0,0.0,0.0,0.0,0.0,0.0,0.0,0.0,0.0,0.0,348,19,26,33,90,58,74,304,225,348,19,26,33,90,58,74,304,225,0,0,0,0,0,0,0,0,0,0,0,0,0,0,18.2,31.5,28.9,46.3,11.5,23.4,17.4,32.6,18.2,31.5,28.9,46.3,11.5,23.4,17.4,32.6,0.0,0.0,0.0,0.0,0.0,0.0,0.0,0.0,(CONTRACTS OF 100 TROY OUNCES),N20,GOLD,PRECIOUS METALS,NATURAL RESOURCES,Combined,14,18,109,20,64,14,18,109,20,64
240723088691C,GOLD - COMMODITY EXCHANGE INC.,2024-07-23T00:00:00.000,2024 Report Week 30,GOLD,088691,CMX ,NYC,088 ,GOLD,908046,40541,94758,55813,298766,98083,222626,24182,96623,103744,33622,229679,847108,875713,60938,32333,908046,40541,94758,55813,298766,98083,222626,24182,96623,103744,33622,229679,847108,875713,60938,32333,0,0,0,0,0,0,0,0,0,0,0,0,0,0,0,0,-44978,-7132,-14021,-1972,-10036,-3441,-18848,3067,-4149,-984,-2947,-5667,-42193,-37194,-2786,-7785,100.0,4.5,10.4,6.1,32.9,10.8,24.5,2.7,10.6,11.4,3.7,25.3,93.3,96.4,6.7,3.6,100.0,4.5,10.4,6.1,32.9,10.8,24.5,2.7,10.6,11.4,3.7,25.3,93.3,96.4,6.7,3.6,100.0,0.0,0.0,0.0,0.0,0.0,0.0,0.0,0.0,0.0,0.0,0.0,0.0,0.0,0.0,0.0,356,19,25,38,101,50,79,319,234,356,19,25,38,101,50,79,319,234,0,0,0,0,0,0,0,0,0,0,0,0,0,0,17.2,28.7,27.1,43.2,10.0,21.3,15.5,30.0,17.2,28.7,27.1,43.2,10.0,21.3,15.5,30.0,0.0,0.0,0.0,0.0,0.0,0.0,0.0,0.0,(CONTRACTS OF 100 TROY OUNCES),N20,GOLD,PRECIOUS METALS,NATURAL RESOURCES,Combined,16,20,115,18,69,16,20,115,18,69
240723088695C,MICRO GOLD - COMMODITY EXCHANGE INC.,2024-07-23T00:00:00.000,2024 Report Week 30,MICRO GOLD,088695,CMX ,NYC,088 ,GOLD,43876,0,0,0,0,0,748,0,0,13671,10267,10621,25040,20888,18836,22988,43876,0,0,0,0,0,748,0,0,13671,10267,10621,25040,20888,18836,22988,0,0,0,0,0,0,0,0,0,0,0,0,0,0,0,0,61,0,0,0,0,0,-2097,0,0,1094,1685,112,-891,1797,952,-1736,100.0,0.0,0.0,0.0,0.0,0.0,1.7,0.0,0.0,31.2,23.4,24.2,57.1,47.6,42.9,52.4,100.0,0.0,0.0,0.0,0.0,0.0,1.7,0.0,0.0,31.2,23.4,24.2,57.1,47.6,42.9,52.4,100.0,0.0,0.0,0.0,0.0,0.0,0.0,0.0,0.0,0.0,0.0,0.0,0.0,0.0,0.0,0.0,21,0,0,0,11,8,9,17,13,21,0,0,0,11,8,9,17,13,0,0,0,0,0,0,0,0,0,0,0,0,0,0,37.4,36.9,50.4,44.3,21.6,21.5,28.8,23.4,37.4,36.9,50.4,44.3,21.6,21.5,28.8,23.4,0.0,0.0,0.0,0.0,0.0,0.0,0.0,0.0,(CONTRACTS OF 10 TROY OUNCES),N20,GOLD,PRECIOUS METALS,NATURAL RESOURCES,Combined,0,0,,0,0,0,0,,0,0
240716088691C,GOLD - COMMODITY EXCHANGE INC.,2024-07-16T00:00:00.000,2024 Report Week 29,GOLD,088691,CMX ,NYC,088 ,GOLD,953024,47673,108779,57785,308802,101524,241474,21115,100772,104729,36569,235345,889301,912906,63724,40118,953024,47673,108779,57785,308802,101524,241474,21115,100772,104729,36569,235345,889301,912906,63724,40118,0,0,0,0,0,0,0,0,0,0,0,0,0,0,0,0,153597,15611,24234,-1097,20295,20894,32438,3683,14969,10497,5970,54463,147775,144509,5822,9088,100.0,5.0,11.4,6.1,32.4,10.7,25.3,2.2,10.6,11.0,3.8,24.7,93.3,95.8,6.7,4.2,100.0,5.0,11.4,6.1,32.4,10.7,25.3,2.2,10.6,11.0,3.8,24.7,93.3,95.8,6.7,4.2,100.0,0.0,0.0,0.0,0.0,0.0,0.0,0.0,0.0,0.0,0.0,0.0,0.0,0.0,0.0,0.0,372,23,27,34,98,65,80,325,244,372,23,27,34,98,65,80,325,244,0,0,0,0,0,0,0,0,0,0,0,0,0,0,18.2,28.7,28.1,43.1,10.1,20.3,15.6,28.5,18.2,28.7,28.1,43.1,10.1,20.3,15.6,28.5,0.0,0.0,0.0,0.0,0.0,0.0,0.0,0.0,(CONTRACTS OF 100 TROY OUNCES),N20,GOLD,PRECIOUS METALS,NATURAL RESOURCES,Combined,18,18,116,17,69,18,18,116,17,69
240716088695C,MICRO GOLD - COMMODITY EXCHANGE INC.,2024-07-16T00:00:00.000,2024 Report Week 29,MICRO GOLD,088695,CMX ,NYC,088 ,GOLD,43815,0,0,0,0,0,2845,0,0,12577,8582,10509,25931,19091,17884,24724,43815,0,0,0,0,0,2845,0,0,12577,8582,10509,25931,19091,17884,24724,0,0,0,0,0,0,0,0,0,0,0,0,0,0,0,0,5120,0,0,0,0,0,2569,-1320,0,1504,-1046,1179,5252,-1187,-132,6307,100.0,0.0,0.0,0.0,0.0,0.0,6.5,0.0,0.0,28.7,19.6,24.0,59.2,43.6,40.8,56.4,100.0,0.0,0.0,0.0,0.0,0.0,6.5,0.0,0.0,28.7,19.6,24.0,59.2,43.6,40.8,56.4,100.0,0.0,0.0,0.0,0.0,0.0,0.0,0.0,0.0,0.0,0.0,0.0,0.0,0.0,0.0,0.0,20,0,0,0,11,7,8,16,12,20,0,0,0,11,7,8,16,12,0,0,0,0,0,0,0,0,0,0,0,0,0,0,36.8,32.6,53.7,41.2,23.5,17.7,31.7,19.6,36.8,32.6,53.7,41.2,23.5,17.7,31.7,19.6,0.0,0.0,0.0,0.0,0.0,0.0,0.0,0.0,(CONTRACTS OF 10 TROY OUNCES),N20,GOLD,PRECIOUS METALS,NATURAL RESOURCES,Combined,0,0,,0,0,0,0,,0,0
240709088691C,GOLD - COMMODITY EXCHANGE INC.,2024-07-09T00:00:00.000,2024 Report Week 28,GOLD,088691,CMX ,NYC,088 ,GOLD,799427,32061,84545,58882,288507,80630,209035,17432,85803,94232,30599,180882,741525,768397,57902,31030,799427,32061,84545,58882,288507,80630,209035,17432,85803,94232,30599,180882,741525,768397,57902,31030,0,0,0,0,0,0,0,0,0,0,0,0,0,0,0,0,80167,1894,8666,1553,11256,6320,17087,4025,26643,2781,2116,20162,76442,79188,3725,978,100.0,4.0,10.6,7.4,36.1,10.1,26.1,2.2,10.7,11.8,3.8,22.6,92.8,96.1,7.2,3.9,100.0,4.0,10.6,7.4,36.1,10.1,26.1,2.2,10.7,11.8,3.8,22.6,92.8,96.1,7.2,3.9,100.0,0.0,0.0,0.0,0.0,0.0,0.0,0.0,0.0,0.0,0.0,0.0,0.0,0.0,0.0,0.0,353,20,26,35,96,50,77,314,239,353,20,26,35,96,50,77,314,239,0,0,0,0,0,0,0,0,0,0,0,0,0,0,16.8,30.1,27.1,44.5,11.1,23.2,17.0,32.1,16.8,30.1,27.1,44.5,11.1,23.2,17.0,32.1,0.0,0.0,0.0,0.0,0.0,0.0,0.0,0.0,(CONTRACTS OF 100 TROY OUNCES),N20,GOLD,PRECIOUS METALS,NATURAL RESOURCES,Combined,16,22,114,18,76,16,22,114,18,76
240709088695C,MICRO GOLD - COMMODITY EXCHANGE INC.,2024-07-09T00:00:00.000,2024 Report Week 28,MICRO GOLD,088695,CMX ,NYC,088 ,GOLD,38695,0,0,0,0,0,276,1320,0,11073,9628,9330,20679,20278,18016,18417,38695,0,0,0,0,0,276,1320,0,11073,9628,9330,20679,20278,18016,18417,0,0,0,0,0,0,0,0,0,0,0,0,0,0,0,0,7708,0,0,0,0,0,-219,-78,-2,1497,537,5978,7254,6435,454,1273,100.0,0.0,0.0,0.0,0.0,0.0,0.7,3.4,0.0,28.6,24.9,24.1,53.4,52.4,46.6,47.6,100.0,0.0,0.0,0.0,0.0,0.0,0.7,3.4,0.0,28.6,24.9,24.1,53.4,52.4,46.6,47.6,100.0,0.0,0.0,0.0,0.0,0.0,0.0,0.0,0.0,0.0,0.0,0.0,0.0,0.0,0.0,0.0,21,0,0,0,11,7,8,16,13,21,0,0,0,11,7,8,16,13,0,0,0,0,0,0,0,0,0,0,0,0,0,0,35.2,38.0,47.6,48.3,20.6,25.3,26.5,28.3,35.2,38.0,47.6,48.3,20.6,25.3,26.5,28.3,0.0,0.0,0.0,0.0,0.0,0.0,0.0,0.0,(CONTRACTS OF 10 TROY OUNCES),N20,GOLD,PRECIOUS METALS,NATURAL RESOURCES,Combined,0,0,,,0,0,0,,,0
240702088691C,GOLD - COMMODITY EXCHANGE INC.,2024-07-02T00:00:00.000,2024 Report Week 27,GOLD,088691,CMX ,NYC,088 ,GOLD,719261,30167,75879,57329,277251,74310,191948,13407,59159,91450,28484,160720,665084,689209,54177,30052,719261,30167,75879,57329,277251,74310,191948,13407,59159,91450,28484,160720,665084,689209,54177,30052,0,0,0,0,0,0,0,0,0,0,0,0,0,0,0,0,8027,-1029,2074,1675,-8872,2473,-5936,232,7057,987,-148,3773,8999,6588,-972,1439,100.0,4.2,10.5,8.0,38.5,10.3,26.7,1.9,8.2,12.7,4.0,22.3,92.5,95.8,7.5,4.2,100.0,4.2,10.5,8.0,38.5,10.3,26.7,1.9,8.2,12.7,4.0,22.3,92.5,95.8,7.5,4.2,100.0,0.0,0.0,0.0,0.0,0.0,0.0,0.0,0.0,0.0,0.0,0.0,0.0,0.0,0.0,0.0,336,19,26,34,88,46,71,303,223,336,19,26,34,88,46,71,303,223,0,0,0,0,0,0,0,0,0,0,0,0,0,0,14.9,32.5,25.6,47.5,10.8,25.1,17.1,34.8,14.9,32.5,25.6,47.5,10.8,25.1,17.1,34.8,0.0,0.0,0.0,0.0,0.0,0.0,0.0,0.0,(CONTRACTS OF 100 TROY OUNCES),N20,GOLD,PRECIOUS METALS,NATURAL RESOURCES,Combined,15,21,111,19,73,15,21,111,19,73
240702088695C,MICRO GOLD - COMMODITY EXCHANGE INC.,2024-07-02T00:00:00.000,2024 Report Week 27,MICRO GOLD,088695,CMX ,NYC,088 ,GOLD,30987,0,0,0,0,0,495,1398,2,9576,9091,3352,13425,13843,17562,17144,30987,0,0,0,0,0,495,1398,2,9576,9091,3352,13425,13843,17562,17144,0,0,0,0,0,0,0,0,0,0,0,0,0,0,0,0,599,0,0,0,0,0,24,822,-80,333,-183,703,980,1262,-381,-663,100.0,0.0,0.0,0.0,0.0,0.0,1.6,4.5,0.0,30.9,29.3,10.8,43.3,44.7,56.7,55.3,100.0,0.0,0.0,0.0,0.0,0.0,1.6,4.5,0.0,30.9,29.3,10.8,43.3,44.7,56.7,55.3,100.0,0.0,0.0,0.0,0.0,0.0,0.0,0.0,0.0,0.0,0.0,0.0,0.0,0.0,0.0,0.0,22,0,0,0,10,8,8,17,14,22,0,0,0,10,8,8,17,14,0,0,0,0,0,0,0,0,0,0,0,0,0,0,28.1,32.1,36.9,41.1,22.3,29.6,29.2,33.4,28.1,32.1,36.9,41.1,22.3,29.6,29.2,33.4,0.0,0.0,0.0,0.0,0.0,0.0,0.0,0.0,(CONTRACTS OF 10 TROY OUNCES),N20,GOLD,PRECIOUS METALS,NATURAL RESOURCES,Combined,0,0,,,,0,0,,,
240625088691C,GOLD - COMMODITY EXCHANGE INC.,2024-06-25T00:00:00.000,2024 Report Week 26,GOLD,088691,CMX ,NYC,088 ,GOLD,711234,31196,73805,55654,286123,71837,197885,13175,52102,90463,28631,156948,656085,682621,55149,28612,711234,31196,73805,55654,286123,71837,197885,13175,52102,90463,28631,156948,656085,682621,55149,28612,0,0,0,0,0,0,0,0,0,0,0,0,0,0,0,0,-32055,-185,-1135,1494,140,-5765,-3007,1816,-3992,404,-987,-22060,-33112,-31983,1057,-72,100.0,4.4,10.4,7.8,40.2,10.1,27.8,1.9,7.3,12.7,4.0,22.1,92.2,96.0,7.8,4.0,100.0,4.4,10.4,7.8,40.2,10.1,27.8,1.9,7.3,12.7,4.0,22.1,92.2,96.0,7.8,4.0,100.0,0.0,0.0,0.0,0.0,0.0,0.0,0.0,0.0,0.0,0.0,0.0,0.0,0.0,0.0,0.0,331,18,29,36,89,44,61,293,214,331,18,29,36,89,44,61,293,214,0,0,0,0,0,0,0,0,0,0,0,0,0,0,15.1,33.3,25.9,48.6,11.2,25.9,17.5,36.0,15.1,33.3,25.9,48.6,11.2,25.9,17.5,36.0,0.0,0.0,0.0,0.0,0.0,0.0,0.0,0.0,(CONTRACTS OF 100 TROY OUNCES),N20,GOLD,PRECIOUS METALS,NATURAL RESOURCES,Combined,14,18,106,22,68,14,18,106,22,68
240625088695C,MICRO GOLD - COMMODITY EXCHANGE INC.,2024-06-25T00:00:00.000,2024 Report Week 26,MICRO GOLD,088695,CMX ,NYC,088 ,GOLD,30388,0,0,0,0,0,471,576,82,9243,9274,2649,12445,12581,17943,17807,30388,0,0,0,0,0,471,576,82,9243,9274,2649,12445,12581,17943,17807,0,0,0,0,0,0,0,0,0,0,0,0,0,0,0,0,-1210,0,0,0,0,0,5,90,-68,-3671,-761,215,-3519,-524,2309,-686,100.0,0.0,0.0,0.0,0.0,0.0,1.5,1.9,0.3,30.4,30.5,8.7,41.0,41.4,59.0,58.6,100.0,0.0,0.0,0.0,0.0,0.0,1.5,1.9,0.3,30.4,30.5,8.7,41.0,41.4,59.0,58.6,100.0,0.0,0.0,0.0,0.0,0.0,0.0,0.0,0.0,0.0,0.0,0.0,0.0,0.0,0.0,0.0,21,0,0,0,11,7,7,16,13,21,0,0,0,11,7,7,16,13,0,0,0,0,0,0,0,0,0,0,0,0,0,0,26.2,30.2,35.1,37.9,19.7,29.0,27.5,32.4,26.2,30.2,35.1,37.9,19.7,29.0,27.5,32.4,0.0,0.0,0.0,0.0,0.0,0.0,0.0,0.0,(CONTRACTS OF 10 TROY OUNCES),N20,GOLD,PRECIOUS METALS,NATURAL RESOURCES,Combined,0,0,,,,0,0,,,
240618088691C,GOLD - COMMODITY EXCHANGE INC.,2024-06-18T00:00:00.000,2024 Report Week 25,GOLD,088691,CMX ,NYC,088 ,GOLD,743289,31381,74940,54160,285983,77602,200892,11359,56094,90060,29619,179008,689197,714604,54092,28685,743289,31381,74940,54160,285983,77602,200892,11359,56094,90060,29619,179008,689197,714604,54092,28685,0,0,0,0,0,0,0,0,0,0,0,0,0,0,0,0,13535,-381,2195,-174,8638,1510,11602,-382,2092,1500,-325,802,16950,14531,-3416,-996,100.0,4.2,10.1,7.3,38.5,10.4,27.0,1.5,7.5,12.1,4.0,24.1,92.7,96.1,7.3,3.9,100.0,4.2,10.1,7.3,38.5,10.4,27.0,1.5,7.5,12.1,4.0,24.1,92.7,96.1,7.3,3.9,100.0,0.0,0.0,0.0,0.0,0.0,0.0,0.0,0.0,0.0,0.0,0.0,0.0,0.0,0.0,0.0,345,18,28,38,91,55,69,307,225,345,18,28,38,91,55,69,307,225,0,0,0,0,0,0,0,0,0,0,0,0,0,0,16.0,32.4,26.6,48.6,10.6,25.0,16.9,34.7,16.0,32.4,26.6,48.6,10.6,25.0,16.9,34.7,0.0,0.0,0.0,0.0,0.0,0.0,0.0,0.0,(CONTRACTS OF 100 TROY OUNCES),N20,GOLD,PRECIOUS METALS,NATURAL RESOURCES,Combined,14,20,111,18,68,14,20,111,18,68
240618088695C,MICRO GOLD - COMMODITY EXCHANGE INC.,2024-06-18T00:00:00.000,2024 Report Week 25,MICRO GOLD,088695,CMX ,NYC,088 ,GOLD,31599,0,0,0,0,0,466,486,150,12914,10035,2434,15964,13105,15635,18494,31599,0,0,0,0,0,466,486,150,12914,10035,2434,15964,13105,15635,18494,0,0,0,0,0,0,0,0,0,0,0,0,0,0,0,0,-931,0,0,0,-390,0,-666,-316,137,1070,-353,503,1044,-419,-1975,-512,100.0,0.0,0.0,0.0,0.0,0.0,1.5,1.5,0.5,40.9,31.8,7.7,50.5,41.5,49.5,58.5,100.0,0.0,0.0,0.0,0.0,0.0,1.5,1.5,0.5,40.9,31.8,7.7,50.5,41.5,49.5,58.5,100.0,0.0,0.0,0.0,0.0,0.0,0.0,0.0,0.0,0.0,0.0,0.0,0.0,0.0,0.0,0.0,22,0,0,0,12,7,7,18,12,22,0,0,0,12,7,7,18,12,0,0,0,0,0,0,0,0,0,0,0,0,0,0,30.8,32.0,43.4,39.7,28.0,30.3,37.7,33.3,30.8,32.0,43.4,39.7,28.0,30.3,37.7,33.3,0.0,0.0,0.0,0.0,0.0,0.0,0.0,0.0,(CONTRACTS OF 10 TROY OUNCES),N20,GOLD,PRECIOUS METALS,NATURAL RESOURCES,Combined,0,0,,,,0,0,,,
240611088691C,GOLD - COMMODITY EXCHANGE INC.,2024-06-11T00:00:00.000,2024 Report Week 24,GOLD,088691,CMX ,NYC,088 ,GOLD,729754,31762,72745,54335,277345,76091,189290,11741,54003,88560,29943,178206,672247,700074,57508,29680,729754,31762,72745,54335,277345,76091,189290,11741,54003,88560,29943,178206,672247,700074,57508,29680,0,0,0,0,0,0,0,0,0,0,0,0,0,0,0,0,-6760,-443,235,-400,-10651,2911,-7988,-4776,-2302,-4885,-255,5763,-7345,-9075,585,2315,100.0,4.4,10.0,7.4,38.0,10.4,25.9,1.6,7.4,12.1,4.1,24.4,92.1,95.9,7.9,4.1,100.0,4.4,10.0,7.4,38.0,10.4,25.9,1.6,7.4,12.1,4.1,24.4,92.1,95.9,7.9,4.1,100.0,0.0,0.0,0.0,0.0,0.0,0.0,0.0,0.0,0.0,0.0,0.0,0.0,0.0,0.0,0.0,328,16,25,34,93,51,67,290,214,328,16,25,34,93,51,67,290,214,0,0,0,0,0,0,0,0,0,0,0,0,0,0,16.2,32.3,26.7,48.9,10.6,24.8,16.7,34.8,16.2,32.3,26.7,48.9,10.6,24.8,16.7,34.8,0.0,0.0,0.0,0.0,0.0,0.0,0.0,0.0,(CONTRACTS OF 100 TROY OUNCES),N20,GOLD,PRECIOUS METALS,NATURAL RESOURCES,Combined,13,19,98,21,65,13,19,98,21,65
240611088695C,MICRO GOLD - COMMODITY EXCHANGE INC.,2024-06-11T00:00:00.000,2024 Report Week 24,MICRO GOLD,088695,CMX ,NYC,088 ,GOLD,32530,0,0,0,390,0,1132,802,13,11844,10388,1931,14920,13524,17610,19006,32530,0,0,0,390,0,1132,802,13,11844,10388,1931,14920,13524,17610,19006,0,0,0,0,0,0,0,0,0,0,0,0,0,0,0,0,,,,,,,,,,,,,,,,,100.0,0.0,0.0,0.0,1.2,0.0,3.5,2.5,0.0,36.4,31.9,5.9,45.9,41.6,54.1,58.4,100.0,0.0,0.0,0.0,1.2,0.0,3.5,2.5,0.0,36.4,31.9,5.9,45.9,41.6,54.1,58.4,100.0,0.0,0.0,0.0,0.0,0.0,0.0,0.0,0.0,0.0,0.0,0.0,0.0,0.0,0.0,0.0,21,0,,0,11,6,7,16,13,21,0,,0,11,6,7,16,13,0,0,0,0,0,0,0,0,0,0,0,0,0,0,26.6,32.8,39.3,39.8,24.9,32.2,35.3,35.6,26.6,32.8,39.3,39.8,24.9,32.2,35.3,35.6,0.0,0.0,0.0,0.0,0.0,0.0,0.0,0.0,(CONTRACTS OF 10 TROY OUNCES),N20,GOLD,PRECIOUS METALS,NATURAL RESOURCES,Combined,0,0,,,,0,0,,,
240604088691C,GOLD - COMMODITY EXCHANGE INC.,2024-06-04T00:00:00.000,2024 Report Week 23,GOLD,088691,CMX ,NYC,088 ,GOLD,736514,32205,72509,54735,287995,73181,197278,16517,56305,93445,30198,172443,679591,709149,56923,27365,736514,32205,72509,54735,287995,73181,197278,16517,56305,93445,30198,172443,679591,709149,56923,27365,0,0,0,0,0,0,0,0,0,0,0,0,0,0,0,0,-37310,-2244,-2267,-12342,-10333,-10820,-4051,-5591,-6284,-3871,527,3725,-35886,-31043,-1424,-6267,100.0,4.4,9.8,7.4,39.1,9.9,26.8,2.2,7.6,12.7,4.1,23.4,92.3,96.3,7.7,3.7,100.0,4.4,9.8,7.4,39.1,9.9,26.8,2.2,7.6,12.7,4.1,23.4,92.3,96.3,7.7,3.7,100.0,0.0,0.0,0.0,0.0,0.0,0.0,0.0,0.0,0.0,0.0,0.0,0.0,0.0,0.0,0.0,342,18,26,33,99,45,64,301,220,342,18,26,33,99,45,64,301,220,0,0,0,0,0,0,0,0,0,0,0,0,0,0,16.0,32.6,26.4,49.0,10.4,25.1,16.6,35.4,16.0,32.6,26.4,49.0,10.4,25.1,16.6,35.4,0.0,0.0,0.0,0.0,0.0,0.0,0.0,0.0,(CONTRACTS OF 100 TROY OUNCES),N20,GOLD,PRECIOUS METALS,NATURAL RESOURCES,Combined,14,18,104,28,70,14,18,104,28,70
240528088691C,GOLD - COMMODITY EXCHANGE INC.,2024-05-28T00:00:00.000,2024 Report Week 22,GOLD,088691,CMX ,NYC,088 ,GOLD,773824,34449,74776,67077,298328,84000,201329,22108,62589,97316,29672,168718,715478,740192,58346,33632,773824,34449,74776,67077,298328,84000,201329,22108,62589,97316,29672,168718,715478,740192,58346,33632,0,0,0,0,0,0,0,0,0,0,0,0,0,0,0,0,-157558,-6290,-8456,-3616,-17077,-21183,-17018,-2267,-39278,-541,-4789,-63185,-151112,-156236,-6447,-1323,100.0,4.5,9.7,8.7,38.6,10.9,26.0,2.9,8.1,12.6,3.8,21.8,92.5,95.7,7.5,4.3,100.0,4.5,9.7,8.7,38.6,10.9,26.0,2.9,8.1,12.6,3.8,21.8,92.5,95.7,7.5,4.3,100.0,0.0,0.0,0.0,0.0,0.0,0.0,0.0,0.0,0.0,0.0,0.0,0.0,0.0,0.0,0.0,348,20,27,34,95,54,66,306,223,348,20,27,34,95,54,66,306,223,0,0,0,0,0,0,0,0,0,0,0,0,0,0,15.3,29.6,25.4,45.9,9.9,22.6,16.1,33.1,15.3,29.6,25.4,45.9,9.9,22.6,16.1,33.1,0.0,0.0,0.0,0.0,0.0,0.0,0.0,0.0,(CONTRACTS OF 100 TROY OUNCES),N20,GOLD,PRECIOUS METALS,NATURAL RESOURCES,Combined,15,17,109,22,68,15,17,109,22,68
240528088695C,MICRO GOLD - COMMODITY EXCHANGE INC.,2024-05-28T00:00:00.000,2024 Report Week 22,MICRO GOLD,088695,CMX ,NYC,088 ,GOLD,40483,0,0,0,0,0,1402,0,0,13787,13941,8013,23202,21954,17281,18529,40483,0,0,0,0,0,1402,0,0,13787,13941,8013,23202,21954,17281,18529,0,0,0,0,0,0,0,0,0,0,0,0,0,0,0,0,-1015,0,0,0,0,0,-1807,0,0,-241,988,523,-1525,1511,510,-2526,100.0,0.0,0.0,0.0,0.0,0.0,3.5,0.0,0.0,34.1,34.4,19.8,57.3,54.2,42.7,45.8,100.0,0.0,0.0,0.0,0.0,0.0,3.5,0.0,0.0,34.1,34.4,19.8,57.3,54.2,42.7,45.8,100.0,0.0,0.0,0.0,0.0,0.0,0.0,0.0,0.0,0.0,0.0,0.0,0.0,0.0,0.0,0.0,20,0,0,0,10,8,9,17,12,20,0,0,0,10,8,9,17,12,0,0,0,0,0,0,0,0,0,0,0,0,0,0,28.9,44.9,48.5,51.5,22.8,31.4,34.4,34.4,28.9,44.9,48.5,51.5,22.8,31.4,34.4,34.4,0.0,0.0,0.0,0.0,0.0,0.0,0.0,0.0,(CONTRACTS OF 10 TROY OUNCES),N20,GOLD,PRECIOUS METALS,NATURAL RESOURCES,Combined,0,0,,0,0,0,0,,0,0
240521088691C,GOLD - COMMODITY EXCHANGE INC.,2024-05-21T00:00:00.000,2024 Report Week 21,GOLD,088691,CMX ,NYC,088 ,GOLD,931382,40739,83233,70693,315406,105183,218347,24375,101867,97857,34461,231903,866589,896428,64793,34954,931382,40739,83233,70693,315406,105183,218347,24375,101867,97857,34461,231903,866589,896428,64793,34954,0,0,0,0,0,0,0,0,0,0,0,0,0,0,0,0,56133,-11928,-5514,-216,20173,8650,18840,-2190,11086,1360,-2229,24098,51889,54073,4244,2060,100.0,4.4,8.9,7.6,33.9,11.3,23.4,2.6,10.9,10.5,3.7,24.9,93.0,96.2,7.0,3.8,100.0,4.4,8.9,7.6,33.9,11.3,23.4,2.6,10.9,10.5,3.7,24.9,93.0,96.2,7.0,3.8,100.0,0.0,0.0,0.0,0.0,0.0,0.0,0.0,0.0,0.0,0.0,0.0,0.0,0.0,0.0,0.0,364,22,27,36,102,51,77,322,238,364,22,27,36,102,51,77,322,238,0,0,0,0,0,0,0,0,0,0,0,0,0,0,16.9,28.0,26.5,43.5,8.3,20.3,13.8,29.3,16.9,28.0,26.5,43.5,8.3,20.3,13.8,29.3,0.0,0.0,0.0,0.0,0.0,0.0,0.0,0.0,(CONTRACTS OF 100 TROY OUNCES),N20,GOLD,PRECIOUS METALS,NATURAL RESOURCES,Combined,16,20,108,26,70,16,20,108,26,70
240521088695C,MICRO GOLD - COMMODITY EXCHANGE INC.,2024-05-21T00:00:00.000,2024 Report Week 21,MICRO GOLD,088695,CMX ,NYC,088 ,GOLD,41498,0,0,0,0,0,3209,0,0,14028,12953,7490,24727,20443,16771,21055,41498,0,0,0,0,0,3209,0,0,14028,12953,7490,24727,20443,16771,21055,0,0,0,0,0,0,0,0,0,0,0,0,0,0,0,0,851,0,0,0,0,0,95,-352,-57,442,694,0,480,285,371,566,100.0,0.0,0.0,0.0,0.0,0.0,7.7,0.0,0.0,33.8,31.2,18.0,59.6,49.3,40.4,50.7,100.0,0.0,0.0,0.0,0.0,0.0,7.7,0.0,0.0,33.8,31.2,18.0,59.6,49.3,40.4,50.7,100.0,0.0,0.0,0.0,0.0,0.0,0.0,0.0,0.0,0.0,0.0,0.0,0.0,0.0,0.0,0.0,22,0,0,0,9,8,9,19,12,22,0,0,0,9,8,9,19,12,0,0,0,0,0,0,0,0,0,0,0,0,0,0,32.8,39.5,50.0,47.5,23.2,28.2,35.9,31.2,32.8,39.5,50.0,47.5,23.2,28.2,35.9,31.2,0.0,0.0,0.0,0.0,0.0,0.0,0.0,0.0,(CONTRACTS OF 10 TROY OUNCES),N20,GOLD,PRECIOUS METALS,NATURAL RESOURCES,Combined,0,0,5,0,0,0,0,5,0,0
240514088691C,GOLD - COMMODITY EXCHANGE INC.,2024-05-14T00:00:00.000,2024 Report Week 20,GOLD,088691,CMX ,NYC,088 ,GOLD,875249,52667,88747,70909,295232,96533,199507,26565,90781,96497,36690,207805,814700,842354,60549,32895,875249,52667,88747,70909,295232,96533,199507,26565,90781,96497,36690,207805,814700,842354,60549,32895,0,0,0,0,0,0,0,0,0,0,0,0,0,0,0,0,13875,930,-1054,2244,10980,10985,10313,502,-15831,2526,5708,4037,15204,15327,-1329,-1451,100.0,6.0,10.1,8.1,33.7,11.0,22.8,3.0,10.4,11.0,4.2,23.7,93.1,96.2,6.9,3.8,100.0,6.0,10.1,8.1,33.7,11.0,22.8,3.0,10.4,11.0,4.2,23.7,93.1,96.2,6.9,3.8,100.0,0.0,0.0,0.0,0.0,0.0,0.0,0.0,0.0,0.0,0.0,0.0,0.0,0.0,0.0,0.0,369,20,28,34,104,55,79,324,242,369,20,28,34,104,55,79,324,242,0,0,0,0,0,0,0,0,0,0,0,0,0,0,18.1,29.3,27.8,44.9,8.6,20.4,13.9,29.6,18.1,29.3,27.8,44.9,8.6,20.4,13.9,29.6,0.0,0.0,0.0,0.0,0.0,0.0,0.0,0.0,(CONTRACTS OF 100 TROY OUNCES),N20,GOLD,PRECIOUS METALS,NATURAL RESOURCES,Combined,16,19,111,24,71,16,19,111,24,71
240514088695C,MICRO GOLD - COMMODITY EXCHANGE INC.,2024-05-14T00:00:00.000,2024 Report Week 20,MICRO GOLD,088695,CMX ,NYC,088 ,GOLD,40647,0,0,0,0,0,3114,352,57,13586,12259,7490,24247,20158,16400,20489,40647,0,0,0,0,0,3114,352,57,13586,12259,7490,24247,20158,16400,20489,0,0,0,0,0,0,0,0,0,0,0,0,0,0,0,0,,,,,,,,,,,,,,,,,100.0,0.0,0.0,0.0,0.0,0.0,7.7,0.9,0.1,33.4,30.2,18.4,59.7,49.6,40.3,50.4,100.0,0.0,0.0,0.0,0.0,0.0,7.7,0.9,0.1,33.4,30.2,18.4,59.7,49.6,40.3,50.4,100.0,0.0,0.0,0.0,0.0,0.0,0.0,0.0,0.0,0.0,0.0,0.0,0.0,0.0,0.0,0.0,21,0,0,0,9,8,8,17,13,21,0,0,0,9,8,8,17,13,0,0,0,0,0,0,0,0,0,0,0,0,0,0,35.6,39.9,53.1,47.1,23.3,27.1,37.9,30.4,35.6,39.9,53.1,47.1,23.3,27.1,37.9,30.4,0.0,0.0,0.0,0.0,0.0,0.0,0.0,0.0,(CONTRACTS OF 10 TROY OUNCES),N20,GOLD,PRECIOUS METALS,NATURAL RESOURCES,Combined,0,0,,,,0,0,,,
240507088691C,GOLD - COMMODITY EXCHANGE INC.,2024-05-07T00:00:00.000,2024 Report Week 19,GOLD,088691,CMX ,NYC,088 ,GOLD,861373,51737,89802,68665,284252,85549,189194,26062,106612,93970,30982,203769,799496,827028,61878,34346,861373,51737,89802,68665,284252,85549,189194,26062,106612,93970,30982,203769,799496,827028,61878,34346,0,0,0,0,0,0,0,0,0,0,0,0,0,0,0,0,20360,-1366,216,-158,-1935,2844,-2979,1028,9107,-866,-463,10067,16648,20865,3712,-505,100.0,6.0,10.4,8.0,33.0,9.9,22.0,3.0,12.4,10.9,3.6,23.7,92.8,96.0,7.2,4.0,100.0,6.0,10.4,8.0,33.0,9.9,22.0,3.0,12.4,10.9,3.6,23.7,92.8,96.0,7.2,4.0,100.0,0.0,0.0,0.0,0.0,0.0,0.0,0.0,0.0,0.0,0.0,0.0,0.0,0.0,0.0,0.0,351,21,28,36,93,56,71,301,236,351,21,28,36,93,56,71,301,236,0,0,0,0,0,0,0,0,0,0,0,0,0,0,17.8,29.0,28.7,44.1,8.6,20.2,13.6,29.0,17.8,29.0,28.7,44.1,8.6,20.2,13.6,29.0,0.0,0.0,0.0,0.0,0.0,0.0,0.0,0.0,(CONTRACTS OF 100 TROY OUNCES),N20,GOLD,PRECIOUS METALS,NATURAL RESOURCES,Combined,13,17,103,26,69,13,17,103,26,69
240430088691C,GOLD - COMMODITY EXCHANGE INC.,2024-04-30T00:00:00.000,2024 Report Week 18,GOLD,088691,CMX ,NYC,088 ,GOLD,841013,53103,89586,68824,286187,82705,192173,25034,97505,94836,31444,193701,782847,806162,58166,34851,841013,53103,89586,68824,286187,82705,192173,25034,97505,94836,31444,193701,782847,806162,58166,34851,0,0,0,0,0,0,0,0,0,0,0,0,0,0,0,0,-57028,-5033,-6669,-1702,1174,-15855,-7954,1064,-3991,1913,-8737,-25228,-57849,-58241,822,1213,100.0,6.3,10.7,8.2,34.0,9.8,22.9,3.0,11.6,11.3,3.7,23.0,93.1,95.9,6.9,4.1,100.0,6.3,10.7,8.2,34.0,9.8,22.9,3.0,11.6,11.3,3.7,23.0,93.1,95.9,6.9,4.1,100.0,0.0,0.0,0.0,0.0,0.0,0.0,0.0,0.0,0.0,0.0,0.0,0.0,0.0,0.0,0.0,350,18,29,34,92,56,74,302,235,350,18,29,34,92,56,74,302,235,0,0,0,0,0,0,0,0,0,0,0,0,0,0,17.5,29.0,27.8,44.1,8.9,20.1,13.9,29.3,17.5,29.0,27.8,44.1,8.9,20.1,13.9,29.3,0.0,0.0,0.0,0.0,0.0,0.0,0.0,0.0,(CONTRACTS OF 100 TROY OUNCES),N20,GOLD,PRECIOUS METALS,NATURAL RESOURCES,Combined,11,19,107,23,71,11,19,107,23,71
240430088695C,MICRO GOLD - COMMODITY EXCHANGE INC.,2024-04-30T00:00:00.000,2024 Report Week 18,MICRO GOLD,088695,CMX ,NYC,088 ,GOLD,37605,0,0,0,0,0,3594,0,5,10242,13754,4189,18030,17948,19575,19657,37605,0,0,0,0,0,3594,0,5,10242,13754,4189,18030,17948,19575,19657,0,0,0,0,0,0,0,0,0,0,0,0,0,0,0,0,,,,,,,,,,,,,,,,,100.0,0.0,0.0,0.0,0.0,0.0,9.6,0.0,0.0,27.2,36.6,11.1,47.9,47.7,52.1,52.3,100.0,0.0,0.0,0.0,0.0,0.0,9.6,0.0,0.0,27.2,36.6,11.1,47.9,47.7,52.1,52.3,100.0,0.0,0.0,0.0,0.0,0.0,0.0,0.0,0.0,0.0,0.0,0.0,0.0,0.0,0.0,0.0,21,0,0,0,9,8,5,15,12,21,0,0,0,9,8,5,15,12,0,0,0,0,0,0,0,0,0,0,0,0,0,0,29.5,38.3,41.8,46.5,22.0,31.7,32.5,36.6,29.5,38.3,41.8,46.5,22.0,31.7,32.5,36.6,0.0,0.0,0.0,0.0,0.0,0.0,0.0,0.0,(CONTRACTS OF 10 TROY OUNCES),N20,GOLD,PRECIOUS METALS,NATURAL RESOURCES,Combined,0,0,4,0,,0,0,4,0,
240423088691C,GOLD - COMMODITY EXCHANGE INC.,2024-04-23T00:00:00.000,2024 Report Week 17,GOLD,088691,CMX ,NYC,088 ,GOLD,898041,58136,96255,70526,285013,98559,200127,23970,101496,92923,40181,218929,840697,864403,57344,33638,898041,58136,96255,70526,285013,98559,200127,23970,101496,92923,40181,218929,840697,864403,57344,33638,0,0,0,0,0,0,0,0,0,0,0,0,0,0,0,0,-26145,-1448,-4404,-1857,1062,-7175,1851,-1445,1604,-6523,-543,-9326,-22874,-20227,-3271,-5918,100.0,6.5,10.7,7.9,31.7,11.0,22.3,2.7,11.3,10.3,4.5,24.4,93.6,96.3,6.4,3.7,100.0,6.5,10.7,7.9,31.7,11.0,22.3,2.7,11.3,10.3,4.5,24.4,93.6,96.3,6.4,3.7,100.0,0.0,0.0,0.0,0.0,0.0,0.0,0.0,0.0,0.0,0.0,0.0,0.0,0.0,0.0,0.0,361,22,29,35,85,65,76,305,251,361,22,29,35,85,65,76,305,251,0,0,0,0,0,0,0,0,0,0,0,0,0,0,18.7,29.1,28.7,44.6,8.1,18.9,12.9,27.7,18.7,29.1,28.7,44.6,8.1,18.9,12.9,27.7,0.0,0.0,0.0,0.0,0.0,0.0,0.0,0.0,(CONTRACTS OF 100 TROY OUNCES),N20,GOLD,PRECIOUS METALS,NATURAL RESOURCES,Combined,15,21,110,21,72,15,21,110,21,72
240416088691C,GOLD - COMMODITY EXCHANGE INC.,2024-04-16T00:00:00.000,2024 Report Week 16,GOLD,088691,CMX ,NYC,088 ,GOLD,924186,59584,100659,72383,283952,105734,198276,25415,99892,99446,40723,228255,863571,884630,60615,39556,924186,59584,100659,72383,283952,105734,198276,25415,99892,99446,40723,228255,863571,884630,60615,39556,0,0,0,0,0,0,0,0,0,0,0,0,0,0,0,0,58353,4969,-1611,-955,3166,14915,-10357,-4078,20907,552,-2808,27756,57787,58247,566,106,100.0,6.4,10.9,7.8,30.7,11.4,21.5,2.7,10.8,10.8,4.4,24.7,93.4,95.7,6.6,4.3,100.0,6.4,10.9,7.8,30.7,11.4,21.5,2.7,10.8,10.8,4.4,24.7,93.4,95.7,6.6,4.3,100.0,0.0,0.0,0.0,0.0,0.0,0.0,0.0,0.0,0.0,0.0,0.0,0.0,0.0,0.0,0.0,371,22,30,36,89,67,72,314,250,371,22,30,36,89,67,72,314,250,0,0,0,0,0,0,0,0,0,0,0,0,0,0,18.9,28.9,28.7,44.7,7.8,18.4,12.8,27.2,18.9,28.9,28.7,44.7,7.8,18.4,12.8,27.2,0.0,0.0,0.0,0.0,0.0,0.0,0.0,0.0,(CONTRACTS OF 100 TROY OUNCES),N20,GOLD,PRECIOUS METALS,NATURAL RESOURCES,Combined,20,21,108,26,71,20,21,108,26,71
240416088695C,MICRO GOLD - COMMODITY EXCHANGE INC.,2024-04-16T00:00:00.000,2024 Report Week 16,MICRO GOLD,088695,CMX ,NYC,088 ,GOLD,39844,0,0,0,0,0,3376,0,0,15570,9275,5231,24177,14506,15667,25338,39844,0,0,0,0,0,3376,0,0,15570,9275,5231,24177,14506,15667,25338,0,0,0,0,0,0,0,0,0,0,0,0,0,0,0,0,-319,0,0,0,0,0,-3377,0,0,1367,-202,888,-1122,686,803,-1005,100.0,0.0,0.0,0.0,0.0,0.0,8.5,0.0,0.0,39.1,23.3,13.1,60.7,36.4,39.3,63.6,100.0,0.0,0.0,0.0,0.0,0.0,8.5,0.0,0.0,39.1,23.3,13.1,60.7,36.4,39.3,63.6,100.0,0.0,0.0,0.0,0.0,0.0,0.0,0.0,0.0,0.0,0.0,0.0,0.0,0.0,0.0,0.0,24,0,0,0,11,9,5,17,12,24,0,0,0,11,9,5,17,12,0,0,0,0,0,0,0,0,0,0,0,0,0,0,40.8,28.8,54.4,34.4,31.0,20.4,41.7,22.8,40.8,28.8,54.4,34.4,31.0,20.4,41.7,22.8,0.0,0.0,0.0,0.0,0.0,0.0,0.0,0.0,(CONTRACTS OF 10 TROY OUNCES),N20,GOLD,PRECIOUS METALS,NATURAL RESOURCES,Combined,0,0,4,0,0,0,0,4,0,0
240409088691C,GOLD - COMMODITY EXCHANGE INC.,2024-04-09T00:00:00.000,2024 Report Week 15,GOLD,088691,CMX ,NYC,088 ,GOLD,865833,54614,102270,73338,280786,90820,208634,29492,78985,98894,43531,200499,805784,826383,60049,39450,865833,54614,102270,73338,280786,90820,208634,29492,78985,98894,43531,200499,805784,826383,60049,39450,0,0,0,0,0,0,0,0,0,0,0,0,0,0,0,0,67977,7051,5824,-1054,2262,13050,4156,3228,10795,-2799,199,33118,64318,68477,3659,-499,100.0,6.3,11.8,8.5,32.4,10.5,24.1,3.4,9.1,11.4,5.0,23.2,93.1,95.4,6.9,4.6,100.0,6.3,11.8,8.5,32.4,10.5,24.1,3.4,9.1,11.4,5.0,23.2,93.1,95.4,6.9,4.6,100.0,0.0,0.0,0.0,0.0,0.0,0.0,0.0,0.0,0.0,0.0,0.0,0.0,0.0,0.0,0.0,367,22,30,36,90,62,72,307,254,367,22,30,36,90,62,72,307,254,0,0,0,0,0,0,0,0,0,0,0,0,0,0,18.2,28.9,27.8,44.5,8.4,19.3,14.7,29.1,18.2,28.9,27.8,44.5,8.4,19.3,14.7,29.1,0.0,0.0,0.0,0.0,0.0,0.0,0.0,0.0,(CONTRACTS OF 100 TROY OUNCES),N20,GOLD,PRECIOUS METALS,NATURAL RESOURCES,Combined,18,20,106,29,73,18,20,106,29,73
240409088695C,MICRO GOLD - COMMODITY EXCHANGE INC.,2024-04-09T00:00:00.000,2024 Report Week 15,MICRO GOLD,088695,CMX ,NYC,088 ,GOLD,40163,0,0,0,0,0,6753,0,0,14203,9477,4343,25299,13820,14864,26343,40163,0,0,0,0,0,6753,0,0,14203,9477,4343,25299,13820,14864,26343,0,0,0,0,0,0,0,0,0,0,0,0,0,0,0,0,4002,0,0,0,0,0,786,0,0,117,379,1935,2838,2314,1164,1688,100.0,0.0,0.0,0.0,0.0,0.0,16.8,0.0,0.0,35.4,23.6,10.8,63.0,34.4,37.0,65.6,100.0,0.0,0.0,0.0,0.0,0.0,16.8,0.0,0.0,35.4,23.6,10.8,63.0,34.4,37.0,65.6,100.0,0.0,0.0,0.0,0.0,0.0,0.0,0.0,0.0,0.0,0.0,0.0,0.0,0.0,0.0,0.0,24,0,0,0,10,9,7,17,14,24,0,0,0,10,9,7,17,14,0,0,0,0,0,0,0,0,0,0,0,0,0,0,37.8,23.0,54.0,31.1,31.5,20.7,44.1,23.1,37.8,23.0,54.0,31.1,31.5,20.7,44.1,23.1,0.0,0.0,0.0,0.0,0.0,0.0,0.0,0.0,(CONTRACTS OF 10 TROY OUNCES),N20,GOLD,PRECIOUS METALS,NATURAL RESOURCES,Combined,0,0,5,0,0,0,0,5,0,0
240402088691C,GOLD - COMMODITY EXCHANGE INC.,2024-04-02T00:00:00.000,2024 Report Week 14,GOLD,088691,CMX ,NYC,088 ,GOLD,797856,47563,96445,74392,278524,77770,204477,26264,68190,101693,43332,167381,741466,757906,56390,39950,797856,47563,96445,74392,278524,77770,204477,26264,68190,101693,43332,167381,741466,757906,56390,39950,0,0,0,0,0,0,0,0,0,0,0,0,0,0,0,0,74465,2353,1124,-1750,15884,1428,21212,719,6998,4577,6862,37412,72230,70427,2235,4038,100.0,6.0,12.1,9.3,34.9,9.7,25.6,3.3,8.5,12.7,5.4,21.0,92.9,95.0,7.1,5.0,100.0,6.0,12.1,9.3,34.9,9.7,25.6,3.3,8.5,12.7,5.4,21.0,92.9,95.0,7.1,5.0,100.0,0.0,0.0,0.0,0.0,0.0,0.0,0.0,0.0,0.0,0.0,0.0,0.0,0.0,0.0,0.0,373,24,29,35,88,66,74,318,247,373,24,29,35,88,66,74,318,247,0,0,0,0,0,0,0,0,0,0,0,0,0,0,16.6,29.0,25.8,44.8,8.4,20.7,14.6,30.9,16.6,29.0,25.8,44.8,8.4,20.7,14.6,30.9,0.0,0.0,0.0,0.0,0.0,0.0,0.0,0.0,(CONTRACTS OF 100 TROY OUNCES),N20,GOLD,PRECIOUS METALS,NATURAL RESOURCES,Combined,18,19,114,26,69,18,19,114,26,69
240402088695C,MICRO GOLD - COMMODITY EXCHANGE INC.,2024-04-02T00:00:00.000,2024 Report Week 14,MICRO GOLD,088695,CMX ,NYC,088 ,GOLD,36160,0,0,0,0,0,5967,0,0,14086,9098,2408,22461,11506,13699,24655,36160,0,0,0,0,0,5967,0,0,14086,9098,2408,22461,11506,13699,24655,0,0,0,0,0,0,0,0,0,0,0,0,0,0,0,0,,,,,,,,,,,,,,,,,100.0,0.0,0.0,0.0,0.0,0.0,16.5,0.0,0.0,39.0,25.2,6.7,62.1,31.8,37.9,68.2,100.0,0.0,0.0,0.0,0.0,0.0,16.5,0.0,0.0,39.0,25.2,6.7,62.1,31.8,37.9,68.2,100.0,0.0,0.0,0.0,0.0,0.0,0.0,0.0,0.0,0.0,0.0,0.0,0.0,0.0,0.0,0.0,26,0,0,0,11,10,6,18,14,26,0,0,0,11,10,6,18,14,0,0,0,0,0,0,0,0,0,0,0,0,0,0,30.0,25.6,47.8,29.0,29.6,21.4,44.3,24.1,30.0,25.6,47.8,29.0,29.6,21.4,44.3,24.1,0.0,0.0,0.0,0.0,0.0,0.0,0.0,0.0,(CONTRACTS OF 10 TROY OUNCES),N20,GOLD,PRECIOUS METALS,NATURAL RESOURCES,Combined,0,0,5,0,0,0,0,5,0,0
240326088691C,GOLD - COMMODITY EXCHANGE INC.,2024-03-26T00:00:00.000,2024 Report Week 13,GOLD,088691,CMX ,NYC,088 ,GOLD,723391,45210,95321,76142,262640,76342,183265,25545,61192,97115,36470,129969,669235,687479,54155,35911,723391,45210,95321,76142,262640,76342,183265,25545,61192,97115,36470,129969,669235,687479,54155,35911,0,0,0,0,0,0,0,0,0,0,0,0,0,0,0,0,-65728,-1535,-2426,2703,7484,-8917,-3416,-3669,-25190,-3202,-3028,-23969,-63526,-59715,-2202,-6013,100.0,6.2,13.2,10.5,36.3,10.6,25.3,3.5,8.5,13.4,5.0,18.0,92.5,95.0,7.5,5.0,100.0,6.2,13.2,10.5,36.3,10.6,25.3,3.5,8.5,13.4,5.0,18.0,92.5,95.0,7.5,5.0,100.0,0.0,0.0,0.0,0.0,0.0,0.0,0.0,0.0,0.0,0.0,0.0,0.0,0.0,0.0,0.0,361,24,29,36,94,48,67,312,232,361,24,29,36,94,48,67,312,232,0,0,0,0,0,0,0,0,0,0,0,0,0,0,15.0,30.4,23.7,45.5,8.8,22.9,14.8,33.1,15.0,30.4,23.7,45.5,8.8,22.9,14.8,33.1,0.0,0.0,0.0,0.0,0.0,0.0,0.0,0.0,(CONTRACTS OF 100 TROY OUNCES),N20,GOLD,PRECIOUS METALS,NATURAL RESOURCES,Combined,19,21,108,29,67,19,21,108,29,67
240319088691C,GOLD - COMMODITY EXCHANGE INC.,2024-03-19T00:00:00.000,2024 Report Week 12,GOLD,088691,CMX ,NYC,088 ,GOLD,789118,46744,97747,73439,255156,85259,186681,29214,86383,100317,39498,153938,732761,747195,56357,41924,789118,46744,97747,73439,255156,85259,186681,29214,86383,100317,39498,153938,732761,747195,56357,41924,0,0,0,0,0,0,0,0,0,0,0,0,0,0,0,0,12982,2398,1359,1967,-1262,6755,-3693,-1600,9795,-3903,-1742,-1538,11782,11767,1199,1215,100.0,5.9,12.4,9.3,32.3,10.8,23.7,3.7,10.9,12.7,5.0,19.5,92.9,94.7,7.1,5.3,100.0,5.9,12.4,9.3,32.3,10.8,23.7,3.7,10.9,12.7,5.0,19.5,92.9,94.7,7.1,5.3,100.0,0.0,0.0,0.0,0.0,0.0,0.0,0.0,0.0,0.0,0.0,0.0,0.0,0.0,0.0,0.0,371,24,30,35,98,57,70,313,251,371,24,30,35,98,57,70,313,251,0,0,0,0,0,0,0,0,0,0,0,0,0,0,14.6,27.5,22.6,41.8,7.9,20.4,13.1,29.4,14.6,27.5,22.6,41.8,7.9,20.4,13.1,29.4,0.0,0.0,0.0,0.0,0.0,0.0,0.0,0.0,(CONTRACTS OF 100 TROY OUNCES),N20,GOLD,PRECIOUS METALS,NATURAL RESOURCES,Combined,20,20,105,30,72,20,20,105,30,72
240319088695C,MICRO GOLD - COMMODITY EXCHANGE INC.,2024-03-19T00:00:00.000,2024 Report Week 12,MICRO GOLD,088695,CMX ,NYC,088 ,GOLD,39193,0,0,0,0,0,4201,0,0,8899,8647,12043,25143,20690,14050,18503,39193,0,0,0,0,0,4201,0,0,8899,8647,12043,25143,20690,14050,18503,0,0,0,0,0,0,0,0,0,0,0,0,0,0,0,0,1271,0,0,0,0,0,315,0,0,708,1182,-80,943,1102,328,169,100.0,0.0,0.0,0.0,0.0,0.0,10.7,0.0,0.0,22.7,22.1,30.7,64.2,52.8,35.8,47.2,100.0,0.0,0.0,0.0,0.0,0.0,10.7,0.0,0.0,22.7,22.1,30.7,64.2,52.8,35.8,47.2,100.0,0.0,0.0,0.0,0.0,0.0,0.0,0.0,0.0,0.0,0.0,0.0,0.0,0.0,0.0,0.0,23,0,0,0,9,10,7,16,14,23,0,0,0,9,10,7,16,14,0,0,0,0,0,0,0,0,0,0,0,0,0,0,31.4,37.2,47.6,47.9,19.0,18.1,29.3,21.3,31.4,37.2,47.6,47.9,19.0,18.1,29.3,21.3,0.0,0.0,0.0,0.0,0.0,0.0,0.0,0.0,(CONTRACTS OF 10 TROY OUNCES),N20,GOLD,PRECIOUS METALS,NATURAL RESOURCES,Combined,0,0,4,0,0,0,0,4,0,0
240312088691C,GOLD - COMMODITY EXCHANGE INC.,2024-03-12T00:00:00.000,2024 Report Week 11,GOLD,088691,CMX ,NYC,088 ,GOLD,776137,44346,96388,71471,256418,78504,190374,30814,76587,104220,41240,155476,720979,735428,55158,40709,776137,44346,96388,71471,256418,78504,190374,30814,76587,104220,41240,155476,720979,735428,55158,40709,0,0,0,0,0,0,0,0,0,0,0,0,0,0,0,0,70068,19885,20694,-1233,13321,12868,25734,-2766,5432,-12950,1262,16881,66617,67692,3451,2376,100.0,5.7,12.4,9.2,33.0,10.1,24.5,4.0,9.9,13.4,5.3,20.0,92.9,94.8,7.1,5.2,100.0,5.7,12.4,9.2,33.0,10.1,24.5,4.0,9.9,13.4,5.3,20.0,92.9,94.8,7.1,5.2,100.0,0.0,0.0,0.0,0.0,0.0,0.0,0.0,0.0,0.0,0.0,0.0,0.0,0.0,0.0,0.0,375,23,29,36,99,59,74,320,254,375,23,29,36,99,59,74,320,254,0,0,0,0,0,0,0,0,0,0,0,0,0,0,14.7,27.1,22.5,42.0,7.9,20.1,13.1,29.3,14.7,27.1,22.5,42.0,7.9,20.1,13.1,29.3,0.0,0.0,0.0,0.0,0.0,0.0,0.0,0.0,(CONTRACTS OF 100 TROY OUNCES),N20,GOLD,PRECIOUS METALS,NATURAL RESOURCES,Combined,18,18,110,30,75,18,18,110,30,75
240312088695C,MICRO GOLD - COMMODITY EXCHANGE INC.,2024-03-12T00:00:00.000,2024 Report Week 11,MICRO GOLD,088695,CMX ,NYC,088 ,GOLD,37922,0,0,0,0,0,3886,0,0,8191,7465,12123,24200,19588,13722,18334,37922,0,0,0,0,0,3886,0,0,8191,7465,12123,24200,19588,13722,18334,0,0,0,0,0,0,0,0,0,0,0,0,0,0,0,0,7888,0,0,0,0,0,1122,0,0,365,1252,6400,7887,7652,1,236,100.0,0.0,0.0,0.0,0.0,0.0,10.2,0.0,0.0,21.6,19.7,32.0,63.8,51.7,36.2,48.3,100.0,0.0,0.0,0.0,0.0,0.0,10.2,0.0,0.0,21.6,19.7,32.0,63.8,51.7,36.2,48.3,100.0,0.0,0.0,0.0,0.0,0.0,0.0,0.0,0.0,0.0,0.0,0.0,0.0,0.0,0.0,0.0,27,0,0,0,9,13,7,17,17,27,0,0,0,9,13,7,17,17,0,0,0,0,0,0,0,0,0,0,0,0,0,0,33.3,33.3,49.7,44.3,19.8,13.8,28.3,17.2,33.3,33.3,49.7,44.3,19.8,13.8,28.3,17.2,0.0,0.0,0.0,0.0,0.0,0.0,0.0,0.0,(CONTRACTS OF 10 TROY OUNCES),N20,GOLD,PRECIOUS METALS,NATURAL RESOURCES,Combined,0,0,5,0,0,0,0,5,0,0
240305088691C,GOLD - COMMODITY EXCHANGE INC.,2024-03-05T00:00:00.000,2024 Report Week 10,GOLD,088691,CMX ,NYC,088 ,GOLD,706068,24462,75694,72704,243097,65636,164640,33580,71155,117170,39978,138595,654362,667736,51707,38333,706068,24462,75694,72704,243097,65636,164640,33580,71155,117170,39978,138595,654362,667736,51707,38333,0,0,0,0,0,0,0,0,0,0,0,0,0,0,0,0,154151,4154,17155,-5180,43048,15774,49597,-13421,19132,12930,11585,49639,146047,142911,8104,11240,100.0,3.5,10.7,10.3,34.4,9.3,23.3,4.8,10.1,16.6,5.7,19.6,92.7,94.6,7.3,5.4,100.0,3.5,10.7,10.3,34.4,9.3,23.3,4.8,10.1,16.6,5.7,19.6,92.7,94.6,7.3,5.4,100.0,0.0,0.0,0.0,0.0,0.0,0.0,0.0,0.0,0.0,0.0,0.0,0.0,0.0,0.0,0.0,374,22,29,37,99,57,72,327,247,374,22,29,37,99,57,72,327,247,0,0,0,0,0,0,0,0,0,0,0,0,0,0,12.5,25.2,20.4,40.0,8.5,19.9,14.2,30.3,12.5,25.2,20.4,40.0,8.5,19.9,14.2,30.3,0.0,0.0,0.0,0.0,0.0,0.0,0.0,0.0,(CONTRACTS OF 100 TROY OUNCES),N20,GOLD,PRECIOUS METALS,NATURAL RESOURCES,Combined,17,21,109,32,77,17,21,109,32,77
240305088695C,MICRO GOLD - COMMODITY EXCHANGE INC.,2024-03-05T00:00:00.000,2024 Report Week 10,MICRO GOLD,088695,CMX ,NYC,088 ,GOLD,30034,0,0,0,0,0,2764,0,0,7826,6213,5723,16313,11936,13721,18098,30034,0,0,0,0,0,2764,0,0,7826,6213,5723,16313,11936,13721,18098,0,0,0,0,0,0,0,0,0,0,0,0,0,0,0,0,,,,,,,,,,,,,,,,,100.0,0.0,0.0,0.0,0.0,0.0,9.2,0.0,0.0,26.1,20.7,19.1,54.3,39.7,45.7,60.3,100.0,0.0,0.0,0.0,0.0,0.0,9.2,0.0,0.0,26.1,20.7,19.1,54.3,39.7,45.7,60.3,100.0,0.0,0.0,0.0,0.0,0.0,0.0,0.0,0.0,0.0,0.0,0.0,0.0,0.0,0.0,0.0,21,0,0,0,7,11,6,13,14,21,0,0,0,7,11,6,13,14,0,0,0,0,0,0,0,0,0,0,0,0,0,0,33.0,25.4,47.5,34.0,24.4,14.9,34.4,19.2,33.0,25.4,47.5,34.0,24.4,14.9,34.4,19.2,0.0,0.0,0.0,0.0,0.0,0.0,0.0,0.0,(CONTRACTS OF 10 TROY OUNCES),N20,GOLD,PRECIOUS METALS,NATURAL RESOURCES,Combined,0,0,,0,0,0,0,,0,0
240227088691C,GOLD - COMMODITY EXCHANGE INC.,2024-02-27T00:00:00.000,2024 Report Week 09,GOLD,088691,CMX ,NYC,088 ,GOLD,551918,20308,58540,77884,200049,49862,115043,47001,52023,104239,28394,88956,508315,524824,43602,27093,551918,20308,58540,77884,200049,49862,115043,47001,52023,104239,28394,88956,508315,524824,43602,27093,0,0,0,0,0,0,0,0,0,0,0,0,0,0,0,0,-15343,494,1577,-92,-1846,-2101,4956,1262,-2554,663,3016,-13628,-12262,-14274,-3081,-1068,100.0,3.7,10.6,14.1,36.2,9.0,20.8,8.5,9.4,18.9,5.1,16.1,92.1,95.1,7.9,4.9,100.0,3.7,10.6,14.1,36.2,9.0,20.8,8.5,9.4,18.9,5.1,16.1,92.1,95.1,7.9,4.9,100.0,0.0,0.0,0.0,0.0,0.0,0.0,0.0,0.0,0.0,0.0,0.0,0.0,0.0,0.0,0.0,345,18,24,37,99,39,66,303,238,345,18,24,37,99,39,66,303,238,0,0,0,0,0,0,0,0,0,0,0,0,0,0,12.5,26.3,21.3,41.1,10.4,21.1,17.7,33.1,12.5,26.3,21.3,41.1,10.4,21.1,17.7,33.1,0.0,0.0,0.0,0.0,0.0,0.0,0.0,0.0,(CONTRACTS OF 100 TROY OUNCES),N20,GOLD,PRECIOUS METALS,NATURAL RESOURCES,Combined,14,25,89,45,82,14,25,89,45,82
240220088691C,GOLD - COMMODITY EXCHANGE INC.,2024-02-20T00:00:00.000,2024 Report Week 08,GOLD,088691,CMX ,NYC,088 ,GOLD,567260,19813,56963,77976,201895,51963,110087,45739,54577,103577,25378,102584,520577,539098,46683,28162,567260,19813,56963,77976,201895,51963,110087,45739,54577,103577,25378,102584,520577,539098,46683,28162,0,0,0,0,0,0,0,0,0,0,0,0,0,0,0,0,-8924,-4665,1197,-3390,-617,5344,723,-17225,-2211,-3311,1342,2425,-5085,-9745,-3839,821,100.0,3.5,10.0,13.7,35.6,9.2,19.4,8.1,9.6,18.3,4.5,18.1,91.8,95.0,8.2,5.0,100.0,3.5,10.0,13.7,35.6,9.2,19.4,8.1,9.6,18.3,4.5,18.1,91.8,95.0,8.2,5.0,100.0,0.0,0.0,0.0,0.0,0.0,0.0,0.0,0.0,0.0,0.0,0.0,0.0,0.0,0.0,0.0,334,17,24,37,100,38,61,292,230,334,17,24,37,100,38,61,292,230,0,0,0,0,0,0,0,0,0,0,0,0,0,0,13.5,27.0,22.1,41.9,10.1,21.6,17.0,33.7,13.5,27.0,22.1,41.9,10.1,21.6,17.0,33.7,0.0,0.0,0.0,0.0,0.0,0.0,0.0,0.0,(CONTRACTS OF 100 TROY OUNCES),N20,GOLD,PRECIOUS METALS,NATURAL RESOURCES,Combined,13,24,84,42,80,13,24,84,42,80
240213088691C,GOLD - COMMODITY EXCHANGE INC.,2024-02-13T00:00:00.000,2024 Report Week 07,GOLD,088691,CMX ,NYC,088 ,GOLD,576184,24479,55766,81366,202512,46619,109364,62964,56788,106888,24036,100159,525662,548843,50522,27341,576184,24479,55766,81366,202512,46619,109364,62964,56788,106888,24036,100159,525662,548843,50522,27341,0,0,0,0,0,0,0,0,0,0,0,0,0,0,0,0,507,182,-3627,5547,-21370,469,-17824,18368,6823,806,-207,1114,-2884,1570,3391,-1063,100.0,4.2,9.7,14.1,35.1,8.1,19.0,10.9,9.9,18.6,4.2,17.4,91.2,95.3,8.8,4.7,100.0,4.2,9.7,14.1,35.1,8.1,19.0,10.9,9.9,18.6,4.2,17.4,91.2,95.3,8.8,4.7,100.0,0.0,0.0,0.0,0.0,0.0,0.0,0.0,0.0,0.0,0.0,0.0,0.0,0.0,0.0,0.0,335,21,22,36,95,38,61,291,231,335,21,22,36,95,38,61,291,231,0,0,0,0,0,0,0,0,0,0,0,0,0,0,12.8,26.9,21.3,40.9,10.1,21.3,17.1,33.1,12.8,26.9,21.3,40.9,10.1,21.3,17.1,33.1,0.0,0.0,0.0,0.0,0.0,0.0,0.0,0.0,(CONTRACTS OF 100 TROY OUNCES),N20,GOLD,PRECIOUS METALS,NATURAL RESOURCES,Combined,16,25,72,54,78,16,25,72,54,78
240213088695C,MICRO GOLD - COMMODITY EXCHANGE INC.,2024-02-13T00:00:00.000,2024 Report Week 07,MICRO GOLD,088695,CMX ,NYC,088 ,GOLD,30728,0,0,0,0,0,2248,338,0,8686,12567,4328,15262,17233,15466,13495,30728,0,0,0,0,0,2248,338,0,8686,12567,4328,15262,17233,15466,13495,0,0,0,0,0,0,0,0,0,0,0,0,0,0,0,0,,,,,,,,,,,,,,,,,100.0,0.0,0.0,0.0,0.0,0.0,7.3,1.1,0.0,28.3,40.9,14.1,49.7,56.1,50.3,43.9,100.0,0.0,0.0,0.0,0.0,0.0,7.3,1.1,0.0,28.3,40.9,14.1,49.7,56.1,50.3,43.9,100.0,0.0,0.0,0.0,0.0,0.0,0.0,0.0,0.0,0.0,0.0,0.0,0.0,0.0,0.0,0.0,20,0,0,0,7,10,7,13,14,20,0,0,0,7,10,7,13,14,0,0,0,0,0,0,0,0,0,0,0,0,0,0,31.1,37.5,45.3,50.4,25.9,33.4,34.5,40.6,31.1,37.5,45.3,50.4,25.9,33.4,34.5,40.6,0.0,0.0,0.0,0.0,0.0,0.0,0.0,0.0,(CONTRACTS OF 10 TROY OUNCES),N20,GOLD,PRECIOUS METALS,NATURAL RESOURCES,Combined,0,0,,,0,0,0,,,0
240206088691C,GOLD - COMMODITY EXCHANGE INC.,2024-02-06T00:00:00.000,2024 Report Week 06,GOLD,088691,CMX ,NYC,088 ,GOLD,575677,24297,59392,75819,223882,46149,127187,44596,49966,106082,24243,99045,528546,547273,47131,28404,575677,24297,59392,75819,223882,46149,127187,44596,49966,106082,24243,99045,528546,547273,47131,28404,0,0,0,0,0,0,0,0,0,0,0,0,0,0,0,0,-4731,-80,1330,222,7575,-11941,4240,-6376,-1715,2742,375,5131,-1401,-5620,-3330,889,100.0,4.2,10.3,13.2,38.9,8.0,22.1,7.7,8.7,18.4,4.2,17.2,91.8,95.1,8.2,4.9,100.0,4.2,10.3,13.2,38.9,8.0,22.1,7.7,8.7,18.4,4.2,17.2,91.8,95.1,8.2,4.9,100.0,0.0,0.0,0.0,0.0,0.0,0.0,0.0,0.0,0.0,0.0,0.0,0.0,0.0,0.0,0.0,330,20,25,37,102,34,60,289,222,330,20,25,37,102,34,60,289,222,0,0,0,0,0,0,0,0,0,0,0,0,0,0,12.8,28.8,21.7,43.8,10.0,23.5,17.2,36.3,12.8,28.8,21.7,43.8,10.0,23.5,17.2,36.3,0.0,0.0,0.0,0.0,0.0,0.0,0.0,0.0,(CONTRACTS OF 100 TROY OUNCES),N20,GOLD,PRECIOUS METALS,NATURAL RESOURCES,Combined,14,23,85,35,73,14,23,85,35,73
240130088691C,GOLD - COMMODITY EXCHANGE INC.,2024-01-30T00:00:00.000,2024 Report Week 05,GOLD,088691,CMX ,NYC,088 ,GOLD,580408,24377,58062,75597,216307,58091,122948,50972,51681,103340,23868,93914,529947,552893,50461,27514,580408,24377,58062,75597,216307,58091,122948,50972,51681,103340,23868,93914,529947,552893,50461,27514,0,0,0,0,0,0,0,0,0,0,0,0,0,0,0,0,-62194,720,-3289,-660,-17944,-2946,-1660,2979,-10000,-16715,-400,-30219,-61481,-61818,-714,-376,100.0,4.2,10.0,13.0,37.3,10.0,21.2,8.8,8.9,17.8,4.1,16.2,91.3,95.3,8.7,4.7,100.0,4.2,10.0,13.0,37.3,10.0,21.2,8.8,8.9,17.8,4.1,16.2,91.3,95.3,8.7,4.7,100.0,0.0,0.0,0.0,0.0,0.0,0.0,0.0,0.0,0.0,0.0,0.0,0.0,0.0,0.0,0.0,326,19,23,38,93,36,56,289,214,326,19,23,38,93,36,56,289,214,0,0,0,0,0,0,0,0,0,0,0,0,0,0,12.5,28.6,20.8,43.1,9.8,23.5,16.7,34.9,12.5,28.6,20.8,43.1,9.8,23.5,16.7,34.9,0.0,0.0,0.0,0.0,0.0,0.0,0.0,0.0,(CONTRACTS OF 100 TROY OUNCES),N20,GOLD,PRECIOUS METALS,NATURAL RESOURCES,Combined,14,26,85,39,72,14,26,85,39,72
240123088691C,GOLD - COMMODITY EXCHANGE INC.,2024-01-23T00:00:00.000,2024 Report Week 04,GOLD,088691,CMX ,NYC,088 ,GOLD,642602,23657,61351,76257,234251,61037,124608,47993,61680,120056,24267,124132,591427,614712,51175,27890,642602,23657,61351,76257,234251,61037,124608,47993,61680,120056,24267,124132,591427,614712,51175,27890,0,0,0,0,0,0,0,0,0,0,0,0,0,0,0,0,-25927,2018,229,2211,-11280,-355,-22000,2019,-802,-88,-14263,-2717,-21734,-27169,-4193,1242,100.0,3.7,9.5,11.9,36.5,9.5,19.4,7.5,9.6,18.7,3.8,19.3,92.0,95.7,8.0,4.3,100.0,3.7,9.5,11.9,36.5,9.5,19.4,7.5,9.6,18.7,3.8,19.3,92.0,95.7,8.0,4.3,100.0,0.0,0.0,0.0,0.0,0.0,0.0,0.0,0.0,0.0,0.0,0.0,0.0,0.0,0.0,0.0,333,17,22,37,93,42,66,298,226,333,17,22,37,93,42,66,298,226,0,0,0,0,0,0,0,0,0,0,0,0,0,0,14.8,28.6,22.7,42.8,10.6,23.8,16.8,34.5,14.8,28.6,22.7,42.8,10.6,23.8,16.8,34.5,0.0,0.0,0.0,0.0,0.0,0.0,0.0,0.0,(CONTRACTS OF 100 TROY OUNCES),N20,GOLD,PRECIOUS METALS,NATURAL RESOURCES,Combined,13,26,88,38,78,13,26,88,38,78
240123088695C,MICRO GOLD - COMMODITY EXCHANGE INC.,2024-01-23T00:00:00.000,2024 Report Week 04,MICRO GOLD,088695,CMX ,NYC,088 ,GOLD,39266,0,0,0,0,0,1499,0,480,14834,18001,8393,25206,26874,14060,12392,39266,0,0,0,0,0,1499,0,480,14834,18001,8393,25206,26874,14060,12392,0,0,0,0,0,0,0,0,0,0,0,0,0,0,0,0,712,0,0,0,0,0,856,0,-620,52,-284,2037,2325,1133,-1613,-421,100.0,0.0,0.0,0.0,0.0,0.0,3.8,0.0,1.2,37.8,45.8,21.4,64.2,68.4,35.8,31.6,100.0,0.0,0.0,0.0,0.0,0.0,3.8,0.0,1.2,37.8,45.8,21.4,64.2,68.4,35.8,31.6,100.0,0.0,0.0,0.0,0.0,0.0,0.0,0.0,0.0,0.0,0.0,0.0,0.0,0.0,0.0,0.0,21,0,0,0,10,9,7,13,16,21,0,0,0,10,9,7,13,16,0,0,0,0,0,0,0,0,0,0,0,0,0,0,35.7,53.0,54.3,62.3,26.8,42.5,38.4,45.3,35.7,53.0,54.3,62.3,26.8,42.5,38.4,45.3,0.0,0.0,0.0,0.0,0.0,0.0,0.0,0.0,(CONTRACTS OF 10 TROY OUNCES),N20,GOLD,PRECIOUS METALS,NATURAL RESOURCES,Combined,0,0,,0,,0,0,,0,
240116088691C,GOLD - COMMODITY EXCHANGE INC.,2024-01-16T00:00:00.000,2024 Report Week 03,GOLD,088691,CMX ,NYC,088 ,GOLD,668529,21639,61122,74046,245531,61392,146608,45974,62483,120144,38530,126850,613161,641881,55368,26648,668529,21639,61122,74046,245531,61392,146608,45974,62483,120144,38530,126850,613161,641881,55368,26648,0,0,0,0,0,0,0,0,0,0,0,0,0,0,0,0,3242,1098,-2910,-2003,-8156,5888,-3865,1788,6921,-6042,-2801,2007,4004,2737,-761,506,100.0,3.2,9.1,11.1,36.7,9.2,21.9,6.9,9.3,18.0,5.8,19.0,91.7,96.0,8.3,4.0,100.0,3.2,9.1,11.1,36.7,9.2,21.9,6.9,9.3,18.0,5.8,19.0,91.7,96.0,8.3,4.0,100.0,0.0,0.0,0.0,0.0,0.0,0.0,0.0,0.0,0.0,0.0,0.0,0.0,0.0,0.0,0.0,344,18,21,37,96,48,70,304,237,344,18,21,37,96,48,70,304,237,0,0,0,0,0,0,0,0,0,0,0,0,0,0,14.5,27.9,22.1,42.2,10.2,23.8,16.3,34.3,14.5,27.9,22.1,42.2,10.2,23.8,16.3,34.3,0.0,0.0,0.0,0.0,0.0,0.0,0.0,0.0,(CONTRACTS OF 100 TROY OUNCES),N20,GOLD,PRECIOUS METALS,NATURAL RESOURCES,Combined,13,26,93,34,80,13,26,93,34,80
240116088695C,MICRO GOLD - COMMODITY EXCHANGE INC.,2024-01-16T00:00:00.000,2024 Report Week 03,MICRO GOLD,088695,CMX ,NYC,088 ,GOLD,38554,0,0,0,0,0,643,0,1100,14782,18285,6356,22881,25741,15673,12813,38554,0,0,0,0,0,643,0,1100,14782,18285,6356,22881,25741,15673,12813,0,0,0,0,0,0,0,0,0,0,0,0,0,0,0,0,2164,0,0,0,0,0,-816,-228,-324,-498,-436,2812,1174,1824,990,340,100.0,0.0,0.0,0.0,0.0,0.0,1.7,0.0,2.9,38.3,47.4,16.5,59.3,66.8,40.7,33.2,100.0,0.0,0.0,0.0,0.0,0.0,1.7,0.0,2.9,38.3,47.4,16.5,59.3,66.8,40.7,33.2,100.0,0.0,0.0,0.0,0.0,0.0,0.0,0.0,0.0,0.0,0.0,0.0,0.0,0.0,0.0,0.0,20,0,0,0,9,9,7,13,15,20,0,0,0,9,9,7,13,15,0,0,0,0,0,0,0,0,0,0,0,0,0,0,37.7,50.7,52.6,61.6,26.8,43.0,37.2,46.9,37.7,50.7,52.6,61.6,26.8,43.0,37.2,46.9,0.0,0.0,0.0,0.0,0.0,0.0,0.0,0.0,(CONTRACTS OF 10 TROY OUNCES),N20,GOLD,PRECIOUS METALS,NATURAL RESOURCES,Combined,0,0,,0,,0,0,,0,
240109088691C,GOLD - COMMODITY EXCHANGE INC.,2024-01-09T00:00:00.000,2024 Report Week 02,GOLD,088691,CMX ,NYC,088 ,GOLD,665286,20542,64032,76049,253688,55504,150474,44186,55562,126186,41331,124842,609157,639145,56129,26142,665286,20542,64032,76049,253688,55504,150474,44186,55562,126186,41331,124842,609157,639145,56129,26142,0,0,0,0,0,0,0,0,0,0,0,0,0,0,0,0,-35595,-2753,-852,4732,-22199,-4952,-28990,2238,-1006,1701,-2580,-5433,-36702,-34783,1107,-812,100.0,3.1,9.6,11.4,38.1,8.3,22.6,6.6,8.4,19.0,6.2,18.8,91.6,96.1,8.4,3.9,100.0,3.1,9.6,11.4,38.1,8.3,22.6,6.6,8.4,19.0,6.2,18.8,91.6,96.1,8.4,3.9,100.0,0.0,0.0,0.0,0.0,0.0,0.0,0.0,0.0,0.0,0.0,0.0,0.0,0.0,0.0,0.0,341,18,22,34,107,38,69,301,227,341,18,22,34,107,38,69,301,227,0,0,0,0,0,0,0,0,0,0,0,0,0,0,14.3,27.7,21.9,42.3,10.3,24.2,16.5,35.2,14.3,27.7,21.9,42.3,10.3,24.2,16.5,35.2,0.0,0.0,0.0,0.0,0.0,0.0,0.0,0.0,(CONTRACTS OF 100 TROY OUNCES),N20,GOLD,PRECIOUS METALS,NATURAL RESOURCES,Combined,13,23,92,34,74,13,23,92,34,74
240109088695C,MICRO GOLD - COMMODITY EXCHANGE INC.,2024-01-09T00:00:00.000,2024 Report Week 02,MICRO GOLD,088695,CMX ,NYC,088 ,GOLD,36390,0,0,0,0,0,1459,228,1424,15280,18721,3544,21707,23917,14683,12473,36390,0,0,0,0,0,1459,228,1424,15280,18721,3544,21707,23917,14683,12473,0,0,0,0,0,0,0,0,0,0,0,0,0,0,0,0,,,,,,,,,,,,,,,,,100.0,0.0,0.0,0.0,0.0,0.0,4.0,0.6,3.9,42.0,51.4,9.7,59.7,65.7,40.3,34.3,100.0,0.0,0.0,0.0,0.0,0.0,4.0,0.6,3.9,42.0,51.4,9.7,59.7,65.7,40.3,34.3,100.0,0.0,0.0,0.0,0.0,0.0,0.0,0.0,0.0,0.0,0.0,0.0,0.0,0.0,0.0,0.0,22,0,0,0,9,10,8,15,17,22,0,0,0,9,10,8,15,17,0,0,0,0,0,0,0,0,0,0,0,0,0,0,36.5,47.5,54.2,58.9,29.3,44.9,42.4,50.3,36.5,47.5,54.2,58.9,29.3,44.9,42.4,50.3,0.0,0.0,0.0,0.0,0.0,0.0,0.0,0.0,(CONTRACTS OF 10 TROY OUNCES),N20,GOLD,PRECIOUS METALS,NATURAL RESOURCES,Combined,0,0,,,,0,0,,,
240102088691C,GOLD - COMMODITY EXCHANGE INC.,2024-01-02T00:00:00.000,2024 Report Week 01,GOLD,088691,CMX ,NYC,088 ,GOLD,700881,23294,64884,71317,275886,60455,179464,41948,56568,124485,43912,130275,645859,673928,55023,26954,700881,23294,64884,71317,275886,60455,179464,41948,56568,124485,43912,130275,645859,673928,55023,26954,0,0,0,0,0,0,0,0,0,0,0,0,0,0,0,0,15598,889,-2387,1464,7882,2075,788,-1221,3925,-1520,207,6980,14601,17460,997,-1863,100.0,3.3,9.3,10.2,39.4,8.6,25.6,6.0,8.1,17.8,6.3,18.6,92.1,96.2,7.9,3.8,100.0,3.3,9.3,10.2,39.4,8.6,25.6,6.0,8.1,17.8,6.3,18.6,92.1,96.2,7.9,3.8,100.0,0.0,0.0,0.0,0.0,0.0,0.0,0.0,0.0,0.0,0.0,0.0,0.0,0.0,0.0,0.0,352,17,27,37,102,42,68,311,229,352,17,27,37,102,42,68,311,229,0,0,0,0,0,0,0,0,0,0,0,0,0,0,14.3,27.8,21.8,42.8,9.8,23.6,15.6,34.4,14.3,27.8,21.8,42.8,9.8,23.6,15.6,34.4,0.0,0.0,0.0,0.0,0.0,0.0,0.0,0.0,(CONTRACTS OF 100 TROY OUNCES),N20,GOLD,PRECIOUS METALS,NATURAL RESOURCES,Combined,15,23,100,32,73,15,23,100,32,73
231226088691C,GOLD - COMMODITY EXCHANGE INC.,2023-12-26T00:00:00.000,2023 Report Week 52,GOLD,088691,CMX ,NYC,088 ,GOLD,685284,22405,67270,69854,268004,58380,178676,43169,52643,126005,43705,123296,631258,656467,54026,28816,685284,22405,67270,69854,268004,58380,178676,43169,52643,126005,43705,123296,631258,656467,54026,28816,0,0,0,0,0,0,0,0,0,0,0,0,0,0,0,0,-16893,-4034,-4002,-105,7405,-4639,1655,-2102,-1501,10228,5074,-18114,-16510,-17879,-383,986,100.0,3.3,9.8,10.2,39.1,8.5,26.1,6.3,7.7,18.4,6.4,18.0,92.1,95.8,7.9,4.2,100.0,3.3,9.8,10.2,39.1,8.5,26.1,6.3,7.7,18.4,6.4,18.0,92.1,95.8,7.9,4.2,100.0,0.0,0.0,0.0,0.0,0.0,0.0,0.0,0.0,0.0,0.0,0.0,0.0,0.0,0.0,0.0,349,17,27,37,100,42,63,312,221,349,17,27,37,100,42,63,312,221,0,0,0,0,0,0,0,0,0,0,0,0,0,0,14.5,28.1,22.0,43.5,9.9,23.5,15.8,34.7,14.5,28.1,22.0,43.5,9.9,23.5,15.8,34.7,0.0,0.0,0.0,0.0,0.0,0.0,0.0,0.0,(CONTRACTS OF 100 TROY OUNCES),N20,GOLD,PRECIOUS METALS,NATURAL RESOURCES,Combined,15,22,105,28,74,15,22,105,28,74
231219088691C,GOLD - COMMODITY EXCHANGE INC.,2023-12-19T00:00:00.000,2023 Report Week 51,GOLD,088691,CMX ,NYC,088 ,GOLD,702177,26439,71273,69958,260599,63019,177020,45271,54144,115777,38631,141409,647768,674347,54409,27830,702177,26439,71273,69958,260599,63019,177020,45271,54144,115777,38631,141409,647768,674347,54409,27830,0,0,0,0,0,0,0,0,0,0,0,0,0,0,0,0,42500,1911,5071,-3754,13723,5734,15632,-4733,2242,2873,3253,16016,40654,41306,1846,1194,100.0,3.8,10.2,10.0,37.1,9.0,25.2,6.4,7.7,16.5,5.5,20.1,92.3,96.0,7.7,4.0,100.0,3.8,10.2,10.0,37.1,9.0,25.2,6.4,7.7,16.5,5.5,20.1,92.3,96.0,7.7,4.0,100.0,0.0,0.0,0.0,0.0,0.0,0.0,0.0,0.0,0.0,0.0,0.0,0.0,0.0,0.0,0.0,359,21,27,38,106,41,74,320,237,359,21,27,38,106,41,74,320,237,0,0,0,0,0,0,0,0,0,0,0,0,0,0,15.2,28.1,23.0,44.2,9.6,22.5,15.3,33.7,15.2,28.1,23.0,44.2,9.6,22.5,15.3,33.7,0.0,0.0,0.0,0.0,0.0,0.0,0.0,0.0,(CONTRACTS OF 100 TROY OUNCES),N20,GOLD,PRECIOUS METALS,NATURAL RESOURCES,Combined,16,24,106,26,73,16,24,106,26,73
231219088695C,MICRO GOLD - COMMODITY EXCHANGE INC.,2023-12-19T00:00:00.000,2023 Report Week 51,MICRO GOLD,088695,CMX ,NYC,088 ,GOLD,32155,0,0,0,0,0,1185,0,1300,13012,14953,2240,17737,18493,14418,13662,32155,0,0,0,0,0,1185,0,1300,13012,14953,2240,17737,18493,14418,13662,0,0,0,0,0,0,0,0,0,0,0,0,0,0,0,0,,,,,,,,,,,,,,,,,100.0,0.0,0.0,0.0,0.0,0.0,3.7,0.0,4.0,40.5,46.5,7.0,55.2,57.5,44.8,42.5,100.0,0.0,0.0,0.0,0.0,0.0,3.7,0.0,4.0,40.5,46.5,7.0,55.2,57.5,44.8,42.5,100.0,0.0,0.0,0.0,0.0,0.0,0.0,0.0,0.0,0.0,0.0,0.0,0.0,0.0,0.0,0.0,21,0,0,0,9,10,8,14,16,21,0,0,0,9,10,8,14,16,0,0,0,0,0,0,0,0,0,0,0,0,0,0,31.4,46.2,46.6,52.0,27.8,41.3,39.5,45.2,31.4,46.2,46.6,52.0,27.8,41.3,39.5,45.2,0.0,0.0,0.0,0.0,0.0,0.0,0.0,0.0,(CONTRACTS OF 10 TROY OUNCES),N20,GOLD,PRECIOUS METALS,NATURAL RESOURCES,Combined,0,0,,0,,0,0,,0,
231212088691C,GOLD - COMMODITY EXCHANGE INC.,2023-12-12T00:00:00.000,2023 Report Week 50,GOLD,088691,CMX ,NYC,088 ,GOLD,659677,24528,66202,73712,246876,57286,161389,50005,51902,112904,35378,125393,607113,633041,52563,26636,659677,24528,66202,73712,246876,57286,161389,50005,51902,112904,35378,125393,607113,633041,52563,26636,0,0,0,0,0,0,0,0,0,0,0,0,0,0,0,0,-42352,-150,-5425,1080,-14036,-738,-20570,561,1716,-5477,-4796,-16600,-40740,-39319,-1612,-3033,100.0,3.7,10.0,11.2,37.4,8.7,24.5,7.6,7.9,17.1,5.4,19.0,92.0,96.0,8.0,4.0,100.0,3.7,10.0,11.2,37.4,8.7,24.5,7.6,7.9,17.1,5.4,19.0,92.0,96.0,8.0,4.0,100.0,0.0,0.0,0.0,0.0,0.0,0.0,0.0,0.0,0.0,0.0,0.0,0.0,0.0,0.0,0.0,358,23,25,36,100,46,69,319,228,358,23,25,36,100,46,69,319,228,0,0,0,0,0,0,0,0,0,0,0,0,0,0,15.0,29.1,23.4,44.7,10.4,23.7,16.7,34.7,15.0,29.1,23.4,44.7,10.4,23.7,16.7,34.7,0.0,0.0,0.0,0.0,0.0,0.0,0.0,0.0,(CONTRACTS OF 100 TROY OUNCES),N20,GOLD,PRECIOUS METALS,NATURAL RESOURCES,Combined,21,21,109,25,69,21,21,109,25,69
231205088691C,GOLD - COMMODITY EXCHANGE INC.,2023-12-05T00:00:00.000,2023 Report Week 49,GOLD,088691,CMX ,NYC,088 ,GOLD,702028,24678,71627,72632,260912,58024,181959,49444,50186,118381,40174,141993,647853,672360,54175,29668,702028,24678,71627,72632,260912,58024,181959,49444,50186,118381,40174,141993,647853,672360,54175,29668,0,0,0,0,0,0,0,0,0,0,0,0,0,0,0,0,-16426,-1222,-2276,-299,6065,-9318,-15669,-3774,-2159,9704,-1347,-452,-19415,-13261,2990,-3165,100.0,3.5,10.2,10.3,37.2,8.3,25.9,7.0,7.1,16.9,5.7,20.2,92.3,95.8,7.7,4.2,100.0,3.5,10.2,10.3,37.2,8.3,25.9,7.0,7.1,16.9,5.7,20.2,92.3,95.8,7.7,4.2,100.0,0.0,0.0,0.0,0.0,0.0,0.0,0.0,0.0,0.0,0.0,0.0,0.0,0.0,0.0,0.0,368,24,29,40,99,57,74,323,241,368,24,29,40,99,57,74,323,241,0,0,0,0,0,0,0,0,0,0,0,0,0,0,14.8,29.1,23.2,44.1,9.9,23.8,16.0,34.2,14.8,29.1,23.2,44.1,9.9,23.8,16.0,34.2,0.0,0.0,0.0,0.0,0.0,0.0,0.0,0.0,(CONTRACTS OF 100 TROY OUNCES),N20,GOLD,PRECIOUS METALS,NATURAL RESOURCES,Combined,17,21,108,25,69,17,21,108,25,69
231205088695C,MICRO GOLD - COMMODITY EXCHANGE INC.,2023-12-05T00:00:00.000,2023 Report Week 49,MICRO GOLD,088695,CMX ,NYC,088 ,GOLD,30499,0,0,0,0,0,658,558,0,14119,12308,2174,16951,15040,13548,15459,30499,0,0,0,0,0,658,558,0,14119,12308,2174,16951,15040,13548,15459,0,0,0,0,0,0,0,0,0,0,0,0,0,0,0,0,-9904,0,0,0,0,0,-106,-629,0,-5136,5972,-6263,-11505,-920,1601,-8984,100.0,0.0,0.0,0.0,0.0,0.0,2.2,1.8,0.0,46.3,40.4,7.1,55.6,49.3,44.4,50.7,100.0,0.0,0.0,0.0,0.0,0.0,2.2,1.8,0.0,46.3,40.4,7.1,55.6,49.3,44.4,50.7,100.0,0.0,0.0,0.0,0.0,0.0,0.0,0.0,0.0,0.0,0.0,0.0,0.0,0.0,0.0,0.0,20,0,0,0,11,6,7,14,13,20,0,0,0,11,6,7,14,13,0,0,0,0,0,0,0,0,0,0,0,0,0,0,31.2,39.9,47.8,46.3,28.3,38.3,43.1,42.2,31.2,39.9,47.8,46.3,28.3,38.3,43.1,42.2,0.0,0.0,0.0,0.0,0.0,0.0,0.0,0.0,(CONTRACTS OF 10 TROY OUNCES),N20,GOLD,PRECIOUS METALS,NATURAL RESOURCES,Combined,0,0,,,0,0,0,,,0
231128088691C,GOLD - COMMODITY EXCHANGE INC.,2023-11-28T00:00:00.000,2023 Report Week 48,GOLD,088691,CMX ,NYC,088 ,GOLD,718454,25900,73903,72931,254847,67342,197628,53218,52345,108677,41521,142445,667269,685621,51185,32833,718454,25900,73903,72931,254847,67342,197628,53218,52345,108677,41521,142445,667269,685621,51185,32833,0,0,0,0,0,0,0,0,0,0,0,0,0,0,0,0,-45527,343,2988,-5643,20341,-4544,24277,-5240,-18616,2273,3577,-45672,-47581,-47165,2053,1638,100.0,3.6,10.3,10.2,35.5,9.4,27.5,7.4,7.3,15.1,5.8,19.8,92.9,95.4,7.1,4.6,100.0,3.6,10.3,10.2,35.5,9.4,27.5,7.4,7.3,15.1,5.8,19.8,92.9,95.4,7.1,4.6,100.0,0.0,0.0,0.0,0.0,0.0,0.0,0.0,0.0,0.0,0.0,0.0,0.0,0.0,0.0,0.0,372,25,26,38,101,54,73,331,238,372,25,26,38,101,54,73,331,238,0,0,0,0,0,0,0,0,0,0,0,0,0,0,14.6,27.6,23.0,43.2,9.4,22.3,15.6,32.7,14.6,27.6,23.0,43.2,9.4,22.3,15.6,32.7,0.0,0.0,0.0,0.0,0.0,0.0,0.0,0.0,(CONTRACTS OF 100 TROY OUNCES),N20,GOLD,PRECIOUS METALS,NATURAL RESOURCES,Combined,20,21,110,27,71,20,21,110,27,71
231128088695C,MICRO GOLD - COMMODITY EXCHANGE INC.,2023-11-28T00:00:00.000,2023 Report Week 48,MICRO GOLD,088695,CMX ,NYC,088 ,GOLD,40403,0,0,0,0,0,764,1187,0,19255,6336,8437,28456,15960,11947,24443,40403,0,0,0,0,0,764,1187,0,19255,6336,8437,28456,15960,11947,24443,0,0,0,0,0,0,0,0,0,0,0,0,0,0,0,0,6268,0,0,0,0,0,-57,1187,-490,6501,-4856,765,6719,-3394,-451,9662,100.0,0.0,0.0,0.0,0.0,0.0,1.9,2.9,0.0,47.7,15.7,20.9,70.4,39.5,29.6,60.5,100.0,0.0,0.0,0.0,0.0,0.0,1.9,2.9,0.0,47.7,15.7,20.9,70.4,39.5,29.6,60.5,100.0,0.0,0.0,0.0,0.0,0.0,0.0,0.0,0.0,0.0,0.0,0.0,0.0,0.0,0.0,0.0,20,0,0,0,12,5,9,15,14,20,0,0,0,12,5,9,15,14,0,0,0,0,0,0,0,0,0,0,0,0,0,0,42.6,26.3,63.2,36.2,31.7,16.3,44.0,18.6,42.6,26.3,63.2,36.2,31.7,16.3,44.0,18.6,0.0,0.0,0.0,0.0,0.0,0.0,0.0,0.0,(CONTRACTS OF 10 TROY OUNCES),N20,GOLD,PRECIOUS METALS,NATURAL RESOURCES,Combined,0,0,,,0,0,0,,,0
231121088691C,GOLD - COMMODITY EXCHANGE INC.,2023-11-21T00:00:00.000,2023 Report Week 47,GOLD,088691,CMX ,NYC,088 ,GOLD,763981,25557,70915,78573,234506,71886,173351,58457,70961,106403,37944,188117,714849,732786,49132,31195,763981,25557,70915,78573,234506,71886,173351,58457,70961,106403,37944,188117,714849,732786,49132,31195,0,0,0,0,0,0,0,0,0,0,0,0,0,0,0,0,41398,2329,5267,-4652,10668,8529,18885,-3348,-2044,2725,3156,17022,42794,39249,-1395,2149,100.0,3.3,9.3,10.3,30.7,9.4,22.7,7.7,9.3,13.9,5.0,24.6,93.6,95.9,6.4,4.1,100.0,3.3,9.3,10.3,30.7,9.4,22.7,7.7,9.3,13.9,5.0,24.6,93.6,95.9,6.4,4.1,100.0,0.0,0.0,0.0,0.0,0.0,0.0,0.0,0.0,0.0,0.0,0.0,0.0,0.0,0.0,0.0,370,25,26,41,101,49,83,332,254,370,25,26,41,101,49,83,332,254,0,0,0,0,0,0,0,0,0,0,0,0,0,0,16.2,26.2,24.1,42.0,8.8,20.0,14.6,29.2,16.2,26.2,24.1,42.0,8.8,20.0,14.6,29.2,0.0,0.0,0.0,0.0,0.0,0.0,0.0,0.0,(CONTRACTS OF 100 TROY OUNCES),N20,GOLD,PRECIOUS METALS,NATURAL RESOURCES,Combined,18,25,102,33,78,18,25,102,33,78
231121088695C,MICRO GOLD - COMMODITY EXCHANGE INC.,2023-11-21T00:00:00.000,2023 Report Week 47,MICRO GOLD,088695,CMX ,NYC,088 ,GOLD,34135,0,0,0,0,0,821,0,490,12754,11192,7672,21737,19354,12398,14781,34135,0,0,0,0,0,821,0,490,12754,11192,7672,21737,19354,12398,14781,0,0,0,0,0,0,0,0,0,0,0,0,0,0,0,0,1030,0,0,0,0,0,409,-81,81,3119,-400,-787,2822,-1187,-1792,2217,100.0,0.0,0.0,0.0,0.0,0.0,2.4,0.0,1.4,37.4,32.8,22.5,63.7,56.7,36.3,43.3,100.0,0.0,0.0,0.0,0.0,0.0,2.4,0.0,1.4,37.4,32.8,22.5,63.7,56.7,36.3,43.3,100.0,0.0,0.0,0.0,0.0,0.0,0.0,0.0,0.0,0.0,0.0,0.0,0.0,0.0,0.0,0.0,23,0,0,0,13,8,8,16,16,23,0,0,0,13,8,8,16,16,0,0,0,0,0,0,0,0,0,0,0,0,0,0,37.1,39.5,52.5,51.4,23.7,27.2,32.8,32.8,37.1,39.5,52.5,51.4,23.7,27.2,32.8,32.8,0.0,0.0,0.0,0.0,0.0,0.0,0.0,0.0,(CONTRACTS OF 10 TROY OUNCES),N20,GOLD,PRECIOUS METALS,NATURAL RESOURCES,Combined,0,0,,0,,0,0,,0,
231114088691C,GOLD - COMMODITY EXCHANGE INC.,2023-11-14T00:00:00.000,2023 Report Week 46,GOLD,088691,CMX ,NYC,088 ,GOLD,722583,23228,65648,83225,223838,63357,154466,61806,73005,103678,34788,171095,672055,693537,50527,29045,722583,23228,65648,83225,223838,63357,154466,61806,73005,103678,34788,171095,672055,693537,50527,29045,0,0,0,0,0,0,0,0,0,0,0,0,0,0,0,0,2413,1109,-230,2338,-6150,-4236,-6143,6433,2919,-1182,-2745,8112,2917,4104,-504,-1691,100.0,3.2,9.1,11.5,31.0,8.8,21.4,8.6,10.1,14.3,4.8,23.7,93.0,96.0,7.0,4.0,100.0,3.2,9.1,11.5,31.0,8.8,21.4,8.6,10.1,14.3,4.8,23.7,93.0,96.0,7.0,4.0,100.0,0.0,0.0,0.0,0.0,0.0,0.0,0.0,0.0,0.0,0.0,0.0,0.0,0.0,0.0,0.0,360,25,22,39,106,37,74,315,246,360,25,22,39,106,37,74,315,246,0,0,0,0,0,0,0,0,0,0,0,0,0,0,16.5,27.5,24.9,43.4,9.3,21.8,15.3,30.7,16.5,27.5,24.9,43.4,9.3,21.8,15.3,30.7,0.0,0.0,0.0,0.0,0.0,0.0,0.0,0.0,(CONTRACTS OF 100 TROY OUNCES),N20,GOLD,PRECIOUS METALS,NATURAL RESOURCES,Combined,16,27,100,35,75,16,27,100,35,75
231114088695C,MICRO GOLD - COMMODITY EXCHANGE INC.,2023-11-14T00:00:00.000,2023 Report Week 46,MICRO GOLD,088695,CMX ,NYC,088 ,GOLD,33105,0,0,0,0,0,412,81,409,9635,11592,8459,18915,20541,14190,12564,33105,0,0,0,0,0,412,81,409,9635,11592,8459,18915,20541,14190,12564,0,0,0,0,0,0,0,0,0,0,0,0,0,0,0,0,1393,0,0,0,0,0,-1041,-614,399,300,1880,1167,826,2832,567,-1439,100.0,0.0,0.0,0.0,0.0,0.0,1.2,0.2,1.2,29.1,35.0,25.6,57.1,62.0,42.9,38.0,100.0,0.0,0.0,0.0,0.0,0.0,1.2,0.2,1.2,29.1,35.0,25.6,57.1,62.0,42.9,38.0,100.0,0.0,0.0,0.0,0.0,0.0,0.0,0.0,0.0,0.0,0.0,0.0,0.0,0.0,0.0,0.0,22,0,0,0,9,11,8,13,18,22,0,0,0,9,11,8,13,18,0,0,0,0,0,0,0,0,0,0,0,0,0,0,37.7,42.0,50.3,53.5,22.3,25.7,28.8,32.3,37.7,42.0,50.3,53.5,22.3,25.7,28.8,32.3,0.0,0.0,0.0,0.0,0.0,0.0,0.0,0.0,(CONTRACTS OF 10 TROY OUNCES),N20,GOLD,PRECIOUS METALS,NATURAL RESOURCES,Combined,0,0,,,,0,0,,,
231107088691C,GOLD - COMMODITY EXCHANGE INC.,2023-11-07T00:00:00.000,2023 Report Week 45,GOLD,088691,CMX ,NYC,088 ,GOLD,720170,22120,65878,80888,229989,67593,160609,55373,70086,104860,37532,162983,669139,689433,51031,30737,720170,22120,65878,80888,229989,67593,160609,55373,70086,104860,37532,162983,669139,689433,51031,30737,0,0,0,0,0,0,0,0,0,0,0,0,0,0,0,0,-8503,-1145,-1438,2721,5318,-1287,-4330,-3223,872,29,-2218,-5233,-8375,-7210,-128,-1293,100.0,3.1,9.1,11.2,31.9,9.4,22.3,7.7,9.7,14.6,5.2,22.6,92.9,95.7,7.1,4.3,100.0,3.1,9.1,11.2,31.9,9.4,22.3,7.7,9.7,14.6,5.2,22.6,92.9,95.7,7.1,4.3,100.0,0.0,0.0,0.0,0.0,0.0,0.0,0.0,0.0,0.0,0.0,0.0,0.0,0.0,0.0,0.0,351,24,25,38,98,46,73,307,241,351,24,25,38,98,46,73,307,241,0,0,0,0,0,0,0,0,0,0,0,0,0,0,16.6,27.9,24.9,43.8,9.6,21.9,15.4,31.0,16.6,27.9,24.9,43.8,9.6,21.9,15.4,31.0,0.0,0.0,0.0,0.0,0.0,0.0,0.0,0.0,(CONTRACTS OF 100 TROY OUNCES),N20,GOLD,PRECIOUS METALS,NATURAL RESOURCES,Combined,15,23,101,29,74,15,23,101,29,74
231107088695C,MICRO GOLD - COMMODITY EXCHANGE INC.,2023-11-07T00:00:00.000,2023 Report Week 45,MICRO GOLD,088695,CMX ,NYC,088 ,GOLD,31712,0,0,0,0,0,1453,695,10,9335,9712,7292,18089,17709,13623,14003,31712,0,0,0,0,0,1453,695,10,9335,9712,7292,18089,17709,13623,14003,0,0,0,0,0,0,0,0,0,0,0,0,0,0,0,0,683,0,0,0,0,0,1040,424,-19,-619,-20,1519,1920,1904,-1238,-1221,100.0,0.0,0.0,0.0,0.0,0.0,4.6,2.2,0.0,29.4,30.6,23.0,57.0,55.8,43.0,44.2,100.0,0.0,0.0,0.0,0.0,0.0,4.6,2.2,0.0,29.4,30.6,23.0,57.0,55.8,43.0,44.2,100.0,0.0,0.0,0.0,0.0,0.0,0.0,0.0,0.0,0.0,0.0,0.0,0.0,0.0,0.0,0.0,27,0,0,0,11,12,9,16,21,27,0,0,0,11,12,9,16,21,0,0,0,0,0,0,0,0,0,0,0,0,0,0,36.3,37.5,49.0,45.6,21.9,21.4,29.8,28.9,36.3,37.5,49.0,45.6,21.9,21.4,29.8,28.9,0.0,0.0,0.0,0.0,0.0,0.0,0.0,0.0,(CONTRACTS OF 10 TROY OUNCES),N20,GOLD,PRECIOUS METALS,NATURAL RESOURCES,Combined,0,0,,,,0,0,,,
231031088691C,GOLD - COMMODITY EXCHANGE INC.,2023-10-31T00:00:00.000,2023 Report Week 44,GOLD,088691,CMX ,NYC,088 ,GOLD,728673,23265,67316,78167,224670,68881,164939,58596,69214,104831,39751,168216,677513,696643,51160,32030,728673,23265,67316,78167,224670,68881,164939,58596,69214,104831,39751,168216,677513,696643,51160,32030,0,0,0,0,0,0,0,0,0,0,0,0,0,0,0,0,-11937,-436,3391,-3799,13175,-3643,13508,-2153,-871,909,-1633,-19046,-13378,-10781,1441,-1156,100.0,3.2,9.2,10.7,30.8,9.5,22.6,8.0,9.5,14.4,5.5,23.1,93.0,95.6,7.0,4.4,100.0,3.2,9.2,10.7,30.8,9.5,22.6,8.0,9.5,14.4,5.5,23.1,93.0,95.6,7.0,4.4,100.0,0.0,0.0,0.0,0.0,0.0,0.0,0.0,0.0,0.0,0.0,0.0,0.0,0.0,0.0,0.0,358,23,25,40,101,43,73,314,242,358,23,25,40,101,43,73,314,242,0,0,0,0,0,0,0,0,0,0,0,0,0,0,16.7,27.7,25.3,43.1,9.7,20.8,15.8,30.0,16.7,27.7,25.3,43.1,9.7,20.8,15.8,30.0,0.0,0.0,0.0,0.0,0.0,0.0,0.0,0.0,(CONTRACTS OF 100 TROY OUNCES),N20,GOLD,PRECIOUS METALS,NATURAL RESOURCES,Combined,15,26,104,27,74,15,26,104,27,74
231031088695C,MICRO GOLD - COMMODITY EXCHANGE INC.,2023-10-31T00:00:00.000,2023 Report Week 44,MICRO GOLD,088695,CMX ,NYC,088 ,GOLD,31029,0,0,0,0,0,413,271,29,9954,9732,5773,16169,15805,14860,15224,31029,0,0,0,0,0,413,271,29,9954,9732,5773,16169,15805,14860,15224,0,0,0,0,0,0,0,0,0,0,0,0,0,0,0,0,977,0,0,0,0,0,-600,271,-171,-511,217,483,-799,800,1776,177,100.0,0.0,0.0,0.0,0.0,0.0,1.3,0.9,0.1,32.1,31.4,18.6,52.1,50.9,47.9,49.1,100.0,0.0,0.0,0.0,0.0,0.0,1.3,0.9,0.1,32.1,31.4,18.6,52.1,50.9,47.9,49.1,100.0,0.0,0.0,0.0,0.0,0.0,0.0,0.0,0.0,0.0,0.0,0.0,0.0,0.0,0.0,0.0,24,0,0,0,11,11,9,14,20,24,0,0,0,11,11,9,14,20,0,0,0,0,0,0,0,0,0,0,0,0,0,0,35.4,31.4,45.9,41.6,21.9,20.8,28.9,29.1,35.4,31.4,45.9,41.6,21.9,20.8,28.9,29.1,0.0,0.0,0.0,0.0,0.0,0.0,0.0,0.0,(CONTRACTS OF 10 TROY OUNCES),N20,GOLD,PRECIOUS METALS,NATURAL RESOURCES,Combined,0,0,,,,0,0,,,
231024088691C,GOLD - COMMODITY EXCHANGE INC.,2023-10-24T00:00:00.000,2023 Report Week 43,GOLD,088691,CMX ,NYC,088 ,GOLD,740610,23701,63925,81966,211495,72524,151431,60749,70086,103923,41384,187262,690891,707424,49719,33186,740610,23701,63925,81966,211495,72524,151431,60749,70086,103923,41384,187262,690891,707424,49719,33186,0,0,0,0,0,0,0,0,0,0,0,0,0,0,0,0,67941,990,12540,-4844,27332,10162,27366,-21449,2467,2822,8501,26961,65924,66514,2017,1427,100.0,3.2,8.6,11.1,28.6,9.8,20.4,8.2,9.5,14.0,5.6,25.3,93.3,95.5,6.7,4.5,100.0,3.2,8.6,11.1,28.6,9.8,20.4,8.2,9.5,14.0,5.6,25.3,93.3,95.5,6.7,4.5,100.0,0.0,0.0,0.0,0.0,0.0,0.0,0.0,0.0,0.0,0.0,0.0,0.0,0.0,0.0,0.0,353,23,24,38,93,47,71,309,241,353,23,24,38,93,47,71,309,241,0,0,0,0,0,0,0,0,0,0,0,0,0,0,17.6,26.9,26.2,43.1,9.5,19.2,15.5,28.3,17.6,26.9,26.2,43.1,9.5,19.2,15.5,28.3,0.0,0.0,0.0,0.0,0.0,0.0,0.0,0.0,(CONTRACTS OF 100 TROY OUNCES),N20,GOLD,PRECIOUS METALS,NATURAL RESOURCES,Combined,14,25,100,35,77,14,25,100,35,77
231024088695C,MICRO GOLD - COMMODITY EXCHANGE INC.,2023-10-24T00:00:00.000,2023 Report Week 43,MICRO GOLD,088695,CMX ,NYC,088 ,GOLD,30053,0,0,0,0,0,1013,0,200,10465,9515,5290,16968,15005,13085,15048,30053,0,0,0,0,0,1013,0,200,10465,9515,5290,16968,15005,13085,15048,0,0,0,0,0,0,0,0,0,0,0,0,0,0,0,0,-40,0,0,0,0,0,657,-1477,200,123,-714,-505,475,-2496,-515,2456,100.0,0.0,0.0,0.0,0.0,0.0,3.4,0.0,0.7,34.8,31.7,17.6,56.5,49.9,43.5,50.1,100.0,0.0,0.0,0.0,0.0,0.0,3.4,0.0,0.7,34.8,31.7,17.6,56.5,49.9,43.5,50.1,100.0,0.0,0.0,0.0,0.0,0.0,0.0,0.0,0.0,0.0,0.0,0.0,0.0,0.0,0.0,0.0,26,0,0,0,11,13,8,14,21,26,0,0,0,11,13,8,14,21,0,0,0,0,0,0,0,0,0,0,0,0,0,0,33.9,30.5,47.9,39.8,23.1,20.6,31.7,27.8,33.9,30.5,47.9,39.8,23.1,20.6,31.7,27.8,0.0,0.0,0.0,0.0,0.0,0.0,0.0,0.0,(CONTRACTS OF 10 TROY OUNCES),N20,GOLD,PRECIOUS METALS,NATURAL RESOURCES,Combined,0,0,,0,,0,0,,0,
231017088691C,GOLD - COMMODITY EXCHANGE INC.,2023-10-17T00:00:00.000,2023 Report Week 42,GOLD,088691,CMX ,NYC,088 ,GOLD,672669,22710,51385,86810,184163,62362,124065,82198,67619,101101,32883,160301,624967,640910,47702,31758,672669,22710,51385,86810,184163,62362,124065,82198,67619,101101,32883,160301,624967,640910,47702,31758,0,0,0,0,0,0,0,0,0,0,0,0,0,0,0,0,49453,-5574,6401,-8939,23588,9556,21706,-34949,9371,-2742,4303,30246,53624,48516,-4170,937,100.0,3.4,7.6,12.9,27.4,9.3,18.4,12.2,10.1,15.0,4.9,23.8,92.9,95.3,7.1,4.7,100.0,3.4,7.6,12.9,27.4,9.3,18.4,12.2,10.1,15.0,4.9,23.8,92.9,95.3,7.1,4.7,100.0,0.0,0.0,0.0,0.0,0.0,0.0,0.0,0.0,0.0,0.0,0.0,0.0,0.0,0.0,0.0,346,22,20,37,94,41,74,308,236,346,22,20,37,94,41,74,308,236,0,0,0,0,0,0,0,0,0,0,0,0,0,0,17.5,25.5,26.1,43.2,10.0,19.5,16.3,29.9,17.5,25.5,26.1,43.2,10.0,19.5,16.3,29.9,0.0,0.0,0.0,0.0,0.0,0.0,0.0,0.0,(CONTRACTS OF 100 TROY OUNCES),N20,GOLD,PRECIOUS METALS,NATURAL RESOURCES,Combined,16,26,92,44,76,16,26,92,44,76
231017088695C,MICRO GOLD - COMMODITY EXCHANGE INC.,2023-10-17T00:00:00.000,2023 Report Week 42,MICRO GOLD,088695,CMX ,NYC,088 ,GOLD,30092,0,0,0,0,0,356,1477,0,10342,10229,5795,16493,17501,13599,12591,30092,0,0,0,0,0,356,1477,0,10342,10229,5795,16493,17501,13599,12591,0,0,0,0,0,0,0,0,0,0,0,0,0,0,0,0,-2018,0,0,0,0,0,-1305,-213,0,2466,-5430,2120,3281,-3523,-5299,1505,100.0,0.0,0.0,0.0,0.0,0.0,1.2,4.9,0.0,34.4,34.0,19.3,54.8,58.2,45.2,41.8,100.0,0.0,0.0,0.0,0.0,0.0,1.2,4.9,0.0,34.4,34.0,19.3,54.8,58.2,45.2,41.8,100.0,0.0,0.0,0.0,0.0,0.0,0.0,0.0,0.0,0.0,0.0,0.0,0.0,0.0,0.0,0.0,23,0,0,0,12,9,8,14,17,23,0,0,0,12,9,8,14,17,0,0,0,0,0,0,0,0,0,0,0,0,0,0,36.4,40.3,47.9,51.4,26.1,31.0,31.2,37.6,36.4,40.3,47.9,51.4,26.1,31.0,31.2,37.6,0.0,0.0,0.0,0.0,0.0,0.0,0.0,0.0,(CONTRACTS OF 10 TROY OUNCES),N20,GOLD,PRECIOUS METALS,NATURAL RESOURCES,Combined,0,0,,,0,0,0,,,0
231010088691C,GOLD - COMMODITY EXCHANGE INC.,2023-10-10T00:00:00.000,2023 Report Week 41,GOLD,088691,CMX ,NYC,088 ,GOLD,623216,28284,44984,95749,160575,52805,102359,117147,58248,103843,28580,130055,571344,592394,51872,30821,623216,28284,44984,95749,160575,52805,102359,117147,58248,103843,28580,130055,571344,592394,51872,30821,0,0,0,0,0,0,0,0,0,0,0,0,0,0,0,0,15725,2048,-798,4272,-10380,4116,-806,10978,3161,-2956,53,7307,17143,14437,-1418,1288,100.0,4.5,7.2,15.4,25.8,8.5,16.4,18.8,9.3,16.7,4.6,20.9,91.7,95.1,8.3,4.9,100.0,4.5,7.2,15.4,25.8,8.5,16.4,18.8,9.3,16.7,4.6,20.9,91.7,95.1,8.3,4.9,100.0,0.0,0.0,0.0,0.0,0.0,0.0,0.0,0.0,0.0,0.0,0.0,0.0,0.0,0.0,0.0,345,19,18,37,99,36,68,303,236,345,19,18,37,99,36,68,303,236,0,0,0,0,0,0,0,0,0,0,0,0,0,0,16.4,24.5,25.4,41.2,10.8,19.3,17.6,30.1,16.4,24.5,25.4,41.2,10.8,19.3,17.6,30.1,0.0,0.0,0.0,0.0,0.0,0.0,0.0,0.0,(CONTRACTS OF 100 TROY OUNCES),N20,GOLD,PRECIOUS METALS,NATURAL RESOURCES,Combined,22,26,81,54,76,22,26,81,54,76
231010088695C,MICRO GOLD - COMMODITY EXCHANGE INC.,2023-10-10T00:00:00.000,2023 Report Week 41,MICRO GOLD,088695,CMX ,NYC,088 ,GOLD,32110,0,0,0,0,0,1661,1690,0,7876,15659,3675,13212,21024,18898,11086,32110,0,0,0,0,0,1661,1690,0,7876,15659,3675,13212,21024,18898,11086,0,0,0,0,0,0,0,0,0,0,0,0,0,0,0,0,205,0,0,0,0,0,91,1463,0,1683,-1647,628,2402,444,-2197,-239,100.0,0.0,0.0,0.0,0.0,0.0,5.2,5.3,0.0,24.5,48.8,11.4,41.1,65.5,58.9,34.5,100.0,0.0,0.0,0.0,0.0,0.0,5.2,5.3,0.0,24.5,48.8,11.4,41.1,65.5,58.9,34.5,100.0,0.0,0.0,0.0,0.0,0.0,0.0,0.0,0.0,0.0,0.0,0.0,0.0,0.0,0.0,0.0,23,0,0,0,9,11,7,12,18,23,0,0,0,9,11,7,12,18,0,0,0,0,0,0,0,0,0,0,0,0,0,0,29.1,43.6,37.3,57.9,23.5,35.6,28.0,49.9,29.1,43.6,37.3,57.9,23.5,35.6,28.0,49.9,0.0,0.0,0.0,0.0,0.0,0.0,0.0,0.0,(CONTRACTS OF 10 TROY OUNCES),N20,GOLD,PRECIOUS METALS,NATURAL RESOURCES,Combined,0,0,,,0,0,0,,,0
231003088691C,GOLD - COMMODITY EXCHANGE INC.,2023-10-03T00:00:00.000,2023 Report Week 40,GOLD,088691,CMX ,NYC,088 ,GOLD,607491,26236,45782,91477,170955,48689,103165,106169,55086,106799,28527,122748,554201,577957,53290,29533,607491,26236,45782,91477,170955,48689,103165,106169,55086,106799,28527,122748,554201,577957,53290,29533,0,0,0,0,0,0,0,0,0,0,0,0,0,0,0,0,33669,5552,817,469,-28646,11683,-21254,17393,-310,-1617,-3007,36663,31186,34593,2483,-924,100.0,4.3,7.5,15.1,28.1,8.0,17.0,17.5,9.1,17.6,4.7,20.2,91.2,95.1,8.8,4.9,100.0,4.3,7.5,15.1,28.1,8.0,17.0,17.5,9.1,17.6,4.7,20.2,91.2,95.1,8.8,4.9,100.0,0.0,0.0,0.0,0.0,0.0,0.0,0.0,0.0,0.0,0.0,0.0,0.0,0.0,0.0,0.0,349,20,18,35,103,33,65,301,233,349,20,18,35,103,33,65,301,233,0,0,0,0,0,0,0,0,0,0,0,0,0,0,16.6,25.8,25.6,42.4,10.9,20.7,17.9,31.9,16.6,25.8,25.6,42.4,10.9,20.7,17.9,31.9,0.0,0.0,0.0,0.0,0.0,0.0,0.0,0.0,(CONTRACTS OF 100 TROY OUNCES),N20,GOLD,PRECIOUS METALS,NATURAL RESOURCES,Combined,20,26,82,55,73,20,26,82,55,73
231003088695C,MICRO GOLD - COMMODITY EXCHANGE INC.,2023-10-03T00:00:00.000,2023 Report Week 40,MICRO GOLD,088695,CMX ,NYC,088 ,GOLD,31905,0,0,0,0,0,1570,227,0,6193,17306,3047,10810,20580,21095,11325,31905,0,0,0,0,0,1570,227,0,6193,17306,3047,10810,20580,21095,11325,0,0,0,0,0,0,0,0,0,0,0,0,0,0,0,0,,,,,,,,,,,,,,,,,100.0,0.0,0.0,0.0,0.0,0.0,4.9,0.7,0.0,19.4,54.2,9.6,33.9,64.5,66.1,35.5,100.0,0.0,0.0,0.0,0.0,0.0,4.9,0.7,0.0,19.4,54.2,9.6,33.9,64.5,66.1,35.5,100.0,0.0,0.0,0.0,0.0,0.0,0.0,0.0,0.0,0.0,0.0,0.0,0.0,0.0,0.0,0.0,22,0,0,0,8,11,6,12,16,22,0,0,0,8,11,6,12,16,0,0,0,0,0,0,0,0,0,0,0,0,0,0,24.7,51.3,30.4,59.5,18.4,45.0,22.9,52.1,24.7,51.3,30.4,59.5,18.4,45.0,22.9,52.1,0.0,0.0,0.0,0.0,0.0,0.0,0.0,0.0,(CONTRACTS OF 10 TROY OUNCES),N20,GOLD,PRECIOUS METALS,NATURAL RESOURCES,Combined,0,0,,,0,0,0,,,0
230926088691C,GOLD - COMMODITY EXCHANGE INC.,2023-09-26T00:00:00.000,2023 Report Week 39,GOLD,088691,CMX ,NYC,088 ,GOLD,573822,20683,44965,91008,199601,37006,124420,88776,55396,108416,31534,86085,523014,543364,50808,30458,573822,20683,44965,91008,199601,37006,124420,88776,55396,108416,31534,86085,523014,543364,50808,30458,0,0,0,0,0,0,0,0,0,0,0,0,0,0,0,0,-22588,-2613,-2496,6799,-15915,-5695,-11956,19040,-1249,5850,-919,-15058,-23923,-22292,1335,-295,100.0,3.6,7.8,15.9,34.8,6.4,21.7,15.5,9.7,18.9,5.5,15.0,91.1,94.7,8.9,5.3,100.0,3.6,7.8,15.9,34.8,6.4,21.7,15.5,9.7,18.9,5.5,15.0,91.1,94.7,8.9,5.3,100.0,0.0,0.0,0.0,0.0,0.0,0.0,0.0,0.0,0.0,0.0,0.0,0.0,0.0,0.0,0.0,340,19,20,33,96,35,55,293,217,340,19,20,33,96,35,55,293,217,0,0,0,0,0,0,0,0,0,0,0,0,0,0,15.3,28.8,24.0,44.4,12.5,24.2,19.9,37.1,15.3,28.8,24.0,44.4,12.5,24.2,19.9,37.1,0.0,0.0,0.0,0.0,0.0,0.0,0.0,0.0,(CONTRACTS OF 100 TROY OUNCES),N20,GOLD,PRECIOUS METALS,NATURAL RESOURCES,Combined,14,23,81,60,72,14,23,81,60,72
230919088691C,GOLD - COMMODITY EXCHANGE INC.,2023-09-19T00:00:00.000,2023 Report Week 38,GOLD,088691,CMX ,NYC,088 ,GOLD,596410,23297,47461,84209,215517,42701,136376,69737,56645,102566,32453,101143,546937,565656,49473,30753,596410,23297,47461,84209,215517,42701,136376,69737,56645,102566,32453,101143,546937,565656,49473,30753,0,0,0,0,0,0,0,0,0,0,0,0,0,0,0,0,10434,-1142,1887,-2366,5351,2119,5424,-11419,4777,-2366,654,6171,12616,9539,-2183,895,100.0,3.9,8.0,14.1,36.1,7.2,22.9,11.7,9.5,17.2,5.4,17.0,91.7,94.8,8.3,5.2,100.0,3.9,8.0,14.1,36.1,7.2,22.9,11.7,9.5,17.2,5.4,17.0,91.7,94.8,8.3,5.2,100.0,0.0,0.0,0.0,0.0,0.0,0.0,0.0,0.0,0.0,0.0,0.0,0.0,0.0,0.0,0.0,327,18,20,35,84,39,57,291,211,327,18,20,35,84,39,57,291,211,0,0,0,0,0,0,0,0,0,0,0,0,0,0,16.2,28.2,24.9,45.3,12.2,23.8,19.8,36.7,16.2,28.2,24.9,45.3,12.2,23.8,19.8,36.7,0.0,0.0,0.0,0.0,0.0,0.0,0.0,0.0,(CONTRACTS OF 100 TROY OUNCES),N20,GOLD,PRECIOUS METALS,NATURAL RESOURCES,Combined,16,23,89,45,73,16,23,89,45,73
230919088695C,MICRO GOLD - COMMODITY EXCHANGE INC.,2023-09-19T00:00:00.000,2023 Report Week 38,MICRO GOLD,088695,CMX ,NYC,088 ,GOLD,28783,0,0,0,0,0,412,2239,0,9164,9065,3586,13162,14890,15621,13893,28783,0,0,0,0,0,412,2239,0,9164,9065,3586,13162,14890,15621,13893,0,0,0,0,0,0,0,0,0,0,0,0,0,0,0,0,-2946,0,0,0,0,0,170,676,0,-2799,-5244,401,-2228,-4167,-718,1221,100.0,0.0,0.0,0.0,0.0,0.0,1.4,7.8,0.0,31.8,31.5,12.5,45.7,51.7,54.3,48.3,100.0,0.0,0.0,0.0,0.0,0.0,1.4,7.8,0.0,31.8,31.5,12.5,45.7,51.7,54.3,48.3,100.0,0.0,0.0,0.0,0.0,0.0,0.0,0.0,0.0,0.0,0.0,0.0,0.0,0.0,0.0,0.0,21,0,0,0,10,8,5,13,13,21,0,0,0,10,8,5,13,13,0,0,0,0,0,0,0,0,0,0,0,0,0,0,35.8,33.5,41.5,48.6,26.0,27.1,30.9,37.7,35.8,33.5,41.5,48.6,26.0,27.1,30.9,37.7,0.0,0.0,0.0,0.0,0.0,0.0,0.0,0.0,(CONTRACTS OF 10 TROY OUNCES),N20,GOLD,PRECIOUS METALS,NATURAL RESOURCES,Combined,0,0,,,0,0,0,,,0
230912088691C,GOLD - COMMODITY EXCHANGE INC.,2023-09-12T00:00:00.000,2023 Report Week 37,GOLD,088691,CMX ,NYC,088 ,GOLD,585976,24439,45574,86575,210166,40583,130952,81156,51868,104932,31799,94973,534321,556117,51655,29859,585976,24439,45574,86575,210166,40583,130952,81156,51868,104932,31799,94973,534321,556117,51655,29859,0,0,0,0,0,0,0,0,0,0,0,0,0,0,0,0,-911,-539,-3333,2765,-10548,1273,-3487,13057,-90,-145,280,-1438,-1660,-799,750,-111,100.0,4.2,7.8,14.8,35.9,6.9,22.3,13.8,8.9,17.9,5.4,16.2,91.2,94.9,8.8,5.1,100.0,4.2,7.8,14.8,35.9,6.9,22.3,13.8,8.9,17.9,5.4,16.2,91.2,94.9,8.8,5.1,100.0,0.0,0.0,0.0,0.0,0.0,0.0,0.0,0.0,0.0,0.0,0.0,0.0,0.0,0.0,0.0,337,17,19,35,94,33,61,293,219,337,17,19,35,94,33,61,293,219,0,0,0,0,0,0,0,0,0,0,0,0,0,0,15.9,28.4,24.3,45.0,12.2,23.8,19.8,36.6,15.9,28.4,24.3,45.0,12.2,23.8,19.8,36.6,0.0,0.0,0.0,0.0,0.0,0.0,0.0,0.0,(CONTRACTS OF 100 TROY OUNCES),N20,GOLD,PRECIOUS METALS,NATURAL RESOURCES,Combined,16,26,85,53,69,16,26,85,53,69
230912088695C,MICRO GOLD - COMMODITY EXCHANGE INC.,2023-09-12T00:00:00.000,2023 Report Week 37,MICRO GOLD,088695,CMX ,NYC,088 ,GOLD,31729,0,0,0,0,0,242,1563,0,11963,14309,3185,15390,19057,16339,12672,31729,0,0,0,0,0,242,1563,0,11963,14309,3185,15390,19057,16339,12672,0,0,0,0,0,0,0,0,0,0,0,0,0,0,0,0,,,,,,,,,,,,,,,,,100.0,0.0,0.0,0.0,0.0,0.0,0.8,4.9,0.0,37.7,45.1,10.0,48.5,60.1,51.5,39.9,100.0,0.0,0.0,0.0,0.0,0.0,0.8,4.9,0.0,37.7,45.1,10.0,48.5,60.1,51.5,39.9,100.0,0.0,0.0,0.0,0.0,0.0,0.0,0.0,0.0,0.0,0.0,0.0,0.0,0.0,0.0,0.0,22,0,0,0,9,10,7,13,16,22,0,0,0,9,10,7,13,16,0,0,0,0,0,0,0,0,0,0,0,0,0,0,41.1,37.9,45.3,55.0,33.8,33.3,37.2,47.1,41.1,37.9,45.3,55.0,33.8,33.3,37.2,47.1,0.0,0.0,0.0,0.0,0.0,0.0,0.0,0.0,(CONTRACTS OF 10 TROY OUNCES),N20,GOLD,PRECIOUS METALS,NATURAL RESOURCES,Combined,0,0,,,0,0,0,,,0
230905088691C,GOLD - COMMODITY EXCHANGE INC.,2023-09-05T00:00:00.000,2023 Report Week 36,GOLD,088691,CMX ,NYC,088 ,GOLD,586886,24978,48907,83809,220714,39309,134439,68099,51957,105077,31519,96411,535981,556917,50906,29970,586886,24978,48907,83809,220714,39309,134439,68099,51957,105077,31519,96411,535981,556917,50906,29970,0,0,0,0,0,0,0,0,0,0,0,0,0,0,0,0,-10355,-2718,909,-1254,11288,-2686,-3605,-11811,-287,248,-4516,-2104,-12406,-9206,2051,-1148,100.0,4.3,8.3,14.3,37.6,6.7,22.9,11.6,8.9,17.9,5.4,16.4,91.3,94.9,8.7,5.1,100.0,4.3,8.3,14.3,37.6,6.7,22.9,11.6,8.9,17.9,5.4,16.4,91.3,94.9,8.7,5.1,100.0,0.0,0.0,0.0,0.0,0.0,0.0,0.0,0.0,0.0,0.0,0.0,0.0,0.0,0.0,0.0,337,21,23,37,86,42,61,295,226,337,21,23,37,86,42,61,295,226,0,0,0,0,0,0,0,0,0,0,0,0,0,0,16.0,29.0,25.0,45.5,12.5,25.0,20.4,36.9,16.0,29.0,25.0,45.5,12.5,25.0,20.4,36.9,0.0,0.0,0.0,0.0,0.0,0.0,0.0,0.0,(CONTRACTS OF 100 TROY OUNCES),N20,GOLD,PRECIOUS METALS,NATURAL RESOURCES,Combined,17,23,88,47,74,17,23,88,47,74
230829088691C,GOLD - COMMODITY EXCHANGE INC.,2023-08-29T00:00:00.000,2023 Report Week 35,GOLD,088691,CMX ,NYC,088 ,GOLD,597241,27696,47998,85064,209426,41995,138044,79910,52244,104829,36035,98515,548387,566123,48855,31118,597241,27696,47998,85064,209426,41995,138044,79910,52244,104829,36035,98515,548387,566123,48855,31118,0,0,0,0,0,0,0,0,0,0,0,0,0,0,0,0,-2768,2545,6382,-5542,16018,-3201,22279,-10162,-6733,-155,4106,-8758,434,-2347,-3202,-421,100.0,4.6,8.0,14.2,35.1,7.0,23.1,13.4,8.7,17.6,6.0,16.5,91.8,94.8,8.2,5.2,100.0,4.6,8.0,14.2,35.1,7.0,23.1,13.4,8.7,17.6,6.0,16.5,91.8,94.8,8.2,5.2,100.0,0.0,0.0,0.0,0.0,0.0,0.0,0.0,0.0,0.0,0.0,0.0,0.0,0.0,0.0,0.0,332,20,23,37,85,44,64,290,225,332,20,23,37,85,44,64,290,225,0,0,0,0,0,0,0,0,0,0,0,0,0,0,16.1,27.6,25.0,43.9,12.2,23.5,19.6,35.2,16.1,27.6,25.0,43.9,12.2,23.5,19.6,35.2,0.0,0.0,0.0,0.0,0.0,0.0,0.0,0.0,(CONTRACTS OF 100 TROY OUNCES),N20,GOLD,PRECIOUS METALS,NATURAL RESOURCES,Combined,17,23,88,42,70,17,23,88,42,70
230829088695C,MICRO GOLD - COMMODITY EXCHANGE INC.,2023-08-29T00:00:00.000,2023 Report Week 35,MICRO GOLD,088695,CMX ,NYC,088 ,GOLD,30968,0,0,0,0,0,232,3077,7,12134,11645,3418,15791,18147,15177,12821,30968,0,0,0,0,0,232,3077,7,12134,11645,3418,15791,18147,15177,12821,0,0,0,0,0,0,0,0,0,0,0,0,0,0,0,0,,,,,,,,,,,,,,,,,100.0,0.0,0.0,0.0,0.0,0.0,0.7,9.9,0.0,39.2,37.6,11.0,51.0,58.6,49.0,41.4,100.0,0.0,0.0,0.0,0.0,0.0,0.7,9.9,0.0,39.2,37.6,11.0,51.0,58.6,49.0,41.4,100.0,0.0,0.0,0.0,0.0,0.0,0.0,0.0,0.0,0.0,0.0,0.0,0.0,0.0,0.0,0.0,20,0,0,0,8,9,8,12,17,20,0,0,0,8,9,8,12,17,0,0,0,0,0,0,0,0,0,0,0,0,0,0,40.4,33.9,48.9,51.6,33.3,31.4,39.2,45.0,40.4,33.9,48.9,51.6,33.3,31.4,39.2,45.0,0.0,0.0,0.0,0.0,0.0,0.0,0.0,0.0,(CONTRACTS OF 10 TROY OUNCES),N20,GOLD,PRECIOUS METALS,NATURAL RESOURCES,Combined,0,0,,,,0,0,,,
230822088691C,GOLD - COMMODITY EXCHANGE INC.,2023-08-22T00:00:00.000,2023 Report Week 34,GOLD,088691,CMX ,NYC,088 ,GOLD,600009,25151,41616,90606,193407,45196,115766,90071,58977,104984,31929,107273,547952,568470,52057,31539,600009,25151,41616,90606,193407,45196,115766,90071,58977,104984,31929,107273,547952,568470,52057,31539,0,0,0,0,0,0,0,0,0,0,0,0,0,0,0,0,5253,1308,-3256,862,-17184,2175,-9160,11685,2893,-133,74,5483,3428,1871,1824,3382,100.0,4.2,6.9,15.1,32.2,7.5,19.3,15.0,9.8,17.5,5.3,17.9,91.3,94.7,8.7,5.3,100.0,4.2,6.9,15.1,32.2,7.5,19.3,15.0,9.8,17.5,5.3,17.9,91.3,94.7,8.7,5.3,100.0,0.0,0.0,0.0,0.0,0.0,0.0,0.0,0.0,0.0,0.0,0.0,0.0,0.0,0.0,0.0,340,18,20,38,90,40,60,289,230,340,18,20,38,90,40,60,289,230,0,0,0,0,0,0,0,0,0,0,0,0,0,0,16.8,26.4,25.6,42.6,11.8,22.0,18.5,32.9,16.8,26.4,25.6,42.6,11.8,22.0,18.5,32.9,0.0,0.0,0.0,0.0,0.0,0.0,0.0,0.0,(CONTRACTS OF 100 TROY OUNCES),N20,GOLD,PRECIOUS METALS,NATURAL RESOURCES,Combined,17,26,81,55,71,17,26,81,55,71
230815088691C,GOLD - COMMODITY EXCHANGE INC.,2023-08-15T00:00:00.000,2023 Report Week 33,GOLD,088691,CMX ,NYC,088 ,GOLD,594756,23843,44873,89744,210591,43021,124926,78386,56084,105117,31855,101790,544524,566600,50232,28157,594756,23843,44873,89744,210591,43021,124926,78386,56084,105117,31855,101790,544524,566600,50232,28157,0,0,0,0,0,0,0,0,0,0,0,0,0,0,0,0,11016,3140,-3068,-1300,-23544,3221,-2325,26717,2224,2789,-1333,3253,11001,7470,15,3546,100.0,4.0,7.5,15.1,35.4,7.2,21.0,13.2,9.4,17.7,5.4,17.1,91.6,95.3,8.4,4.7,100.0,4.0,7.5,15.1,35.4,7.2,21.0,13.2,9.4,17.7,5.4,17.1,91.6,95.3,8.4,4.7,100.0,0.0,0.0,0.0,0.0,0.0,0.0,0.0,0.0,0.0,0.0,0.0,0.0,0.0,0.0,0.0,337,16,20,37,94,35,58,293,227,337,16,20,37,94,35,58,293,227,0,0,0,0,0,0,0,0,0,0,0,0,0,0,16.7,27.8,25.8,43.4,12.3,23.9,19.1,34.2,16.7,27.8,25.8,43.4,12.3,23.9,19.1,34.2,0.0,0.0,0.0,0.0,0.0,0.0,0.0,0.0,(CONTRACTS OF 100 TROY OUNCES),N20,GOLD,PRECIOUS METALS,NATURAL RESOURCES,Combined,17,25,81,56,78,17,25,81,56,78
230808088691C,GOLD - COMMODITY EXCHANGE INC.,2023-08-08T00:00:00.000,2023 Report Week 32,GOLD,088691,CMX ,NYC,088 ,GOLD,583740,20703,47940,91044,234135,39800,127251,51669,53859,102328,33188,98537,533523,559129,50218,24611,583740,20703,47940,91044,234135,39800,127251,51669,53859,102328,33188,98537,533523,559129,50218,24611,0,0,0,0,0,0,0,0,0,0,0,0,0,0,0,0,-12360,-558,-5239,633,-16445,-2782,-12716,11039,1559,-1765,-949,1047,-14582,-11770,2222,-590,100.0,3.5,8.2,15.6,40.1,6.8,21.8,8.9,9.2,17.5,5.7,16.9,91.4,95.8,8.6,4.2,100.0,3.5,8.2,15.6,40.1,6.8,21.8,8.9,9.2,17.5,5.7,16.9,91.4,95.8,8.6,4.2,100.0,0.0,0.0,0.0,0.0,0.0,0.0,0.0,0.0,0.0,0.0,0.0,0.0,0.0,0.0,0.0,328,19,24,36,77,42,58,285,224,328,19,24,36,77,42,58,285,224,0,0,0,0,0,0,0,0,0,0,0,0,0,0,16.9,30.5,26.0,45.9,12.5,27.0,19.0,37.2,16.9,30.5,26.0,45.9,12.5,27.0,19.0,37.2,0.0,0.0,0.0,0.0,0.0,0.0,0.0,0.0,(CONTRACTS OF 100 TROY OUNCES),N20,GOLD,PRECIOUS METALS,NATURAL RESOURCES,Combined,17,23,86,47,75,17,23,86,47,75
230801088691C,GOLD - COMMODITY EXCHANGE INC.,2023-08-01T00:00:00.000,2023 Report Week 31,GOLD,088691,CMX ,NYC,088 ,GOLD,596100,21261,53179,90411,250580,42581,139967,40630,52301,104093,34137,97490,548104,570899,47996,25201,596100,21261,53179,90411,250580,42581,139967,40630,52301,104093,34137,97490,548104,570899,47996,25201,0,0,0,0,0,0,0,0,0,0,0,0,0,0,0,0,-63455,-2407,-11319,3818,677,-19631,-10151,6803,-9637,808,-5607,-22541,-59741,-61254,-3714,-2201,100.0,3.6,8.9,15.2,42.0,7.1,23.5,6.8,8.8,17.5,5.7,16.4,91.9,95.8,8.1,4.2,100.0,3.6,8.9,15.2,42.0,7.1,23.5,6.8,8.8,17.5,5.7,16.4,91.9,95.8,8.1,4.2,100.0,0.0,0.0,0.0,0.0,0.0,0.0,0.0,0.0,0.0,0.0,0.0,0.0,0.0,0.0,0.0,331,19,23,39,82,46,58,290,223,331,19,23,39,82,46,58,290,223,0,0,0,0,0,0,0,0,0,0,0,0,0,0,16.6,31.5,25.7,46.4,12.4,27.8,19.0,37.6,16.6,31.5,25.7,46.4,12.4,27.8,19.0,37.6,0.0,0.0,0.0,0.0,0.0,0.0,0.0,0.0,(CONTRACTS OF 100 TROY OUNCES),N20,GOLD,PRECIOUS METALS,NATURAL RESOURCES,Combined,17,23,85,44,73,17,23,85,44,73
230725088691C,GOLD - COMMODITY EXCHANGE INC.,2023-07-25T00:00:00.000,2023 Report Week 30,GOLD,088691,CMX ,NYC,088 ,GOLD,659555,23668,64498,86593,249904,62212,150118,33827,61938,103285,39743,120031,607845,632153,51710,27402,659555,23668,64498,86593,249904,62212,150118,33827,61938,103285,39743,120031,607845,632153,51710,27402,0,0,0,0,0,0,0,0,0,0,0,0,0,0,0,0,-16488,971,1219,2193,-14216,4796,-16632,2984,886,-2494,-1631,-6677,-16956,-12638,467,-3850,100.0,3.6,9.8,13.1,37.9,9.4,22.8,5.1,9.4,15.7,6.0,18.2,92.2,95.8,7.8,4.2,100.0,3.6,9.8,13.1,37.9,9.4,22.8,5.1,9.4,15.7,6.0,18.2,92.2,95.8,7.8,4.2,100.0,0.0,0.0,0.0,0.0,0.0,0.0,0.0,0.0,0.0,0.0,0.0,0.0,0.0,0.0,0.0,346,20,26,41,82,52,66,305,235,346,20,26,41,82,52,66,305,235,0,0,0,0,0,0,0,0,0,0,0,0,0,0,16.4,30.6,25.8,44.8,11.5,26.1,17.7,34.7,16.4,30.6,25.8,44.8,11.5,26.1,17.7,34.7,0.0,0.0,0.0,0.0,0.0,0.0,0.0,0.0,(CONTRACTS OF 100 TROY OUNCES),N20,GOLD,PRECIOUS METALS,NATURAL RESOURCES,Combined,18,21,102,34,74,18,21,102,34,74
230718088691C,GOLD - COMMODITY EXCHANGE INC.,2023-07-18T00:00:00.000,2023 Report Week 29,GOLD,088691,CMX ,NYC,088 ,GOLD,676043,22697,63279,84400,264120,57416,166750,30843,61051,105779,41374,126708,624801,644791,51243,31252,676043,22697,63279,84400,264120,57416,166750,30843,61051,105779,41374,126708,624801,644791,51243,31252,0,0,0,0,0,0,0,0,0,0,0,0,0,0,0,0,19647,2236,13449,-5177,13041,5604,26069,-9219,-4396,2383,5981,-6592,20127,17869,-481,1778,100.0,3.4,9.4,12.5,39.1,8.5,24.7,4.6,9.0,15.6,6.1,18.7,92.4,95.4,7.6,4.6,100.0,3.4,9.4,12.5,39.1,8.5,24.7,4.6,9.0,15.6,6.1,18.7,92.4,95.4,7.6,4.6,100.0,0.0,0.0,0.0,0.0,0.0,0.0,0.0,0.0,0.0,0.0,0.0,0.0,0.0,0.0,0.0,342,20,26,37,82,51,61,303,224,342,20,26,37,82,51,61,303,224,0,0,0,0,0,0,0,0,0,0,0,0,0,0,15.9,30.2,25.5,44.6,11.1,26.4,17.5,35.1,15.9,30.2,25.5,44.6,11.1,26.4,17.5,35.1,0.0,0.0,0.0,0.0,0.0,0.0,0.0,0.0,(CONTRACTS OF 100 TROY OUNCES),N20,GOLD,PRECIOUS METALS,NATURAL RESOURCES,Combined,19,20,106,30,73,19,20,106,30,73
230711088691C,GOLD - COMMODITY EXCHANGE INC.,2023-07-11T00:00:00.000,2023 Report Week 28,GOLD,088691,CMX ,NYC,088 ,GOLD,656397,20461,49830,89577,251079,51812,140681,40062,65447,103395,35393,133300,604673,626923,51723,29474,656397,20461,49830,89577,251079,51812,140681,40062,65447,103395,35393,133300,604673,626923,51723,29474,0,0,0,0,0,0,0,0,0,0,0,0,0,0,0,0,46723,-678,1231,-556,1373,4083,3182,1768,10898,2978,967,25368,45276,45689,1448,1035,100.0,3.1,7.6,13.6,38.3,7.9,21.4,6.1,10.0,15.8,5.4,20.3,92.1,95.5,7.9,4.5,100.0,3.1,7.6,13.6,38.3,7.9,21.4,6.1,10.0,15.8,5.4,20.3,92.1,95.5,7.9,4.5,100.0,0.0,0.0,0.0,0.0,0.0,0.0,0.0,0.0,0.0,0.0,0.0,0.0,0.0,0.0,0.0,334,18,24,36,81,46,58,298,215,334,18,24,36,81,46,58,298,215,0,0,0,0,0,0,0,0,0,0,0,0,0,0,15.8,28.7,25.3,43.4,11.4,25.8,18.0,35.0,15.8,28.7,25.3,43.4,11.4,25.8,18.0,35.0,0.0,0.0,0.0,0.0,0.0,0.0,0.0,0.0,(CONTRACTS OF 100 TROY OUNCES),N20,GOLD,PRECIOUS METALS,NATURAL RESOURCES,Combined,19,22,98,35,72,19,22,98,35,72
230703088691C,GOLD - COMMODITY EXCHANGE INC.,2023-07-03T00:00:00.000,2023 Report Week 27,GOLD,088691,CMX ,NYC,088 ,GOLD,609673,21140,48599,90133,249706,47729,137499,38294,54549,100417,34426,107931,559398,581234,50276,28440,609673,21140,48599,90133,249706,47729,137499,38294,54549,100417,34426,107931,559398,581234,50276,28440,0,0,0,0,0,0,0,0,0,0,0,0,0,0,0,0,18916,2555,3800,-4691,3500,-1043,15049,2316,878,284,1418,8594,21626,19463,-2710,-547,100.0,3.5,8.0,14.8,41.0,7.8,22.6,6.3,8.9,16.5,5.6,17.7,91.8,95.3,8.2,4.7,100.0,3.5,8.0,14.8,41.0,7.8,22.6,6.3,8.9,16.5,5.6,17.7,91.8,95.3,8.2,4.7,100.0,0.0,0.0,0.0,0.0,0.0,0.0,0.0,0.0,0.0,0.0,0.0,0.0,0.0,0.0,0.0,321,17,24,36,72,46,51,279,209,321,17,24,36,72,46,51,279,209,0,0,0,0,0,0,0,0,0,0,0,0,0,0,16.5,30.7,25.8,45.7,12.4,27.7,19.1,37.3,16.5,30.7,25.8,45.7,12.4,27.7,19.1,37.3,0.0,0.0,0.0,0.0,0.0,0.0,0.0,0.0,(CONTRACTS OF 100 TROY OUNCES),N20,GOLD,PRECIOUS METALS,NATURAL RESOURCES,Combined,18,22,89,42,68,18,22,89,42,68
230627088691C,GOLD - COMMODITY EXCHANGE INC.,2023-06-27T00:00:00.000,2023 Report Week 26,GOLD,088691,CMX ,NYC,088 ,GOLD,590757,18585,44799,94824,246206,48772,122450,35978,53671,100133,33008,99337,537772,561771,52985,28987,590757,18585,44799,94824,246206,48772,122450,35978,53671,100133,33008,99337,537772,561771,52985,28987,0,0,0,0,0,0,0,0,0,0,0,0,0,0,0,0,-30906,-3998,-5936,-350,-8031,-7947,-5556,2599,1892,-3653,-2274,-11976,-31587,-31671,681,765,100.0,3.1,7.6,16.1,41.7,8.3,20.7,6.1,9.1,16.9,5.6,16.8,91.0,95.1,9.0,4.9,100.0,3.1,7.6,16.1,41.7,8.3,20.7,6.1,9.1,16.9,5.6,16.8,91.0,95.1,9.0,4.9,100.0,0.0,0.0,0.0,0.0,0.0,0.0,0.0,0.0,0.0,0.0,0.0,0.0,0.0,0.0,0.0,322,16,24,38,78,42,55,285,216,322,16,24,38,78,42,55,285,216,0,0,0,0,0,0,0,0,0,0,0,0,0,0,16.9,31.8,26.4,47.1,13.0,28.9,20.0,38.8,16.9,31.8,26.4,47.1,13.0,28.9,20.0,38.8,0.0,0.0,0.0,0.0,0.0,0.0,0.0,0.0,(CONTRACTS OF 100 TROY OUNCES),N20,GOLD,PRECIOUS METALS,NATURAL RESOURCES,Combined,18,23,85,46,74,18,23,85,46,74
230620088691C,GOLD - COMMODITY EXCHANGE INC.,2023-06-20T00:00:00.000,2023 Report Week 25,GOLD,088691,CMX ,NYC,088 ,GOLD,621664,22583,50735,95175,254236,56719,128005,33379,51778,103786,35282,111313,569359,593442,52304,28222,621664,22583,50735,95175,254236,56719,128005,33379,51778,103786,35282,111313,569359,593442,52304,28222,0,0,0,0,0,0,0,0,0,0,0,0,0,0,0,0,3517,-1121,-1105,1806,1732,157,1078,-244,486,1449,554,970,4827,2550,-1310,967,100.0,3.6,8.2,15.3,40.9,9.1,20.6,5.4,8.3,16.7,5.7,17.9,91.6,95.5,8.4,4.5,100.0,3.6,8.2,15.3,40.9,9.1,20.6,5.4,8.3,16.7,5.7,17.9,91.6,95.5,8.4,4.5,100.0,0.0,0.0,0.0,0.0,0.0,0.0,0.0,0.0,0.0,0.0,0.0,0.0,0.0,0.0,0.0,350,22,24,38,88,48,59,305,230,350,22,24,38,88,48,59,305,230,0,0,0,0,0,0,0,0,0,0,0,0,0,0,17.1,31.9,27.1,47.9,12.4,28.6,19.1,38.0,17.1,31.9,27.1,47.9,12.4,28.6,19.1,38.0,0.0,0.0,0.0,0.0,0.0,0.0,0.0,0.0,(CONTRACTS OF 100 TROY OUNCES),N20,GOLD,PRECIOUS METALS,NATURAL RESOURCES,Combined,21,22,95,41,75,21,22,95,41,75
230613088691C,GOLD - COMMODITY EXCHANGE INC.,2023-06-13T00:00:00.000,2023 Report Week 24,GOLD,088691,CMX ,NYC,088 ,GOLD,618147,23704,51840,93368,252505,56561,126927,33623,51292,102337,34728,110343,564533,590892,53614,27255,618147,23704,51840,93368,252505,56561,126927,33623,51292,102337,34728,110343,564533,590892,53614,27255,0,0,0,0,0,0,0,0,0,0,0,0,0,0,0,0,-7098,573,-2576,2283,-8309,3066,-14359,6502,1497,-146,-3116,-1498,-8582,-4434,1484,-2664,100.0,3.8,8.4,15.1,40.8,9.2,20.5,5.4,8.3,16.6,5.6,17.9,91.3,95.6,8.7,4.4,100.0,3.8,8.4,15.1,40.8,9.2,20.5,5.4,8.3,16.6,5.6,17.9,91.3,95.6,8.7,4.4,100.0,0.0,0.0,0.0,0.0,0.0,0.0,0.0,0.0,0.0,0.0,0.0,0.0,0.0,0.0,0.0,338,21,23,38,81,44,61,298,228,338,21,23,38,81,44,61,298,228,0,0,0,0,0,0,0,0,0,0,0,0,0,0,17.3,32.2,27.2,48.3,12.4,28.8,19.2,38.2,17.3,32.2,27.2,48.3,12.4,28.8,19.2,38.2,0.0,0.0,0.0,0.0,0.0,0.0,0.0,0.0,(CONTRACTS OF 100 TROY OUNCES),N20,GOLD,PRECIOUS METALS,NATURAL RESOURCES,Combined,20,22,93,43,77,20,22,93,43,77
230606088691C,GOLD - COMMODITY EXCHANGE INC.,2023-06-06T00:00:00.000,2023 Report Week 23,GOLD,088691,CMX ,NYC,088 ,GOLD,625245,23131,54417,91085,260814,53495,141286,27121,49795,102483,37844,111841,573115,595326,52130,29919,625245,23131,54417,91085,260814,53495,141286,27121,49795,102483,37844,111841,573115,595326,52130,29919,0,0,0,0,0,0,0,0,0,0,0,0,0,0,0,0,-13881,913,-919,-1753,7408,-16454,-1218,-7530,897,2194,2421,-2015,-17436,-16191,3554,2309,100.0,3.7,8.7,14.6,41.7,8.6,22.6,4.3,8.0,16.4,6.1,17.9,91.7,95.2,8.3,4.8,100.0,3.7,8.7,14.6,41.7,8.6,22.6,4.3,8.0,16.4,6.1,17.9,91.7,95.2,8.3,4.8,100.0,0.0,0.0,0.0,0.0,0.0,0.0,0.0,0.0,0.0,0.0,0.0,0.0,0.0,0.0,0.0,336,22,24,38,77,51,57,294,221,336,22,24,38,77,51,57,294,221,0,0,0,0,0,0,0,0,0,0,0,0,0,0,17.1,32.5,27.2,47.9,12.4,29.1,19.1,38.2,17.1,32.5,27.2,47.9,12.4,29.1,19.1,38.2,0.0,0.0,0.0,0.0,0.0,0.0,0.0,0.0,(CONTRACTS OF 100 TROY OUNCES),N20,GOLD,PRECIOUS METALS,NATURAL RESOURCES,Combined,18,19,102,33,72,18,19,102,33,72
230530088691C,GOLD - COMMODITY EXCHANGE INC.,2023-05-30T00:00:00.000,2023 Report Week 22,GOLD,088691,CMX ,NYC,088 ,GOLD,639126,22218,55335,92838,253406,69948,142504,34651,48897,100289,35423,113855,590550,611517,48576,27610,639126,22218,55335,92838,253406,69948,142504,34651,48897,100289,35423,113855,590550,611517,48576,27610,0,0,0,0,0,0,0,0,0,0,0,0,0,0,0,0,-83363,-7797,-11001,-1774,-14118,-10368,-5661,3876,-11120,-2409,-1960,-37779,-76909,-82470,-6455,-894,100.0,3.5,8.7,14.5,39.6,10.9,22.3,5.4,7.7,15.7,5.5,17.8,92.4,95.7,7.6,4.3,100.0,3.5,8.7,14.5,39.6,10.9,22.3,5.4,7.7,15.7,5.5,17.8,92.4,95.7,7.6,4.3,100.0,0.0,0.0,0.0,0.0,0.0,0.0,0.0,0.0,0.0,0.0,0.0,0.0,0.0,0.0,0.0,339,23,27,38,80,42,58,295,225,339,23,27,38,80,42,58,295,225,0,0,0,0,0,0,0,0,0,0,0,0,0,0,17.0,31.9,26.9,47.4,12.3,28.3,18.5,37.0,17.0,31.9,26.9,47.4,12.3,28.3,18.5,37.0,0.0,0.0,0.0,0.0,0.0,0.0,0.0,0.0,(CONTRACTS OF 100 TROY OUNCES),N20,GOLD,PRECIOUS METALS,NATURAL RESOURCES,Combined,18,20,99,36,73,18,20,99,36,73
230523088691C,GOLD - COMMODITY EXCHANGE INC.,2023-05-23T00:00:00.000,2023 Report Week 21,GOLD,088691,CMX ,NYC,088 ,GOLD,722490,30015,66336,94612,267523,80317,148165,30775,60017,102698,37384,151635,667459,693986,55031,28503,722490,30015,66336,94612,267523,80317,148165,30775,60017,102698,37384,151635,667459,693986,55031,28503,0,0,0,0,0,0,0,0,0,0,0,0,0,0,0,0,-46701,268,-8589,-1821,-21290,7453,-14502,-102,-19750,-8522,-360,-4073,-40948,-46712,-5753,11,100.0,4.2,9.2,13.1,37.0,11.1,20.5,4.3,8.3,14.2,5.2,21.0,92.4,96.1,7.6,3.9,100.0,4.2,9.2,13.1,37.0,11.1,20.5,4.3,8.3,14.2,5.2,21.0,92.4,96.1,7.6,3.9,100.0,0.0,0.0,0.0,0.0,0.0,0.0,0.0,0.0,0.0,0.0,0.0,0.0,0.0,0.0,0.0,350,24,25,37,83,49,60,307,236,350,24,25,37,83,49,60,307,236,0,0,0,0,0,0,0,0,0,0,0,0,0,0,17.5,30.7,27.7,46.4,10.7,25.8,16.6,33.9,17.5,30.7,27.7,46.4,10.7,25.8,16.6,33.9,0.0,0.0,0.0,0.0,0.0,0.0,0.0,0.0,(CONTRACTS OF 100 TROY OUNCES),N20,GOLD,PRECIOUS METALS,NATURAL RESOURCES,Combined,18,20,110,31,83,18,20,110,31,83
230516088691C,GOLD - COMMODITY EXCHANGE INC.,2023-05-16T00:00:00.000,2023 Report Week 20,GOLD,088691,CMX ,NYC,088 ,GOLD,769191,29747,74925,96434,288813,72863,162666,30877,79767,111221,37744,155708,708407,740698,60784,28493,769191,29747,74925,96434,288813,72863,162666,30877,79767,111221,37744,155708,708407,740698,60784,28493,0,0,0,0,0,0,0,0,0,0,0,0,0,0,0,0,-24976,-1848,-5105,1057,-10109,3254,-10272,4564,-7872,-8808,-3373,-3368,-27856,-22008,2881,-2967,100.0,3.9,9.7,12.5,37.5,9.5,21.1,4.0,10.4,14.5,4.9,20.2,92.1,96.3,7.9,3.7,100.0,3.9,9.7,12.5,37.5,9.5,21.1,4.0,10.4,14.5,4.9,20.2,92.1,96.3,7.9,3.7,100.0,0.0,0.0,0.0,0.0,0.0,0.0,0.0,0.0,0.0,0.0,0.0,0.0,0.0,0.0,0.0,363,24,23,38,97,43,70,316,247,363,24,23,38,97,43,70,316,247,0,0,0,0,0,0,0,0,0,0,0,0,0,0,15.9,29.7,25.6,44.5,10.2,25.5,15.8,33.5,15.9,29.7,25.6,44.5,10.2,25.5,15.8,33.5,0.0,0.0,0.0,0.0,0.0,0.0,0.0,0.0,(CONTRACTS OF 100 TROY OUNCES),N20,GOLD,PRECIOUS METALS,NATURAL RESOURCES,Combined,18,22,110,34,79,18,22,110,34,79
230509088691C,GOLD - COMMODITY EXCHANGE INC.,2023-05-09T00:00:00.000,2023 Report Week 19,GOLD,088691,CMX ,NYC,088 ,GOLD,794166,31595,80030,95377,298922,69610,172938,26312,87640,120028,41117,159076,736263,762706,57903,31460,794166,31595,80030,95377,298922,69610,172938,26312,87640,120028,41117,159076,736263,762706,57903,31460,0,0,0,0,0,0,0,0,0,0,0,0,0,0,0,0,49964,660,2313,1094,4372,8855,905,2097,19651,2089,525,11997,45250,49809,4714,155,100.0,4.0,10.1,12.0,37.6,8.8,21.8,3.3,11.0,15.1,5.2,20.0,92.7,96.0,7.3,4.0,100.0,4.0,10.1,12.0,37.6,8.8,21.8,3.3,11.0,15.1,5.2,20.0,92.7,96.0,7.3,4.0,100.0,0.0,0.0,0.0,0.0,0.0,0.0,0.0,0.0,0.0,0.0,0.0,0.0,0.0,0.0,0.0,367,20,24,34,100,50,68,317,242,367,20,24,34,100,50,68,317,242,0,0,0,0,0,0,0,0,0,0,0,0,0,0,16.1,29.6,26.2,44.6,9.9,24.9,16.0,32.9,16.1,29.6,26.2,44.6,9.9,24.9,16.0,32.9,0.0,0.0,0.0,0.0,0.0,0.0,0.0,0.0,(CONTRACTS OF 100 TROY OUNCES),N20,GOLD,PRECIOUS METALS,NATURAL RESOURCES,Combined,16,21,113,30,78,16,21,113,30,78
230502088691C,GOLD - COMMODITY EXCHANGE INC.,2023-05-02T00:00:00.000,2023 Report Week 18,GOLD,088691,CMX ,NYC,088 ,GOLD,744202,30935,77717,94283,294550,60755,172032,24216,67989,117939,40592,147079,691013,712897,53189,31304,744202,30935,77717,94283,294550,60755,172032,24216,67989,117939,40592,147079,691013,712897,53189,31304,0,0,0,0,0,0,0,0,0,0,0,0,0,0,0,0,39998,1738,3897,-257,7826,3816,12571,-2071,5256,2730,2033,17379,43232,38134,-3234,1863,100.0,4.2,10.4,12.7,39.6,8.2,23.1,3.3,9.1,15.8,5.5,19.8,92.9,95.8,7.1,4.2,100.0,4.2,10.4,12.7,39.6,8.2,23.1,3.3,9.1,15.8,5.5,19.8,92.9,95.8,7.1,4.2,100.0,0.0,0.0,0.0,0.0,0.0,0.0,0.0,0.0,0.0,0.0,0.0,0.0,0.0,0.0,0.0,363,21,23,35,94,54,70,322,234,363,21,23,35,94,54,70,322,234,0,0,0,0,0,0,0,0,0,0,0,0,0,0,16.2,30.5,25.9,45.7,10.4,26.2,16.8,34.8,16.2,30.5,25.9,45.7,10.4,26.2,16.8,34.8,0.0,0.0,0.0,0.0,0.0,0.0,0.0,0.0,(CONTRACTS OF 100 TROY OUNCES),N20,GOLD,PRECIOUS METALS,NATURAL RESOURCES,Combined,17,21,115,26,75,17,21,115,26,75
230502088695C,MICRO GOLD - COMMODITY EXCHANGE INC.,2023-05-02T00:00:00.000,2023 Report Week 18,MICRO GOLD,088695,CMX ,NYC,088 ,GOLD,24422,0,398,0,0,0,318,353,0,6598,3983,3420,10336,8154,14086,16268,24422,0,398,0,0,0,318,353,0,6598,3983,3420,10336,8154,14086,16268,0,0,0,0,0,0,0,0,0,0,0,0,0,0,0,0,642,0,45,0,0,0,23,353,0,1359,-792,315,1697,-79,-1055,721,100.0,0.0,1.6,0.0,0.0,0.0,1.3,1.4,0.0,27.0,16.3,14.0,42.3,33.4,57.7,66.6,100.0,0.0,1.6,0.0,0.0,0.0,1.3,1.4,0.0,27.0,16.3,14.0,42.3,33.4,57.7,66.6,100.0,0.0,0.0,0.0,0.0,0.0,0.0,0.0,0.0,0.0,0.0,0.0,0.0,0.0,0.0,0.0,21,,0,0,10,8,6,13,14,21,,0,0,10,8,6,13,14,0,0,0,0,0,0,0,0,0,0,0,0,0,0,27.4,19.2,37.1,28.4,18.6,12.9,25.7,17.5,27.4,19.2,37.1,28.4,18.6,12.9,25.7,17.5,0.0,0.0,0.0,0.0,0.0,0.0,0.0,0.0,(CONTRACTS OF 10 TROY OUNCES),N20,GOLD,PRECIOUS METALS,NATURAL RESOURCES,Combined,0,0,,,0,0,0,,,0
230425088691C,GOLD - COMMODITY EXCHANGE INC.,2023-04-25T00:00:00.000,2023 Report Week 17,GOLD,088691,CMX ,NYC,088 ,GOLD,704204,29197,73821,94541,286724,56939,159461,26287,62733,115209,38559,129700,647781,674763,56424,29441,704204,29197,73821,94541,286724,56939,159461,26287,62733,115209,38559,129700,647781,674763,56424,29441,0,0,0,0,0,0,0,0,0,0,0,0,0,0,0,0,-44494,-1021,-2459,779,-2711,-10036,-4601,-3523,-4137,-5170,-921,-19876,-44061,-43661,-433,-833,100.0,4.1,10.5,13.4,40.7,8.1,22.6,3.7,8.9,16.4,5.5,18.4,92.0,95.8,8.0,4.2,100.0,4.1,10.5,13.4,40.7,8.1,22.6,3.7,8.9,16.4,5.5,18.4,92.0,95.8,8.0,4.2,100.0,0.0,0.0,0.0,0.0,0.0,0.0,0.0,0.0,0.0,0.0,0.0,0.0,0.0,0.0,0.0,341,19,23,32,93,47,62,295,221,341,19,23,32,93,47,62,295,221,0,0,0,0,0,0,0,0,0,0,0,0,0,0,16.2,31.1,26.0,46.7,10.5,27.1,17.1,36.3,16.2,31.1,26.0,46.7,10.5,27.1,17.1,36.3,0.0,0.0,0.0,0.0,0.0,0.0,0.0,0.0,(CONTRACTS OF 100 TROY OUNCES),N20,GOLD,PRECIOUS METALS,NATURAL RESOURCES,Combined,16,20,105,25,69,16,20,105,25,69
230425088695C,MICRO GOLD - COMMODITY EXCHANGE INC.,2023-04-25T00:00:00.000,2023 Report Week 17,MICRO GOLD,088695,CMX ,NYC,088 ,GOLD,23780,0,353,0,0,0,295,0,0,5239,4775,3105,8639,8233,15141,15547,23780,0,353,0,0,0,295,0,0,5239,4775,3105,8639,8233,15141,15547,0,0,0,0,0,0,0,0,0,0,0,0,0,0,0,0,,,,,,,,,,,,,,,,,100.0,0.0,1.5,0.0,0.0,0.0,1.2,0.0,0.0,22.0,20.1,13.1,36.3,34.6,63.7,65.4,100.0,0.0,1.5,0.0,0.0,0.0,1.2,0.0,0.0,22.0,20.1,13.1,36.3,34.6,63.7,65.4,100.0,0.0,0.0,0.0,0.0,0.0,0.0,0.0,0.0,0.0,0.0,0.0,0.0,0.0,0.0,0.0,20,,0,0,9,8,7,14,13,20,,0,0,9,8,7,14,13,0,0,0,0,0,0,0,0,0,0,0,0,0,0,18.8,22.9,28.1,29.7,15.8,16.3,21.7,20.7,18.8,22.9,28.1,29.7,15.8,16.3,21.7,20.7,0.0,0.0,0.0,0.0,0.0,0.0,0.0,0.0,(CONTRACTS OF 10 TROY OUNCES),N20,GOLD,PRECIOUS METALS,NATURAL RESOURCES,Combined,0,0,,0,0,0,0,,0,0
230418088691C,GOLD - COMMODITY EXCHANGE INC.,2023-04-18T00:00:00.000,2023 Report Week 16,GOLD,088691,CMX ,NYC,088 ,GOLD,748698,30218,76279,93761,289435,66974,164063,29810,66870,120379,39480,149576,691841,718424,56857,30274,748698,30218,76279,93761,289435,66974,164063,29810,66870,120379,39480,149576,691841,718424,56857,30274,0,0,0,0,0,0,0,0,0,0,0,0,0,0,0,0,12391,1268,552,1247,3688,2601,2203,5514,-2463,-1554,-3609,7232,10535,13517,1856,-1125,100.0,4.0,10.2,12.5,38.7,8.9,21.9,4.0,8.9,16.1,5.3,20.0,92.4,96.0,7.6,4.0,100.0,4.0,10.2,12.5,38.7,8.9,21.9,4.0,8.9,16.1,5.3,20.0,92.4,96.0,7.6,4.0,100.0,0.0,0.0,0.0,0.0,0.0,0.0,0.0,0.0,0.0,0.0,0.0,0.0,0.0,0.0,0.0,350,21,22,34,92,50,65,305,228,350,21,22,34,92,50,65,305,228,0,0,0,0,0,0,0,0,0,0,0,0,0,0,16.4,30.9,26.2,46.2,10.0,25.7,16.1,34.3,16.4,30.9,26.2,46.2,10.0,25.7,16.1,34.3,0.0,0.0,0.0,0.0,0.0,0.0,0.0,0.0,(CONTRACTS OF 100 TROY OUNCES),N20,GOLD,PRECIOUS METALS,NATURAL RESOURCES,Combined,18,21,102,33,71,18,21,102,33,71
230411088691C,GOLD - COMMODITY EXCHANGE INC.,2023-04-11T00:00:00.000,2023 Report Week 15,GOLD,088691,CMX ,NYC,088 ,GOLD,736307,28950,75727,92514,285747,64373,161859,24296,69333,121933,43089,142343,681306,704908,55001,31400,736307,28950,75727,92514,285747,64373,161859,24296,69333,121933,43089,142343,681306,704908,55001,31400,0,0,0,0,0,0,0,0,0,0,0,0,0,0,0,0,-11805,-178,-650,2658,1106,-2930,-10109,-2687,716,1183,-2605,-3554,-12214,-10604,409,-1201,100.0,3.9,10.3,12.6,38.8,8.7,22.0,3.3,9.4,16.6,5.9,19.3,92.5,95.7,7.5,4.3,100.0,3.9,10.3,12.6,38.8,8.7,22.0,3.3,9.4,16.6,5.9,19.3,92.5,95.7,7.5,4.3,100.0,0.0,0.0,0.0,0.0,0.0,0.0,0.0,0.0,0.0,0.0,0.0,0.0,0.0,0.0,0.0,357,20,24,35,92,52,65,313,230,357,20,24,35,92,52,65,313,230,0,0,0,0,0,0,0,0,0,0,0,0,0,0,16.5,30.4,26.0,45.7,10.4,25.4,16.7,34.3,16.5,30.4,26.0,45.7,10.4,25.4,16.7,34.3,0.0,0.0,0.0,0.0,0.0,0.0,0.0,0.0,(CONTRACTS OF 100 TROY OUNCES),N20,GOLD,PRECIOUS METALS,NATURAL RESOURCES,Combined,18,21,110,28,74,18,21,110,28,74
230404088691C,GOLD - COMMODITY EXCHANGE INC.,2023-04-04T00:00:00.000,2023 Report Week 14,GOLD,088691,CMX ,NYC,088 ,GOLD,748112,29128,76377,89856,284641,67303,171969,26983,68617,120751,45694,145898,693520,715511,54592,32601,748112,29128,76377,89856,284641,67303,171969,26983,68617,120751,45694,145898,693520,715511,54592,32601,0,0,0,0,0,0,0,0,0,0,0,0,0,0,0,0,36373,1832,-3905,-979,27500,-8067,11997,-2674,-2792,11445,6106,20426,33862,36593,2511,-220,100.0,3.9,10.2,12.0,38.0,9.0,23.0,3.6,9.2,16.1,6.1,19.5,92.7,95.6,7.3,4.4,100.0,3.9,10.2,12.0,38.0,9.0,23.0,3.6,9.2,16.1,6.1,19.5,92.7,95.6,7.3,4.4,100.0,0.0,0.0,0.0,0.0,0.0,0.0,0.0,0.0,0.0,0.0,0.0,0.0,0.0,0.0,0.0,363,22,24,34,90,58,61,312,229,363,22,24,34,90,58,61,312,229,0,0,0,0,0,0,0,0,0,0,0,0,0,0,16.7,29.0,26.3,44.3,10.5,24.0,16.5,32.6,16.7,29.0,26.3,44.3,10.5,24.0,16.5,32.6,0.0,0.0,0.0,0.0,0.0,0.0,0.0,0.0,(CONTRACTS OF 100 TROY OUNCES),N20,GOLD,PRECIOUS METALS,NATURAL RESOURCES,Combined,19,21,113,25,71,19,21,113,25,71
230328088691C,GOLD - COMMODITY EXCHANGE INC.,2023-03-28T00:00:00.000,2023 Report Week 13,GOLD,088691,CMX ,NYC,088 ,GOLD,711739,27295,80282,90835,257141,75370,159971,29657,71409,109306,39587,125472,659658,678918,52081,32821,711739,27295,80282,90835,257141,75370,159971,29657,71409,109306,39587,125472,659658,678918,52081,32821,0,0,0,0,0,0,0,0,0,0,0,0,0,0,0,0,-7192,-868,2408,-1775,15378,5025,13654,-9706,-7247,1885,-405,-16440,-5766,-10988,-1426,3796,100.0,3.8,11.3,12.8,36.1,10.6,22.5,4.2,10.0,15.4,5.6,17.6,92.7,95.4,7.3,4.6,100.0,3.8,11.3,12.8,36.1,10.6,22.5,4.2,10.0,15.4,5.6,17.6,92.7,95.4,7.3,4.6,100.0,0.0,0.0,0.0,0.0,0.0,0.0,0.0,0.0,0.0,0.0,0.0,0.0,0.0,0.0,0.0,332,21,22,35,80,49,59,296,212,332,21,22,35,80,49,59,296,212,0,0,0,0,0,0,0,0,0,0,0,0,0,0,16.5,29.3,26.0,44.5,11.6,23.9,18.1,32.9,16.5,29.3,26.0,44.5,11.6,23.9,18.1,32.9,0.0,0.0,0.0,0.0,0.0,0.0,0.0,0.0,(CONTRACTS OF 100 TROY OUNCES),N20,GOLD,PRECIOUS METALS,NATURAL RESOURCES,Combined,18,19,108,24,69,18,19,108,24,69
230321088691C,GOLD - COMMODITY EXCHANGE INC.,2023-03-21T00:00:00.000,2023 Report Week 12,GOLD,088691,CMX ,NYC,088 ,GOLD,718931,28163,77874,92610,241763,70345,146318,39363,78656,107421,39992,141912,665424,689906,53506,29025,718931,28163,77874,92610,241763,70345,146318,39363,78656,107421,39992,141912,665424,689906,53506,29025,0,0,0,0,0,0,0,0,0,0,0,0,0,0,0,0,42340,4758,11179,-4655,19105,7626,5472,-16121,7112,1133,2898,14766,36212,46565,6128,-4225,100.0,3.9,10.8,12.9,33.6,9.8,20.4,5.5,10.9,14.9,5.6,19.7,92.6,96.0,7.4,4.0,100.0,3.9,10.8,12.9,33.6,9.8,20.4,5.5,10.9,14.9,5.6,19.7,92.6,96.0,7.4,4.0,100.0,0.0,0.0,0.0,0.0,0.0,0.0,0.0,0.0,0.0,0.0,0.0,0.0,0.0,0.0,0.0,338,20,23,38,79,53,68,306,227,338,20,23,38,79,53,68,306,227,0,0,0,0,0,0,0,0,0,0,0,0,0,0,16.5,27.2,26.4,42.5,11.0,22.2,17.5,30.9,16.5,27.2,26.4,42.5,11.0,22.2,17.5,30.9,0.0,0.0,0.0,0.0,0.0,0.0,0.0,0.0,(CONTRACTS OF 100 TROY OUNCES),N20,GOLD,PRECIOUS METALS,NATURAL RESOURCES,Combined,17,21,107,27,75,17,21,107,27,75
230321088695C,MICRO GOLD - COMMODITY EXCHANGE INC.,2023-03-21T00:00:00.000,2023 Report Week 12,MICRO GOLD,088695,CMX ,NYC,088 ,GOLD,25449,0,285,0,0,0,285,324,0,7502,7667,2823,10610,11099,14839,14350,25449,0,285,0,0,0,285,324,0,7502,7667,2823,10610,11099,14839,14350,0,0,0,0,0,0,0,0,0,0,0,0,0,0,0,0,,,,,,,,,,,,,,,,,100.0,0.0,1.1,0.0,0.0,0.0,1.1,1.3,0.0,29.5,30.1,11.1,41.7,43.6,58.3,56.4,100.0,0.0,1.1,0.0,0.0,0.0,1.1,1.3,0.0,29.5,30.1,11.1,41.7,43.6,58.3,56.4,100.0,0.0,0.0,0.0,0.0,0.0,0.0,0.0,0.0,0.0,0.0,0.0,0.0,0.0,0.0,0.0,26,,0,0,12,10,7,15,18,26,,0,0,12,10,7,15,18,0,0,0,0,0,0,0,0,0,0,0,0,0,0,25.8,23.2,34.5,32.1,18.5,21.4,26.1,28.1,25.8,23.2,34.5,32.1,18.5,21.4,26.1,28.1,0.0,0.0,0.0,0.0,0.0,0.0,0.0,0.0,(CONTRACTS OF 10 TROY OUNCES),N20,GOLD,PRECIOUS METALS,NATURAL RESOURCES,Combined,0,0,,,0,0,0,,,0
230314088691C,GOLD - COMMODITY EXCHANGE INC.,2023-03-14T00:00:00.000,2023 Report Week 11,GOLD,088691,CMX ,NYC,088 ,GOLD,676591,23405,66696,97265,222658,62719,140846,55484,71544,106288,37095,127146,629212,643341,47379,33250,676591,23405,66696,97265,222658,62719,140846,55484,71544,106288,37095,127146,629212,643341,47379,33250,0,0,0,0,0,0,0,0,0,0,0,0,0,0,0,0,61346,3208,14208,1906,39682,3671,26334,-34921,7816,1330,6162,18577,62842,55194,-1496,6151,100.0,3.5,9.9,14.4,32.9,9.3,20.8,8.2,10.6,15.7,5.5,18.8,93.0,95.1,7.0,4.9,100.0,3.5,9.9,14.4,32.9,9.3,20.8,8.2,10.6,15.7,5.5,18.8,93.0,95.1,7.0,4.9,100.0,0.0,0.0,0.0,0.0,0.0,0.0,0.0,0.0,0.0,0.0,0.0,0.0,0.0,0.0,0.0,342,18,26,37,82,54,66,299,225,342,18,26,37,82,54,66,299,225,0,0,0,0,0,0,0,0,0,0,0,0,0,0,16.6,26.6,26.2,43.1,11.6,22.3,18.3,32.8,16.6,26.6,26.2,43.1,11.6,22.3,18.3,32.8,0.0,0.0,0.0,0.0,0.0,0.0,0.0,0.0,(CONTRACTS OF 100 TROY OUNCES),N20,GOLD,PRECIOUS METALS,NATURAL RESOURCES,Combined,19,19,101,31,66,19,19,101,31,66
230307088691C,GOLD - COMMODITY EXCHANGE INC.,2023-03-07T00:00:00.000,2023 Report Week 10,GOLD,088691,CMX ,NYC,088 ,GOLD,615245,20197,52487,95359,182976,59048,114511,90405,63728,104958,30933,108569,566370,588147,48875,27099,615245,20197,52487,95359,182976,59048,114511,90405,63728,104958,30933,108569,566370,588147,48875,27099,0,0,0,0,0,0,0,0,0,0,0,0,0,0,0,0,39862,-363,-1013,1878,-10038,6598,1215,17017,6140,1130,239,20900,37498,39844,2363,18,100.0,3.3,8.5,15.5,29.7,9.6,18.6,14.7,10.4,17.1,5.0,17.6,92.1,95.6,7.9,4.4,100.0,3.3,8.5,15.5,29.7,9.6,18.6,14.7,10.4,17.1,5.0,17.6,92.1,95.6,7.9,4.4,100.0,0.0,0.0,0.0,0.0,0.0,0.0,0.0,0.0,0.0,0.0,0.0,0.0,0.0,0.0,0.0,325,17,20,36,85,39,60,277,224,325,17,20,36,85,39,60,277,224,0,0,0,0,0,0,0,0,0,0,0,0,0,0,15.0,26.7,24.2,42.1,12.2,22.3,19.4,33.5,15.0,26.7,24.2,42.1,12.2,22.3,19.4,33.5,0.0,0.0,0.0,0.0,0.0,0.0,0.0,0.0,(CONTRACTS OF 100 TROY OUNCES),N20,GOLD,PRECIOUS METALS,NATURAL RESOURCES,Combined,15,24,81,50,70,15,24,81,50,70
230228088691C,GOLD - COMMODITY EXCHANGE INC.,2023-02-28T00:00:00.000,2023 Report Week 09,GOLD,088691,CMX ,NYC,088 ,GOLD,575384,20560,53500,93481,193015,52449,113296,73388,57588,103828,30693,87669,528872,548303,46512,27081,575384,20560,53500,93481,193015,52449,113296,73388,57588,103828,30693,87669,528872,548303,46512,27081,0,0,0,0,0,0,0,0,0,0,0,0,0,0,0,0,-24253,475,-8,3592,-8469,-3725,-5882,6667,-1639,694,-3098,-15274,-21760,-25546,-2493,1293,100.0,3.6,9.3,16.2,33.5,9.1,19.7,12.8,10.0,18.0,5.3,15.2,91.9,95.3,8.1,4.7,100.0,3.6,9.3,16.2,33.5,9.1,19.7,12.8,10.0,18.0,5.3,15.2,91.9,95.3,8.1,4.7,100.0,0.0,0.0,0.0,0.0,0.0,0.0,0.0,0.0,0.0,0.0,0.0,0.0,0.0,0.0,0.0,304,17,21,34,77,35,53,269,200,304,17,21,34,77,35,53,269,200,0,0,0,0,0,0,0,0,0,0,0,0,0,0,15.7,28.9,25.5,45.7,12.7,24.3,20.3,36.8,15.7,28.9,25.5,45.7,12.7,24.3,20.3,36.8,0.0,0.0,0.0,0.0,0.0,0.0,0.0,0.0,(CONTRACTS OF 100 TROY OUNCES),N20,GOLD,PRECIOUS METALS,NATURAL RESOURCES,Combined,14,23,85,38,68,14,23,85,38,68
230221088691C,GOLD - COMMODITY EXCHANGE INC.,2023-02-21T00:00:00.000,2023 Report Week 08,GOLD,088691,CMX ,NYC,088 ,GOLD,599637,20085,53508,89889,201483,56175,119178,66721,59227,103134,33791,102944,550632,573849,49005,25787,599637,20085,53508,89889,201483,56175,119178,66721,59227,103134,33791,102944,550632,573849,49005,25787,0,0,0,0,0,0,0,0,0,0,0,0,0,0,0,0,-5939,-1612,-2380,-259,-3987,2548,-2858,2038,2684,316,-1154,-5414,-4596,-5667,-1343,-272,100.0,3.3,8.9,15.0,33.6,9.4,19.9,11.1,9.9,17.2,5.6,17.2,91.8,95.7,8.2,4.3,100.0,3.3,8.9,15.0,33.6,9.4,19.9,11.1,9.9,17.2,5.6,17.2,91.8,95.7,8.2,4.3,100.0,0.0,0.0,0.0,0.0,0.0,0.0,0.0,0.0,0.0,0.0,0.0,0.0,0.0,0.0,0.0,323,21,24,35,82,36,59,288,213,323,21,24,35,82,36,59,288,213,0,0,0,0,0,0,0,0,0,0,0,0,0,0,16.6,27.9,26.3,45.3,11.7,23.3,19.0,35.7,16.6,27.9,26.3,45.3,11.7,23.3,19.0,35.7,0.0,0.0,0.0,0.0,0.0,0.0,0.0,0.0,(CONTRACTS OF 100 TROY OUNCES),N20,GOLD,PRECIOUS METALS,NATURAL RESOURCES,Combined,15,20,101,34,72,15,20,101,34,72
230214088691C,GOLD - COMMODITY EXCHANGE INC.,2023-02-14T00:00:00.000,2023 Report Week 07,GOLD,088691,CMX ,NYC,088 ,GOLD,605576,21696,55888,90148,205471,53627,122037,64684,56543,102818,34945,108358,555227,579516,50348,26059,605576,21696,55888,90148,205471,53627,122037,64684,56543,102818,34945,108358,555227,579516,50348,26059,0,0,0,0,0,0,0,0,0,0,0,0,0,0,0,0,-15033,-3632,-5262,2014,-19537,3112,-11317,10169,-1305,-3046,-1724,1552,-12622,-12995,-2411,-2038,100.0,3.6,9.2,14.9,33.9,8.9,20.2,10.7,9.3,17.0,5.8,17.9,91.7,95.7,8.3,4.3,100.0,3.6,9.2,14.9,33.9,8.9,20.2,10.7,9.3,17.0,5.8,17.9,91.7,95.7,8.3,4.3,100.0,0.0,0.0,0.0,0.0,0.0,0.0,0.0,0.0,0.0,0.0,0.0,0.0,0.0,0.0,0.0,329,20,24,35,89,36,65,295,215,329,20,24,35,89,36,65,295,215,0,0,0,0,0,0,0,0,0,0,0,0,0,0,17.1,27.7,26.5,45.4,11.6,22.8,18.7,35.3,17.1,27.7,26.5,45.4,11.6,22.8,18.7,35.3,0.0,0.0,0.0,0.0,0.0,0.0,0.0,0.0,(CONTRACTS OF 100 TROY OUNCES),N20,GOLD,PRECIOUS METALS,NATURAL RESOURCES,Combined,14,20,96,37,70,14,20,96,37,70
230207088691C,GOLD - COMMODITY EXCHANGE INC.,2023-02-07T00:00:00.000,2023 Report Week 06,GOLD,088691,CMX ,NYC,088 ,GOLD,620608,25328,61150,88134,225007,50515,133354,54515,57848,105864,36669,106806,567849,592511,52759,28097,620608,25328,61150,88134,225007,50515,133354,54515,57848,105864,36669,106806,567849,592511,52759,28097,0,0,0,0,0,0,0,0,0,0,0,0,0,0,0,0,-41334,-1498,-8424,4480,-25670,-2895,-28318,4383,-4348,-11072,-2273,-1105,-44756,-40333,3422,-1000,100.0,4.1,9.9,14.2,36.3,8.1,21.5,8.8,9.3,17.1,5.9,17.2,91.5,95.5,8.5,4.5,100.0,4.1,9.9,14.2,36.3,8.1,21.5,8.8,9.3,17.1,5.9,17.2,91.5,95.5,8.5,4.5,100.0,0.0,0.0,0.0,0.0,0.0,0.0,0.0,0.0,0.0,0.0,0.0,0.0,0.0,0.0,0.0,324,20,24,37,78,44,65,293,212,324,20,24,37,78,44,65,293,212,0,0,0,0,0,0,0,0,0,0,0,0,0,0,16.9,27.8,26.2,45.3,11.6,22.8,18.7,35.5,16.9,27.8,26.2,45.3,11.6,22.8,18.7,35.5,0.0,0.0,0.0,0.0,0.0,0.0,0.0,0.0,(CONTRACTS OF 100 TROY OUNCES),N20,GOLD,PRECIOUS METALS,NATURAL RESOURCES,Combined,15,21,102,26,68,15,21,102,26,68
230131088691C,GOLD - COMMODITY EXCHANGE INC.,2023-01-31T00:00:00.000,2023 Report Week 05,GOLD,088691,CMX ,NYC,088 ,GOLD,661942,26826,69574,83654,250678,53411,161672,50132,62197,116936,38942,107911,612605,632844,49336,29098,661942,26826,69574,83654,250678,53411,161672,50132,62197,116936,38942,107911,612605,632844,49336,29098,0,0,0,0,0,0,0,0,0,0,0,0,0,0,0,0,-71526,-1689,-3001,-1798,3269,-22136,4309,-600,-16852,-1842,-2605,-27457,-67466,-69382,-4061,-2144,100.0,4.1,10.5,12.6,37.9,8.1,24.4,7.6,9.4,17.7,5.9,16.3,92.5,95.6,7.5,4.4,100.0,4.1,10.5,12.6,37.9,8.1,24.4,7.6,9.4,17.7,5.9,16.3,92.5,95.6,7.5,4.4,100.0,0.0,0.0,0.0,0.0,0.0,0.0,0.0,0.0,0.0,0.0,0.0,0.0,0.0,0.0,0.0,333,24,29,36,84,41,63,295,210,333,24,29,36,84,41,63,295,210,0,0,0,0,0,0,0,0,0,0,0,0,0,0,18.2,27.1,26.7,44.5,12.1,22.0,19.3,34.6,18.2,27.1,26.7,44.5,12.1,22.0,19.3,34.6,0.0,0.0,0.0,0.0,0.0,0.0,0.0,0.0,(CONTRACTS OF 100 TROY OUNCES),N20,GOLD,PRECIOUS METALS,NATURAL RESOURCES,Combined,17,16,104,27,60,17,16,104,27,60
230124088691C,GOLD - COMMODITY EXCHANGE INC.,2023-01-24T00:00:00.000,2023 Report Week 04,GOLD,088691,CMX ,NYC,088 ,GOLD,733468,28515,72575,85452,247408,75546,157363,50732,79049,118778,41547,135368,680071,702226,53397,31242,733468,28515,72575,85452,247408,75546,157363,50732,79049,118778,41547,135368,680071,702226,53397,31242,0,0,0,0,0,0,0,0,0,0,0,0,0,0,0,0,27800,811,-2028,556,10465,9715,11776,-1497,-5746,-1150,5056,12014,27975,27979,-175,-178,100.0,3.9,9.9,11.7,33.7,10.3,21.5,6.9,10.8,16.2,5.7,18.5,92.7,95.7,7.3,4.3,100.0,3.9,9.9,11.7,33.7,10.3,21.5,6.9,10.8,16.2,5.7,18.5,92.7,95.7,7.3,4.3,100.0,0.0,0.0,0.0,0.0,0.0,0.0,0.0,0.0,0.0,0.0,0.0,0.0,0.0,0.0,0.0,341,21,30,36,88,52,70,304,221,341,21,30,36,88,52,70,304,221,0,0,0,0,0,0,0,0,0,0,0,0,0,0,17.3,25.1,26.0,42.2,11.2,20.0,17.5,31.4,17.3,25.1,26.0,42.2,11.2,20.0,17.5,31.4,0.0,0.0,0.0,0.0,0.0,0.0,0.0,0.0,(CONTRACTS OF 100 TROY OUNCES),N20,GOLD,PRECIOUS METALS,NATURAL RESOURCES,Combined,17,15,104,24,65,17,15,104,24,65
230124088695C,MICRO GOLD - COMMODITY EXCHANGE INC.,2023-01-24T00:00:00.000,2023 Report Week 04,MICRO GOLD,088695,CMX ,NYC,088 ,GOLD,31036,0,0,0,0,0,1328,0,0,10823,4275,6956,19107,11231,11929,19805,31036,0,0,0,0,0,1328,0,0,10823,4275,6956,19107,11231,11929,19805,0,0,0,0,0,0,0,0,0,0,0,0,0,0,0,0,,,,,,,,,,,,,,,,,100.0,0.0,0.0,0.0,0.0,0.0,4.3,0.0,0.0,34.9,13.8,22.4,61.6,36.2,38.4,63.8,100.0,0.0,0.0,0.0,0.0,0.0,4.3,0.0,0.0,34.9,13.8,22.4,61.6,36.2,38.4,63.8,100.0,0.0,0.0,0.0,0.0,0.0,0.0,0.0,0.0,0.0,0.0,0.0,0.0,0.0,0.0,0.0,21,0,0,0,12,7,8,15,14,21,0,0,0,12,7,8,15,14,0,0,0,0,0,0,0,0,0,0,0,0,0,0,38.6,21.3,52.4,29.8,30.0,11.9,36.5,13.8,38.6,21.3,52.4,29.8,30.0,11.9,36.5,13.8,0.0,0.0,0.0,0.0,0.0,0.0,0.0,0.0,(CONTRACTS OF 10 TROY OUNCES),N20,GOLD,PRECIOUS METALS,NATURAL RESOURCES,Combined,0,0,,0,0,0,0,,0,0
230117088691C,GOLD - COMMODITY EXCHANGE INC.,2023-01-17T00:00:00.000,2023 Report Week 03,GOLD,088691,CMX ,NYC,088 ,GOLD,705668,27704,74603,84897,236943,65831,145586,52229,84795,119928,36492,123354,652095,674247,53572,31420,705668,27704,74603,84897,236943,65831,145586,52229,84795,119928,36492,123354,652095,674247,53572,31420,0,0,0,0,0,0,0,0,0,0,0,0,0,0,0,0,41654,6888,2259,800,10329,13401,8943,-1839,9664,-4873,1724,4211,39034,39747,2620,1907,100.0,3.9,10.6,12.0,33.6,9.3,20.6,7.4,12.0,17.0,5.2,17.5,92.4,95.5,7.6,4.5,100.0,3.9,10.6,12.0,33.6,9.3,20.6,7.4,12.0,17.0,5.2,17.5,92.4,95.5,7.6,4.5,100.0,0.0,0.0,0.0,0.0,0.0,0.0,0.0,0.0,0.0,0.0,0.0,0.0,0.0,0.0,0.0,335,22,28,38,88,40,65,296,214,335,22,28,38,88,40,65,296,214,0,0,0,0,0,0,0,0,0,0,0,0,0,0,17.0,25.6,26.8,42.8,12.2,19.9,18.6,32.0,17.0,25.6,26.8,42.8,12.2,19.9,18.6,32.0,0.0,0.0,0.0,0.0,0.0,0.0,0.0,0.0,(CONTRACTS OF 100 TROY OUNCES),N20,GOLD,PRECIOUS METALS,NATURAL RESOURCES,Combined,16,18,102,26,61,16,18,102,26,61
230110088691C,GOLD - COMMODITY EXCHANGE INC.,2023-01-10T00:00:00.000,2023 Report Week 02,GOLD,088691,CMX ,NYC,088 ,GOLD,664014,20816,72344,84097,226614,52431,136643,54069,75131,124801,34768,119143,613062,634500,50952,29513,664014,20816,72344,84097,226614,52431,136643,54069,75131,124801,34768,119143,613062,634500,50952,29513,0,0,0,0,0,0,0,0,0,0,0,0,0,0,0,0,57151,1118,6759,-3461,6826,7874,9283,-487,7854,3984,1182,26283,52936,56292,4214,859,100.0,3.1,10.9,12.7,34.1,7.9,20.6,8.1,11.3,18.8,5.2,17.9,92.3,95.6,7.7,4.4,100.0,3.1,10.9,12.7,34.1,7.9,20.6,8.1,11.3,18.8,5.2,17.9,92.3,95.6,7.7,4.4,100.0,0.0,0.0,0.0,0.0,0.0,0.0,0.0,0.0,0.0,0.0,0.0,0.0,0.0,0.0,0.0,330,19,25,35,89,39,61,289,211,330,19,25,35,89,39,61,289,211,0,0,0,0,0,0,0,0,0,0,0,0,0,0,17.1,26.6,27.3,43.1,14.0,21.0,20.4,33.9,17.1,26.6,27.3,43.1,14.0,21.0,20.4,33.9,0.0,0.0,0.0,0.0,0.0,0.0,0.0,0.0,(CONTRACTS OF 100 TROY OUNCES),N20,GOLD,PRECIOUS METALS,NATURAL RESOURCES,Combined,13,17,107,28,64,13,17,107,28,64
230103088691C,GOLD - COMMODITY EXCHANGE INC.,2023-01-03T00:00:00.000,2023 Report Week 01,GOLD,088691,CMX ,NYC,088 ,GOLD,606863,19698,65585,87558,219789,44557,127360,54555,67277,120816,33586,92860,560126,578209,46738,28655,606863,19698,65585,87558,219789,44557,127360,54555,67277,120816,33586,92860,560126,578209,46738,28655,0,0,0,0,0,0,0,0,0,0,0,0,0,0,0,0,27229,958,2592,-1567,5056,2182,4023,-1450,4485,-634,-2057,14190,23638,24998,3591,2231,100.0,3.2,10.8,14.4,36.2,7.3,21.0,9.0,11.1,19.9,5.5,15.3,92.3,95.3,7.7,4.7,100.0,3.2,10.8,14.4,36.2,7.3,21.0,9.0,11.1,19.9,5.5,15.3,92.3,95.3,7.7,4.7,100.0,0.0,0.0,0.0,0.0,0.0,0.0,0.0,0.0,0.0,0.0,0.0,0.0,0.0,0.0,0.0,315,18,22,33,87,31,62,275,202,315,18,22,33,87,31,62,275,202,0,0,0,0,0,0,0,0,0,0,0,0,0,0,17.7,28.4,28.3,45.1,14.9,22.9,22.4,36.9,17.7,28.4,28.3,45.1,14.9,22.9,22.4,36.9,0.0,0.0,0.0,0.0,0.0,0.0,0.0,0.0,(CONTRACTS OF 100 TROY OUNCES),N20,GOLD,PRECIOUS METALS,NATURAL RESOURCES,Combined,14,19,96,32,58,14,19,96,32,58
221227088691C,GOLD - COMMODITY EXCHANGE INC.,2022-12-27T00:00:00.000,2022 Report Week 52,GOLD,088691,CMX ,NYC,088 ,GOLD,579634,18739,62993,89125,214733,42375,123337,56005,62792,121450,35643,78669,536487,553210,43146,26424,579634,18739,62993,89125,214733,42375,123337,56005,62792,121450,35643,78669,536487,553210,43146,26424,0,0,0,0,0,0,0,0,0,0,0,0,0,0,0,0,-27151,-634,3119,-319,9907,-10776,-684,-9563,468,3456,1654,-18214,-26703,-23406,-448,-3745,100.0,3.2,10.9,15.4,37.0,7.3,21.3,9.7,10.8,21.0,6.1,13.6,92.6,95.4,7.4,4.6,100.0,3.2,10.9,15.4,37.0,7.3,21.3,9.7,10.8,21.0,6.1,13.6,92.6,95.4,7.4,4.6,100.0,0.0,0.0,0.0,0.0,0.0,0.0,0.0,0.0,0.0,0.0,0.0,0.0,0.0,0.0,0.0,304,17,24,31,80,34,55,265,189,304,17,24,31,80,34,55,265,189,0,0,0,0,0,0,0,0,0,0,0,0,0,0,18.0,28.7,28.6,45.8,15.6,23.3,23.5,37.7,18.0,28.7,28.6,45.8,15.6,23.3,23.5,37.7,0.0,0.0,0.0,0.0,0.0,0.0,0.0,0.0,(CONTRACTS OF 100 TROY OUNCES),N20,GOLD,PRECIOUS METALS,NATURAL RESOURCES,Combined,13,20,91,31,56,13,20,91,31,56
221220088691C,GOLD - COMMODITY EXCHANGE INC.,2022-12-20T00:00:00.000,2022 Report Week 51,GOLD,088691,CMX ,NYC,088 ,GOLD,606785,19373,59875,89444,204825,53151,124021,65569,62324,117994,33989,96884,563190,576616,43594,30169,606785,19373,59875,89444,204825,53151,124021,65569,62324,117994,33989,96884,563190,576616,43594,30169,0,0,0,0,0,0,0,0,0,0,0,0,0,0,0,0,222,1290,296,-2064,1690,-1621,1369,-530,1037,-523,-668,-396,-909,-192,1131,414,100.0,3.2,9.9,14.7,33.8,8.8,20.4,10.8,10.3,19.4,5.6,16.0,92.8,95.0,7.2,5.0,100.0,3.2,9.9,14.7,33.8,8.8,20.4,10.8,10.3,19.4,5.6,16.0,92.8,95.0,7.2,5.0,100.0,0.0,0.0,0.0,0.0,0.0,0.0,0.0,0.0,0.0,0.0,0.0,0.0,0.0,0.0,0.0,304,17,24,32,78,34,53,264,191,304,17,24,32,78,34,53,264,191,0,0,0,0,0,0,0,0,0,0,0,0,0,0,18.0,28.0,28.9,45.4,14.9,21.8,22.5,35.6,18.0,28.0,28.9,45.4,14.9,21.8,22.5,35.6,0.0,0.0,0.0,0.0,0.0,0.0,0.0,0.0,(CONTRACTS OF 100 TROY OUNCES),N20,GOLD,PRECIOUS METALS,NATURAL RESOURCES,Combined,14,20,89,35,57,14,20,89,35,57
221213088691C,GOLD - COMMODITY EXCHANGE INC.,2022-12-13T00:00:00.000,2022 Report Week 50,GOLD,088691,CMX ,NYC,088 ,GOLD,606562,18083,59579,91509,203135,54771,122652,66098,61287,118517,34657,97280,564100,576808,42463,29754,606562,18083,59579,91509,203135,54771,122652,66098,61287,118517,34657,97280,564100,576808,42463,29754,0,0,0,0,0,0,0,0,0,0,0,0,0,0,0,0,40338,3419,2861,122,13606,4625,14456,-4480,2043,2228,5539,13395,40287,37590,51,2748,100.0,3.0,9.8,15.1,33.5,9.0,20.2,10.9,10.1,19.5,5.7,16.0,93.0,95.1,7.0,4.9,100.0,3.0,9.8,15.1,33.5,9.0,20.2,10.9,10.1,19.5,5.7,16.0,93.0,95.1,7.0,4.9,100.0,0.0,0.0,0.0,0.0,0.0,0.0,0.0,0.0,0.0,0.0,0.0,0.0,0.0,0.0,0.0,315,16,23,30,83,36,60,268,202,315,16,23,30,83,36,60,268,202,0,0,0,0,0,0,0,0,0,0,0,0,0,0,18.0,27.7,29.2,44.7,15.0,21.4,22.6,34.8,18.0,27.7,29.2,44.7,15.0,21.4,22.6,34.8,0.0,0.0,0.0,0.0,0.0,0.0,0.0,0.0,(CONTRACTS OF 100 TROY OUNCES),N20,GOLD,PRECIOUS METALS,NATURAL RESOURCES,Combined,11,19,94,36,58,11,19,94,36,58
221206088691C,GOLD - COMMODITY EXCHANGE INC.,2022-12-06T00:00:00.000,2022 Report Week 49,GOLD,088691,CMX ,NYC,088 ,GOLD,566225,14665,56718,91387,189529,50147,108196,70578,59244,116290,29118,83885,523812,539218,42412,27007,566225,14665,56718,91387,189529,50147,108196,70578,59244,116290,29118,83885,523812,539218,42412,27007,0,0,0,0,0,0,0,0,0,0,0,0,0,0,0,0,6701,96,2067,-6106,3143,-5599,6100,-3509,2885,-2650,1612,7679,2405,8279,4296,-1578,100.0,2.6,10.0,16.1,33.5,8.9,19.1,12.5,10.5,20.5,5.1,14.8,92.5,95.2,7.5,4.8,100.0,2.6,10.0,16.1,33.5,8.9,19.1,12.5,10.5,20.5,5.1,14.8,92.5,95.2,7.5,4.8,100.0,0.0,0.0,0.0,0.0,0.0,0.0,0.0,0.0,0.0,0.0,0.0,0.0,0.0,0.0,0.0,304,19,21,30,77,39,62,261,204,304,19,21,30,77,39,62,261,204,0,0,0,0,0,0,0,0,0,0,0,0,0,0,18.1,28.9,29.7,46.6,15.5,22.8,23.8,37.4,18.1,28.9,29.7,46.6,15.5,22.8,23.8,37.4,0.0,0.0,0.0,0.0,0.0,0.0,0.0,0.0,(CONTRACTS OF 100 TROY OUNCES),N20,GOLD,PRECIOUS METALS,NATURAL RESOURCES,Combined,15,18,82,41,58,15,18,82,41,58
221129088691C,GOLD - COMMODITY EXCHANGE INC.,2022-11-29T00:00:00.000,2022 Report Week 48,GOLD,088691,CMX ,NYC,088 ,GOLD,559524,14569,54651,97493,186385,55746,102096,74087,56359,118940,27505,76206,521408,530939,38116,28585,559524,14569,54651,97493,186385,55746,102096,74087,56359,118940,27505,76206,521408,530939,38116,28585,0,0,0,0,0,0,0,0,0,0,0,0,0,0,0,0,-11317,-1629,-5163,1612,-4767,1709,-2852,1058,-4452,-1433,-309,1299,-5746,-10625,-5571,-692,100.0,2.6,9.8,17.4,33.3,10.0,18.2,13.2,10.1,21.3,4.9,13.6,93.2,94.9,6.8,5.1,100.0,2.6,9.8,17.4,33.3,10.0,18.2,13.2,10.1,21.3,4.9,13.6,93.2,94.9,6.8,5.1,100.0,0.0,0.0,0.0,0.0,0.0,0.0,0.0,0.0,0.0,0.0,0.0,0.0,0.0,0.0,0.0,291,15,23,31,78,33,56,251,190,291,15,23,31,78,33,56,251,190,0,0,0,0,0,0,0,0,0,0,0,0,0,0,17.8,28.8,29.7,46.2,15.7,22.1,24.0,36.8,17.8,28.8,29.7,46.2,15.7,22.1,24.0,36.8,0.0,0.0,0.0,0.0,0.0,0.0,0.0,0.0,(CONTRACTS OF 100 TROY OUNCES),N20,GOLD,PRECIOUS METALS,NATURAL RESOURCES,Combined,10,20,72,45,56,10,20,72,45,56
221122088691C,GOLD - COMMODITY EXCHANGE INC.,2022-11-22T00:00:00.000,2022 Report Week 47,GOLD,088691,CMX ,NYC,088 ,GOLD,570841,16198,59813,95880,191153,54037,104948,73029,60811,120374,27815,74906,527154,541564,43687,29277,570841,16198,59813,95880,191153,54037,104948,73029,60811,120374,27815,74906,527154,541564,43687,29277,0,0,0,0,0,0,0,0,0,0,0,0,0,0,0,0,-113284,-6937,-5902,4259,-5020,-20620,-6507,2300,-35619,-8604,-2860,-40724,-114753,-108445,1469,-4839,100.0,2.8,10.5,16.8,33.5,9.5,18.4,12.8,10.7,21.1,4.9,13.1,92.3,94.9,7.7,5.1,100.0,2.8,10.5,16.8,33.5,9.5,18.4,12.8,10.7,21.1,4.9,13.1,92.3,94.9,7.7,5.1,100.0,0.0,0.0,0.0,0.0,0.0,0.0,0.0,0.0,0.0,0.0,0.0,0.0,0.0,0.0,0.0,299,19,22,34,83,34,61,264,196,299,19,22,34,83,34,61,264,196,0,0,0,0,0,0,0,0,0,0,0,0,0,0,17.5,26.8,28.7,44.3,15.4,21.1,23.3,36.1,17.5,26.8,28.7,44.3,15.4,21.1,23.3,36.1,0.0,0.0,0.0,0.0,0.0,0.0,0.0,0.0,(CONTRACTS OF 100 TROY OUNCES),N20,GOLD,PRECIOUS METALS,NATURAL RESOURCES,Combined,13,20,78,37,56,13,20,78,37,56
221115088691C,GOLD - COMMODITY EXCHANGE INC.,2022-11-15T00:00:00.000,2022 Report Week 46,GOLD,088691,CMX ,NYC,088 ,GOLD,684124,23135,65715,91622,196173,74657,111455,70729,96430,128978,30675,115630,641907,650009,42218,34116,684124,23135,65715,91622,196173,74657,111455,70729,96430,128978,30675,115630,641907,650009,42218,34116,0,0,0,0,0,0,0,0,0,0,0,0,0,0,0,0,38786,-1133,20897,-3287,27801,20859,14259,-34686,6154,-1058,-6200,3948,39742,38773,-956,13,100.0,3.4,9.6,13.4,28.7,10.9,16.3,10.3,14.1,18.9,4.5,16.9,93.8,95.0,6.2,5.0,100.0,3.4,9.6,13.4,28.7,10.9,16.3,10.3,14.1,18.9,4.5,16.9,93.8,95.0,6.2,5.0,100.0,0.0,0.0,0.0,0.0,0.0,0.0,0.0,0.0,0.0,0.0,0.0,0.0,0.0,0.0,0.0,343,25,24,35,94,43,77,302,234,343,25,24,35,94,43,77,302,234,0,0,0,0,0,0,0,0,0,0,0,0,0,0,16.5,22.7,28.1,41.0,13.3,17.0,19.7,29.5,16.5,22.7,28.1,41.0,13.3,17.0,19.7,29.5,0.0,0.0,0.0,0.0,0.0,0.0,0.0,0.0,(CONTRACTS OF 100 TROY OUNCES),N20,GOLD,PRECIOUS METALS,NATURAL RESOURCES,Combined,20,20,86,41,67,20,20,86,41,67
221115088695C,MICRO GOLD - COMMODITY EXCHANGE INC.,2022-11-15T00:00:00.000,2022 Report Week 46,MICRO GOLD,088695,CMX ,NYC,088 ,GOLD,28826,0,0,0,0,0,0,910,1,14438,11128,3761,18200,15800,10626,13026,28826,0,0,0,0,0,0,910,1,14438,11128,3761,18200,15800,10626,13026,0,0,0,0,0,0,0,0,0,0,0,0,0,0,0,0,,,,,,,,,,,,,,,,,100.0,0.0,0.0,0.0,0.0,0.0,0.0,3.2,0.0,50.1,38.6,13.0,63.1,54.8,36.9,45.2,100.0,0.0,0.0,0.0,0.0,0.0,0.0,3.2,0.0,50.1,38.6,13.0,63.1,54.8,36.9,45.2,100.0,0.0,0.0,0.0,0.0,0.0,0.0,0.0,0.0,0.0,0.0,0.0,0.0,0.0,0.0,0.0,22,0,0,0,9,10,8,13,18,22,0,0,0,9,10,8,13,18,0,0,0,0,0,0,0,0,0,0,0,0,0,0,51.5,36.6,59.6,45.3,44.6,34.5,49.3,38.6,51.5,36.6,59.6,45.3,44.6,34.5,49.3,38.6,0.0,0.0,0.0,0.0,0.0,0.0,0.0,0.0,(CONTRACTS OF 10 TROY OUNCES),N20,GOLD,PRECIOUS METALS,NATURAL RESOURCES,Combined,0,0,0,,,0,0,0,,
221108088691C,GOLD - COMMODITY EXCHANGE INC.,2022-11-08T00:00:00.000,2022 Report Week 45,GOLD,088691,CMX ,NYC,088 ,GOLD,645338,24268,44818,94908,168372,53798,97196,105415,90276,130036,36875,111682,602165,611236,43173,34103,645338,24268,44818,94908,168372,53798,97196,105415,90276,130036,36875,111682,602165,611236,43173,34103,0,0,0,0,0,0,0,0,0,0,0,0,0,0,0,0,46041,-220,12066,-3346,9738,4583,14693,-15966,15423,1101,4448,13493,45728,43785,314,2256,100.0,3.8,6.9,14.7,26.1,8.3,15.1,16.3,14.0,20.1,5.7,17.3,93.3,94.7,6.7,5.3,100.0,3.8,6.9,14.7,26.1,8.3,15.1,16.3,14.0,20.1,5.7,17.3,93.3,94.7,6.7,5.3,100.0,0.0,0.0,0.0,0.0,0.0,0.0,0.0,0.0,0.0,0.0,0.0,0.0,0.0,0.0,0.0,365,22,23,33,102,51,82,312,249,365,22,23,33,102,51,82,312,249,0,0,0,0,0,0,0,0,0,0,0,0,0,0,16.5,22.0,26.5,38.0,13.7,16.4,20.5,27.7,16.5,22.0,26.5,38.0,13.7,16.4,20.5,27.7,0.0,0.0,0.0,0.0,0.0,0.0,0.0,0.0,(CONTRACTS OF 100 TROY OUNCES),N20,GOLD,PRECIOUS METALS,NATURAL RESOURCES,Combined,19,20,80,55,68,19,20,80,55,68
221101088691C,GOLD - COMMODITY EXCHANGE INC.,2022-11-01T00:00:00.000,2022 Report Week 44,GOLD,088691,CMX ,NYC,088 ,GOLD,599297,24488,32752,98254,158634,49216,82503,121381,74853,128935,32427,98189,556437,567450,42860,31847,599297,24488,32752,98254,158634,49216,82503,121381,74853,128935,32427,98189,556437,567450,42860,31847,0,0,0,0,0,0,0,0,0,0,0,0,0,0,0,0,-7664,-2460,-3109,2816,-372,-1948,3856,9599,5238,2936,-1096,-16418,-5981,-8106,-1683,442,100.0,4.1,5.5,16.4,26.5,8.2,13.8,20.3,12.5,21.5,5.4,16.4,92.8,94.7,7.2,5.3,100.0,4.1,5.5,16.4,26.5,8.2,13.8,20.3,12.5,21.5,5.4,16.4,92.8,94.7,7.2,5.3,100.0,0.0,0.0,0.0,0.0,0.0,0.0,0.0,0.0,0.0,0.0,0.0,0.0,0.0,0.0,0.0,349,17,19,32,102,41,73,297,237,349,17,19,32,102,41,73,297,237,0,0,0,0,0,0,0,0,0,0,0,0,0,0,16.6,23.5,27.1,38.4,14.0,17.1,21.1,28.4,16.6,23.5,27.1,38.4,14.0,17.1,21.1,28.4,0.0,0.0,0.0,0.0,0.0,0.0,0.0,0.0,(CONTRACTS OF 100 TROY OUNCES),N20,GOLD,PRECIOUS METALS,NATURAL RESOURCES,Combined,21,23,69,64,68,21,23,69,64,68
221025088691C,GOLD - COMMODITY EXCHANGE INC.,2022-10-25T00:00:00.000,2022 Report Week 43,GOLD,088691,CMX ,NYC,088 ,GOLD,606961,26948,35861,95438,159006,51164,78647,111781,69615,125999,33523,114606,562418,575556,44543,31405,606961,26948,35861,95438,159006,51164,78647,111781,69615,125999,33523,114606,562418,575556,44543,31405,0,0,0,0,0,0,0,0,0,0,0,0,0,0,0,0,24612,4226,-1653,2423,-2571,3532,-1854,10648,3323,1842,-657,10792,24284,23414,329,1199,100.0,4.4,5.9,15.7,26.2,8.4,13.0,18.4,11.5,20.8,5.5,18.9,92.7,94.8,7.3,5.2,100.0,4.4,5.9,15.7,26.2,8.4,13.0,18.4,11.5,20.8,5.5,18.9,92.7,94.8,7.3,5.2,100.0,0.0,0.0,0.0,0.0,0.0,0.0,0.0,0.0,0.0,0.0,0.0,0.0,0.0,0.0,0.0,356,21,19,34,101,49,81,305,252,356,21,19,34,101,49,81,305,252,0,0,0,0,0,0,0,0,0,0,0,0,0,0,17.1,22.3,27.9,38.3,13.6,16.1,20.4,27.5,17.1,22.3,27.9,38.3,13.6,16.1,20.4,27.5,0.0,0.0,0.0,0.0,0.0,0.0,0.0,0.0,(CONTRACTS OF 100 TROY OUNCES),N20,GOLD,PRECIOUS METALS,NATURAL RESOURCES,Combined,21,25,68,62,72,21,25,68,62,72
221018088691C,GOLD - COMMODITY EXCHANGE INC.,2022-10-18T00:00:00.000,2022 Report Week 42,GOLD,088691,CMX ,NYC,088 ,GOLD,582348,22723,37514,93015,161577,47632,80501,101134,66292,124158,34180,103814,538135,552143,44214,30206,582348,22723,37514,93015,161577,47632,80501,101134,66292,124158,34180,103814,538135,552143,44214,30206,0,0,0,0,0,0,0,0,0,0,0,0,0,0,0,0,7928,2990,-6122,1161,-7733,2184,-6175,15748,-1471,-876,-774,7904,5716,9736,2211,-1808,100.0,3.9,6.4,16.0,27.7,8.2,13.8,17.4,11.4,21.3,5.9,17.8,92.4,94.8,7.6,5.2,100.0,3.9,6.4,16.0,27.7,8.2,13.8,17.4,11.4,21.3,5.9,17.8,92.4,94.8,7.6,5.2,100.0,0.0,0.0,0.0,0.0,0.0,0.0,0.0,0.0,0.0,0.0,0.0,0.0,0.0,0.0,0.0,357,21,19,34,101,48,79,301,254,357,21,19,34,101,48,79,301,254,0,0,0,0,0,0,0,0,0,0,0,0,0,0,17.4,22.6,28.9,38.9,14.1,17.0,21.4,28.1,17.4,22.6,28.9,38.9,14.1,17.0,21.4,28.1,0.0,0.0,0.0,0.0,0.0,0.0,0.0,0.0,(CONTRACTS OF 100 TROY OUNCES),N20,GOLD,PRECIOUS METALS,NATURAL RESOURCES,Combined,19,23,70,67,72,19,23,70,67,72
221011088691C,GOLD - COMMODITY EXCHANGE INC.,2022-10-11T00:00:00.000,2022 Report Week 41,GOLD,088691,CMX ,NYC,088 ,GOLD,574421,19733,43636,91854,169310,45448,86676,85386,67764,125034,34954,95910,532418,542407,42003,32014,574421,19733,43636,91854,169310,45448,86676,85386,67764,125034,34954,95910,532418,542407,42003,32014,0,0,0,0,0,0,0,0,0,0,0,0,0,0,0,0,-14043,-646,443,-2423,-511,-466,-8504,-4853,-1169,179,-4421,-1554,-14583,-12531,541,-1512,100.0,3.4,7.6,16.0,29.5,7.9,15.1,14.9,11.8,21.8,6.1,16.7,92.7,94.4,7.3,5.6,100.0,3.4,7.6,16.0,29.5,7.9,15.1,14.9,11.8,21.8,6.1,16.7,92.7,94.4,7.3,5.6,100.0,0.0,0.0,0.0,0.0,0.0,0.0,0.0,0.0,0.0,0.0,0.0,0.0,0.0,0.0,0.0,355,20,20,36,102,46,78,308,247,355,20,20,36,102,46,78,308,247,0,0,0,0,0,0,0,0,0,0,0,0,0,0,17.3,22.2,28.7,38.7,14.4,17.4,22.0,28.6,17.3,22.2,28.7,38.7,14.4,17.4,22.0,28.6,0.0,0.0,0.0,0.0,0.0,0.0,0.0,0.0,(CONTRACTS OF 100 TROY OUNCES),N20,GOLD,PRECIOUS METALS,NATURAL RESOURCES,Combined,18,22,77,59,74,18,22,77,59,74
221004088691C,GOLD - COMMODITY EXCHANGE INC.,2022-10-04T00:00:00.000,2022 Report Week 40,GOLD,088691,CMX ,NYC,088 ,GOLD,588463,20379,43193,94277,169821,45914,95180,90239,68933,124855,39376,97463,547002,554938,41462,33525,588463,20379,43193,94277,169821,45914,95180,90239,68933,124855,39376,97463,547002,554938,41462,33525,0,0,0,0,0,0,0,0,0,0,0,0,0,0,0,0,3595,-1263,8688,-4785,26623,-13056,16640,-29601,2249,505,2298,6732,7023,3933,-3427,-338,100.0,3.5,7.3,16.0,28.9,7.8,16.2,15.3,11.7,21.2,6.7,16.6,93.0,94.3,7.0,5.7,100.0,3.5,7.3,16.0,28.9,7.8,16.2,15.3,11.7,21.2,6.7,16.6,93.0,94.3,7.0,5.7,100.0,0.0,0.0,0.0,0.0,0.0,0.0,0.0,0.0,0.0,0.0,0.0,0.0,0.0,0.0,0.0,351,20,20,35,90,50,73,303,243,351,20,20,35,90,50,73,303,243,0,0,0,0,0,0,0,0,0,0,0,0,0,0,17.9,20.4,29.3,36.8,14.8,16.6,22.2,27.5,17.9,20.4,29.3,36.8,14.8,16.6,22.2,27.5,0.0,0.0,0.0,0.0,0.0,0.0,0.0,0.0,(CONTRACTS OF 100 TROY OUNCES),N20,GOLD,PRECIOUS METALS,NATURAL RESOURCES,Combined,18,21,79,64,75,18,21,79,64,75
220927088691C,GOLD - COMMODITY EXCHANGE INC.,2022-09-27T00:00:00.000,2022 Report Week 39,GOLD,088691,CMX ,NYC,088 ,GOLD,584868,21642,34504,99062,143198,58970,78540,119840,66684,124350,37077,90732,539979,551005,44889,33863,584868,21642,34504,99062,143198,58970,78540,119840,66684,124350,37077,90732,539979,551005,44889,33863,0,0,0,0,0,0,0,0,0,0,0,0,0,0,0,0,-33912,-2702,-7826,2449,-7603,-9912,-6347,1986,-360,-6442,38,-9238,-32552,-32914,-1360,-998,100.0,3.7,5.9,16.9,24.5,10.1,13.4,20.5,11.4,21.3,6.3,15.5,92.3,94.2,7.7,5.8,100.0,3.7,5.9,16.9,24.5,10.1,13.4,20.5,11.4,21.3,6.3,15.5,92.3,94.2,7.7,5.8,100.0,0.0,0.0,0.0,0.0,0.0,0.0,0.0,0.0,0.0,0.0,0.0,0.0,0.0,0.0,0.0,356,22,20,35,96,45,74,299,252,356,22,20,35,96,45,74,299,252,0,0,0,0,0,0,0,0,0,0,0,0,0,0,17.2,19.3,28.3,33.4,13.8,14.9,20.7,25.0,17.2,19.3,28.3,33.4,13.8,14.9,20.7,25.0,0.0,0.0,0.0,0.0,0.0,0.0,0.0,0.0,(CONTRACTS OF 100 TROY OUNCES),N20,GOLD,PRECIOUS METALS,NATURAL RESOURCES,Combined,21,23,69,72,74,21,23,69,72,74
220927088695C,MICRO GOLD - COMMODITY EXCHANGE INC.,2022-09-27T00:00:00.000,2022 Report Week 39,MICRO GOLD,088695,CMX ,NYC,088 ,GOLD,36658,0,0,0,0,0,0,0,0,14270,11089,6795,21065,17884,15593,18774,36658,0,0,0,0,0,0,0,0,14270,11089,6795,21065,17884,15593,18774,0,0,0,0,0,0,0,0,0,0,0,0,0,0,0,0,,,,,,,,,,,,,,,,,100.0,0.0,0.0,0.0,0.0,0.0,0.0,0.0,0.0,38.9,30.2,18.5,57.5,48.8,42.5,51.2,100.0,0.0,0.0,0.0,0.0,0.0,0.0,0.0,0.0,38.9,30.2,18.5,57.5,48.8,42.5,51.2,100.0,0.0,0.0,0.0,0.0,0.0,0.0,0.0,0.0,0.0,0.0,0.0,0.0,0.0,0.0,0.0,20,0,0,0,9,11,9,13,16,20,0,0,0,9,11,9,13,16,0,0,0,0,0,0,0,0,0,0,0,0,0,0,38.0,35.4,51.9,44.0,33.6,24.7,38.9,28.7,38.0,35.4,51.9,44.0,33.6,24.7,38.9,28.7,0.0,0.0,0.0,0.0,0.0,0.0,0.0,0.0,(CONTRACTS OF 10 TROY OUNCES),N20,GOLD,PRECIOUS METALS,NATURAL RESOURCES,Combined,0,0,0,0,0,0,0,0,0,0
220920088691C,GOLD - COMMODITY EXCHANGE INC.,2022-09-20T00:00:00.000,2022 Report Week 38,GOLD,088691,CMX ,NYC,088 ,GOLD,618780,24344,42330,96613,150801,68882,84887,117853,67044,130792,37039,99969,572531,583919,46249,34861,618780,24344,42330,96613,150801,68882,84887,117853,67044,130792,37039,99969,572531,583919,46249,34861,0,0,0,0,0,0,0,0,0,0,0,0,0,0,0,0,25362,4513,-5097,6691,-21070,11394,-5717,17118,2692,-6305,4623,11334,24603,20994,760,4368,100.0,3.9,6.8,15.6,24.4,11.1,13.7,19.0,10.8,21.1,6.0,16.2,92.5,94.4,7.5,5.6,100.0,3.9,6.8,15.6,24.4,11.1,13.7,19.0,10.8,21.1,6.0,16.2,92.5,94.4,7.5,5.6,100.0,0.0,0.0,0.0,0.0,0.0,0.0,0.0,0.0,0.0,0.0,0.0,0.0,0.0,0.0,0.0,366,21,20,37,95,55,75,308,261,366,21,20,37,95,55,75,308,261,0,0,0,0,0,0,0,0,0,0,0,0,0,0,16.4,19.1,28.2,33.0,13.2,15.0,20.2,24.8,16.4,19.1,28.2,33.0,13.2,15.0,20.2,24.8,0.0,0.0,0.0,0.0,0.0,0.0,0.0,0.0,(CONTRACTS OF 100 TROY OUNCES),N20,GOLD,PRECIOUS METALS,NATURAL RESOURCES,Combined,21,22,68,77,78,21,22,68,77,78
220913088691C,GOLD - COMMODITY EXCHANGE INC.,2022-09-13T00:00:00.000,2022 Report Week 37,GOLD,088691,CMX ,NYC,088 ,GOLD,593418,19831,47427,89922,171871,57487,90604,100736,64351,137097,32416,88635,547928,562925,45490,30493,593418,19831,47427,89922,171871,57487,90604,100736,64351,137097,32416,88635,547928,562925,45490,30493,0,0,0,0,0,0,0,0,0,0,0,0,0,0,0,0,-1365,-3388,-2225,535,-4059,1260,-5667,5682,1580,353,-3974,2083,-3245,347,1880,-1712,100.0,3.3,8.0,15.2,29.0,9.7,15.3,17.0,10.8,23.1,5.5,14.9,92.3,94.9,7.7,5.1,100.0,3.3,8.0,15.2,29.0,9.7,15.3,17.0,10.8,23.1,5.5,14.9,92.3,94.9,7.7,5.1,100.0,0.0,0.0,0.0,0.0,0.0,0.0,0.0,0.0,0.0,0.0,0.0,0.0,0.0,0.0,0.0,345,22,23,34,95,43,69,287,242,345,22,23,34,95,43,69,287,242,0,0,0,0,0,0,0,0,0,0,0,0,0,0,16.9,20.4,29.5,34.4,14.1,16.9,21.7,27.7,16.9,20.4,29.5,34.4,14.1,16.9,21.7,27.7,0.0,0.0,0.0,0.0,0.0,0.0,0.0,0.0,(CONTRACTS OF 100 TROY OUNCES),N20,GOLD,PRECIOUS METALS,NATURAL RESOURCES,Combined,18,18,67,71,68,18,18,67,71,68
220906088691C,GOLD - COMMODITY EXCHANGE INC.,2022-09-06T00:00:00.000,2022 Report Week 36,GOLD,088691,CMX ,NYC,088 ,GOLD,594783,23219,49653,89388,175930,56227,96271,95054,62771,136744,36390,86553,551173,562578,43610,32205,594783,23219,49653,89388,175930,56227,96271,95054,62771,136744,36390,86553,551173,562578,43610,32205,0,0,0,0,0,0,0,0,0,0,0,0,0,0,0,0,13396,1294,-4035,2064,-10359,4789,-6654,12856,9224,104,-2925,2022,12844,11571,553,1826,100.0,3.9,8.3,15.0,29.6,9.5,16.2,16.0,10.6,23.0,6.1,14.6,92.7,94.6,7.3,5.4,100.0,3.9,8.3,15.0,29.6,9.5,16.2,16.0,10.6,23.0,6.1,14.6,92.7,94.6,7.3,5.4,100.0,0.0,0.0,0.0,0.0,0.0,0.0,0.0,0.0,0.0,0.0,0.0,0.0,0.0,0.0,0.0,346,21,25,33,95,44,62,285,234,346,21,25,33,95,44,62,285,234,0,0,0,0,0,0,0,0,0,0,0,0,0,0,17.0,20.8,29.3,34.2,14.0,16.9,21.7,27.9,17.0,20.8,29.3,34.2,14.0,16.9,21.7,27.9,0.0,0.0,0.0,0.0,0.0,0.0,0.0,0.0,(CONTRACTS OF 100 TROY OUNCES),N20,GOLD,PRECIOUS METALS,NATURAL RESOURCES,Combined,19,17,75,64,64,19,17,75,64,64
220830088691C,GOLD - COMMODITY EXCHANGE INC.,2022-08-30T00:00:00.000,2022 Report Week 35,GOLD,088691,CMX ,NYC,088 ,GOLD,581386,21925,53688,87323,186289,51438,102925,82199,53547,136640,39315,84531,538329,551007,43057,30379,581386,21925,53688,87323,186289,51438,102925,82199,53547,136640,39315,84531,538329,551007,43057,30379,0,0,0,0,0,0,0,0,0,0,0,0,0,0,0,0,-17546,-615,-2989,1755,-5296,-7125,-4032,5567,-1562,1409,1362,-7862,-18032,-17905,487,360,100.0,3.8,9.2,15.0,32.0,8.8,17.7,14.1,9.2,23.5,6.8,14.5,92.6,94.8,7.4,5.2,100.0,3.8,9.2,15.0,32.0,8.8,17.7,14.1,9.2,23.5,6.8,14.5,92.6,94.8,7.4,5.2,100.0,0.0,0.0,0.0,0.0,0.0,0.0,0.0,0.0,0.0,0.0,0.0,0.0,0.0,0.0,0.0,336,22,23,30,94,46,65,281,230,336,22,23,30,94,46,65,281,230,0,0,0,0,0,0,0,0,0,0,0,0,0,0,17.3,22.0,29.4,36.0,14.3,18.5,22.2,29.9,17.3,22.0,29.4,36.0,14.3,18.5,22.2,29.9,0.0,0.0,0.0,0.0,0.0,0.0,0.0,0.0,(CONTRACTS OF 100 TROY OUNCES),N20,GOLD,PRECIOUS METALS,NATURAL RESOURCES,Combined,18,16,69,59,66,18,16,69,59,66
220823088691C,GOLD - COMMODITY EXCHANGE INC.,2022-08-23T00:00:00.000,2022 Report Week 34,GOLD,088691,CMX ,NYC,088 ,GOLD,598932,22539,56677,85569,191585,58563,106957,76631,55109,135231,37953,92393,556361,568912,42570,30020,598932,22539,56677,85569,191585,58563,106957,76631,55109,135231,37953,92393,556361,568912,42570,30020,0,0,0,0,0,0,0,0,0,0,0,0,0,0,0,0,329,-99,-2739,1661,-12882,2500,-1716,14194,-1633,-1221,-698,757,249,-502,80,830,100.0,3.8,9.5,14.3,32.0,9.8,17.9,12.8,9.2,22.6,6.3,15.4,92.9,95.0,7.1,5.0,100.0,3.8,9.5,14.3,32.0,9.8,17.9,12.8,9.2,22.6,6.3,15.4,92.9,95.0,7.1,5.0,100.0,0.0,0.0,0.0,0.0,0.0,0.0,0.0,0.0,0.0,0.0,0.0,0.0,0.0,0.0,0.0,340,24,24,32,94,44,68,283,235,340,24,24,32,94,44,68,283,235,0,0,0,0,0,0,0,0,0,0,0,0,0,0,17.0,22.3,28.9,36.8,13.7,18.5,21.2,29.8,17.0,22.3,28.9,36.8,13.7,18.5,21.2,29.8,0.0,0.0,0.0,0.0,0.0,0.0,0.0,0.0,(CONTRACTS OF 100 TROY OUNCES),N20,GOLD,PRECIOUS METALS,NATURAL RESOURCES,Combined,19,16,79,52,64,19,16,79,52,64
220816088691C,GOLD - COMMODITY EXCHANGE INC.,2022-08-16T00:00:00.000,2022 Report Week 33,GOLD,088691,CMX ,NYC,088 ,GOLD,598603,22638,59416,83908,204467,56063,108673,62437,56742,136452,38652,91637,556112,569414,42491,29189,598603,22638,59416,83908,204467,56063,108673,62437,56742,136452,38652,91637,556112,569414,42491,29189,0,0,0,0,0,0,0,0,0,0,0,0,0,0,0,0,-13773,-1929,-3080,727,-1463,-1403,-3692,2871,-4378,-2126,-4089,-1155,-13956,-12698,184,-1075,100.0,3.8,9.9,14.0,34.2,9.4,18.2,10.4,9.5,22.8,6.5,15.3,92.9,95.1,7.1,4.9,100.0,3.8,9.9,14.0,34.2,9.4,18.2,10.4,9.5,22.8,6.5,15.3,92.9,95.1,7.1,4.9,100.0,0.0,0.0,0.0,0.0,0.0,0.0,0.0,0.0,0.0,0.0,0.0,0.0,0.0,0.0,0.0,328,24,23,35,90,44,67,282,226,328,24,23,35,90,44,67,282,226,0,0,0,0,0,0,0,0,0,0,0,0,0,0,17.8,23.3,29.3,38.2,13.8,19.3,21.3,31.2,17.8,23.3,29.3,38.2,13.8,19.3,21.3,31.2,0.0,0.0,0.0,0.0,0.0,0.0,0.0,0.0,(CONTRACTS OF 100 TROY OUNCES),N20,GOLD,PRECIOUS METALS,NATURAL RESOURCES,Combined,22,16,76,48,60,22,16,76,48,60
220809088691C,GOLD - COMMODITY EXCHANGE INC.,2022-08-09T00:00:00.000,2022 Report Week 32,GOLD,088691,CMX,NYC,088,GOLD,612376,24568,62496,83181,205930,57466,112364,59567,61120,138578,42741,92792,570069,582112,42307,30264,612376,24568,62496,83181,205930,57466,112364,59567,61120,138578,42741,92792,570069,582112,42307,30264,0,0,0,0,0,0,0,0,0,0,0,0,0,0,0,0,-1351,-477,6111,-4668,9356,-384,3360,-21539,5412,-2628,1923,-2491,-1876,-1611,525,260,100.0,4.0,10.2,13.6,33.6,9.4,18.3,9.7,10.0,22.6,7.0,15.2,93.1,95.1,6.9,4.9,100.0,4.0,10.2,13.6,33.6,9.4,18.3,9.7,10.0,22.6,7.0,15.2,93.1,95.1,6.9,4.9,100.0,0.0,0.0,0.0,0.0,0.0,0.0,0.0,0.0,0.0,0.0,0.0,0.0,0.0,0.0,0.0,331,27,22,32,88,52,72,282,230,331,27,22,32,88,52,72,282,230,0,0,0,0,0,0,0,0,0,0,0,0,0,0,18.6,23.6,29.9,38.1,14.2,19.0,21.2,30.6,18.6,23.6,29.9,38.1,14.2,19.0,21.2,30.6,0.0,0.0,0.0,0.0,0.0,0.0,0.0,0.0,(CONTRACTS OF 100 TROY OUNCES),N20,GOLD,PRECIOUS METALS,NATURAL RESOURCES,Combined,22,16,81,38,59,22,16,81,38,59
220802088691C,GOLD - COMMODITY EXCHANGE INC.,2022-08-02T00:00:00.000,2022 Report Week 31,GOLD,088691,CMX,NYC,088,GOLD,613727,25045,56385,87849,196574,57849,109004,81105,55708,141206,40818,95284,571945,583723,41782,30004,613727,25045,56385,87849,196574,57849,109004,81105,55708,141206,40818,95284,571945,583723,41782,30004,0,0,0,0,0,0,0,0,0,0,0,0,0,0,0,0,-8956,504,6211,-4356,22340,-8000,6932,-31442,-2968,-2282,-771,6691,-3480,-7940,-5476,-1016,100.0,4.1,9.2,14.3,32.0,9.4,17.8,13.2,9.1,23.0,6.7,15.5,93.2,95.1,6.8,4.9,100.0,4.1,9.2,14.3,32.0,9.4,17.8,13.2,9.1,23.0,6.7,15.5,93.2,95.1,6.8,4.9,100.0,0.0,0.0,0.0,0.0,0.0,0.0,0.0,0.0,0.0,0.0,0.0,0.0,0.0,0.0,0.0,338,25,20,31,100,44,74,291,229,338,25,20,31,100,44,74,291,229,0,0,0,0,0,0,0,0,0,0,0,0,0,0,18.3,23.0,29.6,37.1,14.1,18.6,21.4,29.6,18.3,23.0,29.6,37.1,14.1,18.6,21.4,29.6,0.0,0.0,0.0,0.0,0.0,0.0,0.0,0.0,(CONTRACTS OF 100 TROY OUNCES),N20,GOLD,PRECIOUS METALS,NATURAL RESOURCES,Combined,20,18,79,46,61,20,18,79,46,61
220726088691C,GOLD - COMMODITY EXCHANGE INC.,2022-07-26T00:00:00.000,2022 Report Week 30,GOLD,088691,CMX,NYC,088,GOLD,622683,24541,50173,92205,174234,65849,102073,112547,58676,143488,41589,88593,575425,591662,47258,31021,622683,24541,50173,92205,174234,65849,102073,112547,58676,143488,41589,88593,575425,591662,47258,31021,0,0,0,0,0,0,0,0,0,0,0,0,0,0,0,0,-54809,-6250,-6665,-2681,-5153,-10543,3806,4560,-25662,1826,2149,-13354,-52857,-54666,-1952,-143,100.0,3.9,8.1,14.8,28.0,10.6,16.4,18.1,9.4,23.0,6.7,14.2,92.4,95.0,7.6,5.0,100.0,3.9,8.1,14.8,28.0,10.6,16.4,18.1,9.4,23.0,6.7,14.2,92.4,95.0,7.6,5.0,100.0,0.0,0.0,0.0,0.0,0.0,0.0,0.0,0.0,0.0,0.0,0.0,0.0,0.0,0.0,0.0,334,23,21,34,103,42,79,286,240,334,23,21,34,103,42,79,286,240,0,0,0,0,0,0,0,0,0,0,0,0,0,0,17.2,21.3,28.1,35.1,13.5,16.8,21.5,28.1,17.2,21.3,28.1,35.1,13.5,16.8,21.5,28.1,0.0,0.0,0.0,0.0,0.0,0.0,0.0,0.0,(CONTRACTS OF 100 TROY OUNCES),N20,GOLD,PRECIOUS METALS,NATURAL RESOURCES,Combined,19,18,70,51,63,19,18,70,51,63
220719088691C,GOLD - COMMODITY EXCHANGE INC.,2022-07-19T00:00:00.000,2022 Report Week 29,GOLD,088691,CMX,NYC,088,GOLD,677492,30791,56838,94886,179387,76392,98266,107987,84338,141662,39440,101947,628282,646329,49210,31163,677492,30791,56838,94886,179387,76392,98266,107987,84338,141662,39440,101947,628282,646329,49210,31163,0,0,0,0,0,0,0,0,0,0,0,0,0,0,0,0,-16645,3386,357,2832,-20180,16278,-1377,11092,-6745,-11098,783,-11036,-7760,-9451,-8885,-7194,100.0,4.5,8.4,14.0,26.5,11.3,14.5,15.9,12.4,20.9,5.8,15.0,92.7,95.4,7.3,4.6,100.0,4.5,8.4,14.0,26.5,11.3,14.5,15.9,12.4,20.9,5.8,15.0,92.7,95.4,7.3,4.6,100.0,0.0,0.0,0.0,0.0,0.0,0.0,0.0,0.0,0.0,0.0,0.0,0.0,0.0,0.0,0.0,341,24,24,34,98,43,75,297,238,341,24,24,34,98,43,75,297,238,0,0,0,0,0,0,0,0,0,0,0,0,0,0,17.0,21.2,28.0,36.0,12.8,15.7,20.0,26.4,17.0,21.2,28.0,36.0,12.8,15.7,20.0,26.4,0.0,0.0,0.0,0.0,0.0,0.0,0.0,0.0,(CONTRACTS OF 100 TROY OUNCES),N20,GOLD,PRECIOUS METALS,NATURAL RESOURCES,Combined,26,16,69,55,66,26,16,69,55,66
220712088691C,GOLD - COMMODITY EXCHANGE INC.,2022-07-12T00:00:00.000,2022 Report Week 28,GOLD,088691,CMX,NYC,088,GOLD,694137,27406,56481,92054,199566,60114,99643,96895,91083,152760,38657,112983,636042,655780,58095,38357,694137,27406,56481,92054,199566,60114,99643,96895,91083,152760,38657,112983,636042,655780,58095,38357,0,0,0,0,0,0,0,0,0,0,0,0,0,0,0,0,52495,3511,-7717,1346,-17878,12249,-13805,10253,37710,-6008,-501,8777,43780,42893,8714,9602,100.0,3.9,8.1,13.3,28.8,8.7,14.4,14.0,13.1,22.0,5.6,16.3,91.6,94.5,8.4,5.5,100.0,3.9,8.1,13.3,28.8,8.7,14.4,14.0,13.1,22.0,5.6,16.3,91.6,94.5,8.4,5.5,100.0,0.0,0.0,0.0,0.0,0.0,0.0,0.0,0.0,0.0,0.0,0.0,0.0,0.0,0.0,0.0,341,25,25,31,106,41,82,303,239,341,25,25,31,106,41,82,303,239,0,0,0,0,0,0,0,0,0,0,0,0,0,0,18.1,22.2,28.9,36.5,13.9,16.8,20.7,27.6,18.1,22.2,28.9,36.5,13.9,16.8,20.7,27.6,0.0,0.0,0.0,0.0,0.0,0.0,0.0,0.0,(CONTRACTS OF 100 TROY OUNCES),N20,GOLD,PRECIOUS METALS,NATURAL RESOURCES,Combined,26,14,70,51,68,26,14,70,51,68
220705088691C,GOLD - COMMODITY EXCHANGE INC.,2022-07-05T00:00:00.000,2022 Report Week 27,GOLD,088691,CMX,NYC,088,GOLD,641642,23894,64199,90707,217444,47865,113448,86642,53373,158768,39158,104206,592261,612887,49381,28755,641642,23894,64199,90707,217444,47865,113448,86642,53373,158768,39158,104206,592261,612887,49381,28755,0,0,0,0,0,0,0,0,0,0,0,0,0,0,0,0,19283,1836,-3450,1849,-15748,5108,-8233,11598,3276,1608,451,13890,19334,15125,-51,4158,100.0,3.7,10.0,14.1,33.9,7.5,17.7,13.5,8.3,24.7,6.1,16.2,92.3,95.5,7.7,4.5,100.0,3.7,10.0,14.1,33.9,7.5,17.7,13.5,8.3,24.7,6.1,16.2,92.3,95.5,7.7,4.5,100.0,0.0,0.0,0.0,0.0,0.0,0.0,0.0,0.0,0.0,0.0,0.0,0.0,0.0,0.0,0.0,362,26,25,33,119,39,84,323,239,362,26,25,33,119,39,84,323,239,0,0,0,0,0,0,0,0,0,0,0,0,0,0,17.1,23.9,27.4,37.3,15.2,19.4,22.5,32.1,17.1,23.9,27.4,37.3,15.2,19.4,22.5,32.1,0.0,0.0,0.0,0.0,0.0,0.0,0.0,0.0,(CONTRACTS OF 100 TROY OUNCES),N20,GOLD,PRECIOUS METALS,NATURAL RESOURCES,Combined,25,16,84,43,64,25,16,84,43,64
220628088691C,GOLD - COMMODITY EXCHANGE INC.,2022-06-28T00:00:00.000,2022 Report Week 26,GOLD,088691,CMX,NYC,088,GOLD,622359,22058,67649,88858,233193,42757,121681,75044,50097,157161,38707,90316,572927,597762,49432,24597,622359,22058,67649,88858,233193,42757,121681,75044,50097,157161,38707,90316,572927,597762,49432,24597,0,0,0,0,0,0,0,0,0,0,0,0,0,0,0,0,-17425,2152,620,-822,-8558,-4948,-3533,11647,369,1954,-3691,-12953,-17780,-17514,355,88,100.0,3.5,10.9,14.3,37.5,6.9,19.6,12.1,8.0,25.3,6.2,14.5,92.1,96.0,7.9,4.0,100.0,3.5,10.9,14.3,37.5,6.9,19.6,12.1,8.0,25.3,6.2,14.5,92.1,96.0,7.9,4.0,100.0,0.0,0.0,0.0,0.0,0.0,0.0,0.0,0.0,0.0,0.0,0.0,0.0,0.0,0.0,0.0,344,26,25,29,111,35,73,302,222,344,26,25,29,111,35,73,302,222,0,0,0,0,0,0,0,0,0,0,0,0,0,0,18.3,24.5,28.2,38.6,15.7,20.3,23.3,33.9,18.3,24.5,28.2,38.6,15.7,20.3,23.3,33.9,0.0,0.0,0.0,0.0,0.0,0.0,0.0,0.0,(CONTRACTS OF 100 TROY OUNCES),N20,GOLD,PRECIOUS METALS,NATURAL RESOURCES,Combined,21,16,86,38,60,21,16,86,38,60
220621088691C,GOLD - COMMODITY EXCHANGE INC.,2022-06-21T00:00:00.000,2022 Report Week 25,GOLD,088691,CMX,NYC,088,GOLD,639784,19906,67029,89680,241751,47705,125213,63397,49727,155206,42397,103269,590707,615275,49078,24509,639784,19906,67029,89680,241751,47705,125213,63397,49727,155206,42397,103269,590707,615275,49078,24509,0,0,0,0,0,0,0,0,0,0,0,0,0,0,0,0,-3425,-2334,-806,-784,7783,-1832,3705,-8551,1030,-618,633,-467,-1300,-2210,-2125,-1215,100.0,3.1,10.5,14.0,37.8,7.5,19.6,9.9,7.8,24.3,6.6,16.1,92.3,96.2,7.7,3.8,100.0,3.1,10.5,14.0,37.8,7.5,19.6,9.9,7.8,24.3,6.6,16.1,92.3,96.2,7.7,3.8,100.0,0.0,0.0,0.0,0.0,0.0,0.0,0.0,0.0,0.0,0.0,0.0,0.0,0.0,0.0,0.0,352,26,23,30,111,47,75,307,229,352,26,23,30,111,47,75,307,229,0,0,0,0,0,0,0,0,0,0,0,0,0,0,18.8,24.2,29.1,38.5,14.8,20.3,22.4,33.8,18.8,24.2,29.1,38.5,14.8,20.3,22.4,33.8,0.0,0.0,0.0,0.0,0.0,0.0,0.0,0.0,(CONTRACTS OF 100 TROY OUNCES),N20,GOLD,PRECIOUS METALS,NATURAL RESOURCES,Combined,20,16,93,30,63,20,16,93,30,63
220614088691C,GOLD - COMMODITY EXCHANGE INC.,2022-06-14T00:00:00.000,2022 Report Week 24,GOLD,088691,CMX,NYC,088,GOLD,643209,22240,67835,90464,233968,49537,121509,71948,48697,155824,41764,103736,592007,617485,51202,25724,643209,22240,67835,90464,233968,49537,121509,71948,48697,155824,41764,103736,592007,617485,51202,25724,0,0,0,0,0,0,0,0,0,0,0,0,0,0,0,0,20856,-1613,-4045,6525,-11263,3424,-6982,13225,3915,1461,1593,11060,17790,17908,3066,2948,100.0,3.5,10.5,14.1,36.4,7.7,18.9,11.2,7.6,24.2,6.5,16.1,92.0,96.0,8.0,4.0,100.0,3.5,10.5,14.1,36.4,7.7,18.9,11.2,7.6,24.2,6.5,16.1,92.0,96.0,8.0,4.0,100.0,0.0,0.0,0.0,0.0,0.0,0.0,0.0,0.0,0.0,0.0,0.0,0.0,0.0,0.0,0.0,352,26,24,30,107,46,75,305,233,352,26,24,30,107,46,75,305,233,0,0,0,0,0,0,0,0,0,0,0,0,0,0,18.6,24.1,28.8,38.6,14.7,19.9,22.4,33.5,18.6,24.1,28.8,38.6,14.7,19.9,22.4,33.5,0.0,0.0,0.0,0.0,0.0,0.0,0.0,0.0,(CONTRACTS OF 100 TROY OUNCES),N20,GOLD,PRECIOUS METALS,NATURAL RESOURCES,Combined,24,15,85,41,63,24,15,85,41,63
220607088691C,GOLD - COMMODITY EXCHANGE INC.,2022-06-07T00:00:00.000,2022 Report Week 23,GOLD,088691,CMX,NYC,088,GOLD,622353,23852,71880,83939,245231,46113,128491,58723,44782,154363,40171,92677,574217,599577,48136,22776,622353,23852,71880,83939,245231,46113,128491,58723,44782,154363,40171,92677,574217,599577,48136,22776,0,0,0,0,0,0,0,0,0,0,0,0,0,0,0,0,-18734,-3376,-4580,-3407,-2284,-12702,2742,-4358,1167,-1554,2768,983,-16147,-19006,-2587,272,100.0,3.8,11.5,13.5,39.4,7.4,20.6,9.4,7.2,24.8,6.5,14.9,92.3,96.3,7.7,3.7,100.0,3.8,11.5,13.5,39.4,7.4,20.6,9.4,7.2,24.8,6.5,14.9,92.3,96.3,7.7,3.7,100.0,0.0,0.0,0.0,0.0,0.0,0.0,0.0,0.0,0.0,0.0,0.0,0.0,0.0,0.0,0.0,347,29,26,30,110,41,66,302,215,347,29,26,30,110,41,66,302,215,0,0,0,0,0,0,0,0,0,0,0,0,0,0,18.7,26.3,28.0,41.1,15.1,21.7,22.5,35.8,18.7,26.3,28.0,41.1,15.1,21.7,22.5,35.8,0.0,0.0,0.0,0.0,0.0,0.0,0.0,0.0,(CONTRACTS OF 100 TROY OUNCES),N20,GOLD,PRECIOUS METALS,NATURAL RESOURCES,Combined,24,14,86,33,56,24,14,86,33,56
220531088691C,GOLD - COMMODITY EXCHANGE INC.,2022-05-31T00:00:00.000,2022 Report Week 22,GOLD,088691,CMX,NYC,088,GOLD,641087,27228,76461,87346,247515,58815,125749,63081,43615,155917,37403,91694,590365,618583,50723,22504,641087,27228,76461,87346,247515,58815,125749,63081,43615,155917,37403,91694,590365,618583,50723,22504,0,0,0,0,0,0,0,0,0,0,0,0,0,0,0,0,-76638,-11208,-10822,370,-15450,-6921,-10969,3856,-11125,-811,-897,-34113,-74777,-75472,-1862,-1166,100.0,4.2,11.9,13.6,38.6,9.2,19.6,9.8,6.8,24.3,5.8,14.3,92.1,96.5,7.9,3.5,100.0,4.2,11.9,13.6,38.6,9.2,19.6,9.8,6.8,24.3,5.8,14.3,92.1,96.5,7.9,3.5,100.0,0.0,0.0,0.0,0.0,0.0,0.0,0.0,0.0,0.0,0.0,0.0,0.0,0.0,0.0,0.0,334,29,24,31,110,35,65,292,211,334,29,24,31,110,35,65,292,211,0,0,0,0,0,0,0,0,0,0,0,0,0,0,18.4,26.6,27.6,41.3,14.8,21.9,22.0,35.7,18.4,26.6,27.6,41.3,14.8,21.9,22.0,35.7,0.0,0.0,0.0,0.0,0.0,0.0,0.0,0.0,(CONTRACTS OF 100 TROY OUNCES),N20,GOLD,PRECIOUS METALS,NATURAL RESOURCES,Combined,26,15,80,34,53,26,15,80,34,53
220524088691C,GOLD - COMMODITY EXCHANGE INC.,2022-05-24T00:00:00.000,2022 Report Week 21,GOLD,088691,CMX,NYC,088,GOLD,717726,38436,87282,86976,262966,65736,136718,59225,54740,156729,38300,125807,665141,694055,52585,23670,717726,38436,87282,86976,262966,65736,136718,59225,54740,156729,38300,125807,665141,694055,52585,23670,0,0,0,0,0,0,0,0,0,0,0,0,0,0,0,0,-9628,-1803,4350,-4890,2968,923,10895,-12028,-7721,-4401,966,1213,-5786,-9331,-3842,-297,100.0,5.4,12.2,12.1,36.6,9.2,19.0,8.3,7.6,21.8,5.3,17.5,92.7,96.7,7.3,3.3,100.0,5.4,12.2,12.1,36.6,9.2,19.0,8.3,7.6,21.8,5.3,17.5,92.7,96.7,7.3,3.3,100.0,0.0,0.0,0.0,0.0,0.0,0.0,0.0,0.0,0.0,0.0,0.0,0.0,0.0,0.0,0.0,348,29,25,33,107,43,72,311,216,348,29,25,33,107,43,72,311,216,0,0,0,0,0,0,0,0,0,0,0,0,0,0,17.6,27.0,28.5,40.8,13.4,21.1,20.2,34.1,17.6,27.0,28.5,40.8,13.4,21.1,20.2,34.1,0.0,0.0,0.0,0.0,0.0,0.0,0.0,0.0,(CONTRACTS OF 100 TROY OUNCES),N20,GOLD,PRECIOUS METALS,NATURAL RESOURCES,Combined,26,15,94,26,54,26,15,94,26,54
220517088691C,GOLD - COMMODITY EXCHANGE INC.,2022-05-17T00:00:00.000,2022 Report Week 20,GOLD,088691,CMX,NYC,088,GOLD,727353,40239,82933,91866,259998,64813,125823,71254,62461,161130,37334,124594,670927,703386,56427,23967,727353,40239,82933,91866,259998,64813,125823,71254,62461,161130,37334,124594,670927,703386,56427,23967,0,0,0,0,0,0,0,0,0,0,0,0,0,0,0,0,-14563,509,-3937,25,-18349,6214,-9737,9585,-12985,658,1387,2299,-13016,-15786,-1547,1223,100.0,5.5,11.4,12.6,35.7,8.9,17.3,9.8,8.6,22.2,5.1,17.1,92.2,96.7,7.8,3.3,100.0,5.5,11.4,12.6,35.7,8.9,17.3,9.8,8.6,22.2,5.1,17.1,92.2,96.7,7.8,3.3,100.0,0.0,0.0,0.0,0.0,0.0,0.0,0.0,0.0,0.0,0.0,0.0,0.0,0.0,0.0,0.0,350,27,25,31,113,39,77,315,221,350,27,25,31,113,39,77,315,221,0,0,0,0,0,0,0,0,0,0,0,0,0,0,17.3,26.1,27.5,39.9,13.3,20.8,19.9,33.6,17.3,26.1,27.5,39.9,13.3,20.8,19.9,33.6,0.0,0.0,0.0,0.0,0.0,0.0,0.0,0.0,(CONTRACTS OF 100 TROY OUNCES),N20,GOLD,PRECIOUS METALS,NATURAL RESOURCES,Combined,26,15,90,31,59,26,15,90,31,59
220517088695C,MICRO GOLD - COMMODITY EXCHANGE INC.,2022-05-17T00:00:00.000,2022 Report Week 20,MICRO GOLD,088695,CMX,NYC,088,GOLD,30753,0,0,0,0,0,1175,0,0,5266,18366,6854,13295,25220,17458,5533,30753,0,0,0,0,0,1175,0,0,5266,18366,6854,13295,25220,17458,5533,0,0,0,0,0,0,0,0,0,0,0,0,0,0,0,0,433,0,0,0,0,0,-167,0,0,-49,-224,470,254,246,179,187,100.0,0.0,0.0,0.0,0.0,0.0,3.8,0.0,0.0,17.1,59.7,22.3,43.2,82.0,56.8,18.0,100.0,0.0,0.0,0.0,0.0,0.0,3.8,0.0,0.0,17.1,59.7,22.3,43.2,82.0,56.8,18.0,100.0,0.0,0.0,0.0,0.0,0.0,0.0,0.0,0.0,0.0,0.0,0.0,0.0,0.0,0.0,0.0,20,0,0,0,9,10,8,15,13,20,0,0,0,9,10,8,15,13,0,0,0,0,0,0,0,0,0,0,0,0,0,0,19.9,57.0,34.2,78.1,14.4,49.3,19.6,59.0,19.9,57.0,34.2,78.1,14.4,49.3,19.6,59.0,0.0,0.0,0.0,0.0,0.0,0.0,0.0,0.0,(CONTRACTS OF 10 TROY OUNCES),N20,GOLD,PRECIOUS METALS,NATURAL RESOURCES,Combined,0,0,,0,0,0,0,,0,0
220510088695C,MICRO GOLD - COMMODITY EXCHANGE INC.,2022-05-10T00:00:00.000,2022 Report Week 19,MICRO GOLD,088695,CMX,NYC,088,GOLD,30320,0,0,0,0,0,1342,0,0,5315,18590,6384,13041,24974,17279,5346,30320,0,0,0,0,0,1342,0,0,5315,18590,6384,13041,24974,17279,5346,0,0,0,0,0,0,0,0,0,0,0,0,0,0,0,0,-133,0,0,0,0,0,8,0,0,106,1416,809,923,2225,-1056,-2358,100.0,0.0,0.0,0.0,0.0,0.0,4.4,0.0,0.0,17.5,61.3,21.1,43.0,82.4,57.0,17.6,100.0,0.0,0.0,0.0,0.0,0.0,4.4,0.0,0.0,17.5,61.3,21.1,43.0,82.4,57.0,17.6,100.0,0.0,0.0,0.0,0.0,0.0,0.0,0.0,0.0,0.0,0.0,0.0,0.0,0.0,0.0,0.0,21,0,0,0,10,10,9,17,13,21,0,0,0,10,10,9,17,13,0,0,0,0,0,0,0,0,0,0,0,0,0,0,22.9,61.5,33.9,77.2,16.5,51.9,20.6,60.4,22.9,61.5,33.9,77.2,16.5,51.9,20.6,60.4,0.0,0.0,0.0,0.0,0.0,0.0,0.0,0.0,(CONTRACTS OF 10 TROY OUNCES),N20,GOLD,PRECIOUS METALS,NATURAL RESOURCES,Combined,0,0,,0,0,0,0,,0,0
220510088691C,GOLD - COMMODITY EXCHANGE INC.,2022-05-10T00:00:00.000,2022 Report Week 19,GOLD,088691,CMX,NYC,088,GOLD,741917,39730,86870,91841,278347,58599,135560,61669,75446,160471,35947,122295,683943,719172,57974,22744,741917,39730,86870,91841,278347,58599,135560,61669,75446,160471,35947,122295,683943,719172,57974,22744,0,0,0,0,0,0,0,0,0,0,0,0,0,0,0,0,10104,-2157,22,298,-12639,5501,-8633,411,22672,-2441,1375,-6305,8934,11037,1170,-932,100.0,5.4,11.7,12.4,37.5,7.9,18.3,8.3,10.2,21.6,4.8,16.5,92.2,96.9,7.8,3.1,100.0,5.4,11.7,12.4,37.5,7.9,18.3,8.3,10.2,21.6,4.8,16.5,92.2,96.9,7.8,3.1,100.0,0.0,0.0,0.0,0.0,0.0,0.0,0.0,0.0,0.0,0.0,0.0,0.0,0.0,0.0,0.0,368,30,25,31,121,35,83,329,231,368,30,25,31,121,35,83,329,231,0,0,0,0,0,0,0,0,0,0,0,0,0,0,17.2,27.1,27.8,40.9,13.0,21.8,19.7,34.4,17.2,27.1,27.8,40.9,13.0,21.8,19.7,34.4,0.0,0.0,0.0,0.0,0.0,0.0,0.0,0.0,(CONTRACTS OF 100 TROY OUNCES),N20,GOLD,PRECIOUS METALS,NATURAL RESOURCES,Combined,26,17,99,29,59,26,17,99,29,59
220503088691C,GOLD - COMMODITY EXCHANGE INC.,2022-05-03T00:00:00.000,2022 Report Week 18,GOLD,088691,CMX,NYC,088,GOLD,731812,41888,86848,91543,290986,53098,144193,61257,52774,162912,34572,128600,675009,708136,56803,23677,731812,41888,86848,91543,290986,53098,144193,61257,52774,162912,34572,128600,675009,708136,56803,23677,0,0,0,0,0,0,0,0,0,0,0,0,0,0,0,0,3038,-109,-4729,4532,-14272,636,-12335,4173,4630,-9537,-1007,14603,2421,4035,617,-997,100.0,5.7,11.9,12.5,39.8,7.3,19.7,8.4,7.2,22.3,4.7,17.6,92.2,96.8,7.8,3.2,100.0,5.7,11.9,12.5,39.8,7.3,19.7,8.4,7.2,22.3,4.7,17.6,92.2,96.8,7.8,3.2,100.0,0.0,0.0,0.0,0.0,0.0,0.0,0.0,0.0,0.0,0.0,0.0,0.0,0.0,0.0,0.0,363,27,25,27,119,38,77,325,215,363,27,25,27,119,38,77,325,215,0,0,0,0,0,0,0,0,0,0,0,0,0,0,17.4,28.0,27.1,41.8,13.2,23.2,20.2,36.5,17.4,28.0,27.1,41.8,13.2,23.2,20.2,36.5,0.0,0.0,0.0,0.0,0.0,0.0,0.0,0.0,(CONTRACTS OF 100 TROY OUNCES),N20,GOLD,PRECIOUS METALS,NATURAL RESOURCES,Combined,24,18,100,27,55,24,18,100,27,55
220503088695C,MICRO GOLD - COMMODITY EXCHANGE INC.,2022-05-03T00:00:00.000,2022 Report Week 18,MICRO GOLD,088695,CMX,NYC,088,GOLD,30453,0,0,0,0,0,1334,0,0,5209,17174,5575,12118,22749,18335,7704,30453,0,0,0,0,0,1334,0,0,5209,17174,5575,12118,22749,18335,7704,0,0,0,0,0,0,0,0,0,0,0,0,0,0,0,0,-1809,0,0,0,0,0,161,0,0,-1950,690,-226,-2015,464,206,-2273,100.0,0.0,0.0,0.0,0.0,0.0,4.4,0.0,0.0,17.1,56.4,18.3,39.8,74.7,60.2,25.3,100.0,0.0,0.0,0.0,0.0,0.0,4.4,0.0,0.0,17.1,56.4,18.3,39.8,74.7,60.2,25.3,100.0,0.0,0.0,0.0,0.0,0.0,0.0,0.0,0.0,0.0,0.0,0.0,0.0,0.0,0.0,0.0,20,0,0,0,10,9,7,16,11,20,0,0,0,10,9,7,16,11,0,0,0,0,0,0,0,0,0,0,0,0,0,0,23.2,56.5,33.5,72.8,16.7,47.9,19.9,56.3,23.2,56.5,33.5,72.8,16.7,47.9,19.9,56.3,0.0,0.0,0.0,0.0,0.0,0.0,0.0,0.0,(CONTRACTS OF 10 TROY OUNCES),N20,GOLD,PRECIOUS METALS,NATURAL RESOURCES,Combined,0,0,,0,0,0,0,,0,0
220426088695C,MICRO GOLD - COMMODITY EXCHANGE INC.,2022-04-26T00:00:00.000,2022 Report Week 17,MICRO GOLD,088695,CMX,NYC,088,GOLD,32262,0,0,0,0,0,1173,0,0,7159,16484,5801,14133,22285,18129,9977,32262,0,0,0,0,0,1173,0,0,7159,16484,5801,14133,22285,18129,9977,0,0,0,0,0,0,0,0,0,0,0,0,0,0,0,0,,,,,,,,,,,,,,,,,100.0,0.0,0.0,0.0,0.0,0.0,3.6,0.0,0.0,22.2,51.1,18.0,43.8,69.1,56.2,30.9,100.0,0.0,0.0,0.0,0.0,0.0,3.6,0.0,0.0,22.2,51.1,18.0,43.8,69.1,56.2,30.9,100.0,0.0,0.0,0.0,0.0,0.0,0.0,0.0,0.0,0.0,0.0,0.0,0.0,0.0,0.0,0.0,21,0,0,0,11,9,7,17,11,21,0,0,0,11,9,7,17,11,0,0,0,0,0,0,0,0,0,0,0,0,0,0,21.5,51.3,34.1,67.0,17.0,43.2,23.1,50.4,21.5,51.3,34.1,67.0,17.0,43.2,23.1,50.4,0.0,0.0,0.0,0.0,0.0,0.0,0.0,0.0,(CONTRACTS OF 10 TROY OUNCES),N20,GOLD,PRECIOUS METALS,NATURAL RESOURCES,Combined,0,0,,0,0,0,0,,0,0
220426088691C,GOLD - COMMODITY EXCHANGE INC.,2022-04-26T00:00:00.000,2022 Report Week 17,GOLD,088691,CMX,NYC,088,GOLD,728774,41997,91576,87012,305258,52462,156528,57085,48144,172449,35579,113997,672588,704101,56186,24673,728774,41997,91576,87012,305258,52462,156528,57085,48144,172449,35579,113997,672588,704101,56186,24673,0,0,0,0,0,0,0,0,0,0,0,0,0,0,0,0,-47788,-2234,-10588,3398,-22592,-6012,-24080,1445,-2974,-3519,1192,-8057,-43477,-47587,-4310,-201,100.0,5.8,12.6,11.9,41.9,7.2,21.5,7.8,6.6,23.7,4.9,15.6,92.3,96.6,7.7,3.4,100.0,5.8,12.6,11.9,41.9,7.2,21.5,7.8,6.6,23.7,4.9,15.6,92.3,96.6,7.7,3.4,100.0,0.0,0.0,0.0,0.0,0.0,0.0,0.0,0.0,0.0,0.0,0.0,0.0,0.0,0.0,0.0,361,28,25,29,120,38,72,327,210,361,28,25,29,120,38,72,327,210,0,0,0,0,0,0,0,0,0,0,0,0,0,0,17.1,29.3,26.8,43.5,13.5,24.7,20.6,38.1,17.1,29.3,26.8,43.5,13.5,24.7,20.6,38.1,0.0,0.0,0.0,0.0,0.0,0.0,0.0,0.0,(CONTRACTS OF 100 TROY OUNCES),N20,GOLD,PRECIOUS METALS,NATURAL RESOURCES,Combined,24,18,102,21,56,24,18,102,21,56
220419088691C,GOLD - COMMODITY EXCHANGE INC.,2022-04-19T00:00:00.000,2022 Report Week 16,GOLD,088691,CMX,NYC,088,GOLD,776562,44231,102165,83613,327850,58474,180607,55640,51118,175968,34387,122054,716065,751687,60497,24874,776562,44231,102165,83613,327850,58474,180607,55640,51118,175968,34387,122054,716065,751687,60497,24874,0,0,0,0,0,0,0,0,0,0,0,0,0,0,0,0,-18885,1797,-146,1671,-10869,-1958,-12585,7111,1557,1450,-450,-10184,-18251,-14938,-634,-3947,100.0,5.7,13.2,10.8,42.2,7.5,23.3,7.2,6.6,22.7,4.4,15.7,92.2,96.8,7.8,3.2,100.0,5.7,13.2,10.8,42.2,7.5,23.3,7.2,6.6,22.7,4.4,15.7,92.2,96.8,7.8,3.2,100.0,0.0,0.0,0.0,0.0,0.0,0.0,0.0,0.0,0.0,0.0,0.0,0.0,0.0,0.0,0.0,375,30,26,31,125,40,78,336,219,375,30,26,31,125,40,78,336,219,0,0,0,0,0,0,0,0,0,0,0,0,0,0,17.0,29.5,26.9,43.1,13.6,24.1,20.2,36.9,17.0,29.5,26.9,43.1,13.6,24.1,20.2,36.9,0.0,0.0,0.0,0.0,0.0,0.0,0.0,0.0,(CONTRACTS OF 100 TROY OUNCES),N20,GOLD,PRECIOUS METALS,NATURAL RESOURCES,Combined,24,19,106,22,53,24,19,106,22,53
220412088691C,GOLD - COMMODITY EXCHANGE INC.,2022-04-12T00:00:00.000,2022 Report Week 15,GOLD,088691,CMX,NYC,088,GOLD,795447,42434,102311,81942,338719,60431,193192,48528,49561,174518,34837,132238,734316,766626,61131,28821,795447,42434,102311,81942,338719,60431,193192,48528,49561,174518,34837,132238,734316,766626,61131,28821,0,0,0,0,0,0,0,0,0,0,0,0,0,0,0,0,49802,3870,6746,-1470,13691,3971,22954,961,2984,-1249,2132,14561,45622,45047,4179,4755,100.0,5.3,12.9,10.3,42.6,7.6,24.3,6.1,6.2,21.9,4.4,16.6,92.3,96.4,7.7,3.6,100.0,5.3,12.9,10.3,42.6,7.6,24.3,6.1,6.2,21.9,4.4,16.6,92.3,96.4,7.7,3.6,100.0,0.0,0.0,0.0,0.0,0.0,0.0,0.0,0.0,0.0,0.0,0.0,0.0,0.0,0.0,0.0,383,31,27,33,123,38,78,347,223,383,31,27,33,123,38,78,347,223,0,0,0,0,0,0,0,0,0,0,0,0,0,0,17.3,29.6,26.8,42.8,13.9,23.9,20.4,36.5,17.3,29.6,26.8,42.8,13.9,23.9,20.4,36.5,0.0,0.0,0.0,0.0,0.0,0.0,0.0,0.0,(CONTRACTS OF 100 TROY OUNCES),N20,GOLD,PRECIOUS METALS,NATURAL RESOURCES,Combined,23,18,119,19,58,23,18,119,19,58
220405088691C,GOLD - COMMODITY EXCHANGE INC.,2022-04-05T00:00:00.000,2022 Report Week 14,GOLD,088691,CMX,NYC,088,GOLD,745645,38564,95566,83413,325029,56460,170238,47567,46576,175766,32705,117676,688694,721579,56951,24066,745645,38564,95566,83413,325029,56460,170238,47567,46576,175766,32705,117676,688694,721579,56951,24066,0,0,0,0,0,0,0,0,0,0,0,0,0,0,0,0,-17062,1249,2732,-1141,-10001,-9164,1422,8876,-5057,-4341,426,-2557,-19590,-14745,2528,-2317,100.0,5.2,12.8,11.2,43.6,7.6,22.8,6.4,6.2,23.6,4.4,15.8,92.4,96.8,7.6,3.2,100.0,5.2,12.8,11.2,43.6,7.6,22.8,6.4,6.2,23.6,4.4,15.8,92.4,96.8,7.6,3.2,100.0,0.0,0.0,0.0,0.0,0.0,0.0,0.0,0.0,0.0,0.0,0.0,0.0,0.0,0.0,0.0,360,30,24,30,122,34,77,321,218,360,30,24,30,122,34,77,321,218,0,0,0,0,0,0,0,0,0,0,0,0,0,0,17.8,29.9,27.4,44.0,14.8,24.8,21.7,37.6,17.8,29.9,27.4,44.0,14.8,24.8,21.7,37.6,0.0,0.0,0.0,0.0,0.0,0.0,0.0,0.0,(CONTRACTS OF 100 TROY OUNCES),N20,GOLD,PRECIOUS METALS,NATURAL RESOURCES,Combined,18,17,101,26,58,18,17,101,26,58
220405088695C,MICRO GOLD - COMMODITY EXCHANGE INC.,2022-04-05T00:00:00.000,2022 Report Week 14,MICRO GOLD,088695,CMX,NYC,088,GOLD,27111,0,0,0,0,0,1081,0,0,8125,10996,3578,12784,14574,14327,12537,27111,0,0,0,0,0,1081,0,0,8125,10996,3578,12784,14574,14327,12537,0,0,0,0,0,0,0,0,0,0,0,0,0,0,0,0,,,,,,,,,,,,,,,,,100.0,0.0,0.0,0.0,0.0,0.0,4.0,0.0,0.0,30.0,40.6,13.2,47.2,53.8,52.8,46.2,100.0,0.0,0.0,0.0,0.0,0.0,4.0,0.0,0.0,30.0,40.6,13.2,47.2,53.8,52.8,46.2,100.0,0.0,0.0,0.0,0.0,0.0,0.0,0.0,0.0,0.0,0.0,0.0,0.0,0.0,0.0,0.0,20,0,0,0,11,8,9,17,12,20,0,0,0,11,8,9,17,12,0,0,0,0,0,0,0,0,0,0,0,0,0,0,26.7,39.4,38.9,51.8,21.9,33.4,30.1,40.6,26.7,39.4,38.9,51.8,21.9,33.4,30.1,40.6,0.0,0.0,0.0,0.0,0.0,0.0,0.0,0.0,(CONTRACTS OF 10 TROY OUNCES),N20,GOLD,PRECIOUS METALS,NATURAL RESOURCES,Combined,0,0,,0,0,0,0,,0,0
220329088691C,GOLD - COMMODITY EXCHANGE INC.,2022-03-29T00:00:00.000,2022 Report Week 13,GOLD,088691,CMX,NYC,088,GOLD,762707,37314,92833,84554,335029,65625,168816,38690,51634,180107,32278,120234,708284,736324,54423,26383,762707,37314,92833,84554,335029,65625,168816,38690,51634,180107,32278,120234,708284,736324,54423,26383,0,0,0,0,0,0,0,0,0,0,0,0,0,0,0,0,-60327,-11706,-27032,-5858,772,-9499,-2504,1361,3517,874,255,-30501,-55677,-61126,-4650,800,100.0,4.9,12.2,11.1,43.9,8.6,22.1,5.1,6.8,23.6,4.2,15.8,92.9,96.5,7.1,3.5,100.0,4.9,12.2,11.1,43.9,8.6,22.1,5.1,6.8,23.6,4.2,15.8,92.9,96.5,7.1,3.5,100.0,0.0,0.0,0.0,0.0,0.0,0.0,0.0,0.0,0.0,0.0,0.0,0.0,0.0,0.0,0.0,363,31,24,30,127,32,76,326,221,363,31,24,30,127,32,76,326,221,0,0,0,0,0,0,0,0,0,0,0,0,0,0,17.5,29.4,27.3,43.4,15.0,24.6,21.5,37.1,17.5,29.4,27.3,43.4,15.0,24.6,21.5,37.1,0.0,0.0,0.0,0.0,0.0,0.0,0.0,0.0,(CONTRACTS OF 100 TROY OUNCES),N20,GOLD,PRECIOUS METALS,NATURAL RESOURCES,Combined,22,17,99,23,62,22,17,99,23,62
220322088691C,GOLD - COMMODITY EXCHANGE INC.,2022-03-22T00:00:00.000,2022 Report Week 12,GOLD,088691,CMX,NYC,088,GOLD,823034,49020,119865,90412,334258,75123,171321,37329,48117,179233,32023,150735,763961,797450,59072,25584,823034,49020,119865,90412,334258,75123,171321,37329,48117,179233,32023,150735,763961,797450,59072,25584,0,0,0,0,0,0,0,0,0,0,0,0,0,0,0,0,-26666,1974,-2501,6023,-7257,-6958,-14984,-1475,-531,-7701,-5740,-3019,-25198,-27482,-1468,816,100.0,6.0,14.6,11.0,40.6,9.1,20.8,4.5,5.8,21.8,3.9,18.3,92.8,96.9,7.2,3.1,100.0,6.0,14.6,11.0,40.6,9.1,20.8,4.5,5.8,21.8,3.9,18.3,92.8,96.9,7.2,3.1,100.0,0.0,0.0,0.0,0.0,0.0,0.0,0.0,0.0,0.0,0.0,0.0,0.0,0.0,0.0,0.0,360,30,23,29,127,37,82,323,218,360,30,23,29,127,37,82,323,218,0,0,0,0,0,0,0,0,0,0,0,0,0,0,16.7,27.7,27.2,41.5,14.0,23.2,20.5,35.2,16.7,27.7,27.2,41.5,14.0,23.2,20.5,35.2,0.0,0.0,0.0,0.0,0.0,0.0,0.0,0.0,(CONTRACTS OF 100 TROY OUNCES),N20,GOLD,PRECIOUS METALS,NATURAL RESOURCES,Combined,20,18,97,21,55,20,18,97,21,55
220322088695C,MICRO GOLD - COMMODITY EXCHANGE INC.,2022-03-22T00:00:00.000,2022 Report Week 12,MICRO GOLD,088695,CMX,NYC,088,GOLD,35952,0,0,0,0,0,1119,249,0,8915,15577,10180,20214,26006,15738,9946,35952,0,0,0,0,0,1119,249,0,8915,15577,10180,20214,26006,15738,9946,0,0,0,0,0,0,0,0,0,0,0,0,0,0,0,0,31,0,0,0,0,0,249,249,0,675,301,-1250,-326,-700,357,731,100.0,0.0,0.0,0.0,0.0,0.0,3.1,0.7,0.0,24.8,43.3,28.3,56.2,72.3,43.8,27.7,100.0,0.0,0.0,0.0,0.0,0.0,3.1,0.7,0.0,24.8,43.3,28.3,56.2,72.3,43.8,27.7,100.0,0.0,0.0,0.0,0.0,0.0,0.0,0.0,0.0,0.0,0.0,0.0,0.0,0.0,0.0,0.0,22,0,0,0,11,9,10,17,15,22,0,0,0,11,9,10,17,15,0,0,0,0,0,0,0,0,0,0,0,0,0,0,29.9,56.7,45.2,67.9,17.0,38.0,25.4,43.3,29.9,56.7,45.2,67.9,17.0,38.0,25.4,43.3,0.0,0.0,0.0,0.0,0.0,0.0,0.0,0.0,(CONTRACTS OF 10 TROY OUNCES),N20,GOLD,PRECIOUS METALS,NATURAL RESOURCES,Combined,0,0,,,0,0,0,,,0
220315088691C,GOLD - COMMODITY EXCHANGE INC.,2022-03-15T00:00:00.000,2022 Report Week 11,GOLD,088691,CMX,NYC,088,GOLD,849700,47046,122366,84390,341515,82082,186305,38804,48648,186934,37763,153754,789159,824932,60541,24768,849700,47046,122366,84390,341515,82082,186305,38804,48648,186934,37763,153754,789159,824932,60541,24768,0,0,0,0,0,0,0,0,0,0,0,0,0,0,0,0,-71417,-3561,-15728,-1918,-10087,6860,-27409,784,-10824,-2865,-6507,-28900,-68616,-64401,-2801,-7016,100.0,5.5,14.4,9.9,40.2,9.7,21.9,4.6,5.7,22.0,4.4,18.1,92.9,97.1,7.1,2.9,100.0,5.5,14.4,9.9,40.2,9.7,21.9,4.6,5.7,22.0,4.4,18.1,92.9,97.1,7.1,2.9,100.0,0.0,0.0,0.0,0.0,0.0,0.0,0.0,0.0,0.0,0.0,0.0,0.0,0.0,0.0,0.0,375,30,24,31,130,39,85,337,232,375,30,24,31,130,39,85,337,232,0,0,0,0,0,0,0,0,0,0,0,0,0,0,17.0,28.0,26.6,41.5,14.3,23.2,20.5,35.1,17.0,28.0,26.6,41.5,14.3,23.2,20.5,35.1,0.0,0.0,0.0,0.0,0.0,0.0,0.0,0.0,(CONTRACTS OF 100 TROY OUNCES),N20,GOLD,PRECIOUS METALS,NATURAL RESOURCES,Combined,21,17,108,19,61,21,17,108,19,61
220315088695C,MICRO GOLD - COMMODITY EXCHANGE INC.,2022-03-15T00:00:00.000,2022 Report Week 11,MICRO GOLD,088695,CMX,NYC,088,GOLD,35921,0,0,0,0,0,870,0,0,8240,15276,11430,20540,26706,15381,9215,35921,0,0,0,0,0,870,0,0,8240,15276,11430,20540,26706,15381,9215,0,0,0,0,0,0,0,0,0,0,0,0,0,0,0,0,,,,,,,,,,,,,,,,,100.0,0.0,0.0,0.0,0.0,0.0,2.4,0.0,0.0,22.9,42.5,31.8,57.2,74.3,42.8,25.7,100.0,0.0,0.0,0.0,0.0,0.0,2.4,0.0,0.0,22.9,42.5,31.8,57.2,74.3,42.8,25.7,100.0,0.0,0.0,0.0,0.0,0.0,0.0,0.0,0.0,0.0,0.0,0.0,0.0,0.0,0.0,0.0,22,0,0,0,13,8,11,18,15,22,0,0,0,13,8,11,18,15,0,0,0,0,0,0,0,0,0,0,0,0,0,0,30.5,57.7,46.1,69.5,15.9,37.1,21.9,42.5,30.5,57.7,46.1,69.5,15.9,37.1,21.9,42.5,0.0,0.0,0.0,0.0,0.0,0.0,0.0,0.0,(CONTRACTS OF 10 TROY OUNCES),N20,GOLD,PRECIOUS METALS,NATURAL RESOURCES,Combined,0,0,,0,0,0,0,,0,0
220308088691C,GOLD - COMMODITY EXCHANGE INC.,2022-03-08T00:00:00.000,2022 Report Week 10,GOLD,088691,CMX,NYC,088,GOLD,921117,50607,138094,86307,351602,75222,213714,38020,59472,189799,44270,182653,857775,889333,63342,31784,921117,50607,138094,86307,351602,75222,213714,38020,59472,189799,44270,182653,857775,889333,63342,31784,0,0,0,0,0,0,0,0,0,0,0,0,0,0,0,0,105131,11382,16566,-616,29063,21182,6294,-1297,-12247,17404,-5523,54294,97693,102038,7438,3093,100.0,5.5,15.0,9.4,38.2,8.2,23.2,4.1,6.5,20.6,4.8,19.8,93.1,96.5,6.9,3.5,100.0,5.5,15.0,9.4,38.2,8.2,23.2,4.1,6.5,20.6,4.8,19.8,93.1,96.5,6.9,3.5,100.0,0.0,0.0,0.0,0.0,0.0,0.0,0.0,0.0,0.0,0.0,0.0,0.0,0.0,0.0,0.0,377,32,25,35,121,49,87,332,243,377,32,25,35,121,49,87,332,243,0,0,0,0,0,0,0,0,0,0,0,0,0,0,17.2,27.3,26.6,40.4,14.1,22.3,20.2,33.3,17.2,27.3,26.6,40.4,14.1,22.3,20.2,33.3,0.0,0.0,0.0,0.0,0.0,0.0,0.0,0.0,(CONTRACTS OF 100 TROY OUNCES),N20,GOLD,PRECIOUS METALS,NATURAL RESOURCES,Combined,20,19,102,21,60,20,19,102,21,60
220301088691C,GOLD - COMMODITY EXCHANGE INC.,2022-03-01T00:00:00.000,2022 Report Week 09,GOLD,088691,CMX,NYC,088,GOLD,815986,39224,121528,86923,322539,54040,207420,39317,71719,172395,49793,128359,760082,787295,55904,28691,815986,39224,121528,86923,322539,54040,207420,39317,71719,172395,49793,128359,760082,787295,55904,28691,0,0,0,0,0,0,0,0,0,0,0,0,0,0,0,0,7156,5117,2191,-1512,12093,-3112,4300,-2823,-7871,-919,-2930,9541,5545,7090,1611,65,100.0,4.8,14.9,10.7,39.5,6.6,25.4,4.8,8.8,21.1,6.1,15.7,93.1,96.5,6.9,3.5,100.0,4.8,14.9,10.7,39.5,6.6,25.4,4.8,8.8,21.1,6.1,15.7,93.1,96.5,6.9,3.5,100.0,0.0,0.0,0.0,0.0,0.0,0.0,0.0,0.0,0.0,0.0,0.0,0.0,0.0,0.0,0.0,377,31,24,29,110,53,85,328,233,377,31,24,29,110,53,85,328,233,0,0,0,0,0,0,0,0,0,0,0,0,0,0,17.9,27.4,27.8,42.0,14.6,23.4,21.4,35.0,17.9,27.4,27.8,42.0,14.6,23.4,21.4,35.0,0.0,0.0,0.0,0.0,0.0,0.0,0.0,0.0,(CONTRACTS OF 100 TROY OUNCES),N20,GOLD,PRECIOUS METALS,NATURAL RESOURCES,Combined,21,18,106,24,55,21,18,106,24,55
220222088691C,GOLD - COMMODITY EXCHANGE INC.,2022-02-22T00:00:00.000,2022 Report Week 08,GOLD,088691,CMX,NYC,088,GOLD,808830,34107,119337,88435,310446,57152,203121,42139,79590,173314,52723,118818,754537,780205,54293,28626,808830,34107,119337,88435,310446,57152,203121,42139,79590,173314,52723,118818,754537,780205,54293,28626,0,0,0,0,0,0,0,0,0,0,0,0,0,0,0,0,91790,3652,12429,-1899,28882,11303,33572,-1762,13805,7390,3914,20891,88715,89463,3074,2326,100.0,4.2,14.8,10.9,38.4,7.1,25.1,5.2,9.8,21.4,6.5,14.7,93.3,96.5,6.7,3.5,100.0,4.2,14.8,10.9,38.4,7.1,25.1,5.2,9.8,21.4,6.5,14.7,93.3,96.5,6.7,3.5,100.0,0.0,0.0,0.0,0.0,0.0,0.0,0.0,0.0,0.0,0.0,0.0,0.0,0.0,0.0,0.0,391,35,22,31,114,54,84,335,246,391,35,22,31,114,54,84,335,246,0,0,0,0,0,0,0,0,0,0,0,0,0,0,17.5,27.0,27.2,41.1,14.4,23.3,21.0,34.7,17.5,27.0,27.2,41.1,14.4,23.3,21.0,34.7,0.0,0.0,0.0,0.0,0.0,0.0,0.0,0.0,(CONTRACTS OF 100 TROY OUNCES),N20,GOLD,PRECIOUS METALS,NATURAL RESOURCES,Combined,20,18,111,30,59,20,18,111,30,59
220215088691C,GOLD - COMMODITY EXCHANGE INC.,2022-02-15T00:00:00.000,2022 Report Week 07,GOLD,088691,CMX,NYC,088,GOLD,717041,30456,106907,90334,281563,45848,169548,43902,65785,165924,48808,97927,665822,690741,51219,26299,717041,30456,106907,90334,281563,45848,169548,43902,65785,165924,48808,97927,665822,690741,51219,26299,0,0,0,0,0,0,0,0,0,0,0,0,0,0,0,0,69940,2810,14706,-1544,18680,4440,34361,-6397,10694,-142,8728,17142,67761,67993,2179,1947,100.0,4.2,14.9,12.6,39.3,6.4,23.6,6.1,9.2,23.1,6.8,13.7,92.9,96.3,7.1,3.7,100.0,4.2,14.9,12.6,39.3,6.4,23.6,6.1,9.2,23.1,6.8,13.7,92.9,96.3,7.1,3.7,100.0,0.0,0.0,0.0,0.0,0.0,0.0,0.0,0.0,0.0,0.0,0.0,0.0,0.0,0.0,0.0,358,32,22,31,103,52,72,305,227,358,32,22,31,103,52,72,305,227,0,0,0,0,0,0,0,0,0,0,0,0,0,0,18.4,27.4,28.1,42.0,15.8,24.1,23.0,36.8,18.4,27.4,28.1,42.0,15.8,24.1,23.0,36.8,0.0,0.0,0.0,0.0,0.0,0.0,0.0,0.0,(CONTRACTS OF 100 TROY OUNCES),N20,GOLD,PRECIOUS METALS,NATURAL RESOURCES,Combined,16,18,91,34,58,16,18,91,34,58
220208088691C,GOLD - COMMODITY EXCHANGE INC.,2022-02-08T00:00:00.000,2022 Report Week 06,GOLD,088691,CMX,NYC,088,GOLD,647101,27645,92201,91878,262884,41408,135187,50298,55091,166066,40080,80786,598061,622749,49040,24352,647101,27645,92201,91878,262884,41408,135187,50298,55091,166066,40080,80786,598061,622749,49040,24352,0,0,0,0,0,0,0,0,0,0,0,0,0,0,0,0,9803,-513,3648,-216,12027,268,12744,-9596,-335,-3474,-2246,3206,11680,6972,-1877,2831,100.0,4.3,14.2,14.2,40.6,6.4,20.9,7.8,8.5,25.7,6.2,12.5,92.4,96.2,7.6,3.8,100.0,4.3,14.2,14.2,40.6,6.4,20.9,7.8,8.5,25.7,6.2,12.5,92.4,96.2,7.6,3.8,100.0,0.0,0.0,0.0,0.0,0.0,0.0,0.0,0.0,0.0,0.0,0.0,0.0,0.0,0.0,0.0,347,27,23,31,111,44,64,299,215,347,27,23,31,111,44,64,299,215,0,0,0,0,0,0,0,0,0,0,0,0,0,0,19.1,28.2,29.0,43.4,17.3,24.6,25.3,38.8,19.1,28.2,29.0,43.4,17.3,24.6,25.3,38.8,0.0,0.0,0.0,0.0,0.0,0.0,0.0,0.0,(CONTRACTS OF 100 TROY OUNCES),N20,GOLD,PRECIOUS METALS,NATURAL RESOURCES,Combined,17,17,82,38,59,17,17,82,38,59
220201088691C,GOLD - COMMODITY EXCHANGE INC.,2022-02-01T00:00:00.000,2022 Report Week 05,GOLD,088691,CMX,NYC,088,GOLD,637298,28158,88553,92093,250856,41141,122443,59895,55426,169540,42327,77580,586381,615777,50917,21521,637298,28158,88553,92093,250856,41141,122443,59895,55426,169540,42327,77580,586381,615777,50917,21521,0,0,0,0,0,0,0,0,0,0,0,0,0,0,0,0,-86121,-3422,-20309,10936,-28349,-16396,-36220,18940,-10036,-5280,-4420,-20828,-81245,-81398,-4877,-4723,100.0,4.4,13.9,14.5,39.4,6.5,19.2,9.4,8.7,26.6,6.6,12.2,92.0,96.6,8.0,3.4,100.0,4.4,13.9,14.5,39.4,6.5,19.2,9.4,8.7,26.6,6.6,12.2,92.0,96.6,8.0,3.4,100.0,0.0,0.0,0.0,0.0,0.0,0.0,0.0,0.0,0.0,0.0,0.0,0.0,0.0,0.0,0.0,345,27,24,28,119,38,65,295,209,345,27,24,28,119,38,65,295,209,0,0,0,0,0,0,0,0,0,0,0,0,0,0,19.2,27.5,29.1,43.3,17.2,24.1,25.6,38.5,19.2,27.5,29.1,43.3,17.2,24.1,25.6,38.5,0.0,0.0,0.0,0.0,0.0,0.0,0.0,0.0,(CONTRACTS OF 100 TROY OUNCES),N20,GOLD,PRECIOUS METALS,NATURAL RESOURCES,Combined,17,17,79,35,53,17,17,79,35,53
220125088691C,GOLD - COMMODITY EXCHANGE INC.,2022-01-25T00:00:00.000,2022 Report Week 04,GOLD,088691,CMX,NYC,088,GOLD,723419,31580,108863,81157,279205,57536,158663,40955,65463,174820,46746,98407,667626,697176,55793,26244,723419,31580,108863,81157,279205,57536,158663,40955,65463,174820,46746,98407,667626,697176,55793,26244,0,0,0,0,0,0,0,0,0,0,0,0,0,0,0,0,27217,-17998,-662,-3447,16442,8439,24091,-9078,-4604,3971,2299,12389,22841,25225,4377,1992,100.0,4.4,15.0,11.2,38.6,8.0,21.9,5.7,9.0,24.2,6.5,13.6,92.3,96.4,7.7,3.6,100.0,4.4,15.0,11.2,38.6,8.0,21.9,5.7,9.0,24.2,6.5,13.6,92.3,96.4,7.7,3.6,100.0,0.0,0.0,0.0,0.0,0.0,0.0,0.0,0.0,0.0,0.0,0.0,0.0,0.0,0.0,0.0,357,28,24,31,111,43,67,308,218,357,28,24,31,111,43,67,308,218,0,0,0,0,0,0,0,0,0,0,0,0,0,0,18.2,27.0,27.3,41.0,16.6,23.2,23.3,35.6,18.2,27.0,27.3,41.0,16.6,23.2,23.3,35.6,0.0,0.0,0.0,0.0,0.0,0.0,0.0,0.0,(CONTRACTS OF 100 TROY OUNCES),N20,GOLD,PRECIOUS METALS,NATURAL RESOURCES,Combined,18,18,93,32,56,18,18,93,32,56
220118088691C,GOLD - COMMODITY EXCHANGE INC.,2022-01-18T00:00:00.000,2022 Report Week 03,GOLD,088691,CMX,NYC,088,GOLD,696202,49578,109525,84605,262763,49097,134572,50033,70066,170848,44447,86018,644785,671950,51417,24252,696202,49578,109525,84605,262763,49097,134572,50033,70066,170848,44447,86018,644785,671950,51417,24252,0,0,0,0,0,0,0,0,0,0,0,0,0,0,0,0,-3210,3467,3737,5173,1795,7447,80,3400,-9206,-72,1238,-9087,-2197,-675,-1013,-2534,100.0,7.1,15.7,12.2,37.7,7.1,19.3,7.2,10.1,24.5,6.4,12.4,92.6,96.5,7.4,3.5,100.0,7.1,15.7,12.2,37.7,7.1,19.3,7.2,10.1,24.5,6.4,12.4,92.6,96.5,7.4,3.5,100.0,0.0,0.0,0.0,0.0,0.0,0.0,0.0,0.0,0.0,0.0,0.0,0.0,0.0,0.0,0.0,350,25,26,31,105,47,69,305,220,350,25,26,31,105,47,69,305,220,0,0,0,0,0,0,0,0,0,0,0,0,0,0,22.5,27.1,32.0,42.0,16.9,21.0,24.4,34.3,22.5,27.1,32.0,42.0,16.9,21.0,24.4,34.3,0.0,0.0,0.0,0.0,0.0,0.0,0.0,0.0,(CONTRACTS OF 100 TROY OUNCES),N20,GOLD,PRECIOUS METALS,NATURAL RESOURCES,Combined,16,20,81,39,62,16,20,81,39,62
220111088691C,GOLD - COMMODITY EXCHANGE INC.,2022-01-11T00:00:00.000,2022 Report Week 02,GOLD,088691,CMX,NYC,088,GOLD,699412,46111,105788,79432,260968,41650,134492,46633,79272,170920,43209,95105,646982,672626,52430,26786,699412,46111,105788,79432,260968,41650,134492,46633,79272,170920,43209,95105,646982,672626,52430,26786,0,0,0,0,0,0,0,0,0,0,0,0,0,0,0,0,49167,4376,1998,7151,-2720,2231,-5590,1493,14151,-1976,2572,25535,45878,45259,3289,3908,100.0,6.6,15.1,11.4,37.3,6.0,19.2,6.7,11.3,24.4,6.2,13.6,92.5,96.2,7.5,3.8,100.0,6.6,15.1,11.4,37.3,6.0,19.2,6.7,11.3,24.4,6.2,13.6,92.5,96.2,7.5,3.8,100.0,0.0,0.0,0.0,0.0,0.0,0.0,0.0,0.0,0.0,0.0,0.0,0.0,0.0,0.0,0.0,350,23,27,32,106,47,73,305,226,350,23,27,32,106,47,73,305,226,0,0,0,0,0,0,0,0,0,0,0,0,0,0,22.2,26.5,33.1,41.9,17.4,20.8,24.5,34.2,22.2,26.5,33.1,41.9,17.4,20.8,24.5,34.2,0.0,0.0,0.0,0.0,0.0,0.0,0.0,0.0,(CONTRACTS OF 100 TROY OUNCES),N20,GOLD,PRECIOUS METALS,NATURAL RESOURCES,Combined,16,20,80,38,64,16,20,80,38,64
220104088691C,GOLD - COMMODITY EXCHANGE INC.,2022-01-04T00:00:00.000,2022 Report Week 01,GOLD,088691,CMX,NYC,088,GOLD,650245,41735,103790,72281,263689,39419,140082,45140,65122,172896,40638,69570,601104,627367,49140,22878,650245,41735,103790,72281,263689,39419,140082,45140,65122,172896,40638,69570,601104,627367,49140,22878,0,0,0,0,0,0,0,0,0,0,0,0,0,0,0,0,-182,1481,-2419,420,-2741,951,-5963,-2070,4797,-1365,-4551,4714,5035,-1318,-5217,1136,100.0,6.4,16.0,11.1,40.6,6.1,21.5,6.9,10.0,26.6,6.2,10.7,92.4,96.5,7.6,3.5,100.0,6.4,16.0,11.1,40.6,6.1,21.5,6.9,10.0,26.6,6.2,10.7,92.4,96.5,7.6,3.5,100.0,0.0,0.0,0.0,0.0,0.0,0.0,0.0,0.0,0.0,0.0,0.0,0.0,0.0,0.0,0.0,345,26,28,29,112,40,70,293,217,345,26,28,29,112,40,70,293,217,0,0,0,0,0,0,0,0,0,0,0,0,0,0,23.6,28.3,34.0,44.3,19.3,22.4,26.5,37.0,23.6,28.3,34.0,44.3,19.3,22.4,26.5,37.0,0.0,0.0,0.0,0.0,0.0,0.0,0.0,0.0,(CONTRACTS OF 100 TROY OUNCES),N20,GOLD,PRECIOUS METALS,NATURAL RESOURCES,Combined,16,19,76,35,55,16,19,76,35,55
211228088691C,GOLD - COMMODITY EXCHANGE INC.,2021-12-28T00:00:00.000,2021 Report Week 52,GOLD,088691,CMX,NYC,088,GOLD,650426,40254,106208,71861,266429,38467,146045,47210,60325,174261,45189,64856,596069,628685,54357,21741,650426,40254,106208,71861,266429,38467,146045,47210,60325,174261,45189,64856,596069,628685,54357,21741,0,0,0,0,0,0,0,0,0,0,0,0,0,0,0,0,-601,224,3980,-818,8817,-3943,8221,-6022,708,2044,4883,-8142,-1704,281,1103,-882,100.0,6.2,16.3,11.0,41.0,5.9,22.5,7.3,9.3,26.8,6.9,10.0,91.6,96.7,8.4,3.3,100.0,6.2,16.3,11.0,41.0,5.9,22.5,7.3,9.3,26.8,6.9,10.0,91.6,96.7,8.4,3.3,100.0,0.0,0.0,0.0,0.0,0.0,0.0,0.0,0.0,0.0,0.0,0.0,0.0,0.0,0.0,0.0,329,24,26,29,106,37,57,279,202,329,24,26,29,106,37,57,279,202,0,0,0,0,0,0,0,0,0,0,0,0,0,0,23.7,28.8,34.7,45.2,20.1,23.1,27.3,38.0,23.7,28.8,34.7,45.2,20.1,23.1,27.3,38.0,0.0,0.0,0.0,0.0,0.0,0.0,0.0,0.0,(CONTRACTS OF 100 TROY OUNCES),N20,GOLD,PRECIOUS METALS,NATURAL RESOURCES,Combined,15,19,83,27,56,15,19,83,27,56
211221088691C,GOLD - COMMODITY EXCHANGE INC.,2021-12-21T00:00:00.000,2021 Report Week 51,GOLD,088691,CMX,NYC,088,GOLD,651027,40030,102229,72680,257612,42411,137823,53232,59616,172217,40306,72998,597774,628404,53254,22624,651027,40030,102229,72680,257612,42411,137823,53232,59616,172217,40306,72998,597774,628404,53254,22624,0,0,0,0,0,0,0,0,0,0,0,0,0,0,0,0,-2688,763,5943,-1981,-895,-1323,3215,-5886,332,-3125,777,-709,-2828,-1760,141,-928,100.0,6.1,15.7,11.2,39.6,6.5,21.2,8.2,9.2,26.5,6.2,11.2,91.8,96.5,8.2,3.5,100.0,6.1,15.7,11.2,39.6,6.5,21.2,8.2,9.2,26.5,6.2,11.2,91.8,96.5,8.2,3.5,100.0,0.0,0.0,0.0,0.0,0.0,0.0,0.0,0.0,0.0,0.0,0.0,0.0,0.0,0.0,0.0,333,23,26,29,105,38,60,285,211,333,23,26,29,105,38,60,285,211,0,0,0,0,0,0,0,0,0,0,0,0,0,0,23.1,28.5,34.1,44.5,19.7,22.4,27.1,37.3,23.1,28.5,34.1,44.5,19.7,22.4,27.1,37.3,0.0,0.0,0.0,0.0,0.0,0.0,0.0,0.0,(CONTRACTS OF 100 TROY OUNCES),N20,GOLD,PRECIOUS METALS,NATURAL RESOURCES,Combined,19,19,80,34,62,19,19,80,34,62
211214088691C,GOLD - COMMODITY EXCHANGE INC.,2021-12-14T00:00:00.000,2021 Report Week 50,GOLD,088691,CMX,NYC,088,GOLD,653715,39267,96286,74661,258507,43733,134609,59119,59284,175342,39529,73707,600602,630164,53113,23551,653715,39267,96286,74661,258507,43733,134609,59119,59284,175342,39529,73707,600602,630164,53113,23551,0,0,0,0,0,0,0,0,0,0,0,0,0,0,0,0,-1327,-1748,-4591,-273,-11834,2426,-4281,13651,-1906,1803,-1088,1055,-2924,-2287,1596,960,100.0,6.0,14.7,11.4,39.5,6.7,20.6,9.0,9.1,26.8,6.0,11.3,91.9,96.4,8.1,3.6,100.0,6.0,14.7,11.4,39.5,6.7,20.6,9.0,9.1,26.8,6.0,11.3,91.9,96.4,8.1,3.6,100.0,0.0,0.0,0.0,0.0,0.0,0.0,0.0,0.0,0.0,0.0,0.0,0.0,0.0,0.0,0.0,335,24,28,31,108,35,58,288,210,335,24,28,31,108,35,58,288,210,0,0,0,0,0,0,0,0,0,0,0,0,0,0,22.6,28.0,33.5,43.9,19.4,21.9,26.8,36.8,22.6,28.0,33.5,43.9,19.4,21.9,26.8,36.8,0.0,0.0,0.0,0.0,0.0,0.0,0.0,0.0,(CONTRACTS OF 100 TROY OUNCES),N20,GOLD,PRECIOUS METALS,NATURAL RESOURCES,Combined,20,19,73,37,61,20,19,73,37,61
211207088691C,GOLD - COMMODITY EXCHANGE INC.,2021-12-07T00:00:00.000,2021 Report Week 49,GOLD,088691,CMX,NYC,088,GOLD,655042,41014,100876,74934,270341,41307,138890,45468,61190,173538,40617,72652,603525,632451,51517,22592,655042,41014,100876,74934,270341,41307,138890,45468,61190,173538,40617,72652,603525,632451,51517,22592,0,0,0,0,0,0,0,0,0,0,0,0,0,0,0,0,-30362,-1121,-563,5124,-8624,-18066,-12287,-717,112,3450,416,-2868,-25656,-30312,-4706,-50,100.0,6.3,15.4,11.4,41.3,6.3,21.2,6.9,9.3,26.5,6.2,11.1,92.1,96.6,7.9,3.4,100.0,6.3,15.4,11.4,41.3,6.3,21.2,6.9,9.3,26.5,6.2,11.1,92.1,96.6,7.9,3.4,100.0,0.0,0.0,0.0,0.0,0.0,0.0,0.0,0.0,0.0,0.0,0.0,0.0,0.0,0.0,0.0,330,27,27,29,99,41,56,285,203,330,27,27,29,99,41,56,285,203,0,0,0,0,0,0,0,0,0,0,0,0,0,0,23.0,29.1,34.0,45.3,19.5,22.6,27.0,37.7,23.0,29.1,34.0,45.3,19.5,22.6,27.0,37.7,0.0,0.0,0.0,0.0,0.0,0.0,0.0,0.0,(CONTRACTS OF 100 TROY OUNCES),N20,GOLD,PRECIOUS METALS,NATURAL RESOURCES,Combined,22,19,84,25,58,22,19,84,25,58
211130088691C,GOLD - COMMODITY EXCHANGE INC.,2021-11-30T00:00:00.000,2021 Report Week 48,GOLD,088691,CMX,NYC,088,GOLD,685404,42135,101440,69810,278966,59373,151177,46185,61078,170088,40201,75520,629182,662762,56223,22642,685404,42135,101440,69810,278966,59373,151177,46185,61078,170088,40201,75520,629182,662762,56223,22642,0,0,0,0,0,0,0,0,0,0,0,0,0,0,0,0,-25983,-1540,-16595,2023,4751,53,-15008,-1272,1848,-3184,-5458,-6640,-22449,-23312,-3534,-2671,100.0,6.1,14.8,10.2,40.7,8.7,22.1,6.7,8.9,24.8,5.9,11.0,91.8,96.7,8.2,3.3,100.0,6.1,14.8,10.2,40.7,8.7,22.1,6.7,8.9,24.8,5.9,11.0,91.8,96.7,8.2,3.3,100.0,0.0,0.0,0.0,0.0,0.0,0.0,0.0,0.0,0.0,0.0,0.0,0.0,0.0,0.0,0.0,327,23,29,30,104,36,58,286,193,327,23,29,30,104,36,58,286,193,0,0,0,0,0,0,0,0,0,0,0,0,0,0,21.9,28.6,33.2,44.4,18.2,22.0,25.6,36.4,21.9,28.6,33.2,44.4,18.2,22.0,25.6,36.4,0.0,0.0,0.0,0.0,0.0,0.0,0.0,0.0,(CONTRACTS OF 100 TROY OUNCES),N20,GOLD,PRECIOUS METALS,NATURAL RESOURCES,Combined,20,18,87,23,50,20,18,87,23,50
211123088691C,GOLD - COMMODITY EXCHANGE INC.,2021-11-23T00:00:00.000,2021 Report Week 47,GOLD,088691,CMX,NYC,088,GOLD,711387,43675,118035,67787,274214,59320,166186,47457,59231,173272,45658,82160,651631,686075,59756,25313,711387,43675,118035,67787,274214,59320,166186,47457,59231,173272,45658,82160,651631,686075,59756,25313,0,0,0,0,0,0,0,0,0,0,0,0,0,0,0,0,-125752,-12455,-17749,397,-24962,-12195,-42165,3151,-29193,-1589,-9830,-30598,-127797,-121375,2045,-4376,100.0,6.1,16.6,9.5,38.5,8.3,23.4,6.7,8.3,24.4,6.4,11.5,91.6,96.4,8.4,3.6,100.0,6.1,16.6,9.5,38.5,8.3,23.4,6.7,8.3,24.4,6.4,11.5,91.6,96.4,8.4,3.6,100.0,0.0,0.0,0.0,0.0,0.0,0.0,0.0,0.0,0.0,0.0,0.0,0.0,0.0,0.0,0.0,346,23,27,33,116,41,67,304,205,346,23,27,33,116,41,67,304,205,0,0,0,0,0,0,0,0,0,0,0,0,0,0,21.5,28.5,32.4,43.1,17.5,22.7,24.9,36.1,21.5,28.5,32.4,43.1,17.5,22.7,24.9,36.1,0.0,0.0,0.0,0.0,0.0,0.0,0.0,0.0,(CONTRACTS OF 100 TROY OUNCES),N20,GOLD,PRECIOUS METALS,NATURAL RESOURCES,Combined,21,19,86,23,48,21,19,86,23,48
211123088695C,MICRO GOLD - COMMODITY EXCHANGE INC.,2021-11-23T00:00:00.000,2021 Report Week 47,MICRO GOLD,088695,CMX,NYC,088,GOLD,32929,0,0,0,0,0,2071,1175,20,6355,17947,6079,14525,25221,18404,7708,32929,0,0,0,0,0,2071,1175,20,6355,17947,6079,14525,25221,18404,7708,0,0,0,0,0,0,0,0,0,0,0,0,0,0,0,0,5230,0,0,0,0,0,194,475,-51,406,5913,1786,2335,8123,2895,-2893,100.0,0.0,0.0,0.0,0.0,0.0,6.3,3.6,0.1,19.3,54.5,18.5,44.1,76.6,55.9,23.4,100.0,0.0,0.0,0.0,0.0,0.0,6.3,3.6,0.1,19.3,54.5,18.5,44.1,76.6,55.9,23.4,100.0,0.0,0.0,0.0,0.0,0.0,0.0,0.0,0.0,0.0,0.0,0.0,0.0,0.0,0.0,0.0,21,0,0,0,8,9,10,16,16,21,0,0,0,8,9,10,16,16,0,0,0,0,0,0,0,0,0,0,0,0,0,0,27.4,51.2,37.9,67.4,17.6,45.9,24.3,57.0,27.4,51.2,37.9,67.4,17.6,45.9,24.3,57.0,0.0,0.0,0.0,0.0,0.0,0.0,0.0,0.0,(CONTRACTS OF 10 TROY OUNCES),N20,GOLD,PRECIOUS METALS,NATURAL RESOURCES,Combined,0,0,,,,0,0,,,
211116088691C,GOLD - COMMODITY EXCHANGE INC.,2021-11-16T00:00:00.000,2021 Report Week 46,GOLD,088691,CMX,NYC,088,GOLD,837139,56130,135783,67391,299176,71514,208350,44307,88423,174861,55488,112758,779428,807450,57711,29689,837139,56130,135783,67391,299176,71514,208350,44307,88423,174861,55488,112758,779428,807450,57711,29689,0,0,0,0,0,0,0,0,0,0,0,0,0,0,0,0,61753,4197,14035,-300,7651,20874,18335,610,10855,2517,5265,2763,59240,62053,2513,-299,100.0,6.7,16.2,8.1,35.7,8.5,24.9,5.3,10.6,20.9,6.6,13.5,93.1,96.5,6.9,3.5,100.0,6.7,16.2,8.1,35.7,8.5,24.9,5.3,10.6,20.9,6.6,13.5,93.1,96.5,6.9,3.5,100.0,0.0,0.0,0.0,0.0,0.0,0.0,0.0,0.0,0.0,0.0,0.0,0.0,0.0,0.0,0.0,395,31,32,34,122,53,81,339,235,395,31,32,34,122,53,81,339,235,0,0,0,0,0,0,0,0,0,0,0,0,0,0,20.0,27.3,32.1,41.7,15.5,20.8,21.7,32.1,20.0,27.3,32.1,41.7,15.5,20.8,21.7,32.1,0.0,0.0,0.0,0.0,0.0,0.0,0.0,0.0,(CONTRACTS OF 100 TROY OUNCES),N20,GOLD,PRECIOUS METALS,NATURAL RESOURCES,Combined,21,16,105,27,49,21,16,105,27,49
211116088695C,MICRO GOLD - COMMODITY EXCHANGE INC.,2021-11-16T00:00:00.000,2021 Report Week 46,MICRO GOLD,088695,CMX,NYC,088,GOLD,27699,0,0,0,0,0,1877,700,71,5949,12034,4293,12190,17098,15509,10601,27699,0,0,0,0,0,1877,700,71,5949,12034,4293,12190,17098,15509,10601,0,0,0,0,0,0,0,0,0,0,0,0,0,0,0,0,,,,,,,,,,,,,,,,,100.0,0.0,0.0,0.0,0.0,0.0,6.8,2.5,0.3,21.5,43.4,15.5,44.0,61.7,56.0,38.3,100.0,0.0,0.0,0.0,0.0,0.0,6.8,2.5,0.3,21.5,43.4,15.5,44.0,61.7,56.0,38.3,100.0,0.0,0.0,0.0,0.0,0.0,0.0,0.0,0.0,0.0,0.0,0.0,0.0,0.0,0.0,0.0,20,0,0,0,7,8,11,17,16,20,0,0,0,7,8,11,17,16,0,0,0,0,0,0,0,0,0,0,0,0,0,0,29.4,40.1,37.9,54.5,19.5,35.8,25.7,45.5,29.4,40.1,37.9,54.5,19.5,35.8,25.7,45.5,0.0,0.0,0.0,0.0,0.0,0.0,0.0,0.0,(CONTRACTS OF 10 TROY OUNCES),N20,GOLD,PRECIOUS METALS,NATURAL RESOURCES,Combined,0,0,4,,,0,0,4,,
211109088691C,GOLD - COMMODITY EXCHANGE INC.,2021-11-09T00:00:00.000,2021 Report Week 45,GOLD,088691,CMX,NYC,088,GOLD,775386,51934,121749,67691,291525,50641,190015,43696,77568,172344,50223,109996,720188,745397,55198,29988,775386,51934,121749,67691,291525,50641,190015,43696,77568,172344,50223,109996,720188,745397,55198,29988,0,0,0,0,0,0,0,0,0,0,0,0,0,0,0,0,101990,8286,17337,-2945,30348,7423,38254,-9177,14131,143,4731,31986,97277,96779,4713,5211,100.0,6.7,15.7,8.7,37.6,6.5,24.5,5.6,10.0,22.2,6.5,14.2,92.9,96.1,7.1,3.9,100.0,6.7,15.7,8.7,37.6,6.5,24.5,5.6,10.0,22.2,6.5,14.2,92.9,96.1,7.1,3.9,100.0,0.0,0.0,0.0,0.0,0.0,0.0,0.0,0.0,0.0,0.0,0.0,0.0,0.0,0.0,0.0,375,26,32,33,111,56,74,315,236,375,26,32,33,111,56,74,315,236,0,0,0,0,0,0,0,0,0,0,0,0,0,0,21.0,27.7,32.7,42.2,16.7,21.4,23.6,33.2,21.0,27.7,32.7,42.2,16.7,21.4,23.6,33.2,0.0,0.0,0.0,0.0,0.0,0.0,0.0,0.0,(CONTRACTS OF 100 TROY OUNCES),N20,GOLD,PRECIOUS METALS,NATURAL RESOURCES,Combined,18,14,97,30,58,18,14,97,30,58
211102088691C,GOLD - COMMODITY EXCHANGE INC.,2021-11-02T00:00:00.000,2021 Report Week 44,GOLD,088691,CMX,NYC,088,GOLD,673396,43648,104411,70636,261177,43218,151761,52873,63437,172201,45492,78010,622911,648619,50485,24777,673396,43648,104411,70636,261177,43218,151761,52873,63437,172201,45492,78010,622911,648619,50485,24777,0,0,0,0,0,0,0,0,0,0,0,0,0,0,0,0,-326,-290,1227,-670,-2326,-893,-5418,-3055,9887,1262,-1255,-2602,1276,983,-1602,-1309,100.0,6.5,15.5,10.5,38.8,6.4,22.5,7.9,9.4,25.6,6.8,11.6,92.5,96.3,7.5,3.7,100.0,6.5,15.5,10.5,38.8,6.4,22.5,7.9,9.4,25.6,6.8,11.6,92.5,96.3,7.5,3.7,100.0,0.0,0.0,0.0,0.0,0.0,0.0,0.0,0.0,0.0,0.0,0.0,0.0,0.0,0.0,0.0,361,22,32,32,109,57,80,307,231,361,22,32,32,109,57,80,307,231,0,0,0,0,0,0,0,0,0,0,0,0,0,0,22.7,28.7,34.0,43.6,18.6,22.4,26.5,35.8,22.7,28.7,34.0,43.6,18.6,22.4,26.5,35.8,0.0,0.0,0.0,0.0,0.0,0.0,0.0,0.0,(CONTRACTS OF 100 TROY OUNCES),N20,GOLD,PRECIOUS METALS,NATURAL RESOURCES,Combined,18,17,77,39,54,18,17,77,39,54
211026088691C,GOLD - COMMODITY EXCHANGE INC.,2021-10-26T00:00:00.000,2021 Report Week 43,GOLD,088691,CMX,NYC,088,GOLD,673722,43938,103185,71306,263503,44111,157179,55928,53550,170939,46747,80612,621635,647636,52087,26086,673722,43938,103185,71306,263503,44111,157179,55928,53550,170939,46747,80612,621635,647636,52087,26086,0,0,0,0,0,0,0,0,0,0,0,0,0,0,0,0,56806,14668,17930,-3855,18132,-2299,20727,-11243,24478,-317,5655,2125,55528,54779,1278,2027,100.0,6.5,15.3,10.6,39.1,6.5,23.3,8.3,7.9,25.4,6.9,12.0,92.3,96.1,7.7,3.9,100.0,6.5,15.3,10.6,39.1,6.5,23.3,8.3,7.9,25.4,6.9,12.0,92.3,96.1,7.7,3.9,100.0,0.0,0.0,0.0,0.0,0.0,0.0,0.0,0.0,0.0,0.0,0.0,0.0,0.0,0.0,0.0,362,24,32,28,118,50,76,307,222,362,24,32,28,118,50,76,307,222,0,0,0,0,0,0,0,0,0,0,0,0,0,0,22.7,28.6,33.7,43.7,18.3,22.6,26.2,35.8,22.7,28.6,33.7,43.7,18.3,22.6,26.2,35.8,0.0,0.0,0.0,0.0,0.0,0.0,0.0,0.0,(CONTRACTS OF 100 TROY OUNCES),N20,GOLD,PRECIOUS METALS,NATURAL RESOURCES,Combined,18,17,82,31,52,18,17,82,31,52
211019088691C,GOLD - COMMODITY EXCHANGE INC.,2021-10-19T00:00:00.000,2021 Report Week 42,GOLD,088691,CMX,NYC,088,GOLD,616916,29270,85254,75161,245371,46409,136452,67171,29073,171256,41091,78486,566107,592856,50809,24060,616916,29270,85254,75161,245371,46409,136452,67171,29073,171256,41091,78486,566107,592856,50809,24060,0,0,0,0,0,0,0,0,0,0,0,0,0,0,0,0,2639,-2003,1681,-1054,7355,-701,-7022,-6486,-404,8357,-302,3002,176,4146,2463,-1507,100.0,4.7,13.8,12.2,39.8,7.5,22.1,10.9,4.7,27.8,6.7,12.7,91.8,96.1,8.2,3.9,100.0,4.7,13.8,12.2,39.8,7.5,22.1,10.9,4.7,27.8,6.7,12.7,91.8,96.1,8.2,3.9,100.0,0.0,0.0,0.0,0.0,0.0,0.0,0.0,0.0,0.0,0.0,0.0,0.0,0.0,0.0,0.0,350,22,32,30,114,48,74,298,218,350,22,32,30,114,48,74,298,218,0,0,0,0,0,0,0,0,0,0,0,0,0,0,21.8,28.0,31.8,43.4,19.2,24.2,28.0,37.9,21.8,28.0,31.8,43.4,19.2,24.2,28.0,37.9,0.0,0.0,0.0,0.0,0.0,0.0,0.0,0.0,(CONTRACTS OF 100 TROY OUNCES),N20,GOLD,PRECIOUS METALS,NATURAL RESOURCES,Combined,19,17,71,37,50,19,17,71,37,50
211012088691C,GOLD - COMMODITY EXCHANGE INC.,2021-10-12T00:00:00.000,2021 Report Week 41,GOLD,088691,CMX,NYC,088,GOLD,614277,31274,83573,76215,238017,47110,143474,73657,29476,162899,41393,75484,565931,588710,48346,25567,614277,31274,83573,76215,238017,47110,143474,73657,29476,162899,41393,75484,565931,588710,48346,25567,0,0,0,0,0,0,0,0,0,0,0,0,0,0,0,0,3794,182,4207,160,-1885,-2619,2883,908,2848,-1359,-882,2106,4202,4684,-408,-890,100.0,5.1,13.6,12.4,38.7,7.7,23.4,12.0,4.8,26.5,6.7,12.3,92.1,95.8,7.9,4.2,100.0,5.1,13.6,12.4,38.7,7.7,23.4,12.0,4.8,26.5,6.7,12.3,92.1,95.8,7.9,4.2,100.0,0.0,0.0,0.0,0.0,0.0,0.0,0.0,0.0,0.0,0.0,0.0,0.0,0.0,0.0,0.0,355,22,31,30,100,55,75,301,225,355,22,31,30,100,55,75,301,225,0,0,0,0,0,0,0,0,0,0,0,0,0,0,21.8,28.2,31.8,43.5,19.1,24.3,27.8,37.8,21.8,28.2,31.8,43.5,19.1,24.3,27.8,37.8,0.0,0.0,0.0,0.0,0.0,0.0,0.0,0.0,(CONTRACTS OF 100 TROY OUNCES),N20,GOLD,PRECIOUS METALS,NATURAL RESOURCES,Combined,20,18,76,42,54,20,18,76,42,54
211005088691C,GOLD - COMMODITY EXCHANGE INC.,2021-10-05T00:00:00.000,2021 Report Week 40,GOLD,088691,CMX,NYC,088,GOLD,610483,31091,79366,76055,239902,49729,140590,72749,26628,164258,42275,73378,561729,584026,48754,26457,610483,31091,79366,76055,239902,49729,140590,72749,26628,164258,42275,73378,561729,584026,48754,26457,0,0,0,0,0,0,0,0,0,0,0,0,0,0,0,0,2075,-1960,883,4209,17652,-9672,10408,-15311,-215,-5484,3126,5629,2916,2092,-841,-17,100.0,5.1,13.0,12.5,39.3,8.1,23.0,11.9,4.4,26.9,6.9,12.0,92.0,95.7,8.0,4.3,100.0,5.1,13.0,12.5,39.3,8.1,23.0,11.9,4.4,26.9,6.9,12.0,92.0,95.7,8.0,4.3,100.0,0.0,0.0,0.0,0.0,0.0,0.0,0.0,0.0,0.0,0.0,0.0,0.0,0.0,0.0,0.0,342,22,31,27,109,44,75,295,216,342,22,31,27,109,44,75,295,216,0,0,0,0,0,0,0,0,0,0,0,0,0,0,22.2,28.5,32.4,43.8,19.5,24.6,28.3,38.1,22.2,28.5,32.4,43.8,19.5,24.6,28.3,38.1,0.0,0.0,0.0,0.0,0.0,0.0,0.0,0.0,(CONTRACTS OF 100 TROY OUNCES),N20,GOLD,PRECIOUS METALS,NATURAL RESOURCES,Combined,20,15,74,38,55,20,15,74,38,55
210928088691C,GOLD - COMMODITY EXCHANGE INC.,2021-09-28T00:00:00.000,2021 Report Week 39,GOLD,088691,CMX,NYC,088,GOLD,608409,33052,78483,71846,222250,59400,130182,88059,26844,169741,39149,67749,558814,581934,49595,26475,608409,33052,78483,71846,222250,59400,130182,88059,26844,169741,39149,67749,558814,581934,49595,26475,0,0,0,0,0,0,0,0,0,0,0,0,0,0,0,0,-15098,753,-3889,179,-20134,1661,-3146,16325,-942,-1531,1268,-10555,-13581,-16266,-1517,1169,100.0,5.4,12.9,11.8,36.5,9.8,21.4,14.5,4.4,27.9,6.4,11.1,91.8,95.6,8.2,4.4,100.0,5.4,12.9,11.8,36.5,9.8,21.4,14.5,4.4,27.9,6.4,11.1,91.8,95.6,8.2,4.4,100.0,0.0,0.0,0.0,0.0,0.0,0.0,0.0,0.0,0.0,0.0,0.0,0.0,0.0,0.0,0.0,341,23,27,27,106,40,68,291,218,341,23,27,27,106,40,68,291,218,0,0,0,0,0,0,0,0,0,0,0,0,0,0,21.8,27.5,32.3,42.6,19.6,23.7,27.9,36.6,21.8,27.5,32.3,42.6,19.6,23.7,27.9,36.6,0.0,0.0,0.0,0.0,0.0,0.0,0.0,0.0,(CONTRACTS OF 100 TROY OUNCES),N20,GOLD,PRECIOUS METALS,NATURAL RESOURCES,Combined,21,21,67,48,60,21,21,67,48,60
210921088691C,GOLD - COMMODITY EXCHANGE INC.,2021-09-21T00:00:00.000,2021 Report Week 38,GOLD,088691,CMX,NYC,088,GOLD,623506,32299,82372,71667,242384,57739,133328,71734,27786,171272,37881,78304,572395,598201,51112,25306,623506,32299,82372,71667,242384,57739,133328,71734,27786,171272,37881,78304,572395,598201,51112,25306,0,0,0,0,0,0,0,0,0,0,0,0,0,0,0,0,-10705,1402,-6647,-362,-17488,420,-13634,12167,-865,-1555,-3438,4420,-10173,-11430,-532,725,100.0,5.2,13.2,11.5,38.9,9.3,21.4,11.5,4.5,27.5,6.1,12.6,91.8,95.9,8.2,4.1,100.0,5.2,13.2,11.5,38.9,9.3,21.4,11.5,4.5,27.5,6.1,12.6,91.8,95.9,8.2,4.1,100.0,0.0,0.0,0.0,0.0,0.0,0.0,0.0,0.0,0.0,0.0,0.0,0.0,0.0,0.0,0.0,342,19,32,30,106,46,74,292,222,342,19,32,30,106,46,74,292,222,0,0,0,0,0,0,0,0,0,0,0,0,0,0,21.7,28.5,32.3,43.6,19.7,24.5,27.7,37.5,21.7,28.5,32.3,43.6,19.7,24.5,27.7,37.5,0.0,0.0,0.0,0.0,0.0,0.0,0.0,0.0,(CONTRACTS OF 100 TROY OUNCES),N20,GOLD,PRECIOUS METALS,NATURAL RESOURCES,Combined,19,18,66,44,58,19,18,66,44,58
210914088691C,GOLD - COMMODITY EXCHANGE INC.,2021-09-14T00:00:00.000,2021 Report Week 37,GOLD,088691,CMX,NYC,088,GOLD,634212,30897,89019,72028,259872,57319,146962,59567,28651,172827,41319,73884,582568,609630,51643,24581,634212,30897,89019,72028,259872,57319,146962,59567,28651,172827,41319,73884,582568,609630,51643,24581,0,0,0,0,0,0,0,0,0,0,0,0,0,0,0,0,-2393,-1109,393,-111,-3178,65,2246,-1610,1020,-133,1111,-1736,242,-3934,-2635,1541,100.0,4.9,14.0,11.4,41.0,9.0,23.2,9.4,4.5,27.3,6.5,11.6,91.9,96.1,8.1,3.9,100.0,4.9,14.0,11.4,41.0,9.0,23.2,9.4,4.5,27.3,6.5,11.6,91.9,96.1,8.1,3.9,100.0,0.0,0.0,0.0,0.0,0.0,0.0,0.0,0.0,0.0,0.0,0.0,0.0,0.0,0.0,0.0,344,20,30,30,108,47,72,293,215,344,20,30,30,108,47,72,293,215,0,0,0,0,0,0,0,0,0,0,0,0,0,0,21.9,29.0,32.3,45.0,19.9,25.2,27.8,38.7,21.9,29.0,32.3,45.0,19.9,25.2,27.8,38.7,0.0,0.0,0.0,0.0,0.0,0.0,0.0,0.0,(CONTRACTS OF 100 TROY OUNCES),N20,GOLD,PRECIOUS METALS,NATURAL RESOURCES,Combined,14,18,78,35,54,14,18,78,35,54
210907088691C,GOLD - COMMODITY EXCHANGE INC.,2021-09-07T00:00:00.000,2021 Report Week 36,GOLD,088691,CMX,NYC,088,GOLD,636604,32006,88626,72139,263050,57254,144717,61177,27630,172961,40208,75620,582326,613564,54278,23040,636604,32006,88626,72139,263050,57254,144717,61177,27630,172961,40208,75620,582326,613564,54278,23040,0,0,0,0,0,0,0,0,0,0,0,0,0,0,0,0,-3256,-475,-1159,386,-5385,-729,-9479,5845,-631,1573,-1069,170,-9184,-2958,5928,-298,100.0,5.0,13.9,11.3,41.3,9.0,22.7,9.6,4.3,27.2,6.3,11.9,91.5,96.4,8.5,3.6,100.0,5.0,13.9,11.3,41.3,9.0,22.7,9.6,4.3,27.2,6.3,11.9,91.5,96.4,8.5,3.6,100.0,0.0,0.0,0.0,0.0,0.0,0.0,0.0,0.0,0.0,0.0,0.0,0.0,0.0,0.0,0.0,350,22,29,29,111,44,74,294,225,350,22,29,29,111,44,74,294,225,0,0,0,0,0,0,0,0,0,0,0,0,0,0,21.9,28.6,32.2,44.5,19.9,24.9,27.6,38.3,21.9,28.6,32.2,44.5,19.9,24.9,27.6,38.3,0.0,0.0,0.0,0.0,0.0,0.0,0.0,0.0,(CONTRACTS OF 100 TROY OUNCES),N20,GOLD,PRECIOUS METALS,NATURAL RESOURCES,Combined,16,19,80,35,58,16,19,80,35,58
210907088695C,MICRO GOLD - COMMODITY EXCHANGE INC.,2021-09-07T00:00:00.000,2021 Report Week 36,MICRO GOLD,088695,CMX,NYC,088,GOLD,34633,0,0,0,0,0,228,1876,140,8263,7880,8921,17552,18817,17081,15816,34633,0,0,0,0,0,228,1876,140,8263,7880,8921,17552,18817,17081,15816,0,0,0,0,0,0,0,0,0,0,0,0,0,0,0,0,,,,,,,,,,,,,,,,,100.0,0.0,0.0,0.0,0.0,0.0,0.7,5.4,0.4,23.9,22.8,25.8,50.7,54.3,49.3,45.7,100.0,0.0,0.0,0.0,0.0,0.0,0.7,5.4,0.4,23.9,22.8,25.8,50.7,54.3,49.3,45.7,100.0,0.0,0.0,0.0,0.0,0.0,0.0,0.0,0.0,0.0,0.0,0.0,0.0,0.0,0.0,0.0,21,0,0,0,7,11,10,16,16,21,0,0,0,7,11,10,16,16,0,0,0,0,0,0,0,0,0,0,0,0,0,0,43.5,37.2,47.5,48.1,21.9,19.2,24.5,25.5,43.5,37.2,47.5,48.1,21.9,19.2,24.5,25.5,0.0,0.0,0.0,0.0,0.0,0.0,0.0,0.0,(CONTRACTS OF 10 TROY OUNCES),N20,GOLD,PRECIOUS METALS,NATURAL RESOURCES,Combined,0,0,,,,0,0,,,
210831088691C,GOLD - COMMODITY EXCHANGE INC.,2021-08-31T00:00:00.000,2021 Report Week 35,GOLD,088691,CMX,NYC,088,GOLD,639860,32481,89785,71753,268435,57982,154196,55331,28262,171388,41277,75450,591510,616522,48350,23338,639860,32481,89785,71753,268435,57982,154196,55331,28262,171388,41277,75450,591510,616522,48350,23338,0,0,0,0,0,0,0,0,0,0,0,0,0,0,0,0,-18472,-4604,-4199,-1095,7319,-5832,8523,4251,-1464,5712,1516,-18460,-17220,-16869,-1253,-1603,100.0,5.1,14.0,11.2,42.0,9.1,24.1,8.6,4.4,26.8,6.5,11.8,92.4,96.4,7.6,3.6,100.0,5.1,14.0,11.2,42.0,9.1,24.1,8.6,4.4,26.8,6.5,11.8,92.4,96.4,7.6,3.6,100.0,0.0,0.0,0.0,0.0,0.0,0.0,0.0,0.0,0.0,0.0,0.0,0.0,0.0,0.0,0.0,349,23,31,28,97,49,68,295,215,349,23,31,28,97,49,68,295,215,0,0,0,0,0,0,0,0,0,0,0,0,0,0,22.3,29.2,32.6,45.0,20.3,25.3,28.0,38.3,22.3,29.2,32.6,45.0,20.3,25.3,28.0,38.3,0.0,0.0,0.0,0.0,0.0,0.0,0.0,0.0,(CONTRACTS OF 100 TROY OUNCES),N20,GOLD,PRECIOUS METALS,NATURAL RESOURCES,Combined,16,18,86,36,56,16,18,86,36,56
210824088691C,GOLD - COMMODITY EXCHANGE INC.,2021-08-24T00:00:00.000,2021 Report Week 34,GOLD,088691,CMX,NYC,088,GOLD,658332,37085,93984,72848,261116,63814,145672,51080,29726,165676,39762,93909,608730,633391,49603,24941,658332,37085,93984,72848,261116,63814,145672,51080,29726,165676,39762,93909,608730,633391,49603,24941,0,0,0,0,0,0,0,0,0,0,0,0,0,0,0,0,20544,1452,4375,-21,18924,-557,11386,-5556,-204,7155,2971,2168,21380,22122,-835,-1577,100.0,5.6,14.3,11.1,39.7,9.7,22.1,7.8,4.5,25.2,6.0,14.3,92.5,96.2,7.5,3.8,100.0,5.6,14.3,11.1,39.7,9.7,22.1,7.8,4.5,25.2,6.0,14.3,92.5,96.2,7.5,3.8,100.0,0.0,0.0,0.0,0.0,0.0,0.0,0.0,0.0,0.0,0.0,0.0,0.0,0.0,0.0,0.0,350,20,32,31,108,49,76,298,220,350,20,32,31,108,49,76,298,220,0,0,0,0,0,0,0,0,0,0,0,0,0,0,20.6,28.5,31.5,43.7,17.8,24.1,25.6,36.1,20.6,28.5,31.5,43.7,17.8,24.1,25.6,36.1,0.0,0.0,0.0,0.0,0.0,0.0,0.0,0.0,(CONTRACTS OF 100 TROY OUNCES),N20,GOLD,PRECIOUS METALS,NATURAL RESOURCES,Combined,16,16,89,27,51,16,16,89,27,51
210817088695C,MICRO GOLD - COMMODITY EXCHANGE INC.,2021-08-17T00:00:00.000,2021 Report Week 33,MICRO GOLD,088695,CMX,NYC,088,GOLD,32480,0,0,0,0,0,0,1424,70,14107,7104,4206,18383,12804,14097,19676,32480,0,0,0,0,0,0,1424,70,14107,7104,4206,18383,12804,14097,19676,0,0,0,0,0,0,0,0,0,0,0,0,0,0,0,0,,,,,,,,,,,,,,,,,100.0,0.0,0.0,0.0,0.0,0.0,0.0,4.4,0.2,43.4,21.9,12.9,56.6,39.4,43.4,60.6,100.0,0.0,0.0,0.0,0.0,0.0,0.0,4.4,0.2,43.4,21.9,12.9,56.6,39.4,43.4,60.6,100.0,0.0,0.0,0.0,0.0,0.0,0.0,0.0,0.0,0.0,0.0,0.0,0.0,0.0,0.0,0.0,21,0,0,0,9,9,9,14,17,21,0,0,0,9,9,9,14,17,0,0,0,0,0,0,0,0,0,0,0,0,0,0,47.8,27.5,53.6,33.9,38.5,17.6,42.8,23.2,47.8,27.5,53.6,33.9,38.5,17.6,42.8,23.2,0.0,0.0,0.0,0.0,0.0,0.0,0.0,0.0,(CONTRACTS OF 10 TROY OUNCES),N20,GOLD,PRECIOUS METALS,NATURAL RESOURCES,Combined,0,0,0,,,0,0,0,,
210817088691C,GOLD - COMMODITY EXCHANGE INC.,2021-08-17T00:00:00.000,2021 Report Week 33,GOLD,088691,CMX,NYC,088,GOLD,637788,35633,89609,72869,242192,64371,134286,56637,29930,158521,36790,91741,587350,611269,50438,26518,637788,35633,89609,72869,242192,64371,134286,56637,29930,158521,36790,91741,587350,611269,50438,26518,0,0,0,0,0,0,0,0,0,0,0,0,0,0,0,0,9611,2073,7578,1126,19731,-4558,11083,-15554,-440,5715,2626,-1225,13774,8158,-4163,1453,100.0,5.6,14.0,11.4,38.0,10.1,21.1,8.9,4.7,24.9,5.8,14.4,92.1,95.8,7.9,4.2,100.0,5.6,14.0,11.4,38.0,10.1,21.1,8.9,4.7,24.9,5.8,14.4,92.1,95.8,7.9,4.2,100.0,0.0,0.0,0.0,0.0,0.0,0.0,0.0,0.0,0.0,0.0,0.0,0.0,0.0,0.0,0.0,344,20,32,31,110,46,75,295,217,344,20,32,31,110,46,75,295,217,0,0,0,0,0,0,0,0,0,0,0,0,0,0,19.7,28.2,30.8,43.1,17.0,23.8,25.1,35.6,19.7,28.2,30.8,43.1,17.0,23.8,25.1,35.6,0.0,0.0,0.0,0.0,0.0,0.0,0.0,0.0,(CONTRACTS OF 100 TROY OUNCES),N20,GOLD,PRECIOUS METALS,NATURAL RESOURCES,Combined,17,16,78,34,52,17,16,78,34,52
210810088691C,GOLD - COMMODITY EXCHANGE INC.,2021-08-10T00:00:00.000,2021 Report Week 32,GOLD,088691,CMX,NYC,088,GOLD,628177,33559,82030,71743,222462,68929,123203,72190,30370,152806,34164,92966,573576,603112,54601,25065,628177,33559,82030,71743,222462,68929,123203,72190,30370,152806,34164,92966,573576,603112,54601,25065,0,0,0,0,0,0,0,0,0,0,0,0,0,0,0,0,-483,-5032,-15113,365,-32345,11599,-26486,29162,-5837,19593,-1383,8585,2787,-5332,-3270,4849,100.0,5.3,13.1,11.4,35.4,11.0,19.6,11.5,4.8,24.3,5.4,14.8,91.3,96.0,8.7,4.0,100.0,5.3,13.1,11.4,35.4,11.0,19.6,11.5,4.8,24.3,5.4,14.8,91.3,96.0,8.7,4.0,100.0,0.0,0.0,0.0,0.0,0.0,0.0,0.0,0.0,0.0,0.0,0.0,0.0,0.0,0.0,0.0,344,19,29,31,111,42,71,293,219,344,19,29,31,111,42,71,293,219,0,0,0,0,0,0,0,0,0,0,0,0,0,0,17.6,27.1,28.2,41.4,14.9,23.0,23.0,35.1,17.6,27.1,28.2,41.4,14.9,23.0,23.0,35.1,0.0,0.0,0.0,0.0,0.0,0.0,0.0,0.0,(CONTRACTS OF 100 TROY OUNCES),N20,GOLD,PRECIOUS METALS,NATURAL RESOURCES,Combined,18,18,74,41,56,18,18,74,41,56
210803088691C,GOLD - COMMODITY EXCHANGE INC.,2021-08-03T00:00:00.000,2021 Report Week 31,GOLD,088691,CMX,NYC,088,GOLD,628660,38592,97143,71378,254806,57329,149690,43028,36207,133212,35548,84381,570789,608443,57871,20216,628660,38592,97143,71378,254806,57329,149690,43028,36207,133212,35548,84381,570789,608443,57871,20216,0,0,0,0,0,0,0,0,0,0,0,0,0,0,0,0,-7737,3501,4397,5371,9270,-3619,2452,1601,-23309,-1906,319,5297,-12214,-6045,4477,-1692,100.0,6.1,15.5,11.4,40.5,9.1,23.8,6.8,5.8,21.2,5.7,13.4,90.8,96.8,9.2,3.2,100.0,6.1,15.5,11.4,40.5,9.1,23.8,6.8,5.8,21.2,5.7,13.4,90.8,96.8,9.2,3.2,100.0,0.0,0.0,0.0,0.0,0.0,0.0,0.0,0.0,0.0,0.0,0.0,0.0,0.0,0.0,0.0,345,20,30,29,117,33,68,302,200,345,20,30,29,117,33,68,302,200,0,0,0,0,0,0,0,0,0,0,0,0,0,0,17.5,29.5,27.1,44.4,14.3,24.9,21.4,37.1,17.5,29.5,27.1,44.4,14.3,24.9,21.4,37.1,0.0,0.0,0.0,0.0,0.0,0.0,0.0,0.0,(CONTRACTS OF 100 TROY OUNCES),N20,GOLD,PRECIOUS METALS,NATURAL RESOURCES,Combined,17,17,97,21,50,17,17,97,21,50
210727088691C,GOLD - COMMODITY EXCHANGE INC.,2021-07-27T00:00:00.000,2021 Report Week 30,GOLD,088691,CMX,NYC,088,GOLD,636396,35090,92747,66007,245536,60948,147238,41427,59516,135118,35229,79084,583002,614488,53394,21908,636396,35090,92747,66007,245536,60948,147238,41427,59516,135118,35229,79084,583002,614488,53394,21908,0,0,0,0,0,0,0,0,0,0,0,0,0,0,0,0,-23143,-2107,-10290,299,1535,-13375,-5545,-2541,21376,-1495,-971,-19728,-20575,-23995,-2568,851,100.0,5.5,14.6,10.4,38.6,9.6,23.1,6.5,9.4,21.2,5.5,12.4,91.6,96.6,8.4,3.4,100.0,5.5,14.6,10.4,38.6,9.6,23.1,6.5,9.4,21.2,5.5,12.4,91.6,96.6,8.4,3.4,100.0,0.0,0.0,0.0,0.0,0.0,0.0,0.0,0.0,0.0,0.0,0.0,0.0,0.0,0.0,0.0,345,19,30,29,113,40,69,296,202,345,19,30,29,113,40,69,296,202,0,0,0,0,0,0,0,0,0,0,0,0,0,0,17.1,28.1,27.9,42.0,14.2,23.7,21.2,34.5,17.1,28.1,27.9,42.0,14.2,23.7,21.2,34.5,0.0,0.0,0.0,0.0,0.0,0.0,0.0,0.0,(CONTRACTS OF 100 TROY OUNCES),N20,GOLD,PRECIOUS METALS,NATURAL RESOURCES,Combined,15,18,88,26,47,15,18,88,26,47
210720088691C,GOLD - COMMODITY EXCHANGE INC.,2021-07-20T00:00:00.000,2021 Report Week 29,GOLD,088691,CMX,NYC,088,GOLD,659539,37197,103037,65708,244001,74323,152783,43968,38141,136613,36200,98812,603577,638482,55962,21057,659539,37197,103037,65708,244001,74323,152783,43968,38141,136613,36200,98812,603577,638482,55962,21057,0,0,0,0,0,0,0,0,0,0,0,0,0,0,0,0,-458,684,3117,293,7452,11948,-171,-5997,-2912,2116,369,-11235,723,2741,-1181,-3200,100.0,5.6,15.6,10.0,37.0,11.3,23.2,6.7,5.8,20.7,5.5,15.0,91.5,96.8,8.5,3.2,100.0,5.6,15.6,10.0,37.0,11.3,23.2,6.7,5.8,20.7,5.5,15.0,91.5,96.8,8.5,3.2,100.0,0.0,0.0,0.0,0.0,0.0,0.0,0.0,0.0,0.0,0.0,0.0,0.0,0.0,0.0,0.0,355,25,31,33,114,39,74,312,217,355,25,31,33,114,39,74,312,217,0,0,0,0,0,0,0,0,0,0,0,0,0,0,17.2,27.4,26.8,40.3,14.2,22.9,20.9,33.4,17.2,27.4,26.8,40.3,14.2,22.9,20.9,33.4,0.0,0.0,0.0,0.0,0.0,0.0,0.0,0.0,(CONTRACTS OF 100 TROY OUNCES),N20,GOLD,PRECIOUS METALS,NATURAL RESOURCES,Combined,19,16,93,26,55,19,16,93,26,55
210713088691C,GOLD - COMMODITY EXCHANGE INC.,2021-07-13T00:00:00.000,2021 Report Week 28,GOLD,088691,CMX,NYC,088,GOLD,659997,36513,99920,65415,236550,62375,152954,49965,41053,134497,35832,110048,602855,635741,57143,24256,659997,36513,99920,65415,236550,62375,152954,49965,41053,134497,35832,110048,602855,635741,57143,24256,0,0,0,0,0,0,0,0,0,0,0,0,0,0,0,0,34446,1616,1723,-774,7146,4155,6373,-3613,1754,-576,-194,21652,34199,32622,247,1824,100.0,5.5,15.1,9.9,35.8,9.5,23.2,7.6,6.2,20.4,5.4,16.7,91.3,96.3,8.7,3.7,100.0,5.5,15.1,9.9,35.8,9.5,23.2,7.6,6.2,20.4,5.4,16.7,91.3,96.3,8.7,3.7,100.0,0.0,0.0,0.0,0.0,0.0,0.0,0.0,0.0,0.0,0.0,0.0,0.0,0.0,0.0,0.0,357,24,31,32,114,41,71,314,217,357,24,31,32,114,41,71,314,217,0,0,0,0,0,0,0,0,0,0,0,0,0,0,16.9,26.9,26.3,39.4,14.0,22.5,20.7,33.2,16.9,26.9,26.3,39.4,14.0,22.5,20.7,33.2,0.0,0.0,0.0,0.0,0.0,0.0,0.0,0.0,(CONTRACTS OF 100 TROY OUNCES),N20,GOLD,PRECIOUS METALS,NATURAL RESOURCES,Combined,20,15,90,29,59,20,15,90,29,59
210706088691C,GOLD - COMMODITY EXCHANGE INC.,2021-07-06T00:00:00.000,2021 Report Week 27,GOLD,088691,CMX,NYC,088,GOLD,625552,34897,98197,66189,229404,58220,146582,53578,39299,135073,36025,88396,568656,603119,56896,22432,625552,34897,98197,66189,229404,58220,146582,53578,39299,135073,36025,88396,568656,603119,56896,22432,0,0,0,0,0,0,0,0,0,0,0,0,0,0,0,0,17550,1013,7795,-290,16254,-279,19774,-713,-2790,2151,-1726,-893,18687,17649,-1137,-99,100.0,5.6,15.7,10.6,36.7,9.3,23.4,8.6,6.3,21.6,5.8,14.1,90.9,96.4,9.1,3.6,100.0,5.6,15.7,10.6,36.7,9.3,23.4,8.6,6.3,21.6,5.8,14.1,90.9,96.4,9.1,3.6,100.0,0.0,0.0,0.0,0.0,0.0,0.0,0.0,0.0,0.0,0.0,0.0,0.0,0.0,0.0,0.0,350,24,31,30,118,41,66,303,211,350,24,31,30,118,41,66,303,211,0,0,0,0,0,0,0,0,0,0,0,0,0,0,17.6,28.2,27.6,41.0,14.6,23.7,21.9,34.9,17.6,28.2,27.6,41.0,14.6,23.7,21.9,34.9,0.0,0.0,0.0,0.0,0.0,0.0,0.0,0.0,(CONTRACTS OF 100 TROY OUNCES),N20,GOLD,PRECIOUS METALS,NATURAL RESOURCES,Combined,20,14,85,28,55,20,14,85,28,55
210629088691C,GOLD - COMMODITY EXCHANGE INC.,2021-06-29T00:00:00.000,2021 Report Week 26,GOLD,088691,CMX,NYC,088,GOLD,608002,33884,90402,66479,213150,58498,126807,54291,42089,132922,37751,89289,549968,585471,58034,22531,608002,33884,90402,66479,213150,58498,126807,54291,42089,132922,37751,89289,549968,585471,58034,22531,0,0,0,0,0,0,0,0,0,0,0,0,0,0,0,0,-26979,-1785,-4172,-275,-5033,-4417,3202,6849,-2407,332,165,-18874,-24224,-27889,-2756,909,100.0,5.6,14.9,10.9,35.1,9.6,20.9,8.9,6.9,21.9,6.2,14.7,90.5,96.3,9.5,3.7,100.0,5.6,14.9,10.9,35.1,9.6,20.9,8.9,6.9,21.9,6.2,14.7,90.5,96.3,9.5,3.7,100.0,0.0,0.0,0.0,0.0,0.0,0.0,0.0,0.0,0.0,0.0,0.0,0.0,0.0,0.0,0.0,346,24,27,32,114,46,67,296,213,346,24,27,32,114,46,67,296,213,0,0,0,0,0,0,0,0,0,0,0,0,0,0,17.3,27.8,27.3,40.4,14.3,23.2,21.4,34.4,17.3,27.8,27.3,40.4,14.3,23.2,21.4,34.4,0.0,0.0,0.0,0.0,0.0,0.0,0.0,0.0,(CONTRACTS OF 100 TROY OUNCES),N20,GOLD,PRECIOUS METALS,NATURAL RESOURCES,Combined,19,19,71,34,53,19,19,71,34,53
210622088691C,GOLD - COMMODITY EXCHANGE INC.,2021-06-22T00:00:00.000,2021 Report Week 25,GOLD,088691,CMX,NYC,088,GOLD,634981,35668,94574,66754,218183,62915,123605,47442,44496,132590,37586,108163,574192,613360,60789,21621,634981,35668,94574,66754,218183,62915,123605,47442,44496,132590,37586,108163,574192,613360,60789,21621,0,0,0,0,0,0,0,0,0,0,0,0,0,0,0,0,-26706,-3304,-14788,2194,-28338,6090,-31975,6313,-2427,-2941,-1626,8215,-24149,-26561,-2557,-145,100.0,5.6,14.9,10.5,34.4,9.9,19.5,7.5,7.0,20.9,5.9,17.0,90.4,96.6,9.6,3.4,100.0,5.6,14.9,10.5,34.4,9.9,19.5,7.5,7.0,20.9,5.9,17.0,90.4,96.6,9.6,3.4,100.0,0.0,0.0,0.0,0.0,0.0,0.0,0.0,0.0,0.0,0.0,0.0,0.0,0.0,0.0,0.0,361,23,28,30,122,51,69,305,214,361,23,28,30,122,51,69,305,214,0,0,0,0,0,0,0,0,0,0,0,0,0,0,17.4,27.3,27.3,39.7,14.1,22.5,20.8,33.3,17.4,27.3,27.3,39.7,14.1,22.5,20.8,33.3,0.0,0.0,0.0,0.0,0.0,0.0,0.0,0.0,(CONTRACTS OF 100 TROY OUNCES),N20,GOLD,PRECIOUS METALS,NATURAL RESOURCES,Combined,19,20,77,31,48,19,20,77,31,48
210615088691C,GOLD - COMMODITY EXCHANGE INC.,2021-06-15T00:00:00.000,2021 Report Week 24,GOLD,088691,CMX,NYC,088,GOLD,661687,38973,109362,64560,246521,56825,155581,41130,46923,135531,39211,99949,598341,639921,63346,21767,661687,38973,109362,64560,246521,56825,155581,41130,46923,135531,39211,99949,598341,639921,63346,21767,0,0,0,0,0,0,0,0,0,0,0,0,0,0,0,0,-17426,-463,-2571,1495,-13533,1693,-8049,4564,-3743,-10157,-1441,-1563,-20787,-16594,3360,-833,100.0,5.9,16.5,9.8,37.3,8.6,23.5,6.2,7.1,20.5,5.9,15.1,90.4,96.7,9.6,3.3,100.0,5.9,16.5,9.8,37.3,8.6,23.5,6.2,7.1,20.5,5.9,15.1,90.4,96.7,9.6,3.3,100.0,0.0,0.0,0.0,0.0,0.0,0.0,0.0,0.0,0.0,0.0,0.0,0.0,0.0,0.0,0.0,377,24,31,35,133,45,70,319,218,377,24,31,35,133,45,70,319,218,0,0,0,0,0,0,0,0,0,0,0,0,0,0,18.3,27.5,27.5,40.7,14.3,22.6,20.7,33.8,18.3,27.5,27.5,40.7,14.3,22.6,20.7,33.8,0.0,0.0,0.0,0.0,0.0,0.0,0.0,0.0,(CONTRACTS OF 100 TROY OUNCES),N20,GOLD,PRECIOUS METALS,NATURAL RESOURCES,Combined,18,19,94,22,45,18,19,94,22,45
