id,market_and_exchange_names,report_date_as_yyyy_mm_dd,yyyy_report_week_ww,contract_market_name,cftc_contract_market_code,cftc_market_code,cftc_region_code,cftc_commodity_code,commodity_name,open_interest_all,noncomm_positions_long_all,noncomm_positions_short_all,noncomm_postions_spread_all,comm_positions_long_all,comm_positions_short_all,tot_rept_positions_long_all,tot_rept_positions_short,nonrept_positions_long_all,nonrept_positions_short_all,open_interest_old,noncomm_positions_long_old,noncomm_positions_short_old,noncomm_positions_spread,comm_positions_long_old,comm_positions_short_old,tot_rept_positions_long_old,tot_rept_positions_short_1,nonrept_positions_long_old,nonrept_positions_short_old,open_interest_other,noncomm_positions_long_other,noncomm_positions_short_other,noncomm_positions_spread_1,comm_positions_long_other,comm_positions_short_other,tot_rept_positions_long_other,tot_rept_positions_short_2,nonrept_positions_long_other,nonrept_positions_short_other,change_in_open_interest_all,change_in_noncomm_long_all,change_in_noncomm_short_all,change_in_noncomm_spead_all,change_in_comm_long_all,change_in_comm_short_all,change_in_tot_rept_long_all,change_in_tot_rept_short,change_in_nonrept_long_all,change_in_nonrept_short_all,pct_of_open_interest_all,pct_of_oi_noncomm_long_all,pct_of_oi_noncomm_short_all,pct_of_oi_noncomm_spread,pct_of_oi_comm_long_all,pct_of_oi_comm_short_all,pct_of_oi_tot_rept_long_all,pct_of_oi_tot_rept_short,pct_of_oi_nonrept_long_all,pct_of_oi_nonrept_short_all,pct_of_open_interest_old,pct_of_oi_noncomm_long_old,pct_of_oi_noncomm_short_old,pct_of_oi_noncomm_spread_1,pct_of_oi_comm_long_old,pct_of_oi_comm_short_old,pct_of_oi_tot_rept_long_old,pct_of_oi_tot_rept_short_1,pct_of_oi_nonrept_long_old,pct_of_oi_nonrept_short_old,pct_of_open_interest_other,pct_of_oi_noncomm_long_other,pct_of_oi_noncomm_short_other,pct_of_oi_noncomm_spread_2,pct_of_oi_comm_long_other,pct_of_oi_comm_short_other,pct_of_oi_tot_rept_long_other,pct_of_oi_tot_rept_short_2,pct_of_oi_nonrept_long_other,pct_of_oi_nonrept_short_other,traders_tot_all,traders_noncomm_long_all,traders_noncomm_short_all,traders_noncomm_spread_all,traders_comm_long_all,traders_comm_short_all,traders_tot_rept_long_all,traders_tot_rept_short_all,traders_tot_old,traders_noncomm_long_old,traders_noncomm_short_old,traders_noncomm_spead_old,traders_comm_long_old,traders_comm_short_old,traders_tot_rept_long_old,traders_tot_rept_short_old,traders_tot_other,traders_noncomm_long_other,traders_noncomm_short_other,traders_noncomm_spread_other,traders_comm_long_other,traders_comm_short_other,traders_tot_rept_long_other,traders_tot_rept_short_other,conc_gross_le_4_tdr_long,conc_gross_le_4_tdr_short,conc_gross_le_8_tdr_long,conc_gross_le_8_tdr_short,conc_net_le_4_tdr_long_all,conc_net_le_4_tdr_short_all,conc_net_le_8_tdr_long_all,conc_net_le_8_tdr_short_all,conc_gross_le_4_tdr_long_1,conc_gross_le_4_tdr_short_1,conc_gross_le_8_tdr_long_1,conc_gross_le_8_tdr_short_1,conc_net_le_4_tdr_long_old,conc_net_le_4_tdr_short_old,conc_net_le_8_tdr_long_old,conc_net_le_8_tdr_short_old,conc_gross_le_4_tdr_long_2,conc_gross_le_4_tdr_short_2,conc_gross_le_8_tdr_long_2,conc_gross_le_8_tdr_short_2,conc_net_le_4_tdr_long_other,conc_net_le_4_tdr_short_other,conc_net_le_8_tdr_long_other,conc_net_le_8_tdr_short_other,contract_units,commodity,commodity_subgroup_name,commodity_group_name,futonly_or_combined
260602088691C,GOLD - COMMODITY EXCHANGE INC.,2026-06-02T00:00:00.000,2026 Report Week 22,GOLD,088691,CMX ,NYC,088 ,GOLD,434790,202178,30761,96969,86920,289424,386067,417154,48724,17636,434790,202178,30761,96969,86920,289424,386067,417154,48724,17636,0,0,0,0,0,0,0,0,0,0,-20336,5181,-16576,-3063,-19296,678,-17177,-18960,-3158,-1376,100.0,46.5,7.1,22.3,20.0,66.6,88.8,95.9,11.2,4.1,100.0,46.5,7.1,22.3,20.0,66.6,88.8,95.9,11.2,4.1,0.0,0.0,0.0,0.0,0.0,0.0,0.0,0.0,0.0,0.0,280,161,56,118,52,53,260,181,280,161,56,118,52,53,260,181,0,0,0,0,0,0,0,0,18.6,31.2,28.4,47.6,15.4,28.9,22.2,40.1,18.6,31.2,28.4,47.6,15.4,28.9,22.2,40.1,0.0,0.0,0.0,0.0,0.0,0.0,0.0,0.0,(CONTRACTS OF 100 TROY OUNCES),GOLD,PRECIOUS METALS,NATURAL RESOURCES,Combined
260602088695C,MICRO GOLD - COMMODITY EXCHANGE INC.,2026-06-02T00:00:00.000,2026 Report Week 22,MICRO GOLD,088695,CMX ,NYC,088 ,GOLD,55716,13698,38091,3839,6753,0,24290,41930,31426,13786,55716,13698,38091,3839,6753,0,24290,41930,31426,13786,0,0,0,0,0,0,0,0,0,0,-9535,-5322,1839,-422,671,0,-5073,1417,-4462,-10952,100.0,24.6,68.4,6.9,12.1,0.0,43.6,75.3,56.4,24.7,100.0,24.6,68.4,6.9,12.1,0.0,43.6,75.3,56.4,24.7,0.0,0.0,0.0,0.0,0.0,0.0,0.0,0.0,0.0,0.0,41,20,15,13,5,0,33,21,41,20,15,13,5,0,33,21,0,0,0,0,0,0,0,0,23.6,59.0,30.1,68.5,21.6,58.2,27.4,64.2,23.6,59.0,30.1,68.5,21.6,58.2,27.4,64.2,0.0,0.0,0.0,0.0,0.0,0.0,0.0,0.0,(CONTRACTS OF 10 TROY OUNCES),GOLD,PRECIOUS METALS,NATURAL RESOURCES,Combined
260526088691C,GOLD - COMMODITY EXCHANGE INC.,2026-05-26T00:00:00.000,2026 Report Week 21,GOLD,088691,CMX ,NYC,088 ,GOLD,455126,196997,47337,100032,106216,288746,403244,436114,51882,19012,455126,196997,47337,100032,106216,288746,403244,436114,51882,19012,0,0,0,0,0,0,0,0,0,0,-88290,-1361,-2361,-70579,-15237,-14613,-87176,-87552,-1114,-738,100.0,43.3,10.4,22.0,23.3,63.4,88.6,95.8,11.4,4.2,100.0,43.3,10.4,22.0,23.3,63.4,88.6,95.8,11.4,4.2,0.0,0.0,0.0,0.0,0.0,0.0,0.0,0.0,0.0,0.0,276,172,45,119,50,49,256,179,276,172,45,119,50,49,256,179,0,0,0,0,0,0,0,0,17.4,29.6,27.4,44.5,14.5,26.8,21.0,35.8,17.4,29.6,27.4,44.5,14.5,26.8,21.0,35.8,0.0,0.0,0.0,0.0,0.0,0.0,0.0,0.0,(CONTRACTS OF 100 TROY OUNCES),GOLD,PRECIOUS METALS,NATURAL RESOURCES,Combined
260526088695C,MICRO GOLD - COMMODITY EXCHANGE INC.,2026-05-26T00:00:00.000,2026 Report Week 21,MICRO GOLD,088695,CMX ,NYC,088 ,GOLD,65251,19020,36252,4261,6082,0,29363,40513,35888,24738,65251,19020,36252,4261,6082,0,29363,40513,35888,24738,0,0,0,0,0,0,0,0,0,0,-2958,-2787,-9599,1017,272,0,-1498,-8582,-1460,5624,100.0,29.1,55.6,6.5,9.3,0.0,45.0,62.1,55.0,37.9,100.0,29.1,55.6,6.5,9.3,0.0,45.0,62.1,55.0,37.9,0.0,0.0,0.0,0.0,0.0,0.0,0.0,0.0,0.0,0.0,34,15,14,10,4,0,26,18,34,15,14,10,4,0,26,18,0,0,0,0,0,0,0,0,28.4,43.3,35.8,54.3,27.3,42.1,33.9,50.8,28.4,43.3,35.8,54.3,27.3,42.1,33.9,50.8,0.0,0.0,0.0,0.0,0.0,0.0,0.0,0.0,(CONTRACTS OF 10 TROY OUNCES),GOLD,PRECIOUS METALS,NATURAL RESOURCES,Combined
260519088691C,GOLD - COMMODITY EXCHANGE INC.,2026-05-19T00:00:00.000,2026 Report Week 20,GOLD,088691,CMX ,NYC,088 ,GOLD,543416,198358,49698,170610,121453,303358,490420,523667,52996,19750,543416,198358,49698,170610,121453,303358,490420,523667,52996,19750,0,0,0,0,0,0,0,0,0,0,-1651,-13909,2605,404,14877,-8792,1372,-5782,-3023,4131,100.0,36.5,9.1,31.4,22.3,55.8,90.2,96.4,9.8,3.6,100.0,36.5,9.1,31.4,22.3,55.8,90.2,96.4,9.8,3.6,0.0,0.0,0.0,0.0,0.0,0.0,0.0,0.0,0.0,0.0,310,187,55,141,57,54,285,211,310,187,55,141,57,54,285,211,0,0,0,0,0,0,0,0,18.0,27.4,29.7,42.1,12.0,22.5,17.6,30.2,18.0,27.4,29.7,42.1,12.0,22.5,17.6,30.2,0.0,0.0,0.0,0.0,0.0,0.0,0.0,0.0,(CONTRACTS OF 100 TROY OUNCES),GOLD,PRECIOUS METALS,NATURAL RESOURCES,Combined
260519088695C,MICRO GOLD - COMMODITY EXCHANGE INC.,2026-05-19T00:00:00.000,2026 Report Week 20,MICRO GOLD,088695,CMX ,NYC,088 ,GOLD,68210,21807,45851,3244,5810,0,30861,49095,37349,19115,68210,21807,45851,3244,5810,0,30861,49095,37349,19115,0,0,0,0,0,0,0,0,0,0,1141,164,331,260,-287,0,137,591,1004,550,100.0,32.0,67.2,4.8,8.5,0.0,45.2,72.0,54.8,28.0,100.0,32.0,67.2,4.8,8.5,0.0,45.2,72.0,54.8,28.0,0.0,0.0,0.0,0.0,0.0,0.0,0.0,0.0,0.0,0.0,39,17,18,11,3,0,27,23,39,17,18,11,3,0,27,23,0,0,0,0,0,0,0,0,28.4,43.9,34.9,59.2,28.4,43.8,34.7,57.8,28.4,43.9,34.9,59.2,28.4,43.8,34.7,57.8,0.0,0.0,0.0,0.0,0.0,0.0,0.0,0.0,(CONTRACTS OF 10 TROY OUNCES),GOLD,PRECIOUS METALS,NATURAL RESOURCES,Combined
260512088691C,GOLD - COMMODITY EXCHANGE INC.,2026-05-12T00:00:00.000,2026 Report Week 19,GOLD,088691,CMX ,NYC,088 ,GOLD,545067,212267,47093,170206,106575,312150,489048,529449,56019,15618,545067,212267,47093,170206,106575,312150,489048,529449,56019,15618,0,0,0,0,0,0,0,0,0,0,18080,8780,107,6806,2060,13627,17646,20540,434,-2460,100.0,38.9,8.6,31.2,19.6,57.3,89.7,97.1,10.3,2.9,100.0,38.9,8.6,31.2,19.6,57.3,89.7,97.1,10.3,2.9,0.0,0.0,0.0,0.0,0.0,0.0,0.0,0.0,0.0,0.0,306,194,49,140,54,55,283,209,306,194,49,140,54,55,283,209,0,0,0,0,0,0,0,0,19.0,28.0,30.6,44.2,12.2,23.6,18.0,32.3,19.0,28.0,30.6,44.2,12.2,23.6,18.0,32.3,0.0,0.0,0.0,0.0,0.0,0.0,0.0,0.0,(CONTRACTS OF 100 TROY OUNCES),GOLD,PRECIOUS METALS,NATURAL RESOURCES,Combined
260512088695C,MICRO GOLD - COMMODITY EXCHANGE INC.,2026-05-12T00:00:00.000,2026 Report Week 19,MICRO GOLD,088695,CMX ,NYC,088 ,GOLD,67068,21643,45520,2984,6097,0,30724,48504,36344,18564,67068,21643,45520,2984,6097,0,30724,48504,36344,18564,0,0,0,0,0,0,0,0,0,0,1760,1478,813,527,79,0,2084,1340,-324,420,100.0,32.3,67.9,4.4,9.1,0.0,45.8,72.3,54.2,27.7,100.0,32.3,67.9,4.4,9.1,0.0,45.8,72.3,54.2,27.7,0.0,0.0,0.0,0.0,0.0,0.0,0.0,0.0,0.0,0.0,37,15,17,9,4,0,25,21,37,15,17,9,4,0,25,21,0,0,0,0,0,0,0,0,28.5,50.1,34.9,61.5,28.5,48.8,34.7,60.2,28.5,50.1,34.9,61.5,28.5,48.8,34.7,60.2,0.0,0.0,0.0,0.0,0.0,0.0,0.0,0.0,(CONTRACTS OF 10 TROY OUNCES),GOLD,PRECIOUS METALS,NATURAL RESOURCES,Combined
260505088695C,MICRO GOLD - COMMODITY EXCHANGE INC.,2026-05-05T00:00:00.000,2026 Report Week 18,MICRO GOLD,088695,CMX ,NYC,088 ,GOLD,65309,20165,44707,2457,6018,0,28640,47164,36669,18145,65309,20165,44707,2457,6018,0,28640,47164,36669,18145,0,0,0,0,0,0,0,0,0,0,3475,2507,4002,328,-9,0,2826,4330,649,-855,100.0,30.9,68.5,3.8,9.2,0.0,43.9,72.2,56.1,27.8,100.0,30.9,68.5,3.8,9.2,0.0,43.9,72.2,56.1,27.8,0.0,0.0,0.0,0.0,0.0,0.0,0.0,0.0,0.0,0.0,40,17,18,11,4,0,28,23,40,17,18,11,4,0,28,23,0,0,0,0,0,0,0,0,27.5,50.9,33.7,62.1,27.5,49.6,33.1,60.7,27.5,50.9,33.7,62.1,27.5,49.6,33.1,60.7,0.0,0.0,0.0,0.0,0.0,0.0,0.0,0.0,(CONTRACTS OF 10 TROY OUNCES),GOLD,PRECIOUS METALS,NATURAL RESOURCES,Combined
260505088691C,GOLD - COMMODITY EXCHANGE INC.,2026-05-05T00:00:00.000,2026 Report Week 18,GOLD,088691,CMX ,NYC,088 ,GOLD,526987,203487,46986,163400,104515,298523,471402,508909,55585,18078,526987,203487,46986,163400,104515,298523,471402,508909,55585,18078,0,0,0,0,0,0,0,0,0,0,5434,-1072,-4069,5827,224,4055,4979,5813,455,-379,100.0,38.6,8.9,31.0,19.8,56.6,89.5,96.6,10.5,3.4,100.0,38.6,8.9,31.0,19.8,56.6,89.5,96.6,10.5,3.4,0.0,0.0,0.0,0.0,0.0,0.0,0.0,0.0,0.0,0.0,300,183,55,137,54,53,280,202,300,183,55,137,54,53,280,202,0,0,0,0,0,0,0,0,18.8,28.1,30.4,43.4,13.0,23.4,19.1,31.8,18.8,28.1,30.4,43.4,13.0,23.4,19.1,31.8,0.0,0.0,0.0,0.0,0.0,0.0,0.0,0.0,(CONTRACTS OF 100 TROY OUNCES),GOLD,PRECIOUS METALS,NATURAL RESOURCES,Combined
260428088691C,GOLD - COMMODITY EXCHANGE INC.,2026-04-28T00:00:00.000,2026 Report Week 17,GOLD,088691,CMX ,NYC,088 ,GOLD,521553,204559,51055,157573,104291,294468,466423,503097,55131,18457,521553,204559,51055,157573,104291,294468,466423,503097,55131,18457,0,0,0,0,0,0,0,0,0,0,-35341,-3564,3129,-25305,-2403,-13470,-31272,-35646,-4069,305,100.0,39.2,9.8,30.2,20.0,56.5,89.4,96.5,10.6,3.5,100.0,39.2,9.8,30.2,20.0,56.5,89.4,96.5,10.6,3.5,0.0,0.0,0.0,0.0,0.0,0.0,0.0,0.0,0.0,0.0,300,180,54,135,56,55,279,201,300,180,54,135,56,55,279,201,0,0,0,0,0,0,0,0,18.5,28.0,29.8,43.5,12.7,23.3,18.9,31.7,18.5,28.0,29.8,43.5,12.7,23.3,18.9,31.7,0.0,0.0,0.0,0.0,0.0,0.0,0.0,0.0,(CONTRACTS OF 100 TROY OUNCES),GOLD,PRECIOUS METALS,NATURAL RESOURCES,Combined
260428088695C,MICRO GOLD - COMMODITY EXCHANGE INC.,2026-04-28T00:00:00.000,2026 Report Week 17,MICRO GOLD,088695,CMX ,NYC,088 ,GOLD,61834,17658,40705,2129,6027,0,25814,42834,36020,19000,61834,17658,40705,2129,6027,0,25814,42834,36020,19000,0,0,0,0,0,0,0,0,0,0,1353,2179,-694,-518,98,0,1759,-1212,-406,2565,100.0,28.6,65.8,3.4,9.7,0.0,41.7,69.3,58.3,30.7,100.0,28.6,65.8,3.4,9.7,0.0,41.7,69.3,58.3,30.7,0.0,0.0,0.0,0.0,0.0,0.0,0.0,0.0,0.0,0.0,40,18,18,12,4,0,28,24,40,18,18,12,4,0,28,24,0,0,0,0,0,0,0,0,24.1,46.8,30.8,58.8,24.1,45.8,30.2,57.8,24.1,46.8,30.8,58.8,24.1,45.8,30.2,57.8,0.0,0.0,0.0,0.0,0.0,0.0,0.0,0.0,(CONTRACTS OF 10 TROY OUNCES),GOLD,PRECIOUS METALS,NATURAL RESOURCES,Combined
260421088695C,MICRO GOLD - COMMODITY EXCHANGE INC.,2026-04-21T00:00:00.000,2026 Report Week 16,MICRO GOLD,088695,CMX ,NYC,088 ,GOLD,60480,15479,41399,2647,5929,0,24055,44046,36425,16434,60480,15479,41399,2647,5929,0,24055,44046,36425,16434,0,0,0,0,0,0,0,0,0,0,566,-2980,9501,-1164,-279,0,-4423,8337,4989,-7771,100.0,25.6,68.5,4.4,9.8,0.0,39.8,72.8,60.2,27.2,100.0,25.6,68.5,4.4,9.8,0.0,39.8,72.8,60.2,27.2,0.0,0.0,0.0,0.0,0.0,0.0,0.0,0.0,0.0,0.0,45,21,20,9,4,0,30,24,45,21,20,9,4,0,30,24,0,0,0,0,0,0,0,0,20.9,49.8,27.5,60.8,20.4,48.7,26.3,59.1,20.9,49.8,27.5,60.8,20.4,48.7,26.3,59.1,0.0,0.0,0.0,0.0,0.0,0.0,0.0,0.0,(CONTRACTS OF 10 TROY OUNCES),GOLD,PRECIOUS METALS,NATURAL RESOURCES,Combined
260421088691C,GOLD - COMMODITY EXCHANGE INC.,2026-04-21T00:00:00.000,2026 Report Week 16,GOLD,088691,CMX ,NYC,088 ,GOLD,556894,208123,47927,182878,106694,307938,497695,538742,59200,18152,556894,208123,47927,182878,106694,307938,497695,538742,59200,18152,0,0,0,0,0,0,0,0,0,0,-8275,-41,882,-9111,-326,230,-9478,-7999,1203,-275,100.0,37.4,8.6,32.8,19.2,55.3,89.4,96.7,10.6,3.3,100.0,37.4,8.6,32.8,19.2,55.3,89.4,96.7,10.6,3.3,0.0,0.0,0.0,0.0,0.0,0.0,0.0,0.0,0.0,0.0,312,195,51,144,57,56,292,211,312,195,51,144,57,56,292,211,0,0,0,0,0,0,0,0,18.8,27.7,30.5,43.4,11.9,22.4,17.4,30.8,18.8,27.7,30.5,43.4,11.9,22.4,17.4,30.8,0.0,0.0,0.0,0.0,0.0,0.0,0.0,0.0,(CONTRACTS OF 100 TROY OUNCES),GOLD,PRECIOUS METALS,NATURAL RESOURCES,Combined
260414088691C,GOLD - COMMODITY EXCHANGE INC.,2026-04-14T00:00:00.000,2026 Report Week 15,GOLD,088691,CMX ,NYC,088 ,GOLD,565169,208164,47045,191989,107020,307708,507173,546742,57997,18427,565169,208164,47045,191989,107020,307708,507173,546742,57997,18427,0,0,0,0,0,0,0,0,0,0,14682,5694,-1557,7722,-711,7511,12704,13675,1978,1006,100.0,36.8,8.3,34.0,18.9,54.4,89.7,96.7,10.3,3.3,100.0,36.8,8.3,34.0,18.9,54.4,89.7,96.7,10.3,3.3,0.0,0.0,0.0,0.0,0.0,0.0,0.0,0.0,0.0,0.0,302,182,54,138,55,57,281,206,302,182,54,138,55,57,281,206,0,0,0,0,0,0,0,0,18.9,27.6,30.5,43.6,11.5,22.3,16.6,30.4,18.9,27.6,30.5,43.6,11.5,22.3,16.6,30.4,0.0,0.0,0.0,0.0,0.0,0.0,0.0,0.0,(CONTRACTS OF 100 TROY OUNCES),GOLD,PRECIOUS METALS,NATURAL RESOURCES,Combined
260414088695C,MICRO GOLD - COMMODITY EXCHANGE INC.,2026-04-14T00:00:00.000,2026 Report Week 15,MICRO GOLD,088695,CMX ,NYC,088 ,GOLD,59915,18459,31898,3811,6208,0,28478,35709,31437,24206,59915,18459,31898,3811,6208,0,28478,35709,31437,24206,0,0,0,0,0,0,0,0,0,0,2684,2345,2607,-577,101,0,1869,2030,815,654,100.0,30.8,53.2,6.4,10.4,0.0,47.5,59.6,52.5,40.4,100.0,30.8,53.2,6.4,10.4,0.0,47.5,59.6,52.5,40.4,0.0,0.0,0.0,0.0,0.0,0.0,0.0,0.0,0.0,0.0,44,19,19,9,5,0,31,22,44,19,19,9,5,0,31,22,0,0,0,0,0,0,0,0,23.9,42.4,33.0,50.7,23.9,41.4,31.8,47.7,23.9,42.4,33.0,50.7,23.9,41.4,31.8,47.7,0.0,0.0,0.0,0.0,0.0,0.0,0.0,0.0,(CONTRACTS OF 10 TROY OUNCES),GOLD,PRECIOUS METALS,NATURAL RESOURCES,Combined
260407088691C,GOLD - COMMODITY EXCHANGE INC.,2026-04-07T00:00:00.000,2026 Report Week 14,GOLD,088691,CMX ,NYC,088 ,GOLD,550487,202470,48602,184267,107732,300197,494469,533066,56019,17421,550487,202470,48602,184267,107732,300197,494469,533066,56019,17421,0,0,0,0,0,0,0,0,0,0,-8490,-2161,4667,-3969,-994,-8662,-7124,-7964,-1366,-526,100.0,36.8,8.8,33.5,19.6,54.5,89.8,96.8,10.2,3.2,100.0,36.8,8.8,33.5,19.6,54.5,89.8,96.8,10.2,3.2,0.0,0.0,0.0,0.0,0.0,0.0,0.0,0.0,0.0,0.0,295,182,50,130,54,54,274,196,295,182,50,130,54,54,274,196,0,0,0,0,0,0,0,0,18.7,27.8,30.6,43.4,11.7,22.5,17.3,30.5,18.7,27.8,30.6,43.4,11.7,22.5,17.3,30.5,0.0,0.0,0.0,0.0,0.0,0.0,0.0,0.0,(CONTRACTS OF 100 TROY OUNCES),GOLD,PRECIOUS METALS,NATURAL RESOURCES,Combined
260407088695C,MICRO GOLD - COMMODITY EXCHANGE INC.,2026-04-07T00:00:00.000,2026 Report Week 14,MICRO GOLD,088695,CMX ,NYC,088 ,GOLD,57230,16114,29291,4388,6107,0,26609,33679,30621,23551,57230,16114,29291,4388,6107,0,26609,33679,30621,23551,0,0,0,0,0,0,0,0,0,0,-62,622,708,-384,20,0,258,324,-320,-386,100.0,28.2,51.2,7.7,10.7,0.0,46.5,58.8,53.5,41.2,100.0,28.2,51.2,7.7,10.7,0.0,46.5,58.8,53.5,41.2,0.0,0.0,0.0,0.0,0.0,0.0,0.0,0.0,0.0,0.0,41,18,17,10,5,0,30,21,41,18,17,10,5,0,30,21,0,0,0,0,0,0,0,0,24.4,42.3,32.6,49.7,24.4,41.2,31.2,45.6,24.4,42.3,32.6,49.7,24.4,41.2,31.2,45.6,0.0,0.0,0.0,0.0,0.0,0.0,0.0,0.0,(CONTRACTS OF 10 TROY OUNCES),GOLD,PRECIOUS METALS,NATURAL RESOURCES,Combined
260331088691C,GOLD - COMMODITY EXCHANGE INC.,2026-03-31T00:00:00.000,2026 Report Week 13,GOLD,088691,CMX ,NYC,088 ,GOLD,558977,204631,43935,188236,108726,308859,501593,541030,57385,17947,558977,204631,43935,188236,108726,308859,501593,541030,57385,17947,0,0,0,0,0,0,0,0,0,0,-133235,-2837,-2199,-81027,-48714,-47995,-132578,-131222,-657,-2013,100.0,36.6,7.9,33.7,19.5,55.3,89.7,96.8,10.3,3.2,100.0,36.6,7.9,33.7,19.5,55.3,89.7,96.8,10.3,3.2,0.0,0.0,0.0,0.0,0.0,0.0,0.0,0.0,0.0,0.0,288,177,48,127,50,55,267,190,288,177,48,127,50,55,267,190,0,0,0,0,0,0,0,0,18.6,27.7,30.8,43.6,11.9,22.8,17.6,30.7,18.6,27.7,30.8,43.6,11.9,22.8,17.6,30.7,0.0,0.0,0.0,0.0,0.0,0.0,0.0,0.0,(CONTRACTS OF 100 TROY OUNCES),GOLD,PRECIOUS METALS,NATURAL RESOURCES,Combined
260331088695C,MICRO GOLD - COMMODITY EXCHANGE INC.,2026-03-31T00:00:00.000,2026 Report Week 13,MICRO GOLD,088695,CMX ,NYC,088 ,GOLD,57293,15492,28583,4772,6087,0,26351,33355,30942,23938,57293,15492,28583,4772,6087,0,26351,33355,30942,23938,0,0,0,0,0,0,0,0,0,0,-14706,-5020,-8532,-4156,103,0,-9073,-12688,-5633,-2018,100.0,27.0,49.9,8.3,10.6,0.0,46.0,58.2,54.0,41.8,100.0,27.0,49.9,8.3,10.6,0.0,46.0,58.2,54.0,41.8,0.0,0.0,0.0,0.0,0.0,0.0,0.0,0.0,0.0,0.0,41,18,17,14,5,0,32,23,41,18,17,14,5,0,32,23,0,0,0,0,0,0,0,0,22.5,43.4,31.5,49.7,22.3,41.2,29.9,44.9,22.5,43.4,31.5,49.7,22.3,41.2,29.9,44.9,0.0,0.0,0.0,0.0,0.0,0.0,0.0,0.0,(CONTRACTS OF 10 TROY OUNCES),GOLD,PRECIOUS METALS,NATURAL RESOURCES,Combined
260324088691C,GOLD - COMMODITY EXCHANGE INC.,2026-03-24T00:00:00.000,2026 Report Week 12,GOLD,088691,CMX ,NYC,088 ,GOLD,692212,207469,46134,269263,157440,356855,634171,672252,58041,19960,692212,207469,46134,269263,157440,356855,634171,672252,58041,19960,0,0,0,0,0,0,0,0,0,0,10819,-3858,-1842,17370,-1069,-5312,12442,10215,-1624,603,100.0,30.0,6.7,38.9,22.7,51.6,91.6,97.1,8.4,2.9,100.0,30.0,6.7,38.9,22.7,51.6,91.6,97.1,8.4,2.9,0.0,0.0,0.0,0.0,0.0,0.0,0.0,0.0,0.0,0.0,318,191,62,138,52,55,291,210,318,191,62,138,52,55,291,210,0,0,0,0,0,0,0,0,19.0,25.4,30.7,41.8,10.0,18.6,14.8,25.4,19.0,25.4,30.7,41.8,10.0,18.6,14.8,25.4,0.0,0.0,0.0,0.0,0.0,0.0,0.0,0.0,(CONTRACTS OF 100 TROY OUNCES),GOLD,PRECIOUS METALS,NATURAL RESOURCES,Combined
260324088695C,MICRO GOLD - COMMODITY EXCHANGE INC.,2026-03-24T00:00:00.000,2026 Report Week 12,MICRO GOLD,088695,CMX ,NYC,088 ,GOLD,71998,20512,37115,8928,5984,0,35424,46043,36574,25955,71998,20512,37115,8928,5984,0,35424,46043,36574,25955,0,0,0,0,0,0,0,0,0,0,7874,9758,1532,3955,173,0,13886,5487,-6012,2387,100.0,28.5,51.5,12.4,8.3,0.0,49.2,64.0,50.8,36.0,100.0,28.5,51.5,12.4,8.3,0.0,49.2,64.0,50.8,36.0,0.0,0.0,0.0,0.0,0.0,0.0,0.0,0.0,0.0,0.0,41,24,14,13,3,0,36,18,41,24,14,13,3,0,36,18,0,0,0,0,0,0,0,0,24.1,47.2,32.5,57.8,21.1,42.0,27.1,48.2,24.1,47.2,32.5,57.8,21.1,42.0,27.1,48.2,0.0,0.0,0.0,0.0,0.0,0.0,0.0,0.0,(CONTRACTS OF 10 TROY OUNCES),GOLD,PRECIOUS METALS,NATURAL RESOURCES,Combined
260317088691C,GOLD - COMMODITY EXCHANGE INC.,2026-03-17T00:00:00.000,2026 Report Week 11,GOLD,088691,CMX ,NYC,088 ,GOLD,681393,211327,47976,251893,158509,362167,621729,662036,59665,19357,681393,211327,47976,251893,158509,362167,621729,662036,59665,19357,0,0,0,0,0,0,0,0,0,0,-28469,687,3015,-20585,-6864,-10573,-26762,-28144,-1707,-325,100.0,31.0,7.0,37.0,23.3,53.2,91.2,97.2,8.8,2.8,100.0,31.0,7.0,37.0,23.3,53.2,91.2,97.2,8.8,2.8,0.0,0.0,0.0,0.0,0.0,0.0,0.0,0.0,0.0,0.0,324,193,60,142,58,57,298,216,324,193,60,142,58,57,298,216,0,0,0,0,0,0,0,0,18.4,25.8,29.9,41.6,9.2,19.7,14.2,27.2,18.4,25.8,29.9,41.6,9.2,19.7,14.2,27.2,0.0,0.0,0.0,0.0,0.0,0.0,0.0,0.0,(CONTRACTS OF 100 TROY OUNCES),GOLD,PRECIOUS METALS,NATURAL RESOURCES,Combined
260317088695C,MICRO GOLD - COMMODITY EXCHANGE INC.,2026-03-17T00:00:00.000,2026 Report Week 11,MICRO GOLD,088695,CMX ,NYC,088 ,GOLD,64124,10754,35583,4973,5811,0,21538,40556,42586,23568,64124,10754,35583,4973,5811,0,21538,40556,42586,23568,0,0,0,0,0,0,0,0,0,0,6005,304,3826,1508,284,0,2096,5334,3909,671,100.0,16.8,55.5,7.8,9.1,0.0,33.6,63.2,66.4,36.8,100.0,16.8,55.5,7.8,9.1,0.0,33.6,63.2,66.4,36.8,0.0,0.0,0.0,0.0,0.0,0.0,0.0,0.0,0.0,0.0,37,17,17,12,2,0,29,20,37,17,17,12,2,0,29,20,0,0,0,0,0,0,0,0,16.9,41.6,23.5,53.8,14.9,38.4,20.3,49.0,16.9,41.6,23.5,53.8,14.9,38.4,20.3,49.0,0.0,0.0,0.0,0.0,0.0,0.0,0.0,0.0,(CONTRACTS OF 10 TROY OUNCES),GOLD,PRECIOUS METALS,NATURAL RESOURCES,Combined
260310088695C,MICRO GOLD - COMMODITY EXCHANGE INC.,2026-03-10T00:00:00.000,2026 Report Week 10,MICRO GOLD,088695,CMX ,NYC,088 ,GOLD,58119,10450,31757,3465,5527,0,19442,35222,38677,22897,58119,10450,31757,3465,5527,0,19442,35222,38677,22897,0,0,0,0,0,0,0,0,0,0,-2814,-911,-356,-91,145,0,-857,-447,-1957,-2367,100.0,18.0,54.6,6.0,9.5,0.0,33.5,60.6,66.5,39.4,100.0,18.0,54.6,6.0,9.5,0.0,33.5,60.6,66.5,39.4,0.0,0.0,0.0,0.0,0.0,0.0,0.0,0.0,0.0,0.0,35,18,14,12,2,0,29,18,35,18,14,12,2,0,29,18,0,0,0,0,0,0,0,0,16.8,38.9,22.9,50.7,15.0,37.7,20.4,48.1,16.8,38.9,22.9,50.7,15.0,37.7,20.4,48.1,0.0,0.0,0.0,0.0,0.0,0.0,0.0,0.0,(CONTRACTS OF 10 TROY OUNCES),GOLD,PRECIOUS METALS,NATURAL RESOURCES,Combined
260310088691C,GOLD - COMMODITY EXCHANGE INC.,2026-03-10T00:00:00.000,2026 Report Week 10,GOLD,088691,CMX ,NYC,088 ,GOLD,709862,210640,44961,272478,165373,372740,648491,690180,61371,19682,709862,210640,44961,272478,165373,372740,648491,690180,61371,19682,0,0,0,0,0,0,0,0,0,0,9986,1649,-4138,7983,2925,6480,12557,10326,-2572,-340,100.0,29.7,6.3,38.4,23.3,52.5,91.4,97.2,8.6,2.8,100.0,29.7,6.3,38.4,23.3,52.5,91.4,97.2,8.6,2.8,0.0,0.0,0.0,0.0,0.0,0.0,0.0,0.0,0.0,0.0,317,192,55,139,57,54,292,208,317,192,55,139,57,54,292,208,0,0,0,0,0,0,0,0,19.1,26.0,30.1,42.0,8.3,19.5,13.0,27.3,19.1,26.0,30.1,42.0,8.3,19.5,13.0,27.3,0.0,0.0,0.0,0.0,0.0,0.0,0.0,0.0,(CONTRACTS OF 100 TROY OUNCES),GOLD,PRECIOUS METALS,NATURAL RESOURCES,Combined
260303088695C,MICRO GOLD - COMMODITY EXCHANGE INC.,2026-03-03T00:00:00.000,2026 Report Week 09,MICRO GOLD,088695,CMX ,NYC,088 ,GOLD,60933,11361,32113,3556,5382,0,20299,35669,40634,25264,60933,11361,32113,3556,5382,0,20299,35669,40634,25264,0,0,0,0,0,0,0,0,0,0,1001,-420,-746,567,79,0,226,-179,775,1180,100.0,18.6,52.7,5.8,8.8,0.0,33.3,58.5,66.7,41.5,100.0,18.6,52.7,5.8,8.8,0.0,33.3,58.5,66.7,41.5,0.0,0.0,0.0,0.0,0.0,0.0,0.0,0.0,0.0,0.0,35,18,15,9,2,0,27,17,35,18,15,9,2,0,27,17,0,0,0,0,0,0,0,0,16.5,37.6,22.3,50.4,14.5,36.9,19.3,47.2,16.5,37.6,22.3,50.4,14.5,36.9,19.3,47.2,0.0,0.0,0.0,0.0,0.0,0.0,0.0,0.0,(CONTRACTS OF 10 TROY OUNCES),GOLD,PRECIOUS METALS,NATURAL RESOURCES,Combined
260303088691C,GOLD - COMMODITY EXCHANGE INC.,2026-03-03T00:00:00.000,2026 Report Week 09,GOLD,088691,CMX ,NYC,088 ,GOLD,699876,208990,49099,264495,162448,366260,635933,679854,63943,20022,699876,208990,49099,264495,162448,366260,635933,679854,63943,20022,0,0,0,0,0,0,0,0,0,0,108,1113,3410,8286,3206,879,12605,12575,-12497,-12467,100.0,29.9,7.0,37.8,23.2,52.3,90.9,97.1,9.1,2.9,100.0,29.9,7.0,37.8,23.2,52.3,90.9,97.1,9.1,2.9,0.0,0.0,0.0,0.0,0.0,0.0,0.0,0.0,0.0,0.0,309,184,57,129,56,54,281,200,309,184,57,129,56,54,281,200,0,0,0,0,0,0,0,0,18.4,26.2,28.9,41.8,7.8,19.6,12.9,27.6,18.4,26.2,28.9,41.8,7.8,19.6,12.9,27.6,0.0,0.0,0.0,0.0,0.0,0.0,0.0,0.0,(CONTRACTS OF 100 TROY OUNCES),GOLD,PRECIOUS METALS,NATURAL RESOURCES,Combined
260224088691C,GOLD - COMMODITY EXCHANGE INC.,2026-02-24T00:00:00.000,2026 Report Week 08,GOLD,088691,CMX ,NYC,088 ,GOLD,699768,207877,45689,256209,159243,365381,623329,667279,76440,32489,699768,207877,45689,256209,159243,365381,623329,667279,76440,32489,0,0,0,0,0,0,0,0,0,0,-24137,5265,-2332,-33934,-11782,1033,-40451,-35233,16313,11096,100.0,29.7,6.5,36.6,22.8,52.2,89.1,95.4,10.9,4.6,100.0,29.7,6.5,36.6,22.8,52.2,89.1,95.4,10.9,4.6,0.0,0.0,0.0,0.0,0.0,0.0,0.0,0.0,0.0,0.0,308,185,55,125,56,56,278,200,308,185,55,125,56,56,278,200,0,0,0,0,0,0,0,0,18.2,25.4,28.3,40.8,7.7,19.2,12.4,27.4,18.2,25.4,28.3,40.8,7.7,19.2,12.4,27.4,0.0,0.0,0.0,0.0,0.0,0.0,0.0,0.0,(CONTRACTS OF 100 TROY OUNCES),GOLD,PRECIOUS METALS,NATURAL RESOURCES,Combined
260224088695C,MICRO GOLD - COMMODITY EXCHANGE INC.,2026-02-24T00:00:00.000,2026 Report Week 08,MICRO GOLD,088695,CMX ,NYC,088 ,GOLD,59932,11781,32859,2989,5303,0,20073,35848,39859,24084,59932,11781,32859,2989,5303,0,20073,35848,39859,24084,0,0,0,0,0,0,0,0,0,0,-885,-1427,2162,-2926,350,0,-4003,-764,3118,-121,100.0,19.7,54.8,5.0,8.8,0.0,33.5,59.8,66.5,40.2,100.0,19.7,54.8,5.0,8.8,0.0,33.5,59.8,66.5,40.2,0.0,0.0,0.0,0.0,0.0,0.0,0.0,0.0,0.0,0.0,34,15,17,10,2,0,25,19,34,15,17,10,2,0,25,19,0,0,0,0,0,0,0,0,16.7,34.4,23.7,48.6,16.7,34.1,22.5,47.2,16.7,34.4,23.7,48.6,16.7,34.1,22.5,47.2,0.0,0.0,0.0,0.0,0.0,0.0,0.0,0.0,(CONTRACTS OF 10 TROY OUNCES),GOLD,PRECIOUS METALS,NATURAL RESOURCES,Combined
260217088695C,MICRO GOLD - COMMODITY EXCHANGE INC.,2026-02-17T00:00:00.000,2026 Report Week 07,MICRO GOLD,088695,CMX ,NYC,088 ,GOLD,60817,13208,30697,5915,4953,0,24076,36612,36741,24205,60817,13208,30697,5915,4953,0,24076,36612,36741,24205,0,0,0,0,0,0,0,0,0,0,221,-2977,-214,280,731,0,-1966,66,2187,155,100.0,21.7,50.5,9.7,8.1,0.0,39.6,60.2,60.4,39.8,100.0,21.7,50.5,9.7,8.1,0.0,39.6,60.2,60.4,39.8,0.0,0.0,0.0,0.0,0.0,0.0,0.0,0.0,0.0,0.0,36,17,17,9,2,0,25,20,36,17,17,9,2,0,25,20,0,0,0,0,0,0,0,0,18.5,33.4,27.0,46.8,16.2,33.4,21.9,44.6,18.5,33.4,27.0,46.8,16.2,33.4,21.9,44.6,0.0,0.0,0.0,0.0,0.0,0.0,0.0,0.0,(CONTRACTS OF 10 TROY OUNCES),GOLD,PRECIOUS METALS,NATURAL RESOURCES,Combined
260217088691C,GOLD - COMMODITY EXCHANGE INC.,2026-02-17T00:00:00.000,2026 Report Week 07,GOLD,088691,CMX ,NYC,088 ,GOLD,723906,202612,48021,290143,171024,364348,663779,702512,60126,21393,723906,202612,48021,290143,171024,364348,663779,702512,60126,21393,0,0,0,0,0,0,0,0,0,0,-2251,2256,3112,-2022,-918,-2438,-683,-1347,-1567,-903,100.0,28.0,6.6,40.1,23.6,50.3,91.7,97.0,8.3,3.0,100.0,28.0,6.6,40.1,23.6,50.3,91.7,97.0,8.3,3.0,0.0,0.0,0.0,0.0,0.0,0.0,0.0,0.0,0.0,0.0,332,196,67,143,58,57,300,221,332,196,67,143,58,57,300,221,0,0,0,0,0,0,0,0,19.4,25.3,29.2,41.2,7.2,18.1,12.2,25.2,19.4,25.3,29.2,41.2,7.2,18.1,12.2,25.2,0.0,0.0,0.0,0.0,0.0,0.0,0.0,0.0,(CONTRACTS OF 100 TROY OUNCES),GOLD,PRECIOUS METALS,NATURAL RESOURCES,Combined
260210088695C,MICRO GOLD - COMMODITY EXCHANGE INC.,2026-02-10T00:00:00.000,2026 Report Week 06,MICRO GOLD,088695,CMX ,NYC,088 ,GOLD,60595,16185,30911,5635,4222,0,26042,36546,34553,24049,60595,16185,30911,5635,4222,0,26042,36546,34553,24049,0,0,0,0,0,0,0,0,0,0,6998,4647,5481,2309,184,0,7140,7790,-142,-792,100.0,26.7,51.0,9.3,7.0,0.0,43.0,60.3,57.0,39.7,100.0,26.7,51.0,9.3,7.0,0.0,43.0,60.3,57.0,39.7,0.0,0.0,0.0,0.0,0.0,0.0,0.0,0.0,0.0,0.0,38,18,18,13,2,0,28,23,38,18,18,13,2,0,28,23,0,0,0,0,0,0,0,0,22.2,30.3,30.3,44.5,18.8,29.8,25.5,42.2,22.2,30.3,30.3,44.5,18.8,29.8,25.5,42.2,0.0,0.0,0.0,0.0,0.0,0.0,0.0,0.0,(CONTRACTS OF 10 TROY OUNCES),GOLD,PRECIOUS METALS,NATURAL RESOURCES,Combined
260210088691C,GOLD - COMMODITY EXCHANGE INC.,2026-02-10T00:00:00.000,2026 Report Week 06,GOLD,088691,CMX ,NYC,088 ,GOLD,726156,200356,44909,292165,171942,366785,664463,703859,61693,22297,726156,200356,44909,292165,171942,366785,664463,703859,61693,22297,0,0,0,0,0,0,0,0,0,0,-6169,-4836,905,650,3064,-8054,-1121,-6499,-5048,330,100.0,27.6,6.2,40.2,23.7,50.5,91.5,96.9,8.5,3.1,100.0,27.6,6.2,40.2,23.7,50.5,91.5,96.9,8.5,3.1,0.0,0.0,0.0,0.0,0.0,0.0,0.0,0.0,0.0,0.0,322,188,65,137,58,58,293,214,322,188,65,137,58,58,293,214,0,0,0,0,0,0,0,0,19.6,26.0,29.5,42.3,7.4,18.5,12.4,25.7,19.6,26.0,29.5,42.3,7.4,18.5,12.4,25.7,0.0,0.0,0.0,0.0,0.0,0.0,0.0,0.0,(CONTRACTS OF 100 TROY OUNCES),GOLD,PRECIOUS METALS,NATURAL RESOURCES,Combined
260203088695C,MICRO GOLD - COMMODITY EXCHANGE INC.,2026-02-03T00:00:00.000,2026 Report Week 05,MICRO GOLD,088695,CMX ,NYC,088 ,GOLD,53597,11538,25430,3326,4038,0,18902,28756,34695,24841,53597,11538,25430,3326,4038,0,18902,28756,34695,24841,0,0,0,0,0,0,0,0,0,0,-24836,-13088,-13907,-9461,15,-1,-22534,-23369,-2302,-1467,100.0,21.5,47.4,6.2,7.5,0.0,35.3,53.7,64.7,46.3,100.0,21.5,47.4,6.2,7.5,0.0,35.3,53.7,64.7,46.3,0.0,0.0,0.0,0.0,0.0,0.0,0.0,0.0,0.0,0.0,34,17,14,11,3,0,27,18,34,17,14,11,3,0,27,18,0,0,0,0,0,0,0,0,13.4,29.8,20.7,44.2,13.0,29.6,19.3,41.0,13.4,29.8,20.7,44.2,13.0,29.6,19.3,41.0,0.0,0.0,0.0,0.0,0.0,0.0,0.0,0.0,(CONTRACTS OF 10 TROY OUNCES),GOLD,PRECIOUS METALS,NATURAL RESOURCES,Combined
260203088691C,GOLD - COMMODITY EXCHANGE INC.,2026-02-03T00:00:00.000,2026 Report Week 05,GOLD,088691,CMX ,NYC,088 ,GOLD,732325,205191,44004,291515,168878,374840,665584,710358,66741,21967,732325,205191,44004,291515,168878,374840,665584,710358,66741,21967,0,0,0,0,0,0,0,0,0,0,-61428,-43717,1530,-12901,450,-44358,-56168,-55728,-5260,-5700,100.0,28.0,6.0,39.8,23.1,51.2,90.9,97.0,9.1,3.0,100.0,28.0,6.0,39.8,23.1,51.2,90.9,97.0,9.1,3.0,0.0,0.0,0.0,0.0,0.0,0.0,0.0,0.0,0.0,0.0,337,205,62,146,60,60,310,223,337,205,62,146,60,60,310,223,0,0,0,0,0,0,0,0,19.3,25.9,29.0,42.1,7.4,18.5,12.4,26.2,19.3,25.9,29.0,42.1,7.4,18.5,12.4,26.2,0.0,0.0,0.0,0.0,0.0,0.0,0.0,0.0,(CONTRACTS OF 100 TROY OUNCES),GOLD,PRECIOUS METALS,NATURAL RESOURCES,Combined
260127088691C,GOLD - COMMODITY EXCHANGE INC.,2026-01-27T00:00:00.000,2026 Report Week 04,GOLD,088691,CMX ,NYC,088 ,GOLD,793753,248908,42473,304416,168428,419198,721752,766086,72002,27667,793753,248908,42473,304416,168428,419198,721752,766086,72002,27667,0,0,0,0,0,0,0,0,0,0,-77802,-16632,861,-51523,-7832,-28008,-75987,-78670,-1815,868,100.0,31.4,5.4,38.4,21.2,52.8,90.9,96.5,9.1,3.5,100.0,31.4,5.4,38.4,21.2,52.8,90.9,96.5,9.1,3.5,0.0,0.0,0.0,0.0,0.0,0.0,0.0,0.0,0.0,0.0,337,216,54,145,56,58,316,214,337,216,54,145,56,58,316,214,0,0,0,0,0,0,0,0,16.9,24.8,26.7,40.8,7.2,19.7,12.2,27.8,16.9,24.8,26.7,40.8,7.2,19.7,12.2,27.8,0.0,0.0,0.0,0.0,0.0,0.0,0.0,0.0,(CONTRACTS OF 100 TROY OUNCES),GOLD,PRECIOUS METALS,NATURAL RESOURCES,Combined
260127088LM1C,"GOLD -1 TROY OUNCE - COINBASE DERIVATIVES, LLC",2026-01-27T00:00:00.000,2026 Report Week 04,GOLD -1 TROY OUNCE,088LM1,FREX,CHI,088 ,GOLD,11365,4243,7984,1121,0,0,5364,9105,6001,2260,11365,4243,7984,1121,0,0,5364,9105,6001,2260,0,0,0,0,0,0,0,0,0,0,1046,116,-696,1121,0,0,1237,425,-191,621,100.0,37.3,70.3,9.9,0.0,0.0,47.2,80.1,52.8,19.9,100.0,37.3,70.3,9.9,0.0,0.0,47.2,80.1,52.8,19.9,0.0,0.0,0.0,0.0,0.0,0.0,0.0,0.0,0.0,0.0,21,17,4,1,0,0,17,5,21,17,4,1,0,0,17,5,0,0,0,0,0,0,0,0,24.3,78.4,31.4,80.1,14.5,70.3,21.5,70.3,24.3,78.4,31.4,80.1,14.5,70.3,21.5,70.3,0.0,0.0,0.0,0.0,0.0,0.0,0.0,0.0,"(1 troy ounce x $2,300)",GOLD,PRECIOUS METALS,NATURAL RESOURCES,Combined
260127088695C,MICRO GOLD - COMMODITY EXCHANGE INC.,2026-01-27T00:00:00.000,2026 Report Week 04,MICRO GOLD,088695,CMX ,NYC,088 ,GOLD,78433,24626,39337,12787,4023,1,41436,52125,36997,26308,78433,24626,39337,12787,4023,1,41436,52125,36997,26308,0,0,0,0,0,0,0,0,0,0,-559,-6755,13,5212,1034,1,-509,5226,-50,-5785,100.0,31.4,50.2,16.3,5.1,0.0,52.8,66.5,47.2,33.5,100.0,31.4,50.2,16.3,5.1,0.0,52.8,66.5,47.2,33.5,0.0,0.0,0.0,0.0,0.0,0.0,0.0,0.0,0.0,0.0,30,16,10,11,3,1,26,16,30,16,10,11,3,1,26,16,0,0,0,0,0,0,0,0,24.9,53.3,35.1,63.5,21.3,42.8,28.5,49.3,24.9,53.3,35.1,63.5,21.3,42.8,28.5,49.3,0.0,0.0,0.0,0.0,0.0,0.0,0.0,0.0,(CONTRACTS OF 10 TROY OUNCES),GOLD,PRECIOUS METALS,NATURAL RESOURCES,Combined
260120088LM1C,"GOLD -1 TROY OUNCE - COINBASE DERIVATIVES, LLC",2026-01-20T00:00:00.000,2026 Report Week 03,GOLD -1 TROY OUNCE,088LM1,FREX,CHI,088 ,GOLD,10319,4127,8680,0,0,0,4127,8680,6192,1639,10319,4127,8680,0,0,0,4127,8680,6192,1639,0,0,0,0,0,0,0,0,0,0,926,287,663,0,0,0,287,663,639,263,100.0,40.0,84.1,0.0,0.0,0.0,40.0,84.1,60.0,15.9,100.0,40.0,84.1,0.0,0.0,0.0,40.0,84.1,60.0,15.9,0.0,0.0,0.0,0.0,0.0,0.0,0.0,0.0,0.0,0.0,20,16,4,0,0,0,16,4,20,16,4,0,0,0,16,4,0,0,0,0,0,0,0,0,16.7,84.1,24.5,84.1,16.7,84.1,24.5,84.1,16.7,84.1,24.5,84.1,16.7,84.1,24.5,84.1,0.0,0.0,0.0,0.0,0.0,0.0,0.0,0.0,"(1 troy ounce x $2,300)",GOLD,PRECIOUS METALS,NATURAL RESOURCES,Combined
260120088691C,GOLD - COMMODITY EXCHANGE INC.,2026-01-20T00:00:00.000,2026 Report Week 03,GOLD,088691,CMX ,NYC,088 ,GOLD,871555,265540,41612,355938,176260,447205,797738,844756,73817,26799,871555,265540,41612,355938,176260,447205,797738,844756,73817,26799,0,0,0,0,0,0,0,0,0,0,27556,-5340,1196,23443,12732,4475,30835,29114,-3279,-1558,100.0,30.5,4.8,40.8,20.2,51.3,91.5,96.9,8.5,3.1,100.0,30.5,4.8,40.8,20.2,51.3,91.5,96.9,8.5,3.1,0.0,0.0,0.0,0.0,0.0,0.0,0.0,0.0,0.0,0.0,362,233,60,149,56,60,332,227,362,233,60,149,56,60,332,227,0,0,0,0,0,0,0,0,16.7,24.2,25.7,40.3,6.7,19.0,11.3,26.9,16.7,24.2,25.7,40.3,6.7,19.0,11.3,26.9,0.0,0.0,0.0,0.0,0.0,0.0,0.0,0.0,(CONTRACTS OF 100 TROY OUNCES),GOLD,PRECIOUS METALS,NATURAL RESOURCES,Combined
260120088695C,MICRO GOLD - COMMODITY EXCHANGE INC.,2026-01-20T00:00:00.000,2026 Report Week 03,MICRO GOLD,088695,CMX ,NYC,088 ,GOLD,78992,31381,39324,7575,2989,0,41945,46899,37047,32093,78992,31381,39324,7575,2989,0,41945,46899,37047,32093,0,0,0,0,0,0,0,0,0,0,6422,5223,-1206,1748,139,0,7110,542,-688,5880,100.0,39.7,49.8,9.6,3.8,0.0,53.1,59.4,46.9,40.6,100.0,39.7,49.8,9.6,3.8,0.0,53.1,59.4,46.9,40.6,0.0,0.0,0.0,0.0,0.0,0.0,0.0,0.0,0.0,0.0,37,21,13,11,2,0,31,17,37,21,13,11,2,0,31,17,0,0,0,0,0,0,0,0,27.1,46.1,35.9,54.6,24.9,41.3,32.1,47.4,27.1,46.1,35.9,54.6,24.9,41.3,32.1,47.4,0.0,0.0,0.0,0.0,0.0,0.0,0.0,0.0,(CONTRACTS OF 10 TROY OUNCES),GOLD,PRECIOUS METALS,NATURAL RESOURCES,Combined
260113088LM1C,"GOLD -1 TROY OUNCE - COINBASE DERIVATIVES, LLC",2026-01-13T00:00:00.000,2026 Report Week 02,GOLD -1 TROY OUNCE,088LM1,FREX,CHI,088 ,GOLD,9393,3840,8017,0,0,0,3840,8017,5553,1376,9393,3840,8017,0,0,0,3840,8017,5553,1376,0,0,0,0,0,0,0,0,0,0,,,,,,,,,,,100.0,40.9,85.4,0.0,0.0,0.0,40.9,85.4,59.1,14.6,100.0,40.9,85.4,0.0,0.0,0.0,40.9,85.4,59.1,14.6,0.0,0.0,0.0,0.0,0.0,0.0,0.0,0.0,0.0,0.0,24,18,6,0,0,0,18,6,24,18,6,0,0,0,18,6,0,0,0,0,0,0,0,0,11.1,81.1,19.6,85.4,11.1,81.1,19.6,85.4,11.1,81.1,19.6,85.4,11.1,81.1,19.6,85.4,0.0,0.0,0.0,0.0,0.0,0.0,0.0,0.0,"1 troy ounce x $2,300",GOLD,PRECIOUS METALS,NATURAL RESOURCES,Combined
260113088691C,GOLD - COMMODITY EXCHANGE INC.,2026-01-13T00:00:00.000,2026 Report Week 02,GOLD,088691,CMX ,NYC,088 ,GOLD,844000,270880,40417,332496,163528,442730,766904,815642,77096,28357,844000,270880,40417,332496,163528,442730,766904,815642,77096,28357,0,0,0,0,0,0,0,0,0,0,71708,15442,-1278,32947,16602,35451,64991,67120,6717,4588,100.0,32.1,4.8,39.4,19.4,52.5,90.9,96.6,9.1,3.4,100.0,32.1,4.8,39.4,19.4,52.5,90.9,96.6,9.1,3.4,0.0,0.0,0.0,0.0,0.0,0.0,0.0,0.0,0.0,0.0,360,223,66,156,57,57,330,233,360,223,66,156,57,57,330,233,0,0,0,0,0,0,0,0,17.1,24.6,25.9,40.9,7.3,19.5,12.9,28.0,17.1,24.6,25.9,40.9,7.3,19.5,12.9,28.0,0.0,0.0,0.0,0.0,0.0,0.0,0.0,0.0,(CONTRACTS OF 100 TROY OUNCES),GOLD,PRECIOUS METALS,NATURAL RESOURCES,Combined
260113088695C,MICRO GOLD - COMMODITY EXCHANGE INC.,2026-01-13T00:00:00.000,2026 Report Week 02,MICRO GOLD,088695,CMX ,NYC,088 ,GOLD,72570,26158,40530,5827,2850,0,34835,46357,37735,26213,72570,26158,40530,5827,2850,0,34835,46357,37735,26213,0,0,0,0,0,0,0,0,0,0,3824,3055,2918,429,-161,0,3323,3347,501,477,100.0,36.0,55.8,8.0,3.9,0.0,48.0,63.9,52.0,36.1,100.0,36.0,55.8,8.0,3.9,0.0,48.0,63.9,52.0,36.1,0.0,0.0,0.0,0.0,0.0,0.0,0.0,0.0,0.0,0.0,38,20,15,9,2,0,28,19,38,20,15,9,2,0,28,19,0,0,0,0,0,0,0,0,25.6,50.9,33.3,57.9,23.2,45.1,29.9,52.1,25.6,50.9,33.3,57.9,23.2,45.1,29.9,52.1,0.0,0.0,0.0,0.0,0.0,0.0,0.0,0.0,(CONTRACTS OF 10 TROY OUNCES),GOLD,PRECIOUS METALS,NATURAL RESOURCES,Combined
260106088695C,MICRO GOLD - COMMODITY EXCHANGE INC.,2026-01-06T00:00:00.000,2026 Report Week 01,MICRO GOLD,088695,CMX ,NYC,088 ,GOLD,68746,23103,37612,5398,3011,0,31512,43010,37234,25736,68746,23103,37612,5398,3011,0,31512,43010,37234,25736,0,0,0,0,0,0,0,0,0,0,-1288,6632,-4262,-719,141,0,6054,-4981,-7342,3693,100.0,33.6,54.7,7.9,4.4,0.0,45.8,62.6,54.2,37.4,100.0,33.6,54.7,7.9,4.4,0.0,45.8,62.6,54.2,37.4,0.0,0.0,0.0,0.0,0.0,0.0,0.0,0.0,0.0,0.0,34,15,16,10,2,0,25,19,34,15,16,10,2,0,25,19,0,0,0,0,0,0,0,0,27.5,49.2,35.1,58.1,25.7,43.6,31.8,51.3,27.5,49.2,35.1,58.1,25.7,43.6,31.8,51.3,0.0,0.0,0.0,0.0,0.0,0.0,0.0,0.0,(CONTRACTS OF 10 TROY OUNCES),GOLD,PRECIOUS METALS,NATURAL RESOURCES,Combined
260106088691C,GOLD - COMMODITY EXCHANGE INC.,2026-01-06T00:00:00.000,2026 Report Week 01,GOLD,088691,CMX ,NYC,088 ,GOLD,772291,255438,41695,299548,146926,407279,701913,748522,70379,23769,772291,255438,41695,299548,146926,407279,701913,748522,70379,23769,0,0,0,0,0,0,0,0,0,0,29184,-4002,1754,27925,6291,-296,30214,29382,-1030,-198,100.0,33.1,5.4,38.8,19.0,52.7,90.9,96.9,9.1,3.1,100.0,33.1,5.4,38.8,19.0,52.7,90.9,96.9,9.1,3.1,0.0,0.0,0.0,0.0,0.0,0.0,0.0,0.0,0.0,0.0,333,204,64,135,54,53,304,208,333,204,64,135,54,53,304,208,0,0,0,0,0,0,0,0,17.1,25.4,26.9,42.1,8.1,20.3,14.3,29.3,17.1,25.4,26.9,42.1,8.1,20.3,14.3,29.3,0.0,0.0,0.0,0.0,0.0,0.0,0.0,0.0,(CONTRACTS OF 100 TROY OUNCES),GOLD,PRECIOUS METALS,NATURAL RESOURCES,Combined
251230088691C,GOLD - COMMODITY EXCHANGE INC.,2025-12-30T00:00:00.000,2025 Report Week 52,GOLD,088691,CMX ,NYC,088 ,GOLD,743107,259440,39941,271623,140636,407576,671699,719140,71408,23967,743107,259440,39941,271623,140636,407576,671699,719140,71408,23967,0,0,0,0,0,0,0,0,0,0,-27022,-16240,-3882,-13714,4543,-6423,-25411,-24019,-1612,-3003,100.0,34.9,5.4,36.6,18.9,54.8,90.4,96.8,9.6,3.2,100.0,34.9,5.4,36.6,18.9,54.8,90.4,96.8,9.6,3.2,0.0,0.0,0.0,0.0,0.0,0.0,0.0,0.0,0.0,0.0,333,213,52,133,54,56,301,209,333,213,52,133,54,56,301,209,0,0,0,0,0,0,0,0,16.9,26.4,26.7,43.0,8.2,21.6,14.5,31.1,16.9,26.4,26.7,43.0,8.2,21.6,14.5,31.1,0.0,0.0,0.0,0.0,0.0,0.0,0.0,0.0,(CONTRACTS OF 100 TROY OUNCES),GOLD,PRECIOUS METALS,NATURAL RESOURCES,Combined
251230088LM1C,"GOLD -1 TROY OUNCE - COINBASE DERIVATIVES, LLC",2025-12-30T00:00:00.000,2025 Report Week 52,GOLD -1 TROY OUNCE,088LM1,FREX,CHI,088 ,GOLD,11050,4000,10241,0,0,0,4000,10241,7050,809,11050,4000,10241,0,0,0,4000,10241,7050,809,0,0,0,0,0,0,0,0,0,0,,,,,,,,,,,100.0,36.2,92.7,0.0,0.0,0.0,36.2,92.7,63.8,7.3,100.0,36.2,92.7,0.0,0.0,0.0,36.2,92.7,63.8,7.3,0.0,0.0,0.0,0.0,0.0,0.0,0.0,0.0,0.0,0.0,22,20,2,0,0,0,20,2,22,20,2,0,0,0,20,2,0,0,0,0,0,0,0,0,7.2,92.7,14.5,92.7,7.2,92.7,14.5,92.7,7.2,92.7,14.5,92.7,7.2,92.7,14.5,92.7,0.0,0.0,0.0,0.0,0.0,0.0,0.0,0.0,"1 troy ounce x $2,300",GOLD,PRECIOUS METALS,NATURAL RESOURCES,Combined
251230088695C,MICRO GOLD - COMMODITY EXCHANGE INC.,2025-12-30T00:00:00.000,2025 Report Week 52,MICRO GOLD,088695,CMX ,NYC,088 ,GOLD,70034,16471,41874,6117,2870,0,25458,47991,44576,22043,70034,16471,41874,6117,2870,0,25458,47991,44576,22043,0,0,0,0,0,0,0,0,0,0,4798,-2044,7265,2403,34,0,393,9668,4405,-4870,100.0,23.5,59.8,8.7,4.1,0.0,36.4,68.5,63.6,31.5,100.0,23.5,59.8,8.7,4.1,0.0,36.4,68.5,63.6,31.5,0.0,0.0,0.0,0.0,0.0,0.0,0.0,0.0,0.0,0.0,33,17,14,7,2,0,24,16,33,17,14,7,2,0,24,16,0,0,0,0,0,0,0,0,17.8,54.7,25.8,64.6,14.9,47.6,21.3,56.5,17.8,54.7,25.8,64.6,14.9,47.6,21.3,56.5,0.0,0.0,0.0,0.0,0.0,0.0,0.0,0.0,(CONTRACTS OF 10 TROY OUNCES),GOLD,PRECIOUS METALS,NATURAL RESOURCES,Combined
251223088691C,GOLD - COMMODITY EXCHANGE INC.,2025-12-23T00:00:00.000,2025 Report Week 51,GOLD,088691,CMX ,NYC,088 ,GOLD,770129,275680,43823,285337,136092,413999,697109,743159,73020,26971,770129,275680,43823,285337,136092,413999,697109,743159,73020,26971,0,0,0,0,0,0,0,0,0,0,9078,11075,-2058,-152,-6915,9703,4007,7493,5071,1585,100.0,35.8,5.7,37.1,17.7,53.8,90.5,96.5,9.5,3.5,100.0,35.8,5.7,37.1,17.7,53.8,90.5,96.5,9.5,3.5,0.0,0.0,0.0,0.0,0.0,0.0,0.0,0.0,0.0,0.0,348,214,66,128,53,57,312,208,348,214,66,128,53,57,312,208,0,0,0,0,0,0,0,0,17.2,25.8,26.3,42.3,8.1,20.9,14.2,30.6,17.2,25.8,26.3,42.3,8.1,20.9,14.2,30.6,0.0,0.0,0.0,0.0,0.0,0.0,0.0,0.0,(CONTRACTS OF 100 TROY OUNCES),GOLD,PRECIOUS METALS,NATURAL RESOURCES,Combined
251223088695C,MICRO GOLD - COMMODITY EXCHANGE INC.,2025-12-23T00:00:00.000,2025 Report Week 51,MICRO GOLD,088695,CMX ,NYC,088 ,GOLD,65236,18515,34609,3714,2836,0,25065,38323,40171,26913,65236,18515,34609,3714,2836,0,25065,38323,40171,26913,0,0,0,0,0,0,0,0,0,0,7325,6779,5987,-493,495,0,6781,5494,544,1831,100.0,28.4,53.1,5.7,4.3,0.0,38.4,58.7,61.6,41.3,100.0,28.4,53.1,5.7,4.3,0.0,38.4,58.7,61.6,41.3,0.0,0.0,0.0,0.0,0.0,0.0,0.0,0.0,0.0,0.0,35,19,14,6,2,0,26,15,35,19,14,6,2,0,26,15,0,0,0,0,0,0,0,0,17.0,47.3,23.9,55.7,17.0,43.4,23.0,50.4,17.0,47.3,23.9,55.7,17.0,43.4,23.0,50.4,0.0,0.0,0.0,0.0,0.0,0.0,0.0,0.0,(CONTRACTS OF 10 TROY OUNCES),GOLD,PRECIOUS METALS,NATURAL RESOURCES,Combined
251216088691C,GOLD - COMMODITY EXCHANGE INC.,2025-12-16T00:00:00.000,2025 Report Week 50,GOLD,088691,CMX ,NYC,088 ,GOLD,761051,264606,45881,285489,143007,404296,693102,735666,67949,25385,761051,264606,45881,285489,143007,404296,693102,735666,67949,25385,0,0,0,0,0,0,0,0,0,0,77147,12400,2679,43167,16915,28502,72482,74349,4664,2798,100.0,34.8,6.0,37.5,18.8,53.1,91.1,96.7,8.9,3.3,100.0,34.8,6.0,37.5,18.8,53.1,91.1,96.7,8.9,3.3,0.0,0.0,0.0,0.0,0.0,0.0,0.0,0.0,0.0,0.0,365,228,66,151,55,58,334,227,365,228,66,151,55,58,334,227,0,0,0,0,0,0,0,0,17.0,24.7,26.6,41.2,8.2,19.5,14.3,29.0,17.0,24.7,26.6,41.2,8.2,19.5,14.3,29.0,0.0,0.0,0.0,0.0,0.0,0.0,0.0,0.0,(CONTRACTS OF 100 TROY OUNCES),GOLD,PRECIOUS METALS,NATURAL RESOURCES,Combined
251216088695C,MICRO GOLD - COMMODITY EXCHANGE INC.,2025-12-16T00:00:00.000,2025 Report Week 50,MICRO GOLD,088695,CMX ,NYC,088 ,GOLD,57910,11736,28622,4207,2341,0,18284,32829,39626,25081,57910,11736,28622,4207,2341,0,18284,32829,39626,25081,0,0,0,0,0,0,0,0,0,0,3860,1017,1510,900,117,0,2034,2410,1826,1450,100.0,20.3,49.4,7.3,4.0,0.0,31.6,56.7,68.4,43.3,100.0,20.3,49.4,7.3,4.0,0.0,31.6,56.7,68.4,43.3,0.0,0.0,0.0,0.0,0.0,0.0,0.0,0.0,0.0,0.0,32,15,13,7,2,0,23,16,32,15,13,7,2,0,23,16,0,0,0,0,0,0,0,0,13.5,43.3,20.8,52.6,12.4,40.2,18.1,47.1,13.5,43.3,20.8,52.6,12.4,40.2,18.1,47.1,0.0,0.0,0.0,0.0,0.0,0.0,0.0,0.0,(CONTRACTS OF 10 TROY OUNCES),GOLD,PRECIOUS METALS,NATURAL RESOURCES,Combined
251209088695C,MICRO GOLD - COMMODITY EXCHANGE INC.,2025-12-09T00:00:00.000,2025 Report Week 49,MICRO GOLD,088695,CMX ,NYC,088 ,GOLD,54051,10719,27112,3307,2224,0,16250,30419,37801,23632,54051,10719,27112,3307,2224,0,16250,30419,37801,23632,0,0,0,0,0,0,0,0,0,0,2879,3082,3210,-291,122,0,2913,2919,-34,-40,100.0,19.8,50.2,6.1,4.1,0.0,30.1,56.3,69.9,43.7,100.0,19.8,50.2,6.1,4.1,0.0,30.1,56.3,69.9,43.7,0.0,0.0,0.0,0.0,0.0,0.0,0.0,0.0,0.0,0.0,32,15,14,8,2,0,23,17,32,15,14,8,2,0,23,17,0,0,0,0,0,0,0,0,13.0,40.3,20.5,50.8,11.7,39.2,17.8,47.2,13.0,40.3,20.5,50.8,11.7,39.2,17.8,47.2,0.0,0.0,0.0,0.0,0.0,0.0,0.0,0.0,(CONTRACTS OF 10 TROY OUNCES),GOLD,PRECIOUS METALS,NATURAL RESOURCES,Combined
251209088691C,GOLD - COMMODITY EXCHANGE INC.,2025-12-09T00:00:00.000,2025 Report Week 49,GOLD,088691,CMX ,NYC,088 ,GOLD,683904,252206,43202,242322,126092,375794,620620,661317,63285,22587,683904,252206,43202,242322,126092,375794,620620,661317,63285,22587,0,0,0,0,0,0,0,0,0,0,19008,5564,976,9743,4403,10448,19710,21167,-702,-2159,100.0,36.9,6.3,35.4,18.4,54.9,90.7,96.7,9.3,3.3,100.0,36.9,6.3,35.4,18.4,54.9,90.7,96.7,9.3,3.3,0.0,0.0,0.0,0.0,0.0,0.0,0.0,0.0,0.0,0.0,347,221,55,138,54,57,315,214,347,221,55,138,54,57,315,214,0,0,0,0,0,0,0,0,16.9,25.4,26.9,42.4,9.0,21.0,15.5,30.3,16.9,25.4,26.9,42.4,9.0,21.0,15.5,30.3,0.0,0.0,0.0,0.0,0.0,0.0,0.0,0.0,(CONTRACTS OF 100 TROY OUNCES),GOLD,PRECIOUS METALS,NATURAL RESOURCES,Combined
251202088691C,GOLD - COMMODITY EXCHANGE INC.,2025-12-02T00:00:00.000,2025 Report Week 48,GOLD,088691,CMX ,NYC,088 ,GOLD,664896,246642,42226,232579,121689,365345,600910,640150,63986,24746,664896,246642,42226,232579,121689,365345,600910,640150,63986,24746,0,0,0,0,0,0,0,0,0,0,-4559,7327,-5495,5795,-20413,-6400,-7291,-6100,2732,1541,100.0,37.1,6.4,35.0,18.3,54.9,90.4,96.3,9.6,3.7,100.0,37.1,6.4,35.0,18.3,54.9,90.4,96.3,9.6,3.7,0.0,0.0,0.0,0.0,0.0,0.0,0.0,0.0,0.0,0.0,336,212,58,136,51,56,303,214,336,212,58,136,51,56,303,214,0,0,0,0,0,0,0,0,17.6,26.1,27.6,43.2,9.3,21.2,15.8,30.6,17.6,26.1,27.6,43.2,9.3,21.2,15.8,30.6,0.0,0.0,0.0,0.0,0.0,0.0,0.0,0.0,(CONTRACTS OF 100 TROY OUNCES),GOLD,PRECIOUS METALS,NATURAL RESOURCES,Combined
251202088695C,MICRO GOLD - COMMODITY EXCHANGE INC.,2025-12-02T00:00:00.000,2025 Report Week 48,MICRO GOLD,088695,CMX ,NYC,088 ,GOLD,51171,7637,23902,3598,2102,0,13337,27500,37834,23671,51171,7637,23902,3598,2102,0,13337,27500,37834,23671,0,0,0,0,0,0,0,0,0,0,6426,1945,3585,-1309,-231,-199,405,2077,6021,4349,100.0,14.9,46.7,7.0,4.1,0.0,26.1,53.7,73.9,46.3,100.0,14.9,46.7,7.0,4.1,0.0,26.1,53.7,73.9,46.3,0.0,0.0,0.0,0.0,0.0,0.0,0.0,0.0,0.0,0.0,31,10,19,8,2,0,19,20,31,10,19,8,2,0,19,20,0,0,0,0,0,0,0,0,12.2,31.8,19.9,43.9,10.8,31.3,16.7,41.0,12.2,31.8,19.9,43.9,10.8,31.3,16.7,41.0,0.0,0.0,0.0,0.0,0.0,0.0,0.0,0.0,(CONTRACTS OF 10 TROY OUNCES),GOLD,PRECIOUS METALS,NATURAL RESOURCES,Combined
251125088691C,GOLD - COMMODITY EXCHANGE INC.,2025-11-25T00:00:00.000,2025 Report Week 47,GOLD,088691,CMX ,NYC,088 ,GOLD,669455,239315,47721,226784,142102,371745,608201,646250,61255,23205,669455,239315,47721,226784,142102,371745,608201,646250,61255,23205,0,0,0,0,0,0,0,0,0,0,-177324,4928,-6169,-117505,-61883,-48935,-174459,-172608,-2864,-4716,100.0,35.7,7.1,33.9,21.2,55.5,90.8,96.5,9.1,3.5,100.0,35.7,7.1,33.9,21.2,55.5,90.8,96.5,9.1,3.5,0.0,0.0,0.0,0.0,0.0,0.0,0.0,0.0,0.0,0.0,327,206,54,129,50,56,294,205,327,206,54,129,50,56,294,205,0,0,0,0,0,0,0,0,17.0,25.5,26.9,41.5,9.4,20.2,15.6,29.6,17.0,25.5,26.9,41.5,9.4,20.2,15.6,29.6,0.0,0.0,0.0,0.0,0.0,0.0,0.0,0.0,(CONTRACTS OF 100 TROY OUNCES),GOLD,PRECIOUS METALS,NATURAL RESOURCES,Combined
251125088695C,MICRO GOLD - COMMODITY EXCHANGE INC.,2025-11-25T00:00:00.000,2025 Report Week 47,MICRO GOLD,088695,CMX ,NYC,088 ,GOLD,44745,5692,20317,4907,2333,199,12932,25423,31813,19322,44745,5692,20317,4907,2333,199,12932,25423,31813,19322,0,0,0,0,0,0,0,0,0,0,-39553,-20884,-46924,1134,304,199,-19446,-45591,-20107,6038,100.0,12.7,45.4,11.0,5.2,0.4,28.9,56.8,71.1,43.2,100.0,12.7,45.4,11.0,5.2,0.4,28.9,56.8,71.1,43.2,0.0,0.0,0.0,0.0,0.0,0.0,0.0,0.0,0.0,0.0,31,10,16,10,3,1,21,21,31,10,16,10,3,1,21,21,0,0,0,0,0,0,0,0,13.3,25.6,20.8,41.6,10.8,24.2,15.6,37.2,13.3,25.6,20.8,41.6,10.8,24.2,15.6,37.2,0.0,0.0,0.0,0.0,0.0,0.0,0.0,0.0,(CONTRACTS OF 10 TROY OUNCES),GOLD,PRECIOUS METALS,NATURAL RESOURCES,Combined
251118088691C,GOLD - COMMODITY EXCHANGE INC.,2025-11-18T00:00:00.000,2025 Report Week 46,GOLD,088691,CMX ,NYC,088 ,GOLD,846779,234387,53890,344289,203984,420680,782660,818858,64119,27921,846779,234387,53890,344289,203984,420680,782660,818858,64119,27921,0,0,0,0,0,0,0,0,0,0,9610,846,2668,-1640,12733,8889,11939,9916,-2329,-306,100.0,27.7,6.4,40.7,24.1,49.7,92.4,96.7,7.6,3.3,100.0,27.7,6.4,40.7,24.1,49.7,92.4,96.7,7.6,3.3,0.0,0.0,0.0,0.0,0.0,0.0,0.0,0.0,0.0,0.0,361,229,56,164,59,65,334,243,361,229,56,164,59,65,334,243,0,0,0,0,0,0,0,0,18.3,23.9,28.6,38.5,7.4,15.2,11.8,22.5,18.3,23.9,28.6,38.5,7.4,15.2,11.8,22.5,0.0,0.0,0.0,0.0,0.0,0.0,0.0,0.0,(CONTRACTS OF 100 TROY OUNCES),GOLD,PRECIOUS METALS,NATURAL RESOURCES,Combined
251118088695C,MICRO GOLD - COMMODITY EXCHANGE INC.,2025-11-18T00:00:00.000,2025 Report Week 46,MICRO GOLD,088695,CMX ,NYC,088 ,GOLD,84298,26576,67241,3773,2029,0,32378,71014,51920,13284,84298,26576,67241,3773,2029,0,32378,71014,51920,13284,0,0,0,0,0,0,0,0,0,0,3354,685,4344,1503,1029,0,3217,5847,137,-2493,100.0,31.5,79.8,4.5,2.4,0.0,38.4,84.2,61.6,15.8,100.0,31.5,79.8,4.5,2.4,0.0,38.4,84.2,61.6,15.8,0.0,0.0,0.0,0.0,0.0,0.0,0.0,0.0,0.0,0.0,35,16,16,13,2,0,26,22,35,16,16,13,2,0,26,22,0,0,0,0,0,0,0,0,25.8,71.0,31.3,78.0,24.7,69.6,29.9,76.1,25.8,71.0,31.3,78.0,24.7,69.6,29.9,76.1,0.0,0.0,0.0,0.0,0.0,0.0,0.0,0.0,(CONTRACTS OF 10 TROY OUNCES),GOLD,PRECIOUS METALS,NATURAL RESOURCES,Combined
251110088691C,GOLD - COMMODITY EXCHANGE INC.,2025-11-10T00:00:00.000,2025 Report Week 45,GOLD,088691,CMX ,NYC,088 ,GOLD,837169,233541,51222,345929,191251,411791,770721,808942,66448,28227,837169,233541,51222,345929,191251,411791,770721,808942,66448,28227,0,0,0,0,0,0,0,0,0,0,44185,4066,752,30240,6377,13268,40683,44259,3502,-74,100.0,27.9,6.1,41.3,22.8,49.2,92.1,96.6,7.9,3.4,100.0,27.9,6.1,41.3,22.8,49.2,92.1,96.6,7.9,3.4,0.0,0.0,0.0,0.0,0.0,0.0,0.0,0.0,0.0,0.0,357,214,67,154,60,63,325,237,357,214,67,154,60,63,325,237,0,0,0,0,0,0,0,0,18.2,24.2,28.4,38.7,7.5,15.4,12.0,22.7,18.2,24.2,28.4,38.7,7.5,15.4,12.0,22.7,0.0,0.0,0.0,0.0,0.0,0.0,0.0,0.0,(CONTRACTS OF 100 TROY OUNCES),GOLD,PRECIOUS METALS,NATURAL RESOURCES,Combined
251110088695C,MICRO GOLD - COMMODITY EXCHANGE INC.,2025-11-10T00:00:00.000,2025 Report Week 45,MICRO GOLD,088695,CMX ,NYC,088 ,GOLD,80944,25891,62897,2270,1000,0,29161,65167,51783,15777,80944,25891,62897,2270,1000,0,29161,65167,51783,15777,0,0,0,0,0,0,0,0,0,0,4310,3514,344,86,-7,0,3593,430,717,3880,100.0,32.0,77.7,2.8,1.2,0.0,36.0,80.5,64.0,19.5,100.0,32.0,77.7,2.8,1.2,0.0,36.0,80.5,64.0,19.5,0.0,0.0,0.0,0.0,0.0,0.0,0.0,0.0,0.0,0.0,33,19,13,9,1,0,25,17,33,19,13,9,1,0,25,17,0,0,0,0,0,0,0,0,20.6,66.9,26.6,75.5,19.5,66.4,25.1,75.0,20.6,66.9,26.6,75.5,19.5,66.4,25.1,75.0,0.0,0.0,0.0,0.0,0.0,0.0,0.0,0.0,(CONTRACTS OF 10 TROY OUNCES),GOLD,PRECIOUS METALS,NATURAL RESOURCES,Combined
251104088691C,GOLD - COMMODITY EXCHANGE INC.,2025-11-04T00:00:00.000,2025 Report Week 44,GOLD,088691,CMX ,NYC,088 ,GOLD,792984,229475,50470,315689,184874,398523,730038,764683,62946,28301,792984,229475,50470,315689,184874,398523,730038,764683,62946,28301,0,0,0,0,0,0,0,0,0,0,-15444,-8784,-4911,-6036,-63,-3164,-14882,-14110,-562,-1334,100.0,28.9,6.4,39.8,23.3,50.3,92.1,96.4,7.9,3.6,100.0,28.9,6.4,39.8,23.3,50.3,92.1,96.4,7.9,3.6,0.0,0.0,0.0,0.0,0.0,0.0,0.0,0.0,0.0,0.0,352,208,70,153,60,62,323,233,352,208,70,153,60,62,323,233,0,0,0,0,0,0,0,0,17.6,24.4,27.9,39.0,8.3,16.0,13.1,23.7,17.6,24.4,27.9,39.0,8.3,16.0,13.1,23.7,0.0,0.0,0.0,0.0,0.0,0.0,0.0,0.0,(CONTRACTS OF 100 TROY OUNCES),GOLD,PRECIOUS METALS,NATURAL RESOURCES,Combined
251104088695C,MICRO GOLD - COMMODITY EXCHANGE INC.,2025-11-04T00:00:00.000,2025 Report Week 44,MICRO GOLD,088695,CMX ,NYC,088 ,GOLD,76634,22377,62553,2184,1007,0,25568,64737,51066,11897,76634,22377,62553,2184,1007,0,25568,64737,51066,11897,0,0,0,0,0,0,0,0,0,0,2101,751,2536,303,-107,0,947,2839,1154,-738,100.0,29.2,81.6,2.8,1.3,0.0,33.4,84.5,66.6,15.5,100.0,29.2,81.6,2.8,1.3,0.0,33.4,84.5,66.6,15.5,0.0,0.0,0.0,0.0,0.0,0.0,0.0,0.0,0.0,0.0,32,18,13,7,1,0,23,16,32,18,13,7,1,0,23,16,0,0,0,0,0,0,0,0,20.8,70.0,25.6,79.2,19.6,69.4,24.3,78.7,20.8,70.0,25.6,79.2,19.6,69.4,24.3,78.7,0.0,0.0,0.0,0.0,0.0,0.0,0.0,0.0,(CONTRACTS OF 10 TROY OUNCES),GOLD,PRECIOUS METALS,NATURAL RESOURCES,Combined
251028088691C,GOLD - COMMODITY EXCHANGE INC.,2025-10-28T00:00:00.000,2025 Report Week 43,GOLD,088691,CMX ,NYC,088 ,GOLD,808428,238258,55381,321725,184937,401687,744920,778793,63508,29635,808428,238258,55381,321725,184937,401687,744920,778793,63508,29635,0,0,0,0,0,0,0,0,0,0,-117669,9690,-6986,-84599,-38007,-21601,-112916,-113186,-4753,-4484,100.0,29.5,6.9,39.8,22.9,49.7,92.1,96.3,7.9,3.7,100.0,29.5,6.9,39.8,22.9,49.7,92.1,96.3,7.9,3.7,0.0,0.0,0.0,0.0,0.0,0.0,0.0,0.0,0.0,0.0,364,221,68,159,59,62,332,240,364,221,68,159,59,62,332,240,0,0,0,0,0,0,0,0,17.6,24.2,27.7,38.8,8.2,16.0,13.1,23.7,17.6,24.2,27.7,38.8,8.2,16.0,13.1,23.7,0.0,0.0,0.0,0.0,0.0,0.0,0.0,0.0,(CONTRACTS OF 100 TROY OUNCES),GOLD,PRECIOUS METALS,NATURAL RESOURCES,Combined
251028088695C,MICRO GOLD - COMMODITY EXCHANGE INC.,2025-10-28T00:00:00.000,2025 Report Week 43,MICRO GOLD,088695,CMX ,NYC,088 ,GOLD,74533,21626,60017,1881,1114,0,24621,61898,49912,12635,74533,21626,60017,1881,1114,0,24621,61898,49912,12635,0,0,0,0,0,0,0,0,0,0,8814,10382,12598,-776,199,-484,9805,11338,-991,-2524,100.0,29.0,80.5,2.5,1.5,0.0,33.0,83.0,67.0,17.0,100.0,29.0,80.5,2.5,1.5,0.0,33.0,83.0,67.0,17.0,0.0,0.0,0.0,0.0,0.0,0.0,0.0,0.0,0.0,0.0,33,18,14,8,1,0,25,16,33,18,14,8,1,0,25,16,0,0,0,0,0,0,0,0,17.4,66.8,24.0,76.9,17.3,66.2,23.3,76.1,17.4,66.8,24.0,76.9,17.3,66.2,23.3,76.1,0.0,0.0,0.0,0.0,0.0,0.0,0.0,0.0,(CONTRACTS OF 10 TROY OUNCES),GOLD,PRECIOUS METALS,NATURAL RESOURCES,Combined
251021088691C,GOLD - COMMODITY EXCHANGE INC.,2025-10-21T00:00:00.000,2025 Report Week 42,GOLD,088691,CMX ,NYC,088 ,GOLD,926098,228568,62367,406324,222944,423288,857836,891979,68262,34119,926098,228568,62367,406324,222944,423288,857836,891979,68262,34119,0,0,0,0,0,0,0,0,0,0,10644,-32554,-1024,22754,22827,-7001,13028,14729,-2384,-4085,100.0,24.7,6.7,43.9,24.1,45.7,92.6,96.3,7.4,3.7,100.0,24.7,6.7,43.9,24.1,45.7,92.6,96.3,7.4,3.7,0.0,0.0,0.0,0.0,0.0,0.0,0.0,0.0,0.0,0.0,388,231,80,184,62,63,353,270,388,231,80,184,62,63,353,270,0,0,0,0,0,0,0,0,19.4,24.4,30.0,38.3,6.8,13.8,11.1,20.5,19.4,24.4,30.0,38.3,6.8,13.8,11.1,20.5,0.0,0.0,0.0,0.0,0.0,0.0,0.0,0.0,(CONTRACTS OF 100 TROY OUNCES),GOLD,PRECIOUS METALS,NATURAL RESOURCES,Combined
251021088695C,MICRO GOLD - COMMODITY EXCHANGE INC.,2025-10-21T00:00:00.000,2025 Report Week 42,MICRO GOLD,088695,CMX ,NYC,088 ,GOLD,65719,11244,47419,2657,915,484,14816,50560,50903,15159,65719,11244,47419,2657,915,484,14816,50560,50903,15159,0,0,0,0,0,0,0,0,0,0,3216,-5495,11164,-411,-248,400,-6154,11153,9370,-7937,100.0,17.1,72.2,4.0,1.4,0.7,22.5,76.9,77.5,23.1,100.0,17.1,72.2,4.0,1.4,0.7,22.5,76.9,77.5,23.1,0.0,0.0,0.0,0.0,0.0,0.0,0.0,0.0,0.0,0.0,35,16,17,8,1,1,24,19,35,16,17,8,1,1,24,19,0,0,0,0,0,0,0,0,8.9,56.4,14.9,68.1,8.7,55.7,14.2,65.9,8.9,56.4,14.9,68.1,8.7,55.7,14.2,65.9,0.0,0.0,0.0,0.0,0.0,0.0,0.0,0.0,(CONTRACTS OF 10 TROY OUNCES),GOLD,PRECIOUS METALS,NATURAL RESOURCES,Combined
251014088695C,MICRO GOLD - COMMODITY EXCHANGE INC.,2025-10-14T00:00:00.000,2025 Report Week 41,MICRO GOLD,088695,CMX ,NYC,088 ,GOLD,62503,16739,36255,3068,1163,84,20970,39407,41533,23096,62503,16739,36255,3068,1163,84,20970,39407,41533,23096,0,0,0,0,0,0,0,0,0,0,6743,-1923,14586,314,655,84,-954,14984,7697,-8241,100.0,26.8,58.0,4.9,1.9,0.1,33.6,63.0,66.4,37.0,100.0,26.8,58.0,4.9,1.9,0.1,33.6,63.0,66.4,37.0,0.0,0.0,0.0,0.0,0.0,0.0,0.0,0.0,0.0,0.0,36,19,15,9,2,1,28,18,36,19,15,9,2,1,28,18,0,0,0,0,0,0,0,0,14.8,49.9,20.9,58.3,14.5,48.2,19.8,54.6,14.8,49.9,20.9,58.3,14.5,48.2,19.8,54.6,0.0,0.0,0.0,0.0,0.0,0.0,0.0,0.0,(CONTRACTS OF 10 TROY OUNCES),GOLD,PRECIOUS METALS,NATURAL RESOURCES,Combined
251014088691C,GOLD - COMMODITY EXCHANGE INC.,2025-10-14T00:00:00.000,2025 Report Week 41,GOLD,088691,CMX ,NYC,088 ,GOLD,915454,261122,63391,383570,200116,430289,844809,877250,70645,38204,915454,261122,63391,383570,200116,430289,844809,877250,70645,38204,0,0,0,0,0,0,0,0,0,0,66278,-26305,1167,61294,27849,211,62838,62671,3440,3607,100.0,28.5,6.9,41.9,21.9,47.0,92.3,95.8,7.7,4.2,100.0,28.5,6.9,41.9,21.9,47.0,92.3,95.8,7.7,4.2,0.0,0.0,0.0,0.0,0.0,0.0,0.0,0.0,0.0,0.0,382,227,83,176,58,59,346,260,382,227,83,176,58,59,346,260,0,0,0,0,0,0,0,0,18.7,24.3,29.0,37.9,6.9,14.8,11.7,22.6,18.7,24.3,29.0,37.9,6.9,14.8,11.7,22.6,0.0,0.0,0.0,0.0,0.0,0.0,0.0,0.0,(CONTRACTS OF 100 TROY OUNCES),GOLD,PRECIOUS METALS,NATURAL RESOURCES,Combined
251007088691C,GOLD - COMMODITY EXCHANGE INC.,2025-10-07T00:00:00.000,2025 Report Week 40,GOLD,088691,CMX ,NYC,088 ,GOLD,849176,287427,62225,322276,172267,430078,781970,814579,67205,34597,849176,287427,62225,322276,172267,430078,781970,814579,67205,34597,0,0,0,0,0,0,0,0,0,0,27441,-22003,875,28213,20857,-4714,27068,24374,374,3067,100.0,33.8,7.3,38.0,20.3,50.6,92.1,95.9,7.9,4.1,100.0,33.8,7.3,38.0,20.3,50.6,92.1,95.9,7.9,4.1,0.0,0.0,0.0,0.0,0.0,0.0,0.0,0.0,0.0,0.0,394,228,90,167,59,63,350,261,394,228,90,167,59,63,350,261,0,0,0,0,0,0,0,0,17.1,24.1,26.9,38.6,8.3,17.2,13.6,25.7,17.1,24.1,26.9,38.6,8.3,17.2,13.6,25.7,0.0,0.0,0.0,0.0,0.0,0.0,0.0,0.0,(CONTRACTS OF 100 TROY OUNCES),GOLD,PRECIOUS METALS,NATURAL RESOURCES,Combined
251007088695C,MICRO GOLD - COMMODITY EXCHANGE INC.,2025-10-07T00:00:00.000,2025 Report Week 40,MICRO GOLD,088695,CMX ,NYC,088 ,GOLD,55760,18662,21669,2754,508,0,21924,24423,33836,31337,55760,18662,21669,2754,508,0,21924,24423,33836,31337,0,0,0,0,0,0,0,0,0,0,592,339,1170,-377,189,0,151,793,441,-201,100.0,33.5,38.9,4.9,0.9,0.0,39.3,43.8,60.7,56.2,100.0,33.5,38.9,4.9,0.9,0.0,39.3,43.8,60.7,56.2,0.0,0.0,0.0,0.0,0.0,0.0,0.0,0.0,0.0,0.0,37,23,13,8,1,0,30,15,37,23,13,8,1,0,30,15,0,0,0,0,0,0,0,0,16.7,30.1,24.4,39.9,16.2,28.7,23.0,36.2,16.7,30.1,24.4,39.9,16.2,28.7,23.0,36.2,0.0,0.0,0.0,0.0,0.0,0.0,0.0,0.0,(CONTRACTS OF 10 TROY OUNCES),GOLD,PRECIOUS METALS,NATURAL RESOURCES,Combined
250930088691C,GOLD - COMMODITY EXCHANGE INC.,2025-09-30T00:00:00.000,2025 Report Week 39,GOLD,088691,CMX ,NYC,088 ,GOLD,821734,309430,61349,294063,151409,434792,754902,790205,66832,31529,821734,309430,61349,294063,151409,434792,754902,790205,66832,31529,0,0,0,0,0,0,0,0,0,0,-76713,-10343,837,-37329,-27139,-34817,-74811,-71309,-1902,-5404,100.0,37.7,7.5,35.8,18.4,52.9,91.9,96.2,8.1,3.8,100.0,37.7,7.5,35.8,18.4,52.9,91.9,96.2,8.1,3.8,0.0,0.0,0.0,0.0,0.0,0.0,0.0,0.0,0.0,0.0,389,232,81,162,61,65,348,257,389,232,81,162,61,65,348,257,0,0,0,0,0,0,0,0,16.6,25.0,26.8,39.8,9.7,18.5,15.5,28.6,16.6,25.0,26.8,39.8,9.7,18.5,15.5,28.6,0.0,0.0,0.0,0.0,0.0,0.0,0.0,0.0,(CONTRACTS OF 100 TROY OUNCES),GOLD,PRECIOUS METALS,NATURAL RESOURCES,Combined
250930088695C,MICRO GOLD - COMMODITY EXCHANGE INC.,2025-09-30T00:00:00.000,2025 Report Week 39,MICRO GOLD,088695,CMX ,NYC,088 ,GOLD,55168,18323,20499,3131,319,0,21773,23630,33395,31538,55168,18323,20499,3131,319,0,21773,23630,33395,31538,0,0,0,0,0,0,0,0,0,0,-4067,-980,5444,-4292,319,0,-4953,1152,886,-5219,100.0,33.2,37.2,5.7,0.6,0.0,39.5,42.8,60.5,57.2,100.0,33.2,37.2,5.7,0.6,0.0,39.5,42.8,60.5,57.2,0.0,0.0,0.0,0.0,0.0,0.0,0.0,0.0,0.0,0.0,39,21,16,9,1,0,28,20,39,21,16,9,1,0,28,20,0,0,0,0,0,0,0,0,16.4,26.2,24.6,35.7,15.4,25.2,22.7,32.3,16.4,26.2,24.6,35.7,15.4,25.2,22.7,32.3,0.0,0.0,0.0,0.0,0.0,0.0,0.0,0.0,(CONTRACTS OF 10 TROY OUNCES),GOLD,PRECIOUS METALS,NATURAL RESOURCES,Combined
250923088691C,GOLD - COMMODITY EXCHANGE INC.,2025-09-23T00:00:00.000,2025 Report Week 38,GOLD,088691,CMX ,NYC,088 ,GOLD,898447,319773,60512,331393,178548,469609,829713,861514,68734,36933,898447,319773,60512,331393,178548,469609,829713,861514,68734,36933,0,0,0,0,0,0,0,0,0,0,62626,6800,3618,44952,12676,11465,64428,60035,-1802,2591,100.0,35.6,6.7,36.9,19.9,52.3,92.3,95.9,7.7,4.1,100.0,35.6,6.7,36.9,19.9,52.3,92.3,95.9,7.7,4.1,0.0,0.0,0.0,0.0,0.0,0.0,0.0,0.0,0.0,0.0,399,234,87,169,63,68,356,268,399,234,87,169,63,68,356,268,0,0,0,0,0,0,0,0,16.3,23.4,26.2,38.1,9.0,16.3,14.2,26.6,16.3,23.4,26.2,38.1,9.0,16.3,14.2,26.6,0.0,0.0,0.0,0.0,0.0,0.0,0.0,0.0,(CONTRACTS OF 100 TROY OUNCES),GOLD,PRECIOUS METALS,NATURAL RESOURCES,Combined
250923088695C,MICRO GOLD - COMMODITY EXCHANGE INC.,2025-09-23T00:00:00.000,2025 Report Week 38,MICRO GOLD,088695,CMX ,NYC,088 ,GOLD,59235,19303,15055,7423,0,0,26726,22478,32509,36757,59235,19303,15055,7423,0,0,26726,22478,32509,36757,0,0,0,0,0,0,0,0,0,0,3313,2621,770,815,0,0,3436,1585,-123,1728,100.0,32.6,25.4,12.5,0.0,0.0,45.1,37.9,54.9,62.1,100.0,32.6,25.4,12.5,0.0,0.0,45.1,37.9,54.9,62.1,0.0,0.0,0.0,0.0,0.0,0.0,0.0,0.0,0.0,0.0,35,20,15,11,0,0,26,20,35,20,15,11,0,0,26,20,0,0,0,0,0,0,0,0,21.0,20.9,31.9,30.0,15.8,16.8,22.5,21.7,21.0,20.9,31.9,30.0,15.8,16.8,22.5,21.7,0.0,0.0,0.0,0.0,0.0,0.0,0.0,0.0,(CONTRACTS OF 10 TROY OUNCES),GOLD,PRECIOUS METALS,NATURAL RESOURCES,Combined
250916088695C,MICRO GOLD - COMMODITY EXCHANGE INC.,2025-09-16T00:00:00.000,2025 Report Week 37,MICRO GOLD,088695,CMX ,NYC,088 ,GOLD,55922,16682,14285,6608,0,0,23290,20893,32632,35029,55922,16682,14285,6608,0,0,23290,20893,32632,35029,0,0,0,0,0,0,0,0,0,0,-1560,-3878,-683,956,0,0,-2922,273,1362,-1833,100.0,29.8,25.5,11.8,0.0,0.0,41.6,37.4,58.4,62.6,100.0,29.8,25.5,11.8,0.0,0.0,41.6,37.4,58.4,62.6,0.0,0.0,0.0,0.0,0.0,0.0,0.0,0.0,0.0,0.0,36,22,14,10,0,0,27,19,36,22,14,10,0,0,27,19,0,0,0,0,0,0,0,0,15.3,20.4,26.5,29.5,12.2,17.1,20.4,22.2,15.3,20.4,26.5,29.5,12.2,17.1,20.4,22.2,0.0,0.0,0.0,0.0,0.0,0.0,0.0,0.0,(CONTRACTS OF 10 TROY OUNCES),GOLD,PRECIOUS METALS,NATURAL RESOURCES,Combined
250916088691C,GOLD - COMMODITY EXCHANGE INC.,2025-09-16T00:00:00.000,2025 Report Week 37,GOLD,088691,CMX ,NYC,088 ,GOLD,835822,312973,56894,286440,165872,458144,765285,801479,70536,34343,835822,312973,56894,286440,165872,458144,765285,801479,70536,34343,0,0,0,0,0,0,0,0,0,0,18714,-2966,-3693,10132,9601,34976,16766,41414,1948,-22700,100.0,37.4,6.8,34.3,19.8,54.8,91.6,95.9,8.4,4.1,100.0,37.4,6.8,34.3,19.8,54.8,91.6,95.9,8.4,4.1,0.0,0.0,0.0,0.0,0.0,0.0,0.0,0.0,0.0,0.0,387,228,82,169,60,68,350,261,387,228,82,169,60,68,350,261,0,0,0,0,0,0,0,0,16.4,24.1,25.9,39.3,9.5,17.5,14.9,28.6,16.4,24.1,25.9,39.3,9.5,17.5,14.9,28.6,0.0,0.0,0.0,0.0,0.0,0.0,0.0,0.0,(CONTRACTS OF 100 TROY OUNCES),GOLD,PRECIOUS METALS,NATURAL RESOURCES,Combined
250909088695C,MICRO GOLD - COMMODITY EXCHANGE INC.,2025-09-09T00:00:00.000,2025 Report Week 36,MICRO GOLD,088695,CMX ,NYC,088 ,GOLD,57482,20560,14968,5652,0,0,26212,20620,31270,36862,57482,20560,14968,5652,0,0,26212,20620,31270,36862,0,0,0,0,0,0,0,0,0,0,-4428,-6492,-325,-536,0,0,-7028,-861,2600,-3567,100.0,35.8,26.0,9.8,0.0,0.0,45.6,35.9,54.4,64.1,100.0,35.8,26.0,9.8,0.0,0.0,45.6,35.9,54.4,64.1,0.0,0.0,0.0,0.0,0.0,0.0,0.0,0.0,0.0,0.0,33,20,13,9,0,0,24,18,33,20,13,9,0,0,24,18,0,0,0,0,0,0,0,0,22.9,19.8,32.6,28.3,19.3,17.4,26.3,22.9,22.9,19.8,32.6,28.3,19.3,17.4,26.3,22.9,0.0,0.0,0.0,0.0,0.0,0.0,0.0,0.0,(CONTRACTS OF 10 TROY OUNCES),GOLD,PRECIOUS METALS,NATURAL RESOURCES,Combined
250909088691C,GOLD - COMMODITY EXCHANGE INC.,2025-09-09T00:00:00.000,2025 Report Week 36,GOLD,088691,CMX ,NYC,088 ,GOLD,817108,315939,60588,276309,156271,423169,748519,760065,68589,57043,817108,315939,60588,276309,156271,423169,748519,760065,68589,57043,0,0,0,0,0,0,0,0,0,0,52326,4982,-5939,33101,11387,9397,49469,36560,2857,15767,100.0,38.7,7.4,33.8,19.1,51.8,91.6,93.0,8.4,7.0,100.0,38.7,7.4,33.8,19.1,51.8,91.6,93.0,8.4,7.0,0.0,0.0,0.0,0.0,0.0,0.0,0.0,0.0,0.0,0.0,385,230,82,164,58,66,347,255,385,230,82,164,58,66,347,255,0,0,0,0,0,0,0,0,16.6,23.7,26.1,39.0,10.1,17.3,15.7,27.3,16.6,23.7,26.1,39.0,10.1,17.3,15.7,27.3,0.0,0.0,0.0,0.0,0.0,0.0,0.0,0.0,(CONTRACTS OF 100 TROY OUNCES),GOLD,PRECIOUS METALS,NATURAL RESOURCES,Combined
250902088691C,GOLD - COMMODITY EXCHANGE INC.,2025-09-02T00:00:00.000,2025 Report Week 35,GOLD,088691,CMX ,NYC,088 ,GOLD,764782,310958,66526,243208,144884,413771,699050,723506,65732,41276,764782,310958,66526,243208,144884,413771,699050,723506,65732,41276,0,0,0,0,0,0,0,0,0,0,131500,42016,7315,70322,16595,38186,128932,115822,2568,15678,100.0,40.7,8.7,31.8,18.9,54.1,91.4,94.6,8.6,5.4,100.0,40.7,8.7,31.8,18.9,54.1,91.4,94.6,8.6,5.4,0.0,0.0,0.0,0.0,0.0,0.0,0.0,0.0,0.0,0.0,394,231,86,165,62,71,348,268,394,231,86,165,62,71,348,268,0,0,0,0,0,0,0,0,16.5,23.7,25.9,39.0,11.1,17.8,16.4,28.9,16.5,23.7,25.9,39.0,11.1,17.8,16.4,28.9,0.0,0.0,0.0,0.0,0.0,0.0,0.0,0.0,(CONTRACTS OF 100 TROY OUNCES),GOLD,PRECIOUS METALS,NATURAL RESOURCES,Combined
250902088695C,MICRO GOLD - COMMODITY EXCHANGE INC.,2025-09-02T00:00:00.000,2025 Report Week 35,MICRO GOLD,088695,CMX ,NYC,088 ,GOLD,61910,27052,15293,6188,0,0,33240,21481,28670,40429,61910,27052,15293,6188,0,0,33240,21481,28670,40429,0,0,0,0,0,0,0,0,0,0,12630,16988,-1376,-1698,0,0,15290,-3074,-2660,15704,100.0,43.7,24.7,10.0,0.0,0.0,53.7,34.7,46.3,65.3,100.0,43.7,24.7,10.0,0.0,0.0,53.7,34.7,46.3,65.3,0.0,0.0,0.0,0.0,0.0,0.0,0.0,0.0,0.0,0.0,34,17,17,9,0,0,22,21,34,17,17,9,0,0,22,21,0,0,0,0,0,0,0,0,34.3,18.1,43.6,27.1,30.9,16.1,37.8,20.6,34.3,18.1,43.6,27.1,30.9,16.1,37.8,20.6,0.0,0.0,0.0,0.0,0.0,0.0,0.0,0.0,(CONTRACTS OF 10 TROY OUNCES),GOLD,PRECIOUS METALS,NATURAL RESOURCES,Combined
250826088695C,MICRO GOLD - COMMODITY EXCHANGE INC.,2025-08-26T00:00:00.000,2025 Report Week 34,MICRO GOLD,088695,CMX ,NYC,088 ,GOLD,49280,10064,16669,7886,0,0,17950,24555,31330,24725,49280,10064,16669,7886,0,0,17950,24555,31330,24725,0,0,0,0,0,0,0,0,0,0,-1980,-178,-6126,2687,0,0,2509,-3439,-4489,1459,100.0,20.4,33.8,16.0,0.0,0.0,36.4,49.8,63.6,50.2,100.0,20.4,33.8,16.0,0.0,0.0,36.4,49.8,63.6,50.2,0.0,0.0,0.0,0.0,0.0,0.0,0.0,0.0,0.0,0.0,30,12,18,12,0,0,21,21,30,12,18,12,0,0,21,21,0,0,0,0,0,0,0,0,19.9,25.4,27.2,38.3,12.5,21.1,18.4,28.7,19.9,25.4,27.2,38.3,12.5,21.1,18.4,28.7,0.0,0.0,0.0,0.0,0.0,0.0,0.0,0.0,(CONTRACTS OF 10 TROY OUNCES),GOLD,PRECIOUS METALS,NATURAL RESOURCES,Combined
250826088691C,GOLD - COMMODITY EXCHANGE INC.,2025-08-26T00:00:00.000,2025 Report Week 34,GOLD,088691,CMX ,NYC,088 ,GOLD,633282,268942,59212,172886,128289,375586,570118,607683,63164,25598,633282,268942,59212,172886,128289,375586,570118,607683,63164,25598,0,0,0,0,0,0,0,0,0,0,-10723,6987,-873,-16984,-1312,4623,-11309,-13234,585,2511,100.0,42.5,9.3,27.3,20.3,59.3,90.0,96.0,10.0,4.0,100.0,42.5,9.3,27.3,20.3,59.3,90.0,96.0,10.0,4.0,0.0,0.0,0.0,0.0,0.0,0.0,0.0,0.0,0.0,0.0,350,212,67,142,62,61,317,228,350,212,67,142,62,61,317,228,0,0,0,0,0,0,0,0,17.1,24.8,27.4,42.2,13.4,20.9,19.8,33.6,17.1,24.8,27.4,42.2,13.4,20.9,19.8,33.6,0.0,0.0,0.0,0.0,0.0,0.0,0.0,0.0,(CONTRACTS OF 100 TROY OUNCES),GOLD,PRECIOUS METALS,NATURAL RESOURCES,Combined
250819088691C,GOLD - COMMODITY EXCHANGE INC.,2025-08-19T00:00:00.000,2025 Report Week 33,GOLD,088691,CMX ,NYC,088 ,GOLD,644005,261955,60085,189870,129601,370963,581426,620918,62579,23087,644005,261955,60085,189870,129601,370963,581426,620918,62579,23087,0,0,0,0,0,0,0,0,0,0,-19449,-16517,2156,-6979,1980,-12709,-21516,-17532,2067,-1917,100.0,40.7,9.3,29.5,20.1,57.6,90.3,96.4,9.7,3.6,100.0,40.7,9.3,29.5,20.1,57.6,90.3,96.4,9.7,3.6,0.0,0.0,0.0,0.0,0.0,0.0,0.0,0.0,0.0,0.0,356,217,72,156,57,59,321,241,356,217,72,156,57,59,321,241,0,0,0,0,0,0,0,0,18.3,25.6,29.0,43.0,13.4,20.8,20.3,32.9,18.3,25.6,29.0,43.0,13.4,20.8,20.3,32.9,0.0,0.0,0.0,0.0,0.0,0.0,0.0,0.0,(CONTRACTS OF 100 TROY OUNCES),GOLD,PRECIOUS METALS,NATURAL RESOURCES,Combined
250819088695C,MICRO GOLD - COMMODITY EXCHANGE INC.,2025-08-19T00:00:00.000,2025 Report Week 33,MICRO GOLD,088695,CMX ,NYC,088 ,GOLD,51260,10242,22795,5199,0,0,15441,27994,35819,23266,51260,10242,22795,5199,0,0,15441,27994,35819,23266,0,0,0,0,0,0,0,0,0,0,6425,2444,7782,-944,0,0,1500,6838,4925,-413,100.0,20.0,44.5,10.1,0.0,0.0,30.1,54.6,69.9,45.4,100.0,20.0,44.5,10.1,0.0,0.0,30.1,54.6,69.9,45.4,0.0,0.0,0.0,0.0,0.0,0.0,0.0,0.0,0.0,0.0,32,17,15,12,0,0,26,18,32,17,15,12,0,0,26,18,0,0,0,0,0,0,0,0,11.9,34.4,19.8,48.1,10.0,32.1,15.5,40.9,11.9,34.4,19.8,48.1,10.0,32.1,15.5,40.9,0.0,0.0,0.0,0.0,0.0,0.0,0.0,0.0,(CONTRACTS OF 10 TROY OUNCES),GOLD,PRECIOUS METALS,NATURAL RESOURCES,Combined
250812088691C,GOLD - COMMODITY EXCHANGE INC.,2025-08-12T00:00:00.000,2025 Report Week 32,GOLD,088691,CMX ,NYC,088 ,GOLD,663454,278472,57929,196848,127622,383672,602942,638449,60512,25005,663454,278472,57929,196848,127622,383672,602942,638449,60512,25005,0,0,0,0,0,0,0,0,0,0,-7286,-5024,4650,7767,-11589,-19228,-8846,-6811,1561,-474,100.0,42.0,8.7,29.7,19.2,57.8,90.9,96.2,9.1,3.8,100.0,42.0,8.7,29.7,19.2,57.8,90.9,96.2,9.1,3.8,0.0,0.0,0.0,0.0,0.0,0.0,0.0,0.0,0.0,0.0,352,220,61,152,58,62,318,237,352,220,61,152,58,62,318,237,0,0,0,0,0,0,0,0,18.2,25.3,28.7,42.7,13.3,20.2,19.9,33.0,18.2,25.3,28.7,42.7,13.3,20.2,19.9,33.0,0.0,0.0,0.0,0.0,0.0,0.0,0.0,0.0,(CONTRACTS OF 100 TROY OUNCES),GOLD,PRECIOUS METALS,NATURAL RESOURCES,Combined
250812088695C,MICRO GOLD - COMMODITY EXCHANGE INC.,2025-08-12T00:00:00.000,2025 Report Week 32,MICRO GOLD,088695,CMX ,NYC,088 ,GOLD,44835,7798,15013,6143,0,0,13941,21156,30894,23679,44835,7798,15013,6143,0,0,13941,21156,30894,23679,0,0,0,0,0,0,0,0,0,0,-431,-4914,248,343,0,0,-4571,591,4140,-1022,100.0,17.4,33.5,13.7,0.0,0.0,31.1,47.2,68.9,52.8,100.0,17.4,33.5,13.7,0.0,0.0,31.1,47.2,68.9,52.8,0.0,0.0,0.0,0.0,0.0,0.0,0.0,0.0,0.0,0.0,30,15,15,11,0,0,25,16,30,15,15,11,0,0,25,16,0,0,0,0,0,0,0,0,12.8,28.6,20.4,39.7,9.6,21.9,13.4,29.6,12.8,28.6,20.4,39.7,9.6,21.9,13.4,29.6,0.0,0.0,0.0,0.0,0.0,0.0,0.0,0.0,(CONTRACTS OF 10 TROY OUNCES),GOLD,PRECIOUS METALS,NATURAL RESOURCES,Combined
250805088691C,GOLD - COMMODITY EXCHANGE INC.,2025-08-05T00:00:00.000,2025 Report Week 31,GOLD,088691,CMX ,NYC,088 ,GOLD,670740,283496,53279,189081,139211,402900,611788,645260,58951,25479,670740,283496,53279,189081,139211,402900,611788,645260,58951,25479,0,0,0,0,0,0,0,0,0,0,22326,10564,-2465,12834,-6,9625,23392,19994,-1066,2332,100.0,42.3,7.9,28.2,20.8,60.1,91.2,96.2,8.8,3.8,100.0,42.3,7.9,28.2,20.8,60.1,91.2,96.2,8.8,3.8,0.0,0.0,0.0,0.0,0.0,0.0,0.0,0.0,0.0,0.0,345,215,57,143,61,63,312,229,345,215,57,143,61,63,312,229,0,0,0,0,0,0,0,0,17.9,27.5,28.7,45.7,13.2,22.4,20.3,36.6,17.9,27.5,28.7,45.7,13.2,22.4,20.3,36.6,0.0,0.0,0.0,0.0,0.0,0.0,0.0,0.0,(CONTRACTS OF 100 TROY OUNCES),GOLD,PRECIOUS METALS,NATURAL RESOURCES,Combined
250805088695C,MICRO GOLD - COMMODITY EXCHANGE INC.,2025-08-05T00:00:00.000,2025 Report Week 31,MICRO GOLD,088695,CMX ,NYC,088 ,GOLD,45266,12712,14765,5800,0,0,18512,20565,26754,24701,45266,12712,14765,5800,0,0,18512,20565,26754,24701,0,0,0,0,0,0,0,0,0,0,-8406,1705,-13992,-5724,0,0,-4019,-19716,-4387,11310,100.0,28.1,32.6,12.8,0.0,0.0,40.9,45.4,59.1,54.6,100.0,28.1,32.6,12.8,0.0,0.0,40.9,45.4,59.1,54.6,0.0,0.0,0.0,0.0,0.0,0.0,0.0,0.0,0.0,0.0,31,15,16,12,0,0,25,18,31,15,16,12,0,0,25,18,0,0,0,0,0,0,0,0,23.1,26.7,30.3,37.9,17.6,22.3,23.7,28.7,23.1,26.7,30.3,37.9,17.6,22.3,23.7,28.7,0.0,0.0,0.0,0.0,0.0,0.0,0.0,0.0,(CONTRACTS OF 10 TROY OUNCES),GOLD,PRECIOUS METALS,NATURAL RESOURCES,Combined
250729088695C,MICRO GOLD - COMMODITY EXCHANGE INC.,2025-07-29T00:00:00.000,2025 Report Week 30,MICRO GOLD,088695,CMX ,NYC,088 ,GOLD,53672,11007,28757,11524,0,0,22531,40281,31141,13391,53672,11007,28757,11524,0,0,22531,40281,31141,13391,0,0,0,0,0,0,0,0,0,0,655,-9788,10592,4759,0,0,-5029,15351,5683,-14696,100.0,20.5,53.6,21.5,0.0,0.0,42.0,75.1,58.0,24.9,100.0,20.5,53.6,21.5,0.0,0.0,42.0,75.1,58.0,24.9,0.0,0.0,0.0,0.0,0.0,0.0,0.0,0.0,0.0,0.0,28,13,14,13,0,0,22,19,28,13,14,13,0,0,22,19,0,0,0,0,0,0,0,0,24.4,54.9,32.9,68.0,12.8,44.0,17.9,51.3,24.4,54.9,32.9,68.0,12.8,44.0,17.9,51.3,0.0,0.0,0.0,0.0,0.0,0.0,0.0,0.0,(CONTRACTS OF 10 TROY OUNCES),GOLD,PRECIOUS METALS,NATURAL RESOURCES,Combined
250729088691C,GOLD - COMMODITY EXCHANGE INC.,2025-07-29T00:00:00.000,2025 Report Week 30,GOLD,088691,CMX ,NYC,088 ,GOLD,648414,272933,55745,176247,139216,393275,588396,625267,60017,23147,648414,272933,55745,176247,139216,393275,588396,625267,60017,23147,0,0,0,0,0,0,0,0,0,0,-110127,-31123,-3032,-64509,-12353,-33814,-107985,-101355,-2142,-8773,100.0,42.1,8.6,27.2,21.5,60.7,90.7,96.4,9.3,3.6,100.0,42.1,8.6,27.2,21.5,60.7,90.7,96.4,9.3,3.6,0.0,0.0,0.0,0.0,0.0,0.0,0.0,0.0,0.0,0.0,329,202,54,136,59,63,300,217,329,202,54,136,59,63,300,217,0,0,0,0,0,0,0,0,17.5,27.1,27.8,44.6,13.3,21.2,20.0,34.7,17.5,27.1,27.8,44.6,13.3,21.2,20.0,34.7,0.0,0.0,0.0,0.0,0.0,0.0,0.0,0.0,(CONTRACTS OF 100 TROY OUNCES),GOLD,PRECIOUS METALS,NATURAL RESOURCES,Combined
250722088695C,MICRO GOLD - COMMODITY EXCHANGE INC.,2025-07-22T00:00:00.000,2025 Report Week 29,MICRO GOLD,088695,CMX ,NYC,088 ,GOLD,53017,20795,18165,6765,0,0,27560,24930,25458,28087,53017,20795,18165,6765,0,0,27560,24930,25458,28087,0,0,0,0,0,0,0,0,0,0,374,4853,-9134,2689,0,0,7542,-6445,-7168,6819,100.0,39.2,34.3,12.8,0.0,0.0,52.0,47.0,48.0,53.0,100.0,39.2,34.3,12.8,0.0,0.0,52.0,47.0,48.0,53.0,0.0,0.0,0.0,0.0,0.0,0.0,0.0,0.0,0.0,0.0,38,18,19,12,0,0,24,26,38,18,19,12,0,0,24,26,0,0,0,0,0,0,0,0,32.4,22.2,41.5,34.3,27.7,19.0,34.2,27.2,32.4,22.2,41.5,34.3,27.7,19.0,34.2,27.2,0.0,0.0,0.0,0.0,0.0,0.0,0.0,0.0,(CONTRACTS OF 10 TROY OUNCES),GOLD,PRECIOUS METALS,NATURAL RESOURCES,Combined
250722088691C,GOLD - COMMODITY EXCHANGE INC.,2025-07-22T00:00:00.000,2025 Report Week 29,GOLD,088691,CMX ,NYC,088 ,GOLD,758541,304056,58776,240756,151569,427089,696381,726621,62160,31920,758541,304056,58776,240756,151569,427089,696381,726621,62160,31920,0,0,0,0,0,0,0,0,0,0,79908,45682,4159,27866,8165,40221,81713,72246,-1805,7662,100.0,40.1,7.7,31.7,20.0,56.3,91.8,95.8,8.2,4.2,100.0,40.1,7.7,31.7,20.0,56.3,91.8,95.8,8.2,4.2,0.0,0.0,0.0,0.0,0.0,0.0,0.0,0.0,0.0,0.0,370,223,70,155,58,69,332,246,370,223,70,155,58,69,332,246,0,0,0,0,0,0,0,0,17.2,24.8,26.7,40.8,11.3,18.6,16.8,30.2,17.2,24.8,26.7,40.8,11.3,18.6,16.8,30.2,0.0,0.0,0.0,0.0,0.0,0.0,0.0,0.0,(CONTRACTS OF 100 TROY OUNCES),GOLD,PRECIOUS METALS,NATURAL RESOURCES,Combined
250715088691C,GOLD - COMMODITY EXCHANGE INC.,2025-07-15T00:00:00.000,2025 Report Week 28,GOLD,088691,CMX,NYC,088,GOLD,678633,258374,54618,212890,143404,386867,614668,654375,63965,24258,678633,258374,54618,212890,143404,386867,614668,654375,63965,24258,0,0,0,0,0,0,0,0,0,0,12320,9182,-936,-3368,6076,18178,11890,13874,429,-1555,100.0,38.1,8.0,31.4,21.1,57.0,90.6,96.4,9.4,3.6,100.0,38.1,8.0,31.4,21.1,57.0,90.6,96.4,9.4,3.6,0.0,0.0,0.0,0.0,0.0,0.0,0.0,0.0,0.0,0.0,334,210,56,147,57,58,309,222,334,210,56,147,57,58,309,222,0,0,0,0,0,0,0,0,18.5,26.7,28.1,42.6,11.5,20.2,17.1,31.7,18.5,26.7,28.1,42.6,11.5,20.2,17.1,31.7,0.0,0.0,0.0,0.0,0.0,0.0,0.0,0.0,(CONTRACTS OF 100 TROY OUNCES),GOLD,PRECIOUS METALS,NATURAL RESOURCES,Combined
250715088695C,MICRO GOLD - COMMODITY EXCHANGE INC.,2025-07-15T00:00:00.000,2025 Report Week 28,MICRO GOLD,088695,CMX,NYC,088,GOLD,52643,15942,27299,4076,0,0,20018,31375,32626,21268,52643,15942,27299,4076,0,0,20018,31375,32626,21268,0,0,0,0,0,0,0,0,0,0,4303,4840,1943,1825,0,0,6665,3768,-2362,535,100.0,30.3,51.9,7.7,0.0,0.0,38.0,59.6,62.0,40.4,100.0,30.3,51.9,7.7,0.0,0.0,38.0,59.6,62.0,40.4,0.0,0.0,0.0,0.0,0.0,0.0,0.0,0.0,0.0,0.0,34,16,17,9,0,0,22,21,34,16,17,9,0,0,22,21,0,0,0,0,0,0,0,0,18.1,39.6,29.1,49.0,17.5,36.3,25.0,44.6,18.1,39.6,29.1,49.0,17.5,36.3,25.0,44.6,0.0,0.0,0.0,0.0,0.0,0.0,0.0,0.0,(CONTRACTS OF 10 TROY OUNCES),GOLD,PRECIOUS METALS,NATURAL RESOURCES,Combined
250708088695C,MICRO GOLD - COMMODITY EXCHANGE INC.,2025-07-08T00:00:00.000,2025 Report Week 27,MICRO GOLD,088695,CMX ,NYC,088 ,GOLD,48340,11102,25356,2251,0,0,13353,27607,34987,20733,48340,11102,25356,2251,0,0,13353,27607,34987,20733,0,0,0,0,0,0,0,0,0,0,3018,-2816,4594,878,0,0,-1938,5472,4956,-2454,100.0,23.0,52.5,4.7,0.0,0.0,27.6,57.1,72.4,42.9,100.0,23.0,52.5,4.7,0.0,0.0,27.6,57.1,72.4,42.9,0.0,0.0,0.0,0.0,0.0,0.0,0.0,0.0,0.0,0.0,36,18,17,10,0,0,25,21,36,18,17,10,0,0,25,21,0,0,0,0,0,0,0,0,13.0,35.3,18.7,45.2,11.9,33.9,17.0,43.8,13.0,35.3,18.7,45.2,11.9,33.9,17.0,43.8,0.0,0.0,0.0,0.0,0.0,0.0,0.0,0.0,(CONTRACTS OF 10 TROY OUNCES),GOLD,PRECIOUS METALS,NATURAL RESOURCES,Combined
250708088691C,GOLD - COMMODITY EXCHANGE INC.,2025-07-08T00:00:00.000,2025 Report Week 27,GOLD,088691,CMX ,NYC,088 ,GOLD,666313,249192,55553,216258,137328,368689,602778,640500,63535,25813,666313,249192,55553,216258,137328,368689,602778,640500,63535,25813,0,0,0,0,0,0,0,0,0,0,-2457,820,540,-7484,1497,3148,-5167,-3796,2710,1339,100.0,37.4,8.3,32.5,20.6,55.3,90.5,96.1,9.5,3.9,100.0,37.4,8.3,32.5,20.6,55.3,90.5,96.1,9.5,3.9,0.0,0.0,0.0,0.0,0.0,0.0,0.0,0.0,0.0,0.0,328,204,57,141,58,59,299,220,328,204,57,141,58,59,299,220,0,0,0,0,0,0,0,0,18.6,26.4,28.6,42.8,11.8,20.0,17.5,31.1,18.6,26.4,28.6,42.8,11.8,20.0,17.5,31.1,0.0,0.0,0.0,0.0,0.0,0.0,0.0,0.0,(CONTRACTS OF 100 TROY OUNCES),GOLD,PRECIOUS METALS,NATURAL RESOURCES,Combined
250701088691C,GOLD - COMMODITY EXCHANGE INC.,2025-07-01T00:00:00.000,2025 Report Week 26,GOLD,088691,CMX ,NYC,088 ,GOLD,668770,248372,55013,223742,135830,365541,607945,644296,60825,24473,668770,248372,55013,223742,135830,365541,607945,644296,60825,24473,0,0,0,0,0,0,0,0,0,0,-30200,1505,-3307,-23464,-6745,-3261,-28704,-30033,-1496,-167,100.0,37.1,8.2,33.5,20.3,54.7,90.9,96.3,9.1,3.7,100.0,37.1,8.2,33.5,20.3,54.7,90.9,96.3,9.1,3.7,0.0,0.0,0.0,0.0,0.0,0.0,0.0,0.0,0.0,0.0,334,207,56,141,58,61,301,223,334,207,56,141,58,61,301,223,0,0,0,0,0,0,0,0,18.7,26.5,29.3,42.6,11.4,19.5,17.1,30.6,18.7,26.5,29.3,42.6,11.4,19.5,17.1,30.6,0.0,0.0,0.0,0.0,0.0,0.0,0.0,0.0,(CONTRACTS OF 100 TROY OUNCES),GOLD,PRECIOUS METALS,NATURAL RESOURCES,Combined
250701088695C,MICRO GOLD - COMMODITY EXCHANGE INC.,2025-07-01T00:00:00.000,2025 Report Week 26,MICRO GOLD,088695,CMX ,NYC,088 ,GOLD,45322,13918,20762,1373,0,0,15291,22135,30031,23188,45322,13918,20762,1373,0,0,15291,22135,30031,23188,0,0,0,0,0,0,0,0,0,0,-1112,3569,-4495,-1243,0,0,2326,-5738,-3438,4625,100.0,30.7,45.8,3.0,0.0,0.0,33.7,48.8,66.3,51.2,100.0,30.7,45.8,3.0,0.0,0.0,33.7,48.8,66.3,51.2,0.0,0.0,0.0,0.0,0.0,0.0,0.0,0.0,0.0,0.0,32,14,17,9,0,0,20,21,32,14,17,9,0,0,20,21,0,0,0,0,0,0,0,0,22.3,24.9,27.9,36.4,21.6,24.0,27.2,35.5,22.3,24.9,27.9,36.4,21.6,24.0,27.2,35.5,0.0,0.0,0.0,0.0,0.0,0.0,0.0,0.0,(CONTRACTS OF 10 TROY OUNCES),GOLD,PRECIOUS METALS,NATURAL RESOURCES,Combined
250624088695C,MICRO GOLD - COMMODITY EXCHANGE INC.,2025-06-24T00:00:00.000,2025 Report Week 25,MICRO GOLD,088695,CMX ,NYC,088 ,GOLD,46434,10349,25256,2616,0,0,12965,27872,33469,18562,46434,10349,25256,2616,0,0,12965,27872,33469,18562,0,0,0,0,0,0,0,0,0,0,1425,-1832,-182,-188,0,0,-2020,-369,3445,1795,100.0,22.3,54.4,5.6,0.0,0.0,27.9,60.0,72.1,40.0,100.0,22.3,54.4,5.6,0.0,0.0,27.9,60.0,72.1,40.0,0.0,0.0,0.0,0.0,0.0,0.0,0.0,0.0,0.0,0.0,35,15,20,10,0,0,22,23,35,15,20,10,0,0,22,23,0,0,0,0,0,0,0,0,16.0,31.2,21.3,44.7,14.4,29.5,19.1,42.4,16.0,31.2,21.3,44.7,14.4,29.5,19.1,42.4,0.0,0.0,0.0,0.0,0.0,0.0,0.0,0.0,(CONTRACTS OF 10 TROY OUNCES),GOLD,PRECIOUS METALS,NATURAL RESOURCES,Combined
250624088691C,GOLD - COMMODITY EXCHANGE INC.,2025-06-24T00:00:00.000,2025 Report Week 25,GOLD,088691,CMX ,NYC,088 ,GOLD,698970,246867,58320,247206,142575,368803,636648,674329,62321,24641,698970,246867,58320,247206,142575,368803,636648,674329,62321,24641,0,0,0,0,0,0,0,0,0,0,-43424,-10673,1423,-31199,108,-13582,-41763,-43358,-1661,-66,100.0,35.3,8.3,35.4,20.4,52.8,91.1,96.5,8.9,3.5,100.0,35.3,8.3,35.4,20.4,52.8,91.1,96.5,8.9,3.5,0.0,0.0,0.0,0.0,0.0,0.0,0.0,0.0,0.0,0.0,345,205,69,152,60,58,311,235,345,205,69,152,60,58,311,235,0,0,0,0,0,0,0,0,18.7,25.8,29.3,42.3,10.6,18.8,16.3,29.5,18.7,25.8,29.3,42.3,10.6,18.8,16.3,29.5,0.0,0.0,0.0,0.0,0.0,0.0,0.0,0.0,(CONTRACTS OF 100 TROY OUNCES),GOLD,PRECIOUS METALS,NATURAL RESOURCES,Combined
250617088691C,GOLD - COMMODITY EXCHANGE INC.,2025-06-17T00:00:00.000,2025 Report Week 24,GOLD,088691,CMX ,NYC,088 ,GOLD,742394,257540,56897,278405,142467,382385,678412,717687,63982,24707,742394,257540,56897,278405,142467,382385,678412,717687,63982,24707,0,0,0,0,0,0,0,0,0,0,45312,12533,2072,20806,8422,22018,41761,44896,3551,416,100.0,34.7,7.7,37.5,19.2,51.5,91.4,96.7,8.6,3.3,100.0,34.7,7.7,37.5,19.2,51.5,91.4,96.7,8.6,3.3,0.0,0.0,0.0,0.0,0.0,0.0,0.0,0.0,0.0,0.0,363,230,62,153,61,61,331,236,363,230,62,153,61,61,331,236,0,0,0,0,0,0,0,0,19.2,26.5,29.3,42.4,9.6,18.5,14.7,28.6,19.2,26.5,29.3,42.4,9.6,18.5,14.7,28.6,0.0,0.0,0.0,0.0,0.0,0.0,0.0,0.0,(CONTRACTS OF 100 TROY OUNCES),GOLD,PRECIOUS METALS,NATURAL RESOURCES,Combined
250617088695C,MICRO GOLD - COMMODITY EXCHANGE INC.,2025-06-17T00:00:00.000,2025 Report Week 24,MICRO GOLD,088695,CMX ,NYC,088 ,GOLD,45009,12181,25438,2804,0,0,14985,28242,30024,16768,45009,12181,25438,2804,0,0,14985,28242,30024,16768,0,0,0,0,0,0,0,0,0,0,1254,-930,3442,-665,0,0,-1595,2777,2849,-1523,100.0,27.1,56.5,6.2,0.0,0.0,33.3,62.7,66.7,37.3,100.0,27.1,56.5,6.2,0.0,0.0,33.3,62.7,66.7,37.3,0.0,0.0,0.0,0.0,0.0,0.0,0.0,0.0,0.0,0.0,32,13,19,9,0,0,19,22,32,13,19,9,0,0,19,22,0,0,0,0,0,0,0,0,20.5,33.1,26.8,47.6,19.6,30.5,24.7,43.8,20.5,33.1,26.8,47.6,19.6,30.5,24.7,43.8,0.0,0.0,0.0,0.0,0.0,0.0,0.0,0.0,(CONTRACTS OF 10 TROY OUNCES),GOLD,PRECIOUS METALS,NATURAL RESOURCES,Combined
250610088691C,GOLD - COMMODITY EXCHANGE INC.,2025-06-10T00:00:00.000,2025 Report Week 23,GOLD,088691,CMX ,NYC,088 ,GOLD,697081,245007,54825,257599,134045,360367,636651,672790,60431,24291,697081,245007,54825,257599,134045,360367,636651,672790,60431,24291,0,0,0,0,0,0,0,0,0,0,-13606,-1974,-724,-9493,-3970,-2808,-15437,-13025,1831,-581,100.0,35.1,7.9,37.0,19.2,51.7,91.3,96.5,8.7,3.5,100.0,35.1,7.9,37.0,19.2,51.7,91.3,96.5,8.7,3.5,0.0,0.0,0.0,0.0,0.0,0.0,0.0,0.0,0.0,0.0,357,220,66,150,62,60,326,232,357,220,66,150,62,60,326,232,0,0,0,0,0,0,0,0,20.1,27.5,30.4,43.0,10.2,18.6,15.6,28.8,20.1,27.5,30.4,43.0,10.2,18.6,15.6,28.8,0.0,0.0,0.0,0.0,0.0,0.0,0.0,0.0,(CONTRACTS OF 100 TROY OUNCES),GOLD,PRECIOUS METALS,NATURAL RESOURCES,Combined
250610088695C,MICRO GOLD - COMMODITY EXCHANGE INC.,2025-06-10T00:00:00.000,2025 Report Week 23,MICRO GOLD,088695,CMX ,NYC,088 ,GOLD,43755,13111,21996,3469,0,0,16580,25464,27175,18290,43755,13111,21996,3469,0,0,16580,25464,27175,18290,0,0,0,0,0,0,0,0,0,0,4655,2738,7985,-697,0,0,2041,7287,2614,-2632,100.0,30.0,50.3,7.9,0.0,0.0,37.9,58.2,62.1,41.8,100.0,30.0,50.3,7.9,0.0,0.0,37.9,58.2,62.1,41.8,0.0,0.0,0.0,0.0,0.0,0.0,0.0,0.0,0.0,0.0,30,11,19,11,0,0,20,21,30,11,19,11,0,0,20,21,0,0,0,0,0,0,0,0,25.5,32.6,31.8,45.6,23.5,29.7,28.5,40.3,25.5,32.6,31.8,45.6,23.5,29.7,28.5,40.3,0.0,0.0,0.0,0.0,0.0,0.0,0.0,0.0,(CONTRACTS OF 10 TROY OUNCES),GOLD,PRECIOUS METALS,NATURAL RESOURCES,Combined
250603088695C,MICRO GOLD - COMMODITY EXCHANGE INC.,2025-06-03T00:00:00.000,2025 Report Week 22,MICRO GOLD,088695,CMX ,NYC,088 ,GOLD,39100,10373,14011,4166,0,0,14539,18177,24561,20923,39100,10373,14011,4166,0,0,14539,18177,24561,20923,0,0,0,0,0,0,0,0,0,0,-9966,-6806,-12408,-188,0,0,-6994,-12596,-2972,2630,100.0,26.5,35.8,10.7,0.0,0.0,37.2,46.5,62.8,53.5,100.0,26.5,35.8,10.7,0.0,0.0,37.2,46.5,62.8,53.5,0.0,0.0,0.0,0.0,0.0,0.0,0.0,0.0,0.0,0.0,28,12,15,10,0,0,21,17,28,12,15,10,0,0,21,17,0,0,0,0,0,0,0,0,21.7,23.1,29.1,36.3,18.4,20.9,24.0,31.3,21.7,23.1,29.1,36.3,18.4,20.9,24.0,31.3,0.0,0.0,0.0,0.0,0.0,0.0,0.0,0.0,(CONTRACTS OF 10 TROY OUNCES),GOLD,PRECIOUS METALS,NATURAL RESOURCES,Combined
250603088691C,GOLD - COMMODITY EXCHANGE INC.,2025-06-03T00:00:00.000,2025 Report Week 22,GOLD,088691,CMX ,NYC,088 ,GOLD,710687,246981,55548,267091,138015,363175,652088,685815,58600,24872,710687,246981,55548,267091,138015,363175,652088,685815,58600,24872,0,0,0,0,0,0,0,0,0,0,-5539,13515,-856,-1363,-13396,1004,-1244,-1214,-4296,-4325,100.0,34.8,7.8,37.6,19.4,51.1,91.8,96.5,8.2,3.5,100.0,34.8,7.8,37.6,19.4,51.1,91.8,96.5,8.2,3.5,0.0,0.0,0.0,0.0,0.0,0.0,0.0,0.0,0.0,0.0,357,218,67,142,63,62,323,229,357,218,67,142,63,62,323,229,0,0,0,0,0,0,0,0,20.2,27.7,30.3,42.8,10.0,18.4,15.0,28.4,20.2,27.7,30.3,42.8,10.0,18.4,15.0,28.4,0.0,0.0,0.0,0.0,0.0,0.0,0.0,0.0,(CONTRACTS OF 100 TROY OUNCES),GOLD,PRECIOUS METALS,NATURAL RESOURCES,Combined
250527088695C,MICRO GOLD - COMMODITY EXCHANGE INC.,2025-05-27T00:00:00.000,2025 Report Week 21,MICRO GOLD,088695,CMX ,NYC,088 ,GOLD,49066,17179,26419,4354,0,0,21533,30773,27533,18293,49066,17179,26419,4354,0,0,21533,30773,27533,18293,0,0,0,0,0,0,0,0,0,0,55,-2693,833,2416,0,0,-277,3249,333,-3193,100.0,35.0,53.8,8.9,0.0,0.0,43.9,62.7,56.1,37.3,100.0,35.0,53.8,8.9,0.0,0.0,43.9,62.7,56.1,37.3,0.0,0.0,0.0,0.0,0.0,0.0,0.0,0.0,0.0,0.0,29,14,14,8,0,0,18,19,29,14,14,8,0,0,18,19,0,0,0,0,0,0,0,0,28.1,43.1,36.2,55.0,24.6,42.0,29.7,50.1,28.1,43.1,36.2,55.0,24.6,42.0,29.7,50.1,0.0,0.0,0.0,0.0,0.0,0.0,0.0,0.0,(CONTRACTS OF 10 TROY OUNCES),GOLD,PRECIOUS METALS,NATURAL RESOURCES,Combined
250527088691C,GOLD - COMMODITY EXCHANGE INC.,2025-05-27T00:00:00.000,2025 Report Week 21,GOLD,088691,CMX ,NYC,088 ,GOLD,716227,233466,56404,268454,151411,362171,653331,687030,62895,29197,716227,233466,56404,268454,151411,362171,653331,687030,62895,29197,0,0,0,0,0,0,0,0,0,0,-144841,-3651,-774,-113981,-28725,-31193,-146357,-145948,1516,1107,100.0,32.6,7.9,37.5,21.1,50.6,91.2,95.9,8.8,4.1,100.0,32.6,7.9,37.5,21.1,50.6,91.2,95.9,8.8,4.1,0.0,0.0,0.0,0.0,0.0,0.0,0.0,0.0,0.0,0.0,333,197,65,133,59,61,295,221,333,197,65,133,59,61,295,221,0,0,0,0,0,0,0,0,19.4,26.6,29.2,39.8,9.9,17.2,14.8,25.3,19.4,26.6,29.2,39.8,9.9,17.2,14.8,25.3,0.0,0.0,0.0,0.0,0.0,0.0,0.0,0.0,(CONTRACTS OF 100 TROY OUNCES),GOLD,PRECIOUS METALS,NATURAL RESOURCES,Combined
250520088691C,GOLD - COMMODITY EXCHANGE INC.,2025-05-20T00:00:00.000,2025 Report Week 20,GOLD,088691,CMX ,NYC,088 ,GOLD,861067,237118,57178,382435,180136,393365,799688,832978,61379,28090,861067,237118,57178,382435,180136,393365,799688,832978,61379,28090,0,0,0,0,0,0,0,0,0,0,28651,-2141,-6061,22215,6406,13051,26479,29205,2172,-553,100.0,27.5,6.6,44.4,20.9,45.7,92.9,96.7,7.1,3.3,100.0,27.5,6.6,44.4,20.9,45.7,92.9,96.7,7.1,3.3,0.0,0.0,0.0,0.0,0.0,0.0,0.0,0.0,0.0,0.0,360,217,77,153,56,57,322,239,360,217,77,153,56,57,322,239,0,0,0,0,0,0,0,0,21.8,27.1,32.1,40.2,8.1,14.5,12.3,21.5,21.8,27.1,32.1,40.2,8.1,14.5,12.3,21.5,0.0,0.0,0.0,0.0,0.0,0.0,0.0,0.0,(CONTRACTS OF 100 TROY OUNCES),GOLD,PRECIOUS METALS,NATURAL RESOURCES,Combined
250520088695C,MICRO GOLD - COMMODITY EXCHANGE INC.,2025-05-20T00:00:00.000,2025 Report Week 20,MICRO GOLD,088695,CMX ,NYC,088 ,GOLD,49010,19872,25586,1938,0,0,21810,27524,27201,21486,49010,19872,25586,1938,0,0,21810,27524,27201,21486,0,0,0,0,0,0,0,0,0,0,6255,4138,3856,527,0,0,4665,4383,1590,1872,100.0,40.5,52.2,4.0,0.0,0.0,44.5,56.2,55.5,43.8,100.0,40.5,52.2,4.0,0.0,0.0,44.5,56.2,55.5,43.8,0.0,0.0,0.0,0.0,0.0,0.0,0.0,0.0,0.0,0.0,29,16,12,8,0,0,20,17,29,16,12,8,0,0,20,17,0,0,0,0,0,0,0,0,23.7,42.3,34.3,50.9,23.1,41.9,32.6,49.8,23.7,42.3,34.3,50.9,23.1,41.9,32.6,49.8,0.0,0.0,0.0,0.0,0.0,0.0,0.0,0.0,(CONTRACTS OF 10 TROY OUNCES),GOLD,PRECIOUS METALS,NATURAL RESOURCES,Combined
250513088691C,GOLD - COMMODITY EXCHANGE INC.,2025-05-13T00:00:00.000,2025 Report Week 19,GOLD,088691,CMX ,NYC,088 ,GOLD,832416,239259,63239,360220,173730,380314,773209,803773,59207,28643,832416,239259,63239,360220,173730,380314,773209,803773,59207,28643,0,0,0,0,0,0,0,0,0,0,-70379,-4517,579,-57866,-5516,-9906,-67899,-67194,-2480,-3186,100.0,28.7,7.6,43.3,20.9,45.7,92.9,96.6,7.1,3.4,100.0,28.7,7.6,43.3,20.9,45.7,92.9,96.6,7.1,3.4,0.0,0.0,0.0,0.0,0.0,0.0,0.0,0.0,0.0,0.0,368,217,83,150,56,59,321,246,368,217,83,150,56,59,321,246,0,0,0,0,0,0,0,0,21.6,27.0,31.8,40.2,8.3,14.8,12.5,22.0,21.6,27.0,31.8,40.2,8.3,14.8,12.5,22.0,0.0,0.0,0.0,0.0,0.0,0.0,0.0,0.0,(CONTRACTS OF 100 TROY OUNCES),GOLD,PRECIOUS METALS,NATURAL RESOURCES,Combined
250513088695C,MICRO GOLD - COMMODITY EXCHANGE INC.,2025-05-13T00:00:00.000,2025 Report Week 19,MICRO GOLD,088695,CMX ,NYC,088 ,GOLD,42756,15734,21730,1411,0,0,17145,23141,25611,19614,42756,15734,21730,1411,0,0,17145,23141,25611,19614,0,0,0,0,0,0,0,0,0,0,-3569,-3536,1999,-262,-632,0,-4430,1736,861,-5305,100.0,36.8,50.8,3.3,0.0,0.0,40.1,54.1,59.9,45.9,100.0,36.8,50.8,3.3,0.0,0.0,40.1,54.1,59.9,45.9,0.0,0.0,0.0,0.0,0.0,0.0,0.0,0.0,0.0,0.0,30,18,11,8,0,0,23,15,30,18,11,8,0,0,23,15,0,0,0,0,0,0,0,0,18.7,41.1,26.9,50.1,18.7,39.7,26.9,48.6,18.7,41.1,26.9,50.1,18.7,39.7,26.9,48.6,0.0,0.0,0.0,0.0,0.0,0.0,0.0,0.0,(CONTRACTS OF 10 TROY OUNCES),GOLD,PRECIOUS METALS,NATURAL RESOURCES,Combined
250506088691C,GOLD - COMMODITY EXCHANGE INC.,2025-05-06T00:00:00.000,2025 Report Week 18,GOLD,088691,CMX ,NYC,088 ,GOLD,902795,243775,62661,418086,179247,390220,841108,870967,61688,31829,902795,243775,62661,418086,179247,390220,841108,870967,61688,31829,0,0,0,0,0,0,0,0,0,0,40197,-5563,-4799,40470,2037,3279,36944,38950,3253,1247,100.0,27.0,6.9,46.3,19.9,43.2,93.2,96.5,6.8,3.5,100.0,27.0,6.9,46.3,19.9,43.2,93.2,96.5,6.8,3.5,0.0,0.0,0.0,0.0,0.0,0.0,0.0,0.0,0.0,0.0,381,216,90,153,61,64,334,252,381,216,90,153,61,64,334,252,0,0,0,0,0,0,0,0,21.9,27.0,33.5,40.3,7.4,13.7,11.3,20.9,21.9,27.0,33.5,40.3,7.4,13.7,11.3,20.9,0.0,0.0,0.0,0.0,0.0,0.0,0.0,0.0,(CONTRACTS OF 100 TROY OUNCES),GOLD,PRECIOUS METALS,NATURAL RESOURCES,Combined
250506088695C,MICRO GOLD - COMMODITY EXCHANGE INC.,2025-05-06T00:00:00.000,2025 Report Week 18,MICRO GOLD,088695,CMX ,NYC,088 ,GOLD,46325,19270,19732,1673,632,0,21575,21405,24749,24920,46325,19270,19732,1673,632,0,21575,21405,24749,24920,0,0,0,0,0,0,0,0,0,0,2448,-922,-913,250,236,0,-436,-663,2884,3112,100.0,41.6,42.6,3.6,1.4,0.0,46.6,46.2,53.4,53.8,100.0,41.6,42.6,3.6,1.4,0.0,46.6,46.2,53.4,53.8,0.0,0.0,0.0,0.0,0.0,0.0,0.0,0.0,0.0,0.0,30,14,13,8,2,0,23,15,30,14,13,8,2,0,23,15,0,0,0,0,0,0,0,0,25.8,32.4,35.6,41.8,25.8,30.3,35.6,39.6,25.8,32.4,35.6,41.8,25.8,30.3,35.6,39.6,0.0,0.0,0.0,0.0,0.0,0.0,0.0,0.0,(CONTRACTS OF 10 TROY OUNCES),GOLD,PRECIOUS METALS,NATURAL RESOURCES,Combined
250429088695C,MICRO GOLD - COMMODITY EXCHANGE INC.,2025-04-29T00:00:00.000,2025 Report Week 17,MICRO GOLD,088695,CMX ,NYC,088 ,GOLD,43876,20192,20645,1423,396,0,22011,22068,21865,21808,43876,20192,20645,1423,396,0,22011,22068,21865,21808,0,0,0,0,0,0,0,0,0,0,-2330,-2138,2281,-1011,0,0,-3149,1270,819,-3600,100.0,46.0,47.1,3.2,0.9,0.0,50.2,50.3,49.8,49.7,100.0,46.0,47.1,3.2,0.9,0.0,50.2,50.3,49.8,49.7,0.0,0.0,0.0,0.0,0.0,0.0,0.0,0.0,0.0,0.0,29,14,14,7,1,0,20,16,29,14,14,7,1,0,20,16,0,0,0,0,0,0,0,0,29.7,36.0,39.6,45.5,29.2,33.8,39.2,43.1,29.7,36.0,39.6,45.5,29.2,33.8,39.2,43.1,0.0,0.0,0.0,0.0,0.0,0.0,0.0,0.0,(CONTRACTS OF 10 TROY OUNCES),GOLD,PRECIOUS METALS,NATURAL RESOURCES,Combined
250429088691C,GOLD - COMMODITY EXCHANGE INC.,2025-04-29T00:00:00.000,2025 Report Week 17,GOLD,088691,CMX ,NYC,088 ,GOLD,862598,249339,67460,377616,177209,386941,804164,832017,58434,30582,862598,249339,67460,377616,177209,386941,804164,832017,58434,30582,0,0,0,0,0,0,0,0,0,0,-116333,-14398,-1008,-83437,-15220,-26612,-113055,-111057,-3278,-5277,100.0,28.9,7.8,43.8,20.5,44.9,93.2,96.5,6.8,3.5,100.0,28.9,7.8,43.8,20.5,44.9,93.2,96.5,6.8,3.5,0.0,0.0,0.0,0.0,0.0,0.0,0.0,0.0,0.0,0.0,362,201,89,145,55,59,316,236,362,201,89,145,55,59,316,236,0,0,0,0,0,0,0,0,21.3,26.5,32.8,39.8,7.8,13.5,11.9,21.7,21.3,26.5,32.8,39.8,7.8,13.5,11.9,21.7,0.0,0.0,0.0,0.0,0.0,0.0,0.0,0.0,(CONTRACTS OF 100 TROY OUNCES),GOLD,PRECIOUS METALS,NATURAL RESOURCES,Combined
250422088695C,MICRO GOLD - COMMODITY EXCHANGE INC.,2025-04-22T00:00:00.000,2025 Report Week 16,MICRO GOLD,088695,CMX ,NYC,088 ,GOLD,46206,22330,18364,2434,396,0,25160,20798,21046,25408,46206,22330,18364,2434,396,0,25160,20798,21046,25408,0,0,0,0,0,0,0,0,0,0,7247,5113,2776,257,0,0,5370,3033,1877,4214,100.0,48.3,39.7,5.3,0.9,0.0,54.5,45.0,45.5,55.0,100.0,48.3,39.7,5.3,0.9,0.0,54.5,45.0,45.5,55.0,0.0,0.0,0.0,0.0,0.0,0.0,0.0,0.0,0.0,0.0,33,19,13,7,1,0,25,15,33,19,13,7,1,0,25,15,0,0,0,0,0,0,0,0,30.4,28.6,39.8,40.9,30.0,25.2,38.5,36.6,30.4,28.6,39.8,40.9,30.0,25.2,38.5,36.6,0.0,0.0,0.0,0.0,0.0,0.0,0.0,0.0,(CONTRACTS OF 10 TROY OUNCES),GOLD,PRECIOUS METALS,NATURAL RESOURCES,Combined
250422088691C,GOLD - COMMODITY EXCHANGE INC.,2025-04-22T00:00:00.000,2025 Report Week 16,GOLD,088691,CMX ,NYC,088 ,GOLD,978932,263736,68467,461054,192429,413553,917219,943074,61713,35858,978932,263736,68467,461054,192429,413553,917219,943074,61713,35858,0,0,0,0,0,0,0,0,0,0,94003,-19200,1931,73925,36776,11631,91501,87486,2503,6517,100.0,26.9,7.0,47.1,19.7,42.2,93.7,96.3,6.3,3.7,100.0,26.9,7.0,47.1,19.7,42.2,93.7,96.3,6.3,3.7,0.0,0.0,0.0,0.0,0.0,0.0,0.0,0.0,0.0,0.0,383,222,89,156,58,61,338,250,383,222,89,156,58,61,338,250,0,0,0,0,0,0,0,0,21.8,26.1,33.4,38.7,7.0,12.3,10.9,19.8,21.8,26.1,33.4,38.7,7.0,12.3,10.9,19.8,0.0,0.0,0.0,0.0,0.0,0.0,0.0,0.0,(CONTRACTS OF 100 TROY OUNCES),GOLD,PRECIOUS METALS,NATURAL RESOURCES,Combined
250415088691C,GOLD - COMMODITY EXCHANGE INC.,2025-04-15T00:00:00.000,2025 Report Week 15,GOLD,088691,CMX ,NYC,088 ,GOLD,884929,282937,66537,387129,155653,401922,825718,855588,59210,29341,884929,282937,66537,387129,155653,401922,825718,855588,59210,29341,0,0,0,0,0,0,0,0,0,0,109192,13920,622,74555,19464,30314,107939,105492,1253,3701,100.0,32.0,7.5,43.7,17.6,45.4,93.3,96.7,6.7,3.3,100.0,32.0,7.5,43.7,17.6,45.4,93.3,96.7,6.7,3.3,0.0,0.0,0.0,0.0,0.0,0.0,0.0,0.0,0.0,0.0,361,209,77,140,56,63,320,229,361,209,77,140,56,63,320,229,0,0,0,0,0,0,0,0,20.5,25.8,32.0,38.8,9.3,14.4,13.6,23.0,20.5,25.8,32.0,38.8,9.3,14.4,13.6,23.0,0.0,0.0,0.0,0.0,0.0,0.0,0.0,0.0,(CONTRACTS OF 100 TROY OUNCES),GOLD,PRECIOUS METALS,NATURAL RESOURCES,Combined
250415088695C,MICRO GOLD - COMMODITY EXCHANGE INC.,2025-04-15T00:00:00.000,2025 Report Week 15,MICRO GOLD,088695,CMX ,NYC,088 ,GOLD,38960,17217,15588,2177,396,0,19790,17765,19170,21195,38960,17217,15588,2177,396,0,19790,17765,19170,21195,0,0,0,0,0,0,0,0,0,0,1054,4260,-237,-2440,396,0,2216,-2677,-1162,3731,100.0,44.2,40.0,5.6,1.0,0.0,50.8,45.6,49.2,54.4,100.0,44.2,40.0,5.6,1.0,0.0,50.8,45.6,49.2,54.4,0.0,0.0,0.0,0.0,0.0,0.0,0.0,0.0,0.0,0.0,33,19,13,5,1,0,23,15,33,19,13,5,1,0,23,15,0,0,0,0,0,0,0,0,23.1,27.8,35.5,40.4,22.6,24.0,34.2,35.9,23.1,27.8,35.5,40.4,22.6,24.0,34.2,35.9,0.0,0.0,0.0,0.0,0.0,0.0,0.0,0.0,(CONTRACTS OF 10 TROY OUNCES),GOLD,PRECIOUS METALS,NATURAL RESOURCES,Combined
250408088691C,GOLD - COMMODITY EXCHANGE INC.,2025-04-08T00:00:00.000,2025 Report Week 14,GOLD,088691,CMX ,NYC,088 ,GOLD,775736,269017,65915,312574,136189,371608,717779,750096,57957,25640,775736,269017,65915,312574,136189,371608,717779,750096,57957,25640,0,0,0,0,0,0,0,0,0,0,-75700,-55316,-7536,-19756,137,-41285,-74934,-68577,-766,-7123,100.0,34.7,8.5,40.3,17.6,47.9,92.5,96.7,7.5,3.3,100.0,34.7,8.5,40.3,17.6,47.9,92.5,96.7,7.5,3.3,0.0,0.0,0.0,0.0,0.0,0.0,0.0,0.0,0.0,0.0,355,216,71,154,53,58,321,234,355,216,71,154,53,58,321,234,0,0,0,0,0,0,0,0,19.5,25.1,29.8,38.6,9.7,15.8,14.2,25.7,19.5,25.1,29.8,38.6,9.7,15.8,14.2,25.7,0.0,0.0,0.0,0.0,0.0,0.0,0.0,0.0,(CONTRACTS OF 100 TROY OUNCES),GOLD,PRECIOUS METALS,NATURAL RESOURCES,Combined
250408088695C,MICRO GOLD - COMMODITY EXCHANGE INC.,2025-04-08T00:00:00.000,2025 Report Week 14,MICRO GOLD,088695,CMX ,NYC,088 ,GOLD,37906,12957,15825,4617,0,0,17574,20442,20332,17464,37906,12957,15825,4617,0,0,17574,20442,20332,17464,0,0,0,0,0,0,0,0,0,0,-222,-2113,5426,-254,0,0,-2367,5172,2145,-5394,100.0,34.2,41.7,12.2,0.0,0.0,46.4,53.9,53.6,46.1,100.0,34.2,41.7,12.2,0.0,0.0,46.4,53.9,53.6,46.1,0.0,0.0,0.0,0.0,0.0,0.0,0.0,0.0,0.0,0.0,27,17,9,9,0,0,23,13,27,17,9,9,0,0,23,13,0,0,0,0,0,0,0,0,22.0,32.4,33.4,49.3,17.5,28.8,27.2,41.0,22.0,32.4,33.4,49.3,17.5,28.8,27.2,41.0,0.0,0.0,0.0,0.0,0.0,0.0,0.0,0.0,(CONTRACTS OF 10 TROY OUNCES),GOLD,PRECIOUS METALS,NATURAL RESOURCES,Combined
250401088691C,GOLD - COMMODITY EXCHANGE INC.,2025-04-01T00:00:00.000,2025 Report Week 13,GOLD,088691,CMX ,NYC,088 ,GOLD,851437,324333,73451,332329,136052,412893,792714,818673,58723,32764,851437,324333,73451,332329,136052,412893,792714,818673,58723,32764,0,0,0,0,0,0,0,0,0,0,24835,-391,7312,45510,-18799,-28736,26320,24086,-1485,749,100.0,38.1,8.6,39.0,16.0,48.5,93.1,96.2,6.9,3.8,100.0,38.1,8.6,39.0,16.0,48.5,93.1,96.2,6.9,3.8,0.0,0.0,0.0,0.0,0.0,0.0,0.0,0.0,0.0,0.0,369,211,92,146,47,55,317,237,369,211,92,146,47,55,317,237,0,0,0,0,0,0,0,0,18.5,24.5,30.0,36.7,10.5,15.2,15.4,24.1,18.5,24.5,30.0,36.7,10.5,15.2,15.4,24.1,0.0,0.0,0.0,0.0,0.0,0.0,0.0,0.0,(CONTRACTS OF 100 TROY OUNCES),GOLD,PRECIOUS METALS,NATURAL RESOURCES,Combined
250401088695C,MICRO GOLD - COMMODITY EXCHANGE INC.,2025-04-01T00:00:00.000,2025 Report Week 13,MICRO GOLD,088695,CMX ,NYC,088 ,GOLD,38127,15070,10399,4871,0,0,19941,15270,18186,22857,38127,15070,10399,4871,0,0,19941,15270,18186,22857,0,0,0,0,0,0,0,0,0,0,-107,3497,-5721,-1945,0,0,1552,-7666,-1659,7559,100.0,39.5,27.3,12.8,0.0,0.0,52.3,40.1,47.7,59.9,100.0,39.5,27.3,12.8,0.0,0.0,52.3,40.1,47.7,59.9,0.0,0.0,0.0,0.0,0.0,0.0,0.0,0.0,0.0,0.0,30,18,11,8,0,0,22,16,30,18,11,8,0,0,22,16,0,0,0,0,0,0,0,0,24.5,24.3,38.8,33.7,21.6,18.6,31.4,25.2,24.5,24.3,38.8,33.7,21.6,18.6,31.4,25.2,0.0,0.0,0.0,0.0,0.0,0.0,0.0,0.0,(CONTRACTS OF 10 TROY OUNCES),GOLD,PRECIOUS METALS,NATURAL RESOURCES,Combined
250325088691C,GOLD - COMMODITY EXCHANGE INC.,2025-03-25T00:00:00.000,2025 Report Week 12,GOLD,088691,CMX ,NYC,088 ,GOLD,826602,324724,66139,286819,154851,441628,766394,794586,60208,32015,826602,324724,66139,286819,154851,441628,766394,794586,60208,32015,0,0,0,0,0,0,0,0,0,0,-43432,-10618,-635,-26590,-5920,-13565,-43128,-40790,-304,-2641,100.0,39.3,8.0,34.7,18.7,53.4,92.7,96.1,7.3,3.9,100.0,39.3,8.0,34.7,18.7,53.4,92.7,96.1,7.3,3.9,0.0,0.0,0.0,0.0,0.0,0.0,0.0,0.0,0.0,0.0,358,212,79,144,52,59,317,231,358,212,79,144,52,59,317,231,0,0,0,0,0,0,0,0,18.6,24.9,28.8,38.3,10.3,16.5,15.8,25.2,18.6,24.9,28.8,38.3,10.3,16.5,15.8,25.2,0.0,0.0,0.0,0.0,0.0,0.0,0.0,0.0,(CONTRACTS OF 100 TROY OUNCES),GOLD,PRECIOUS METALS,NATURAL RESOURCES,Combined
250325088695C,MICRO GOLD - COMMODITY EXCHANGE INC.,2025-03-25T00:00:00.000,2025 Report Week 12,MICRO GOLD,088695,CMX ,NYC,088 ,GOLD,38234,11573,16120,6816,0,0,18389,22936,19845,15298,38234,11573,16120,6816,0,0,18389,22936,19845,15298,0,0,0,0,0,0,0,0,0,0,2231,-987,4878,2564,0,0,1577,7442,654,-5211,100.0,30.3,42.2,17.8,0.0,0.0,48.1,60.0,51.9,40.0,100.0,30.3,42.2,17.8,0.0,0.0,48.1,60.0,51.9,40.0,0.0,0.0,0.0,0.0,0.0,0.0,0.0,0.0,0.0,0.0,25,15,10,9,0,0,20,14,25,15,10,9,0,0,20,14,0,0,0,0,0,0,0,0,26.2,38.0,38.9,54.9,20.8,33.6,25.9,40.7,26.2,38.0,38.9,54.9,20.8,33.6,25.9,40.7,0.0,0.0,0.0,0.0,0.0,0.0,0.0,0.0,(CONTRACTS OF 10 TROY OUNCES),GOLD,PRECIOUS METALS,NATURAL RESOURCES,Combined
250318088695C,MICRO GOLD - COMMODITY EXCHANGE INC.,2025-03-18T00:00:00.000,2025 Report Week 11,MICRO GOLD,088695,CMX ,NYC,088 ,GOLD,36003,12560,11242,4252,0,0,16812,15494,19191,20509,36003,12560,11242,4252,0,0,16812,15494,19191,20509,0,0,0,0,0,0,0,0,0,0,4017,1948,-4890,2085,0,0,4033,-2805,-16,6822,100.0,34.9,31.2,11.8,0.0,0.0,46.7,43.0,53.3,57.0,100.0,34.9,31.2,11.8,0.0,0.0,46.7,43.0,53.3,57.0,0.0,0.0,0.0,0.0,0.0,0.0,0.0,0.0,0.0,0.0,24,14,10,9,0,0,19,14,24,14,10,9,0,0,19,14,0,0,0,0,0,0,0,0,24.7,24.7,35.2,38.5,23.8,22.9,30.5,30.0,24.7,24.7,35.2,38.5,23.8,22.9,30.5,30.0,0.0,0.0,0.0,0.0,0.0,0.0,0.0,0.0,(CONTRACTS OF 10 TROY OUNCES),GOLD,PRECIOUS METALS,NATURAL RESOURCES,Combined
250318088691C,GOLD - COMMODITY EXCHANGE INC.,2025-03-18T00:00:00.000,2025 Report Week 11,GOLD,088691,CMX ,NYC,088 ,GOLD,870033,335342,66773,313409,160771,455194,809522,835376,60512,34657,870033,335342,66773,313409,160771,455194,809522,835376,60512,34657,0,0,0,0,0,0,0,0,0,0,90763,31702,5165,39183,19532,42020,90417,86369,346,4395,100.0,38.5,7.7,36.0,18.5,52.3,93.0,96.0,7.0,4.0,100.0,38.5,7.7,36.0,18.5,52.3,93.0,96.0,7.0,4.0,0.0,0.0,0.0,0.0,0.0,0.0,0.0,0.0,0.0,0.0,362,213,83,145,49,60,324,227,362,213,83,145,49,60,324,227,0,0,0,0,0,0,0,0,19.6,25.2,30.0,39.6,10.1,15.9,15.5,24.7,19.6,25.2,30.0,39.6,10.1,15.9,15.5,24.7,0.0,0.0,0.0,0.0,0.0,0.0,0.0,0.0,(CONTRACTS OF 100 TROY OUNCES),GOLD,PRECIOUS METALS,NATURAL RESOURCES,Combined
250311088691C,GOLD - COMMODITY EXCHANGE INC.,2025-03-11T00:00:00.000,2025 Report Week 10,GOLD,088691,CMX ,NYC,088 ,GOLD,779270,303640,61608,274226,141238,413174,719105,749008,60166,30262,779270,303640,61608,274226,141238,413174,719105,749008,60166,30262,0,0,0,0,0,0,0,0,0,0,22971,-8329,-1360,8013,19623,14152,19307,20805,3664,2165,100.0,39.0,7.9,35.2,18.1,53.0,92.3,96.1,7.7,3.9,100.0,39.0,7.9,35.2,18.1,53.0,92.3,96.1,7.7,3.9,0.0,0.0,0.0,0.0,0.0,0.0,0.0,0.0,0.0,0.0,336,199,72,139,51,55,301,217,336,199,72,139,51,55,301,217,0,0,0,0,0,0,0,0,19.6,26.2,31.5,40.9,11.3,17.4,17.0,26.3,19.6,26.2,31.5,40.9,11.3,17.4,17.0,26.3,0.0,0.0,0.0,0.0,0.0,0.0,0.0,0.0,(CONTRACTS OF 100 TROY OUNCES),GOLD,PRECIOUS METALS,NATURAL RESOURCES,Combined
250311088695C,MICRO GOLD - COMMODITY EXCHANGE INC.,2025-03-11T00:00:00.000,2025 Report Week 10,MICRO GOLD,088695,CMX ,NYC,088 ,GOLD,31986,10612,16132,2167,0,0,12779,18299,19207,13687,31986,10612,16132,2167,0,0,12779,18299,19207,13687,0,0,0,0,0,0,0,0,0,0,565,1305,1152,-298,0,0,1007,854,-442,-289,100.0,33.2,50.4,6.8,0.0,0.0,40.0,57.2,60.0,42.8,100.0,33.2,50.4,6.8,0.0,0.0,40.0,57.2,60.0,42.8,0.0,0.0,0.0,0.0,0.0,0.0,0.0,0.0,0.0,0.0,22,11,11,8,0,0,16,14,22,11,11,8,0,0,16,14,0,0,0,0,0,0,0,0,21.5,42.4,31.6,54.8,21.5,41.3,30.8,48.9,21.5,42.4,31.6,54.8,21.5,41.3,30.8,48.9,0.0,0.0,0.0,0.0,0.0,0.0,0.0,0.0,(CONTRACTS OF 10 TROY OUNCES),GOLD,PRECIOUS METALS,NATURAL RESOURCES,Combined
250304088695C,MICRO GOLD - COMMODITY EXCHANGE INC.,2025-03-04T00:00:00.000,2025 Report Week 09,MICRO GOLD,088695,CMX ,NYC,088 ,GOLD,31421,9307,14980,2465,0,0,11772,17445,19649,13976,31421,9307,14980,2465,0,0,11772,17445,19649,13976,0,0,0,0,0,0,0,0,0,0,-3098,-1414,1139,-997,0,0,-2411,142,-687,-3240,100.0,29.6,47.7,7.8,0.0,0.0,37.5,55.5,62.5,44.5,100.0,29.6,47.7,7.8,0.0,0.0,37.5,55.5,62.5,44.5,0.0,0.0,0.0,0.0,0.0,0.0,0.0,0.0,0.0,0.0,22,12,10,9,0,0,18,13,22,12,10,9,0,0,18,13,0,0,0,0,0,0,0,0,19.2,43.0,28.8,53.8,19.2,39.9,26.2,47.0,19.2,43.0,28.8,53.8,19.2,39.9,26.2,47.0,0.0,0.0,0.0,0.0,0.0,0.0,0.0,0.0,(CONTRACTS OF 10 TROY OUNCES),GOLD,PRECIOUS METALS,NATURAL RESOURCES,Combined
250304088691C,GOLD - COMMODITY EXCHANGE INC.,2025-03-04T00:00:00.000,2025 Report Week 09,GOLD,088691,CMX ,NYC,088 ,GOLD,756299,311969,62968,266213,121616,399022,699798,728203,56502,28097,756299,311969,62968,266213,121616,399022,699798,728203,56502,28097,0,0,0,0,0,0,0,0,0,0,-16748,-12961,5480,1598,-6169,-24012,-17533,-16935,785,188,100.0,41.2,8.3,35.2,16.1,52.8,92.5,96.3,7.5,3.7,100.0,41.2,8.3,35.2,16.1,52.8,92.5,96.3,7.5,3.7,0.0,0.0,0.0,0.0,0.0,0.0,0.0,0.0,0.0,0.0,325,191,71,134,50,54,295,207,325,191,71,134,50,54,295,207,0,0,0,0,0,0,0,0,19.7,27.7,31.3,41.9,11.7,18.7,17.7,27.9,19.7,27.7,31.3,41.9,11.7,18.7,17.7,27.9,0.0,0.0,0.0,0.0,0.0,0.0,0.0,0.0,(CONTRACTS OF 100 TROY OUNCES),GOLD,PRECIOUS METALS,NATURAL RESOURCES,Combined
250225088695C,MICRO GOLD - COMMODITY EXCHANGE INC.,2025-02-25T00:00:00.000,2025 Report Week 08,MICRO GOLD,088695,CMX ,NYC,088 ,GOLD,34519,10721,13841,3462,0,0,14183,17303,20336,17216,34519,10721,13841,3462,0,0,14183,17303,20336,17216,0,0,0,0,0,0,0,0,0,0,902,-927,4449,675,0,0,-252,5124,1154,-4222,100.0,31.1,40.1,10.0,0.0,0.0,41.1,50.1,58.9,49.9,100.0,31.1,40.1,10.0,0.0,0.0,41.1,50.1,58.9,49.9,0.0,0.0,0.0,0.0,0.0,0.0,0.0,0.0,0.0,0.0,21,12,9,9,0,0,17,13,21,12,9,9,0,0,17,13,0,0,0,0,0,0,0,0,20.0,38.6,32.5,48.3,18.6,32.9,27.8,39.4,20.0,38.6,32.5,48.3,18.6,32.9,27.8,39.4,0.0,0.0,0.0,0.0,0.0,0.0,0.0,0.0,(CONTRACTS OF 10 TROY OUNCES),GOLD,PRECIOUS METALS,NATURAL RESOURCES,Combined
250225088691C,GOLD - COMMODITY EXCHANGE INC.,2025-02-25T00:00:00.000,2025 Report Week 08,GOLD,088691,CMX ,NYC,088 ,GOLD,773047,324930,57488,264616,127785,423034,717331,745138,55716,27909,773047,324930,57488,264616,127785,423034,717331,745138,55716,27909,0,0,0,0,0,0,0,0,0,0,-98091,-9314,-1980,-58924,-27142,-33326,-95380,-94231,-2710,-3859,100.0,42.0,7.4,34.2,16.5,54.7,92.8,96.4,7.2,3.6,100.0,42.0,7.4,34.2,16.5,54.7,92.8,96.4,7.2,3.6,0.0,0.0,0.0,0.0,0.0,0.0,0.0,0.0,0.0,0.0,331,195,70,135,51,56,293,216,331,195,70,135,51,56,293,216,0,0,0,0,0,0,0,0,19.4,26.5,30.8,42.1,11.5,18.5,17.4,28.3,19.4,26.5,30.8,42.1,11.5,18.5,17.4,28.3,0.0,0.0,0.0,0.0,0.0,0.0,0.0,0.0,(CONTRACTS OF 100 TROY OUNCES),GOLD,PRECIOUS METALS,NATURAL RESOURCES,Combined
250218088695C,MICRO GOLD - COMMODITY EXCHANGE INC.,2025-02-18T00:00:00.000,2025 Report Week 07,MICRO GOLD,088695,CMX ,NYC,088 ,GOLD,33617,11648,9392,2787,0,0,14435,12179,19182,21438,33617,11648,9392,2787,0,0,14435,12179,19182,21438,0,0,0,0,0,0,0,0,0,0,1437,-415,359,293,-19,-251,-141,401,1578,1036,100.0,34.6,27.9,8.3,0.0,0.0,42.9,36.2,57.1,63.8,100.0,34.6,27.9,8.3,0.0,0.0,42.9,36.2,57.1,63.8,0.0,0.0,0.0,0.0,0.0,0.0,0.0,0.0,0.0,0.0,22,12,10,7,0,0,16,13,22,12,10,7,0,0,16,13,0,0,0,0,0,0,0,0,26.0,23.7,36.3,33.1,23.0,19.7,31.0,26.1,26.0,23.7,36.3,33.1,23.0,19.7,31.0,26.1,0.0,0.0,0.0,0.0,0.0,0.0,0.0,0.0,(CONTRACTS OF 10 TROY OUNCES),GOLD,PRECIOUS METALS,NATURAL RESOURCES,Combined
250218088691C,GOLD - COMMODITY EXCHANGE INC.,2025-02-18T00:00:00.000,2025 Report Week 07,GOLD,088691,CMX ,NYC,088 ,GOLD,871137,334244,59469,323540,154927,456360,812711,839369,58427,31769,871137,334244,59469,323540,154927,456360,812711,839369,58427,31769,0,0,0,0,0,0,0,0,0,0,3628,-16796,2060,15953,2669,-14027,1826,3986,1802,-358,100.0,38.4,6.8,37.1,17.8,52.4,93.3,96.4,6.7,3.6,100.0,38.4,6.8,37.1,17.8,52.4,93.3,96.4,6.7,3.6,0.0,0.0,0.0,0.0,0.0,0.0,0.0,0.0,0.0,0.0,350,197,83,147,56,60,315,231,350,197,83,147,56,60,315,231,0,0,0,0,0,0,0,0,20.3,26.9,31.4,42.6,10.5,16.9,16.1,26.1,20.3,26.9,31.4,42.6,10.5,16.9,16.1,26.1,0.0,0.0,0.0,0.0,0.0,0.0,0.0,0.0,(CONTRACTS OF 100 TROY OUNCES),GOLD,PRECIOUS METALS,NATURAL RESOURCES,Combined
250211088695C,MICRO GOLD - COMMODITY EXCHANGE INC.,2025-02-11T00:00:00.000,2025 Report Week 06,MICRO GOLD,088695,CMX ,NYC,088 ,GOLD,32180,12063,9033,2494,19,251,14576,11778,17604,20402,32180,12063,9033,2494,19,251,14576,11778,17604,20402,0,0,0,0,0,0,0,0,0,0,,,,,,,,,,,100.0,37.5,28.1,7.8,0.1,0.8,45.3,36.6,54.7,63.4,100.0,37.5,28.1,7.8,0.1,0.8,45.3,36.6,54.7,63.4,0.0,0.0,0.0,0.0,0.0,0.0,0.0,0.0,0.0,0.0,24,13,10,7,1,1,17,15,24,13,10,7,1,1,17,15,0,0,0,0,0,0,0,0,27.8,23.7,38.4,32.9,24.8,20.3,33.2,26.7,27.8,23.7,38.4,32.9,24.8,20.3,33.2,26.7,0.0,0.0,0.0,0.0,0.0,0.0,0.0,0.0,(CONTRACTS OF 10 TROY OUNCES),GOLD,PRECIOUS METALS,NATURAL RESOURCES,Combined
250211088691C,GOLD - COMMODITY EXCHANGE INC.,2025-02-11T00:00:00.000,2025 Report Week 06,GOLD,088691,CMX ,NYC,088 ,GOLD,867510,351041,57409,307587,152257,470388,810885,835383,56624,32126,867510,351041,57409,307587,152257,470388,810885,835383,56624,32126,0,0,0,0,0,0,0,0,0,0,30312,-13984,2540,36666,6734,-10443,29415,28763,896,1549,100.0,40.5,6.6,35.5,17.6,54.2,93.5,96.3,6.5,3.7,100.0,40.5,6.6,35.5,17.6,54.2,93.5,96.3,6.5,3.7,0.0,0.0,0.0,0.0,0.0,0.0,0.0,0.0,0.0,0.0,345,192,85,140,53,58,307,223,345,192,85,140,53,58,307,223,0,0,0,0,0,0,0,0,20.5,27.0,31.4,43.1,11.5,17.2,17.2,27.7,20.5,27.0,31.4,43.1,11.5,17.2,17.2,27.7,0.0,0.0,0.0,0.0,0.0,0.0,0.0,0.0,(CONTRACTS OF 100 TROY OUNCES),GOLD,PRECIOUS METALS,NATURAL RESOURCES,Combined
250204088691C,GOLD - COMMODITY EXCHANGE INC.,2025-02-04T00:00:00.000,2025 Report Week 05,GOLD,088691,CMX ,NYC,088 ,GOLD,837198,365025,54869,270922,145523,480830,781470,806621,55728,30577,837198,365025,54869,270922,145523,480830,781470,806621,55728,30577,0,0,0,0,0,0,0,0,0,0,31945,18282,14281,33460,-20771,-16312,30971,31429,974,516,100.0,43.6,6.6,32.4,17.4,57.4,93.3,96.3,6.7,3.7,100.0,43.6,6.6,32.4,17.4,57.4,93.3,96.3,6.7,3.7,0.0,0.0,0.0,0.0,0.0,0.0,0.0,0.0,0.0,0.0,342,201,72,131,54,59,307,212,342,201,72,131,54,59,307,212,0,0,0,0,0,0,0,0,19.0,29.5,29.4,44.9,11.8,21.2,17.7,31.3,19.0,29.5,29.4,44.9,11.8,21.2,17.7,31.3,0.0,0.0,0.0,0.0,0.0,0.0,0.0,0.0,(CONTRACTS OF 100 TROY OUNCES),GOLD,PRECIOUS METALS,NATURAL RESOURCES,Combined
250128088695C,MICRO GOLD - COMMODITY EXCHANGE INC.,2025-01-28T00:00:00.000,2025 Report Week 04,MICRO GOLD,088695,CMX ,NYC,088 ,GOLD,37918,8622,7991,13383,11,238,22016,21612,15902,16306,37918,8622,7991,13383,11,238,22016,21612,15902,16306,0,0,0,0,0,0,0,0,0,0,540,-781,-3176,3106,-1,10,2324,-60,-1784,600,100.0,22.7,21.1,35.3,0.0,0.6,58.1,57.0,41.9,43.0,100.0,22.7,21.1,35.3,0.0,0.6,58.1,57.0,41.9,43.0,0.0,0.0,0.0,0.0,0.0,0.0,0.0,0.0,0.0,0.0,23,11,11,9,1,1,16,17,23,11,11,9,1,1,16,17,0,0,0,0,0,0,0,0,35.5,42.9,50.8,51.6,15.2,14.7,21.0,19.1,35.5,42.9,50.8,51.6,15.2,14.7,21.0,19.1,0.0,0.0,0.0,0.0,0.0,0.0,0.0,0.0,(CONTRACTS OF 10 TROY OUNCES),GOLD,PRECIOUS METALS,NATURAL RESOURCES,Combined
250128088691C,GOLD - COMMODITY EXCHANGE INC.,2025-01-28T00:00:00.000,2025 Report Week 04,GOLD,088691,CMX ,NYC,088 ,GOLD,805253,346742,40588,237461,166295,497142,750498,775191,54754,30062,805253,346742,40588,237461,166295,497142,750498,775191,54754,30062,0,0,0,0,0,0,0,0,0,0,-39882,5997,3049,-48545,4896,6560,-37652,-38936,-2229,-945,100.0,43.1,5.0,29.5,20.7,61.7,93.2,96.3,6.8,3.7,100.0,43.1,5.0,29.5,20.7,61.7,93.2,96.3,6.8,3.7,0.0,0.0,0.0,0.0,0.0,0.0,0.0,0.0,0.0,0.0,327,196,66,128,51,59,293,208,327,196,66,128,51,59,293,208,0,0,0,0,0,0,0,0,17.7,30.7,27.1,45.2,11.9,23.6,17.8,32.4,17.7,30.7,27.1,45.2,11.9,23.6,17.8,32.4,0.0,0.0,0.0,0.0,0.0,0.0,0.0,0.0,(CONTRACTS OF 100 TROY OUNCES),GOLD,PRECIOUS METALS,NATURAL RESOURCES,Combined
250121088691C,GOLD - COMMODITY EXCHANGE INC.,2025-01-21T00:00:00.000,2025 Report Week 03,GOLD,088691,CMX ,NYC,088 ,GOLD,845135,340746,37539,286007,161399,490582,788151,814128,56984,31007,845135,340746,37539,286007,161399,490582,788151,814128,56984,31007,0,0,0,0,0,0,0,0,0,0,88158,26172,1229,48628,10375,37453,85174,87309,2984,849,100.0,40.3,4.4,33.8,19.1,58.0,93.3,96.3,6.7,3.7,100.0,40.3,4.4,33.8,19.1,58.0,93.3,96.3,6.7,3.7,0.0,0.0,0.0,0.0,0.0,0.0,0.0,0.0,0.0,0.0,343,201,75,145,52,59,309,224,343,201,75,145,52,59,309,224,0,0,0,0,0,0,0,0,18.1,31.2,27.7,46.0,11.5,23.9,17.0,31.5,18.1,31.2,27.7,46.0,11.5,23.9,17.0,31.5,0.0,0.0,0.0,0.0,0.0,0.0,0.0,0.0,(CONTRACTS OF 100 TROY OUNCES),GOLD,PRECIOUS METALS,NATURAL RESOURCES,Combined
250121088695C,MICRO GOLD - COMMODITY EXCHANGE INC.,2025-01-21T00:00:00.000,2025 Report Week 03,MICRO GOLD,088695,CMX ,NYC,088 ,GOLD,37378,9403,11167,10277,12,228,19692,21672,17686,15706,37378,9403,11167,10277,12,228,19692,21672,17686,15706,0,0,0,0,0,0,0,0,0,0,3863,1873,120,1371,12,228,3256,1719,607,2144,100.0,25.2,29.9,27.5,0.0,0.6,52.7,58.0,47.3,42.0,100.0,25.2,29.9,27.5,0.0,0.6,52.7,58.0,47.3,42.0,0.0,0.0,0.0,0.0,0.0,0.0,0.0,0.0,0.0,0.0,22,13,8,9,1,1,17,15,22,13,8,9,1,1,17,15,0,0,0,0,0,0,0,0,29.3,44.5,43.6,54.8,15.0,25.1,21.2,29.9,29.3,44.5,43.6,54.8,15.0,25.1,21.2,29.9,0.0,0.0,0.0,0.0,0.0,0.0,0.0,0.0,(CONTRACTS OF 10 TROY OUNCES),GOLD,PRECIOUS METALS,NATURAL RESOURCES,Combined
250114088691C,GOLD - COMMODITY EXCHANGE INC.,2025-01-14T00:00:00.000,2025 Report Week 02,GOLD,088691,CMX ,NYC,088 ,GOLD,756977,314574,36310,237379,151024,453129,702977,726819,54000,30158,756977,314574,36310,237379,151024,453129,702977,726819,54000,30158,0,0,0,0,0,0,0,0,0,0,66491,18747,-5186,12443,33811,57443,65001,64701,1491,1791,100.0,41.6,4.8,31.4,20.0,59.9,92.9,96.0,7.1,4.0,100.0,41.6,4.8,31.4,20.0,59.9,92.9,96.0,7.1,4.0,0.0,0.0,0.0,0.0,0.0,0.0,0.0,0.0,0.0,0.0,326,198,63,136,49,55,290,214,326,198,63,136,49,55,290,214,0,0,0,0,0,0,0,0,18.0,32.6,27.8,47.8,12.1,25.4,18.2,33.5,18.0,32.6,27.8,47.8,12.1,25.4,18.2,33.5,0.0,0.0,0.0,0.0,0.0,0.0,0.0,0.0,(CONTRACTS OF 100 TROY OUNCES),GOLD,PRECIOUS METALS,NATURAL RESOURCES,Combined
250114088695C,MICRO GOLD - COMMODITY EXCHANGE INC.,2025-01-14T00:00:00.000,2025 Report Week 02,MICRO GOLD,088695,CMX ,NYC,088 ,GOLD,33515,7530,11047,8906,0,0,16436,19953,17079,13562,33515,7530,11047,8906,0,0,16436,19953,17079,13562,0,0,0,0,0,0,0,0,0,0,,,,,,,,,,,100.0,22.5,33.0,26.6,0.0,0.0,49.0,59.5,51.0,40.5,100.0,22.5,33.0,26.6,0.0,0.0,49.0,59.5,51.0,40.5,0.0,0.0,0.0,0.0,0.0,0.0,0.0,0.0,0.0,0.0,20,10,10,8,0,0,13,15,20,10,10,8,0,0,13,15,0,0,0,0,0,0,0,0,31.1,43.0,43.4,53.4,14.2,24.1,21.0,30.6,31.1,43.0,43.4,53.4,14.2,24.1,21.0,30.6,0.0,0.0,0.0,0.0,0.0,0.0,0.0,0.0,(CONTRACTS OF 10 TROY OUNCES),GOLD,PRECIOUS METALS,NATURAL RESOURCES,Combined
250107088691C,GOLD - COMMODITY EXCHANGE INC.,2025-01-07T00:00:00.000,2025 Report Week 01,GOLD,088691,CMX ,NYC,088 ,GOLD,690485,295827,41496,224936,117213,395686,637976,662118,52509,28367,690485,295827,41496,224936,117213,395686,637976,662118,52509,28367,0,0,0,0,0,0,0,0,0,0,31895,12267,3498,15816,3588,12418,31671,31732,224,162,100.0,42.8,6.0,32.6,17.0,57.3,92.4,95.9,7.6,4.1,100.0,42.8,6.0,32.6,17.0,57.3,92.4,95.9,7.6,4.1,0.0,0.0,0.0,0.0,0.0,0.0,0.0,0.0,0.0,0.0,316,186,62,129,47,58,277,209,316,186,62,129,47,58,277,209,0,0,0,0,0,0,0,0,19.5,32.7,30.6,48.7,13.2,26.0,19.2,34.6,19.5,32.7,30.6,48.7,13.2,26.0,19.2,34.6,0.0,0.0,0.0,0.0,0.0,0.0,0.0,0.0,(CONTRACTS OF 100 TROY OUNCES),GOLD,PRECIOUS METALS,NATURAL RESOURCES,Combined
241231088691C,GOLD - COMMODITY EXCHANGE INC.,2024-12-31T00:00:00.000,2024 Report Week 53,GOLD,088691,CMX ,NYC,088 ,GOLD,658591,283560,37998,209120,113625,383268,606305,630386,52285,28205,658591,283560,37998,209120,113625,383268,606305,630386,52285,28205,0,0,0,0,0,0,0,0,0,0,-32458,-480,-2662,-25438,-5565,-5760,-31484,-33860,-975,1401,100.0,43.1,5.8,31.8,17.3,58.2,92.1,95.7,7.9,4.3,100.0,43.1,5.8,31.8,17.3,58.2,92.1,95.7,7.9,4.3,0.0,0.0,0.0,0.0,0.0,0.0,0.0,0.0,0.0,0.0,290,172,58,112,46,52,255,187,290,172,58,112,46,52,255,187,0,0,0,0,0,0,0,0,19.2,33.3,30.7,49.3,13.7,26.0,19.7,34.9,19.2,33.3,30.7,49.3,13.7,26.0,19.7,34.9,0.0,0.0,0.0,0.0,0.0,0.0,0.0,0.0,(CONTRACTS OF 100 TROY OUNCES),GOLD,PRECIOUS METALS,NATURAL RESOURCES,Combined
241231088695C,MICRO GOLD - COMMODITY EXCHANGE INC.,2024-12-31T00:00:00.000,2024 Report Week 53,MICRO GOLD,088695,CMX ,NYC,088 ,GOLD,32113,5724,14036,6682,0,0,12406,20718,19706,11394,32113,5724,14036,6682,0,0,12406,20718,19706,11394,0,0,0,0,0,0,0,0,0,0,-1368,-339,-1550,660,0,0,321,-890,-1689,-478,100.0,17.8,43.7,20.8,0.0,0.0,38.6,64.5,61.4,35.5,100.0,17.8,43.7,20.8,0.0,0.0,38.6,64.5,61.4,35.5,0.0,0.0,0.0,0.0,0.0,0.0,0.0,0.0,0.0,0.0,23,13,10,9,0,0,18,14,23,13,10,9,0,0,18,14,0,0,0,0,0,0,0,0,24.5,49.8,32.4,59.4,10.8,35.0,14.9,41.9,24.5,49.8,32.4,59.4,10.8,35.0,14.9,41.9,0.0,0.0,0.0,0.0,0.0,0.0,0.0,0.0,(CONTRACTS OF 10 TROY OUNCES),GOLD,PRECIOUS METALS,NATURAL RESOURCES,Combined
241224088695C,MICRO GOLD - COMMODITY EXCHANGE INC.,2024-12-24T00:00:00.000,2024 Report Week 52,MICRO GOLD,088695,CMX ,NYC,088 ,GOLD,33481,6063,15586,6022,0,0,12085,21608,21396,11873,33481,6063,15586,6022,0,0,12085,21608,21396,11873,0,0,0,0,0,0,0,0,0,0,-1160,-3620,1081,1589,0,0,-2031,2670,872,-3829,100.0,18.1,46.6,18.0,0.0,0.0,36.1,64.5,63.9,35.5,100.0,18.1,46.6,18.0,0.0,0.0,36.1,64.5,63.9,35.5,0.0,0.0,0.0,0.0,0.0,0.0,0.0,0.0,0.0,0.0,21,11,10,8,0,0,16,13,21,11,10,8,0,0,16,13,0,0,0,0,0,0,0,0,25.2,51.0,31.4,61.0,12.7,39.0,16.7,45.5,25.2,51.0,31.4,61.0,12.7,39.0,16.7,45.5,0.0,0.0,0.0,0.0,0.0,0.0,0.0,0.0,(CONTRACTS OF 10 TROY OUNCES),GOLD,PRECIOUS METALS,NATURAL RESOURCES,Combined
241224088691C,GOLD - COMMODITY EXCHANGE INC.,2024-12-24T00:00:00.000,2024 Report Week 52,GOLD,088691,CMX ,NYC,088 ,GOLD,691049,284040,40659,234558,119191,389028,637789,664245,53260,26803,691049,284040,40659,234558,119191,389028,637789,664245,53260,26803,0,0,0,0,0,0,0,0,0,0,-24885,-17595,234,-594,-5387,-21239,-23576,-21600,-1308,-3285,100.0,41.1,5.9,33.9,17.2,56.3,92.3,96.1,7.7,3.9,100.0,41.1,5.9,33.9,17.2,56.3,92.3,96.1,7.7,3.9,0.0,0.0,0.0,0.0,0.0,0.0,0.0,0.0,0.0,0.0,308,189,56,129,48,55,273,206,308,189,56,129,48,55,273,206,0,0,0,0,0,0,0,0,19.2,31.8,30.9,47.3,13.1,24.5,18.8,33.1,19.2,31.8,30.9,47.3,13.1,24.5,18.8,33.1,0.0,0.0,0.0,0.0,0.0,0.0,0.0,0.0,(CONTRACTS OF 100 TROY OUNCES),GOLD,PRECIOUS METALS,NATURAL RESOURCES,Combined
241217088695C,MICRO GOLD - COMMODITY EXCHANGE INC.,2024-12-17T00:00:00.000,2024 Report Week 51,MICRO GOLD,088695,CMX ,NYC,088 ,GOLD,34641,9683,14505,4433,0,0,14116,18938,20524,15702,34641,9683,14505,4433,0,0,14116,18938,20524,15702,0,0,0,0,0,0,0,0,0,0,5988,1371,5219,1930,0,0,3301,7149,2687,-1161,100.0,28.0,41.9,12.8,0.0,0.0,40.8,54.7,59.2,45.3,100.0,28.0,41.9,12.8,0.0,0.0,40.8,54.7,59.2,45.3,0.0,0.0,0.0,0.0,0.0,0.0,0.0,0.0,0.0,0.0,22,12,10,9,0,0,17,14,22,12,10,9,0,0,17,14,0,0,0,0,0,0,0,0,24.5,42.0,35.0,50.7,19.4,33.5,24.8,40.2,24.5,42.0,35.0,50.7,19.4,33.5,24.8,40.2,0.0,0.0,0.0,0.0,0.0,0.0,0.0,0.0,(CONTRACTS OF 10 TROY OUNCES),GOLD,PRECIOUS METALS,NATURAL RESOURCES,Combined
241217088691C,GOLD - COMMODITY EXCHANGE INC.,2024-12-17T00:00:00.000,2024 Report Week 51,GOLD,088691,CMX ,NYC,088 ,GOLD,715934,301635,40426,235153,124578,410267,661365,685845,54568,30088,715934,301635,40426,235153,124578,410267,661365,685845,54568,30088,0,0,0,0,0,0,0,0,0,0,-42818,-26195,-9974,-5327,-13432,-26075,-44954,-41377,2136,-1441,100.0,42.1,5.6,32.8,17.4,57.3,92.4,95.8,7.6,4.2,100.0,42.1,5.6,32.8,17.4,57.3,92.4,95.8,7.6,4.2,0.0,0.0,0.0,0.0,0.0,0.0,0.0,0.0,0.0,0.0,313,188,59,130,49,56,275,209,313,188,59,130,49,56,275,209,0,0,0,0,0,0,0,0,19.0,32.6,30.7,47.9,13.7,25.2,19.5,33.9,19.0,32.6,30.7,47.9,13.7,25.2,19.5,33.9,0.0,0.0,0.0,0.0,0.0,0.0,0.0,0.0,(CONTRACTS OF 100 TROY OUNCES),GOLD,PRECIOUS METALS,NATURAL RESOURCES,Combined
241210088695C,MICRO GOLD - COMMODITY EXCHANGE INC.,2024-12-10T00:00:00.000,2024 Report Week 50,MICRO GOLD,088695,CMX ,NYC,088 ,GOLD,28652,8312,9286,2503,0,0,10815,11789,17837,16863,28652,8312,9286,2503,0,0,10815,11789,17837,16863,0,0,0,0,0,0,0,0,0,0,47,594,-2110,-507,0,0,87,-2616,-41,2663,100.0,29.0,32.4,8.7,0.0,0.0,37.7,41.1,62.3,58.9,100.0,29.0,32.4,8.7,0.0,0.0,37.7,41.1,62.3,58.9,0.0,0.0,0.0,0.0,0.0,0.0,0.0,0.0,0.0,0.0,23,14,9,6,0,0,17,12,23,14,9,6,0,0,17,12,0,0,0,0,0,0,0,0,22.5,27.8,31.5,37.3,20.2,26.3,25.1,31.6,22.5,27.8,31.5,37.3,20.2,26.3,25.1,31.6,0.0,0.0,0.0,0.0,0.0,0.0,0.0,0.0,(CONTRACTS OF 10 TROY OUNCES),GOLD,PRECIOUS METALS,NATURAL RESOURCES,Combined
241210088691C,GOLD - COMMODITY EXCHANGE INC.,2024-12-10T00:00:00.000,2024 Report Week 50,GOLD,088691,CMX ,NYC,088 ,GOLD,758752,327830,50400,240480,138009,436342,706320,727222,52432,31530,758752,327830,50400,240480,138009,436342,706320,727222,52432,31530,0,0,0,0,0,0,0,0,0,0,49143,20022,827,22945,7926,21386,50893,45158,-1750,3985,100.0,43.2,6.6,31.7,18.2,57.5,93.1,95.8,6.9,4.2,100.0,43.2,6.6,31.7,18.2,57.5,93.1,95.8,6.9,4.2,0.0,0.0,0.0,0.0,0.0,0.0,0.0,0.0,0.0,0.0,342,194,75,138,51,64,295,229,342,194,75,138,51,64,295,229,0,0,0,0,0,0,0,0,19.5,32.9,30.4,48.7,13.5,25.1,19.7,34.4,19.5,32.9,30.4,48.7,13.5,25.1,19.7,34.4,0.0,0.0,0.0,0.0,0.0,0.0,0.0,0.0,(CONTRACTS OF 100 TROY OUNCES),GOLD,PRECIOUS METALS,NATURAL RESOURCES,Combined
241203088691C,GOLD - COMMODITY EXCHANGE INC.,2024-12-03T00:00:00.000,2024 Report Week 49,GOLD,088691,CMX ,NYC,088 ,GOLD,709609,307808,49573,217535,130084,414957,655426,682064,54182,27545,709609,307808,49573,217535,130084,414957,655426,682064,54182,27545,0,0,0,0,0,0,0,0,0,0,-2315,5199,-6116,263,-8784,5882,-3323,29,1008,-2344,100.0,43.4,7.0,30.7,18.3,58.5,92.4,96.1,7.6,3.9,100.0,43.4,7.0,30.7,18.3,58.5,92.4,96.1,7.6,3.9,0.0,0.0,0.0,0.0,0.0,0.0,0.0,0.0,0.0,0.0,327,190,65,127,51,63,282,216,327,190,65,127,51,63,282,216,0,0,0,0,0,0,0,0,19.8,34.3,30.9,50.2,14.1,26.7,20.2,36.0,19.8,34.3,30.9,50.2,14.1,26.7,20.2,36.0,0.0,0.0,0.0,0.0,0.0,0.0,0.0,0.0,(CONTRACTS OF 100 TROY OUNCES),GOLD,PRECIOUS METALS,NATURAL RESOURCES,Combined
241203088695C,MICRO GOLD - COMMODITY EXCHANGE INC.,2024-12-03T00:00:00.000,2024 Report Week 49,MICRO GOLD,088695,CMX ,NYC,088 ,GOLD,28605,7718,11396,3010,0,0,10728,14406,17878,14200,28605,7718,11396,3010,0,0,10728,14406,17878,14200,0,0,0,0,0,0,0,0,0,0,-19869,-7177,-5531,-13921,0,0,-21098,-19452,1229,-417,100.0,27.0,39.8,10.5,0.0,0.0,37.5,50.4,62.5,49.6,100.0,27.0,39.8,10.5,0.0,0.0,37.5,50.4,62.5,49.6,0.0,0.0,0.0,0.0,0.0,0.0,0.0,0.0,0.0,0.0,21,11,10,9,0,0,18,12,21,11,10,9,0,0,18,12,0,0,0,0,0,0,0,0,24.0,32.4,32.0,45.1,20.3,30.1,24.6,38.4,24.0,32.4,32.0,45.1,20.3,30.1,24.6,38.4,0.0,0.0,0.0,0.0,0.0,0.0,0.0,0.0,(CONTRACTS OF 10 TROY OUNCES),GOLD,PRECIOUS METALS,NATURAL RESOURCES,Combined
241126088691C,GOLD - COMMODITY EXCHANGE INC.,2024-11-26T00:00:00.000,2024 Report Week 48,GOLD,088691,CMX ,NYC,088 ,GOLD,711924,302610,55689,217272,138868,409074,658749,682035,53175,29889,711924,302610,55689,217272,138868,409074,658749,682035,53175,29889,0,0,0,0,0,0,0,0,0,0,-138865,257,-4645,-106342,-26114,-25862,-132198,-136849,-6667,-2017,100.0,42.5,7.8,30.5,19.5,57.5,92.5,95.8,7.5,4.2,100.0,42.5,7.8,30.5,19.5,57.5,92.5,95.8,7.5,4.2,0.0,0.0,0.0,0.0,0.0,0.0,0.0,0.0,0.0,0.0,325,184,68,129,52,62,283,216,325,184,68,129,52,62,283,216,0,0,0,0,0,0,0,0,19.8,32.7,30.6,47.8,13.8,24.5,19.7,33.4,19.8,32.7,30.6,47.8,13.8,24.5,19.7,33.4,0.0,0.0,0.0,0.0,0.0,0.0,0.0,0.0,(CONTRACTS OF 100 TROY OUNCES),GOLD,PRECIOUS METALS,NATURAL RESOURCES,Combined
241126088695C,MICRO GOLD - COMMODITY EXCHANGE INC.,2024-11-26T00:00:00.000,2024 Report Week 48,MICRO GOLD,088695,CMX ,NYC,088 ,GOLD,48475,14895,16926,16931,0,0,31826,33858,16649,14617,48475,14895,16926,16931,0,0,31826,33858,16649,14617,0,0,0,0,0,0,0,0,0,0,-5666,-3107,-1302,1776,0,0,-1331,475,-4335,-6141,100.0,30.7,34.9,34.9,0.0,0.0,65.7,69.8,34.3,30.2,100.0,30.7,34.9,34.9,0.0,0.0,65.7,69.8,34.3,30.2,0.0,0.0,0.0,0.0,0.0,0.0,0.0,0.0,0.0,0.0,22,13,9,11,0,0,18,15,22,13,9,11,0,0,18,15,0,0,0,0,0,0,0,0,48.4,58.4,59.6,66.1,20.7,31.7,28.1,34.4,48.4,58.4,59.6,66.1,20.7,31.7,28.1,34.4,0.0,0.0,0.0,0.0,0.0,0.0,0.0,0.0,(CONTRACTS OF 10 TROY OUNCES),GOLD,PRECIOUS METALS,NATURAL RESOURCES,Combined
241119088695C,MICRO GOLD - COMMODITY EXCHANGE INC.,2024-11-19T00:00:00.000,2024 Report Week 47,MICRO GOLD,088695,CMX ,NYC,088 ,GOLD,54141,18002,18228,15155,0,0,33157,33383,20984,20758,54141,18002,18228,15155,0,0,33157,33383,20984,20758,0,0,0,0,0,0,0,0,0,0,-2164,-1238,668,-489,0,0,-1727,179,-437,-2343,100.0,33.3,33.7,28.0,0.0,0.0,61.2,61.7,38.8,38.3,100.0,33.3,33.7,28.0,0.0,0.0,61.2,61.7,38.8,38.3,0.0,0.0,0.0,0.0,0.0,0.0,0.0,0.0,0.0,0.0,25,17,8,9,0,0,20,14,25,17,8,9,0,0,20,14,0,0,0,0,0,0,0,0,42.8,54.1,52.7,58.7,20.6,31.8,27.9,33.7,42.8,54.1,52.7,58.7,20.6,31.8,27.9,33.7,0.0,0.0,0.0,0.0,0.0,0.0,0.0,0.0,(CONTRACTS OF 10 TROY OUNCES),GOLD,PRECIOUS METALS,NATURAL RESOURCES,Combined
241119088691C,GOLD - COMMODITY EXCHANGE INC.,2024-11-19T00:00:00.000,2024 Report Week 47,GOLD,088691,CMX ,NYC,088 ,GOLD,850790,302352,60334,323613,164982,434937,790948,818884,59842,31905,850790,302352,60334,323613,164982,434937,790948,818884,59842,31905,0,0,0,0,0,0,0,0,0,0,-20664,-7006,-6757,-12087,3655,1347,-15438,-17498,-5226,-3167,100.0,35.5,7.1,38.0,19.4,51.1,93.0,96.2,7.0,3.8,100.0,35.5,7.1,38.0,19.4,51.1,93.0,96.2,7.0,3.8,0.0,0.0,0.0,0.0,0.0,0.0,0.0,0.0,0.0,0.0,325,186,68,140,52,60,292,220,325,186,68,140,52,60,292,220,0,0,0,0,0,0,0,0,20.6,29.8,31.5,45.2,11.7,20.3,16.6,28.4,20.6,29.8,31.5,45.2,11.7,20.3,16.6,28.4,0.0,0.0,0.0,0.0,0.0,0.0,0.0,0.0,(CONTRACTS OF 100 TROY OUNCES),GOLD,PRECIOUS METALS,NATURAL RESOURCES,Combined
241112088691C,GOLD - COMMODITY EXCHANGE INC.,2024-11-12T00:00:00.000,2024 Report Week 46,GOLD,088691,CMX ,NYC,088 ,GOLD,871454,309359,67091,335700,161327,433590,806386,836382,65067,35072,871454,309359,67091,335700,161327,433590,806386,836382,65067,35072,0,0,0,0,0,0,0,0,0,0,-54759,-24219,652,-22147,-13501,-36057,-59868,-57552,5109,2793,100.0,35.5,7.7,38.5,18.5,49.8,92.5,96.0,7.5,4.0,100.0,35.5,7.7,38.5,18.5,49.8,92.5,96.0,7.5,4.0,0.0,0.0,0.0,0.0,0.0,0.0,0.0,0.0,0.0,0.0,334,192,76,147,49,57,295,230,334,192,76,147,49,57,295,230,0,0,0,0,0,0,0,0,19.8,28.1,30.3,43.6,11.2,19.4,16.0,27.4,19.8,28.1,30.3,43.6,11.2,19.4,16.0,27.4,0.0,0.0,0.0,0.0,0.0,0.0,0.0,0.0,(CONTRACTS OF 100 TROY OUNCES),GOLD,PRECIOUS METALS,NATURAL RESOURCES,Combined
241112088695C,MICRO GOLD - COMMODITY EXCHANGE INC.,2024-11-12T00:00:00.000,2024 Report Week 46,MICRO GOLD,088695,CMX ,NYC,088 ,GOLD,56304,19240,17560,15643,0,0,34883,33204,21421,23101,56304,19240,17560,15643,0,0,34883,33204,21421,23101,0,0,0,0,0,0,0,0,0,0,3176,-393,2305,2392,0,0,1999,4697,1177,-1521,100.0,34.2,31.2,27.8,0.0,0.0,62.0,59.0,38.0,41.0,100.0,34.2,31.2,27.8,0.0,0.0,62.0,59.0,38.0,41.0,0.0,0.0,0.0,0.0,0.0,0.0,0.0,0.0,0.0,0.0,26,15,11,9,0,0,19,16,26,15,11,9,0,0,19,16,0,0,0,0,0,0,0,0,39.0,51.1,52.9,55.1,19.9,28.2,30.4,30.2,39.0,51.1,52.9,55.1,19.9,28.2,30.4,30.2,0.0,0.0,0.0,0.0,0.0,0.0,0.0,0.0,(CONTRACTS OF 10 TROY OUNCES),GOLD,PRECIOUS METALS,NATURAL RESOURCES,Combined
241105088695C,MICRO GOLD - COMMODITY EXCHANGE INC.,2024-11-05T00:00:00.000,2024 Report Week 45,MICRO GOLD,088695,CMX ,NYC,088 ,GOLD,53128,19633,15255,13251,0,0,32884,28507,20244,24621,53128,19633,15255,13251,0,0,32884,28507,20244,24621,0,0,0,0,0,0,0,0,0,0,2332,7,3721,1954,0,0,1961,5675,372,-3343,100.0,37.0,28.7,24.9,0.0,0.0,61.9,53.7,38.1,46.3,100.0,37.0,28.7,24.9,0.0,0.0,61.9,53.7,38.1,46.3,0.0,0.0,0.0,0.0,0.0,0.0,0.0,0.0,0.0,0.0,25,16,9,9,0,0,19,15,25,16,9,9,0,0,19,15,0,0,0,0,0,0,0,0,39.8,45.5,52.1,49.8,19.9,26.1,30.5,28.2,39.8,45.5,52.1,49.8,19.9,26.1,30.5,28.2,0.0,0.0,0.0,0.0,0.0,0.0,0.0,0.0,(CONTRACTS OF 10 TROY OUNCES),GOLD,PRECIOUS METALS,NATURAL RESOURCES,Combined
241105088691C,GOLD - COMMODITY EXCHANGE INC.,2024-11-05T00:00:00.000,2024 Report Week 45,GOLD,088691,CMX ,NYC,088 ,GOLD,926213,333578,66439,357848,174828,469647,866254,893934,59959,32279,926213,333578,66439,357848,174828,469647,866254,893934,59959,32279,0,0,0,0,0,0,0,0,0,0,-18987,-27854,-4045,7336,3047,-18285,-17471,-14994,-1516,-3994,100.0,36.0,7.2,38.6,18.9,50.7,93.5,96.5,6.5,3.5,100.0,36.0,7.2,38.6,18.9,50.7,93.5,96.5,6.5,3.5,0.0,0.0,0.0,0.0,0.0,0.0,0.0,0.0,0.0,0.0,346,195,81,146,48,58,299,234,346,195,81,146,48,58,299,234,0,0,0,0,0,0,0,0,20.2,28.7,31.2,44.8,10.6,19.4,15.8,26.9,20.2,28.7,31.2,44.8,10.6,19.4,15.8,26.9,0.0,0.0,0.0,0.0,0.0,0.0,0.0,0.0,(CONTRACTS OF 100 TROY OUNCES),GOLD,PRECIOUS METALS,NATURAL RESOURCES,Combined
241029088691C,GOLD - COMMODITY EXCHANGE INC.,2024-10-29T00:00:00.000,2024 Report Week 44,GOLD,088691,CMX ,NYC,088 ,GOLD,945200,361432,70484,350511,171781,487932,883725,908928,61475,36272,945200,361432,70484,350511,171781,487932,883725,908928,61475,36272,0,0,0,0,0,0,0,0,0,0,-37879,2158,6387,-22505,-16878,-25035,-37225,-41152,-654,3273,100.0,38.2,7.5,37.1,18.2,51.6,93.5,96.2,6.5,3.8,100.0,38.2,7.5,37.1,18.2,51.6,93.5,96.2,6.5,3.8,0.0,0.0,0.0,0.0,0.0,0.0,0.0,0.0,0.0,0.0,361,211,79,140,46,58,311,229,361,211,79,140,46,58,311,229,0,0,0,0,0,0,0,0,20.3,28.1,31.1,44.1,10.7,19.0,16.0,26.6,20.3,28.1,31.1,44.1,10.7,19.0,16.0,26.6,0.0,0.0,0.0,0.0,0.0,0.0,0.0,0.0,(CONTRACTS OF 100 TROY OUNCES),GOLD,PRECIOUS METALS,NATURAL RESOURCES,Combined
241029088695C,MICRO GOLD - COMMODITY EXCHANGE INC.,2024-10-29T00:00:00.000,2024 Report Week 44,MICRO GOLD,088695,CMX ,NYC,088 ,GOLD,50796,19626,11534,11298,0,0,30924,22832,19872,27964,50796,19626,11534,11298,0,0,30924,22832,19872,27964,0,0,0,0,0,0,0,0,0,0,424,-573,-119,1008,0,0,435,889,-11,-465,100.0,38.6,22.7,22.2,0.0,0.0,60.9,44.9,39.1,55.1,100.0,38.6,22.7,22.2,0.0,0.0,60.9,44.9,39.1,55.1,0.0,0.0,0.0,0.0,0.0,0.0,0.0,0.0,0.0,0.0,27,17,10,9,0,0,20,16,27,17,10,9,0,0,20,16,0,0,0,0,0,0,0,0,39.3,37.4,51.5,41.0,21.1,20.0,32.3,21.9,39.3,37.4,51.5,41.0,21.1,20.0,32.3,21.9,0.0,0.0,0.0,0.0,0.0,0.0,0.0,0.0,(CONTRACTS OF 10 TROY OUNCES),GOLD,PRECIOUS METALS,NATURAL RESOURCES,Combined
241022088691C,GOLD - COMMODITY EXCHANGE INC.,2024-10-22T00:00:00.000,2024 Report Week 43,GOLD,088691,CMX ,NYC,088 ,GOLD,983079,359274,64097,373016,188660,512967,920949,950080,62129,32999,983079,359274,64097,373016,188660,512967,920949,950080,62129,32999,0,0,0,0,0,0,0,0,0,0,78491,5343,-4295,57333,10994,22698,73669,75735,4822,2756,100.0,36.5,6.5,37.9,19.2,52.2,93.7,96.6,6.3,3.4,100.0,36.5,6.5,37.9,19.2,52.2,93.7,96.6,6.3,3.4,0.0,0.0,0.0,0.0,0.0,0.0,0.0,0.0,0.0,0.0,376,215,86,157,50,64,322,254,376,215,86,157,50,64,322,254,0,0,0,0,0,0,0,0,20.4,29.0,31.1,44.9,10.5,18.7,15.6,26.4,20.4,29.0,31.1,44.9,10.5,18.7,15.6,26.4,0.0,0.0,0.0,0.0,0.0,0.0,0.0,0.0,(CONTRACTS OF 100 TROY OUNCES),GOLD,PRECIOUS METALS,NATURAL RESOURCES,Combined
241022088695C,MICRO GOLD - COMMODITY EXCHANGE INC.,2024-10-22T00:00:00.000,2024 Report Week 43,MICRO GOLD,088695,CMX ,NYC,088 ,GOLD,50372,20199,11653,10290,0,0,30489,21943,19884,28430,50372,20199,11653,10290,0,0,30489,21943,19884,28430,0,0,0,0,0,0,0,0,0,0,3747,4339,-1002,52,0,0,4391,-950,-644,4697,100.0,40.1,23.1,20.4,0.0,0.0,60.5,43.6,39.5,56.4,100.0,40.1,23.1,20.4,0.0,0.0,60.5,43.6,39.5,56.4,0.0,0.0,0.0,0.0,0.0,0.0,0.0,0.0,0.0,0.0,27,20,7,8,0,0,22,13,27,20,7,8,0,0,22,13,0,0,0,0,0,0,0,0,39.8,37.8,50.1,41.7,22.4,21.8,32.4,23.1,39.8,37.8,50.1,41.7,22.4,21.8,32.4,23.1,0.0,0.0,0.0,0.0,0.0,0.0,0.0,0.0,(CONTRACTS OF 10 TROY OUNCES),GOLD,PRECIOUS METALS,NATURAL RESOURCES,Combined
241015088695C,MICRO GOLD - COMMODITY EXCHANGE INC.,2024-10-15T00:00:00.000,2024 Report Week 42,MICRO GOLD,088695,CMX ,NYC,088 ,GOLD,46625,15860,12655,10238,0,0,26098,22893,20527,23732,46625,15860,12655,10238,0,0,26098,22893,20527,23732,0,0,0,0,0,0,0,0,0,0,1020,1047,874,-488,0,0,559,386,460,633,100.0,34.0,27.1,22.0,0.0,0.0,56.0,49.1,44.0,50.9,100.0,34.0,27.1,22.0,0.0,0.0,56.0,49.1,44.0,50.9,0.0,0.0,0.0,0.0,0.0,0.0,0.0,0.0,0.0,0.0,26,16,10,8,0,0,19,15,26,16,10,8,0,0,19,15,0,0,0,0,0,0,0,0,41.5,42.4,49.9,46.0,22.2,23.9,29.5,26.2,41.5,42.4,49.9,46.0,22.2,23.9,29.5,26.2,0.0,0.0,0.0,0.0,0.0,0.0,0.0,0.0,(CONTRACTS OF 10 TROY OUNCES),GOLD,PRECIOUS METALS,NATURAL RESOURCES,Combined
241015088691C,GOLD - COMMODITY EXCHANGE INC.,2024-10-15T00:00:00.000,2024 Report Week 42,GOLD,088691,CMX ,NYC,088 ,GOLD,904588,353931,68392,315683,177666,490269,847280,874344,57307,30243,904588,353931,68392,315683,177666,490269,847280,874344,57307,30243,0,0,0,0,0,0,0,0,0,0,28622,10378,1602,9932,9292,18338,29602,29872,-980,-1250,100.0,39.1,7.6,34.9,19.6,54.2,93.7,96.7,6.3,3.3,100.0,39.1,7.6,34.9,19.6,54.2,93.7,96.7,6.3,3.3,0.0,0.0,0.0,0.0,0.0,0.0,0.0,0.0,0.0,0.0,358,201,86,142,48,62,305,237,358,201,86,142,48,62,305,237,0,0,0,0,0,0,0,0,20.4,29.8,31.4,45.9,12.1,20.6,17.3,28.8,20.4,29.8,31.4,45.9,12.1,20.6,17.3,28.8,0.0,0.0,0.0,0.0,0.0,0.0,0.0,0.0,(CONTRACTS OF 100 TROY OUNCES),GOLD,PRECIOUS METALS,NATURAL RESOURCES,Combined
241008088691C,GOLD - COMMODITY EXCHANGE INC.,2024-10-08T00:00:00.000,2024 Report Week 41,GOLD,088691,CMX ,NYC,088 ,GOLD,875966,343554,66790,305751,168374,471931,817678,844472,58287,31494,875966,343554,66790,305751,168374,471931,817678,844472,58287,31494,0,0,0,0,0,0,0,0,0,0,-39283,-22285,1651,-10281,-4684,-29138,-37250,-37767,-2034,-1516,100.0,39.2,7.6,34.9,19.2,53.9,93.3,96.4,6.7,3.6,100.0,39.2,7.6,34.9,19.2,53.9,93.3,96.4,6.7,3.6,0.0,0.0,0.0,0.0,0.0,0.0,0.0,0.0,0.0,0.0,348,193,83,140,50,61,296,234,348,193,83,140,50,61,296,234,0,0,0,0,0,0,0,0,21.5,30.0,32.5,47.2,12.3,21.5,17.4,29.5,21.5,30.0,32.5,47.2,12.3,21.5,17.4,29.5,0.0,0.0,0.0,0.0,0.0,0.0,0.0,0.0,(CONTRACTS OF 100 TROY OUNCES),GOLD,PRECIOUS METALS,NATURAL RESOURCES,Combined
241008088695C,MICRO GOLD - COMMODITY EXCHANGE INC.,2024-10-08T00:00:00.000,2024 Report Week 41,MICRO GOLD,088695,CMX ,NYC,088 ,GOLD,45606,14813,11781,10726,0,0,25539,22507,20067,23099,45606,14813,11781,10726,0,0,25539,22507,20067,23099,0,0,0,0,0,0,0,0,0,0,-1648,-2284,2216,259,0,0,-2025,2475,377,-4123,100.0,32.5,25.8,23.5,0.0,0.0,56.0,49.4,44.0,50.6,100.0,32.5,25.8,23.5,0.0,0.0,56.0,49.4,44.0,50.6,0.0,0.0,0.0,0.0,0.0,0.0,0.0,0.0,0.0,0.0,23,13,10,9,0,0,18,14,23,13,10,9,0,0,18,14,0,0,0,0,0,0,0,0,41.6,43.7,50.6,47.3,24.0,22.9,30.0,25.2,41.6,43.7,50.6,47.3,24.0,22.9,30.0,25.2,0.0,0.0,0.0,0.0,0.0,0.0,0.0,0.0,(CONTRACTS OF 10 TROY OUNCES),GOLD,PRECIOUS METALS,NATURAL RESOURCES,Combined
241001088691C,GOLD - COMMODITY EXCHANGE INC.,2024-10-01T00:00:00.000,2024 Report Week 40,GOLD,088691,CMX ,NYC,088 ,GOLD,915249,365838,65139,316032,173058,501069,854928,882239,60321,33010,915249,365838,65139,316032,173058,501069,854928,882239,60321,33010,0,0,0,0,0,0,0,0,0,0,-78950,-20700,-7461,-34305,-22896,-32411,-77901,-74177,-1049,-4773,100.0,40.0,7.1,34.5,18.9,54.7,93.4,96.4,6.6,3.6,100.0,40.0,7.1,34.5,18.9,54.7,93.4,96.4,6.6,3.6,0.0,0.0,0.0,0.0,0.0,0.0,0.0,0.0,0.0,0.0,353,193,87,138,49,65,295,239,353,193,87,138,49,65,295,239,0,0,0,0,0,0,0,0,21.7,30.2,32.5,47.3,11.8,21.2,16.9,29.3,21.7,30.2,32.5,47.3,11.8,21.2,16.9,29.3,0.0,0.0,0.0,0.0,0.0,0.0,0.0,0.0,(CONTRACTS OF 100 TROY OUNCES),GOLD,PRECIOUS METALS,NATURAL RESOURCES,Combined
241001088695C,MICRO GOLD - COMMODITY EXCHANGE INC.,2024-10-01T00:00:00.000,2024 Report Week 40,MICRO GOLD,088695,CMX ,NYC,088 ,GOLD,47254,17097,9565,10467,0,0,27564,20031,19690,27222,47254,17097,9565,10467,0,0,27564,20031,19690,27222,0,0,0,0,0,0,0,0,0,0,-2721,-5893,2857,1266,0,0,-4627,4122,1906,-6844,100.0,36.2,20.2,22.1,0.0,0.0,58.3,42.4,41.7,57.6,100.0,36.2,20.2,22.1,0.0,0.0,58.3,42.4,41.7,57.6,0.0,0.0,0.0,0.0,0.0,0.0,0.0,0.0,0.0,0.0,24,14,10,8,0,0,19,13,24,14,10,8,0,0,19,13,0,0,0,0,0,0,0,0,42.8,37.6,53.0,40.8,27.4,18.1,33.7,20.0,42.8,37.6,53.0,40.8,27.4,18.1,33.7,20.0,0.0,0.0,0.0,0.0,0.0,0.0,0.0,0.0,(CONTRACTS OF 10 TROY OUNCES),GOLD,PRECIOUS METALS,NATURAL RESOURCES,Combined
240924088691C,GOLD - COMMODITY EXCHANGE INC.,2024-09-24T00:00:00.000,2024 Report Week 39,GOLD,088691,CMX ,NYC,088 ,GOLD,994199,386538,72599,350337,195954,533480,932829,956416,61370,37783,994199,386538,72599,350337,195954,533480,932829,956416,61370,37783,0,0,0,0,0,0,0,0,0,0,91629,11718,5543,54624,24331,28942,90672,89109,957,2520,100.0,38.9,7.3,35.2,19.7,53.7,93.8,96.2,6.2,3.8,100.0,38.9,7.3,35.2,19.7,53.7,93.8,96.2,6.2,3.8,0.0,0.0,0.0,0.0,0.0,0.0,0.0,0.0,0.0,0.0,368,210,85,147,50,63,312,245,368,210,85,147,50,63,312,245,0,0,0,0,0,0,0,0,20.9,29.6,31.5,45.5,11.7,20.3,16.4,28.6,20.9,29.6,31.5,45.5,11.7,20.3,16.4,28.6,0.0,0.0,0.0,0.0,0.0,0.0,0.0,0.0,(CONTRACTS OF 100 TROY OUNCES),GOLD,PRECIOUS METALS,NATURAL RESOURCES,Combined
240924088695C,MICRO GOLD - COMMODITY EXCHANGE INC.,2024-09-24T00:00:00.000,2024 Report Week 39,MICRO GOLD,088695,CMX ,NYC,088 ,GOLD,49975,22990,6708,9201,0,0,32191,15909,17784,34066,49975,22990,6708,9201,0,0,32191,15909,17784,34066,0,0,0,0,0,0,0,0,0,0,2170,2800,-2025,594,0,0,3394,-1431,-1224,3601,100.0,46.0,13.4,18.4,0.0,0.0,64.4,31.8,35.6,68.2,100.0,46.0,13.4,18.4,0.0,0.0,64.4,31.8,35.6,68.2,0.0,0.0,0.0,0.0,0.0,0.0,0.0,0.0,0.0,0.0,23,15,8,7,0,0,18,12,23,15,8,7,0,0,18,12,0,0,0,0,0,0,0,0,43.2,25.5,55.4,30.3,30.9,11.7,42.1,13.4,43.2,25.5,55.4,30.3,30.9,11.7,42.1,13.4,0.0,0.0,0.0,0.0,0.0,0.0,0.0,0.0,(CONTRACTS OF 10 TROY OUNCES),GOLD,PRECIOUS METALS,NATURAL RESOURCES,Combined
240917088695C,MICRO GOLD - COMMODITY EXCHANGE INC.,2024-09-17T00:00:00.000,2024 Report Week 38,MICRO GOLD,088695,CMX ,NYC,088 ,GOLD,47805,20190,8733,8607,0,0,28797,17340,19008,30465,47805,20190,8733,8607,0,0,28797,17340,19008,30465,0,0,0,0,0,0,0,0,0,0,3066,2357,672,-406,0,0,1951,266,1115,2800,100.0,42.2,18.3,18.0,0.0,0.0,60.2,36.3,39.8,63.7,100.0,42.2,18.3,18.0,0.0,0.0,60.2,36.3,39.8,63.7,0.0,0.0,0.0,0.0,0.0,0.0,0.0,0.0,0.0,0.0,21,12,9,7,0,0,17,11,21,12,9,7,0,0,17,11,0,0,0,0,0,0,0,0,40.7,31.6,53.4,35.5,30.0,16.0,40.1,18.2,40.7,31.6,53.4,35.5,30.0,16.0,40.1,18.2,0.0,0.0,0.0,0.0,0.0,0.0,0.0,0.0,(CONTRACTS OF 10 TROY OUNCES),GOLD,PRECIOUS METALS,NATURAL RESOURCES,Combined
240917088691C,GOLD - COMMODITY EXCHANGE INC.,2024-09-17T00:00:00.000,2024 Report Week 38,GOLD,088691,CMX ,NYC,088 ,GOLD,902570,374820,67056,295714,171623,504537,842156,867307,60413,35263,902570,374820,67056,295714,171623,504537,842156,867307,60413,35263,0,0,0,0,0,0,0,0,0,0,75555,32431,5295,30221,9453,37508,72105,73024,3450,2531,100.0,41.5,7.4,32.8,19.0,55.9,93.3,96.1,6.7,3.9,100.0,41.5,7.4,32.8,19.0,55.9,93.3,96.1,6.7,3.9,0.0,0.0,0.0,0.0,0.0,0.0,0.0,0.0,0.0,0.0,359,202,86,138,48,63,298,241,359,202,86,138,48,63,298,241,0,0,0,0,0,0,0,0,20.3,30.8,30.5,45.8,12.7,22.9,17.7,31.9,20.3,30.8,30.5,45.8,12.7,22.9,17.7,31.9,0.0,0.0,0.0,0.0,0.0,0.0,0.0,0.0,(CONTRACTS OF 100 TROY OUNCES),GOLD,PRECIOUS METALS,NATURAL RESOURCES,Combined
240910088695C,MICRO GOLD - COMMODITY EXCHANGE INC.,2024-09-10T00:00:00.000,2024 Report Week 37,MICRO GOLD,088695,CMX ,NYC,088 ,GOLD,44739,17833,8061,9013,0,0,26846,17074,17893,27665,44739,17833,8061,9013,0,0,26846,17074,17893,27665,0,0,0,0,0,0,0,0,0,0,125,-90,-2509,909,0,0,819,-1600,-694,1725,100.0,39.9,18.0,20.1,0.0,0.0,60.0,38.2,40.0,61.8,100.0,39.9,18.0,20.1,0.0,0.0,60.0,38.2,40.0,61.8,0.0,0.0,0.0,0.0,0.0,0.0,0.0,0.0,0.0,0.0,21,10,11,8,0,0,16,13,21,10,11,8,0,0,16,13,0,0,0,0,0,0,0,0,41.2,29.1,53.1,35.7,29.6,14.3,38.6,17.0,41.2,29.1,53.1,35.7,29.6,14.3,38.6,17.0,0.0,0.0,0.0,0.0,0.0,0.0,0.0,0.0,(CONTRACTS OF 10 TROY OUNCES),GOLD,PRECIOUS METALS,NATURAL RESOURCES,Combined
240910088691C,GOLD - COMMODITY EXCHANGE INC.,2024-09-10T00:00:00.000,2024 Report Week 37,GOLD,088691,CMX ,NYC,088 ,GOLD,827014,342388,61761,265493,162170,467029,770051,794283,56963,32732,827014,342388,61761,265493,162170,467029,770051,794283,56963,32732,0,0,0,0,0,0,0,0,0,0,18689,2781,5226,13842,2692,-864,19315,18205,-625,485,100.0,41.4,7.5,32.1,19.6,56.5,93.1,96.0,6.9,4.0,100.0,41.4,7.5,32.1,19.6,56.5,93.1,96.0,6.9,4.0,0.0,0.0,0.0,0.0,0.0,0.0,0.0,0.0,0.0,0.0,351,192,89,139,49,61,298,234,351,192,89,139,49,61,298,234,0,0,0,0,0,0,0,0,19.9,32.3,30.0,47.0,13.2,24.7,18.1,33.7,19.9,32.3,30.0,47.0,13.2,24.7,18.1,33.7,0.0,0.0,0.0,0.0,0.0,0.0,0.0,0.0,(CONTRACTS OF 100 TROY OUNCES),GOLD,PRECIOUS METALS,NATURAL RESOURCES,Combined
240903088691C,GOLD - COMMODITY EXCHANGE INC.,2024-09-03T00:00:00.000,2024 Report Week 36,GOLD,088691,CMX ,NYC,088 ,GOLD,808325,339608,56535,251650,159478,467892,750736,776078,57589,32247,808325,339608,56535,251650,159478,467892,750736,776078,57589,32247,0,0,0,0,0,0,0,0,0,0,-32301,-9055,2729,-10823,-8707,-22667,-28585,-30761,-3716,-1540,100.0,42.0,7.0,31.1,19.7,57.9,92.9,96.0,7.1,4.0,100.0,42.0,7.0,31.1,19.7,57.9,92.9,96.0,7.1,4.0,0.0,0.0,0.0,0.0,0.0,0.0,0.0,0.0,0.0,0.0,341,190,81,139,47,62,288,233,341,190,81,139,47,62,288,233,0,0,0,0,0,0,0,0,18.9,33.5,28.9,48.0,12.9,26.2,18.5,35.8,18.9,33.5,28.9,48.0,12.9,26.2,18.5,35.8,0.0,0.0,0.0,0.0,0.0,0.0,0.0,0.0,(CONTRACTS OF 100 TROY OUNCES),GOLD,PRECIOUS METALS,NATURAL RESOURCES,Combined
240903088695C,MICRO GOLD - COMMODITY EXCHANGE INC.,2024-09-03T00:00:00.000,2024 Report Week 36,MICRO GOLD,088695,CMX ,NYC,088 ,GOLD,44615,17923,10570,8104,0,0,26027,18674,18588,25941,44615,17923,10570,8104,0,0,26027,18674,18588,25941,0,0,0,0,0,0,0,0,0,0,1284,-48,1184,1287,0,0,1239,2471,45,-1187,100.0,40.2,23.7,18.2,0.0,0.0,58.3,41.9,41.7,58.1,100.0,40.2,23.7,18.2,0.0,0.0,58.3,41.9,41.7,58.1,0.0,0.0,0.0,0.0,0.0,0.0,0.0,0.0,0.0,0.0,21,11,10,9,0,0,17,13,21,11,10,9,0,0,17,13,0,0,0,0,0,0,0,0,38.3,33.7,50.2,40.0,29.0,20.7,38.4,23.3,38.3,33.7,50.2,40.0,29.0,20.7,38.4,23.3,0.0,0.0,0.0,0.0,0.0,0.0,0.0,0.0,(CONTRACTS OF 10 TROY OUNCES),GOLD,PRECIOUS METALS,NATURAL RESOURCES,Combined
240827088691C,GOLD - COMMODITY EXCHANGE INC.,2024-08-27T00:00:00.000,2024 Report Week 35,GOLD,088691,CMX ,NYC,088 ,GOLD,840626,348663,53806,262473,168185,490559,779322,806839,61305,33787,840626,348663,53806,262473,168185,490559,779322,806839,61305,33787,0,0,0,0,0,0,0,0,0,0,-85399,-7455,-2528,-59971,-19312,-21444,-86737,-83942,1338,-1457,100.0,41.5,6.4,31.2,20.0,58.4,92.7,96.0,7.3,4.0,100.0,41.5,6.4,31.2,20.0,58.4,92.7,96.0,7.3,4.0,0.0,0.0,0.0,0.0,0.0,0.0,0.0,0.0,0.0,0.0,349,201,76,131,50,63,299,225,349,201,76,131,50,63,299,225,0,0,0,0,0,0,0,0,19.1,33.1,28.7,47.9,12.3,25.3,17.7,35.0,19.1,33.1,28.7,47.9,12.3,25.3,17.7,35.0,0.0,0.0,0.0,0.0,0.0,0.0,0.0,0.0,(CONTRACTS OF 100 TROY OUNCES),GOLD,PRECIOUS METALS,NATURAL RESOURCES,Combined
240827088695C,MICRO GOLD - COMMODITY EXCHANGE INC.,2024-08-27T00:00:00.000,2024 Report Week 35,MICRO GOLD,088695,CMX ,NYC,088 ,GOLD,43331,17971,9386,6817,0,0,24788,16203,18543,27128,43331,17971,9386,6817,0,0,24788,16203,18543,27128,0,0,0,0,0,0,0,0,0,0,-862,-1022,-178,-334,0,0,-1356,-512,494,-350,100.0,41.5,21.7,15.7,0.0,0.0,57.2,37.4,42.8,62.6,100.0,41.5,21.7,15.7,0.0,0.0,57.2,37.4,42.8,62.6,0.0,0.0,0.0,0.0,0.0,0.0,0.0,0.0,0.0,0.0,20,12,8,7,0,0,17,10,20,12,8,7,0,0,17,10,0,0,0,0,0,0,0,0,36.1,30.1,48.3,36.1,29.3,19.4,38.6,21.7,36.1,30.1,48.3,36.1,29.3,19.4,38.6,21.7,0.0,0.0,0.0,0.0,0.0,0.0,0.0,0.0,(CONTRACTS OF 10 TROY OUNCES),GOLD,PRECIOUS METALS,NATURAL RESOURCES,Combined
240820088695C,MICRO GOLD - COMMODITY EXCHANGE INC.,2024-08-20T00:00:00.000,2024 Report Week 34,MICRO GOLD,088695,CMX ,NYC,088 ,GOLD,44193,18993,9564,7151,0,0,26144,16715,18049,27478,44193,18993,9564,7151,0,0,26144,16715,18049,27478,0,0,0,0,0,0,0,0,0,0,6109,3126,3273,569,0,0,3695,3842,2414,2267,100.0,43.0,21.6,16.2,0.0,0.0,59.2,37.8,40.8,62.2,100.0,43.0,21.6,16.2,0.0,0.0,59.2,37.8,40.8,62.2,0.0,0.0,0.0,0.0,0.0,0.0,0.0,0.0,0.0,0.0,22,15,7,7,0,0,19,10,22,15,7,7,0,0,19,10,0,0,0,0,0,0,0,0,33.6,28.9,48.8,36.6,28.7,20.3,38.4,21.6,33.6,28.9,48.8,36.6,28.7,20.3,38.4,21.6,0.0,0.0,0.0,0.0,0.0,0.0,0.0,0.0,(CONTRACTS OF 10 TROY OUNCES),GOLD,PRECIOUS METALS,NATURAL RESOURCES,Combined
240820088691C,GOLD - COMMODITY EXCHANGE INC.,2024-08-20T00:00:00.000,2024 Report Week 34,GOLD,088691,CMX ,NYC,088 ,GOLD,926026,356118,56334,322444,187497,512003,866059,890781,59967,35244,926026,356118,56334,322444,187497,512003,866059,890781,59967,35244,0,0,0,0,0,0,0,0,0,0,60206,28749,4186,23116,5419,28977,57284,56278,2922,3928,100.0,38.5,6.1,34.8,20.2,55.3,93.5,96.2,6.5,3.8,100.0,38.5,6.1,34.8,20.2,55.3,93.5,96.2,6.5,3.8,0.0,0.0,0.0,0.0,0.0,0.0,0.0,0.0,0.0,0.0,369,215,81,148,54,62,322,241,369,215,81,148,54,62,322,241,0,0,0,0,0,0,0,0,20.1,31.7,30.3,47.6,11.2,23.0,16.4,31.8,20.1,31.7,30.3,47.6,11.2,23.0,16.4,31.8,0.0,0.0,0.0,0.0,0.0,0.0,0.0,0.0,(CONTRACTS OF 100 TROY OUNCES),GOLD,PRECIOUS METALS,NATURAL RESOURCES,Combined
240813088691C,GOLD - COMMODITY EXCHANGE INC.,2024-08-13T00:00:00.000,2024 Report Week 33,GOLD,088691,CMX ,NYC,088 ,GOLD,865820,327369,52148,299329,182077,483026,808775,834503,57045,31317,865820,327369,52148,299329,182077,483026,808775,834503,57045,31317,0,0,0,0,0,0,0,0,0,0,69740,37006,1969,24712,8772,38206,70490,64887,-750,4853,100.0,37.8,6.0,34.6,21.0,55.8,93.4,96.4,6.6,3.6,100.0,37.8,6.0,34.6,21.0,55.8,93.4,96.4,6.6,3.6,0.0,0.0,0.0,0.0,0.0,0.0,0.0,0.0,0.0,0.0,356,202,84,142,51,59,308,234,356,202,84,142,51,59,308,234,0,0,0,0,0,0,0,0,19.9,33.0,30.2,48.5,11.5,24.3,16.9,32.4,19.9,33.0,30.2,48.5,11.5,24.3,16.9,32.4,0.0,0.0,0.0,0.0,0.0,0.0,0.0,0.0,(CONTRACTS OF 100 TROY OUNCES),GOLD,PRECIOUS METALS,NATURAL RESOURCES,Combined
240813088695C,MICRO GOLD - COMMODITY EXCHANGE INC.,2024-08-13T00:00:00.000,2024 Report Week 33,MICRO GOLD,088695,CMX ,NYC,088 ,GOLD,38084,15867,6291,6582,0,0,22449,12873,15635,25211,38084,15867,6291,6582,0,0,22449,12873,15635,25211,0,0,0,0,0,0,0,0,0,0,,,,,,,,,,,100.0,41.7,16.5,17.3,0.0,0.0,58.9,33.8,41.1,66.2,100.0,41.7,16.5,17.3,0.0,0.0,58.9,33.8,41.1,66.2,0.0,0.0,0.0,0.0,0.0,0.0,0.0,0.0,0.0,0.0,20,13,7,7,0,0,17,10,20,13,7,7,0,0,17,10,0,0,0,0,0,0,0,0,33.0,23.7,47.5,32.7,26.1,15.2,36.7,16.5,33.0,23.7,47.5,32.7,26.1,15.2,36.7,16.5,0.0,0.0,0.0,0.0,0.0,0.0,0.0,0.0,(CONTRACTS OF 10 TROY OUNCES),GOLD,PRECIOUS METALS,NATURAL RESOURCES,Combined
240806088691C,GOLD - COMMODITY EXCHANGE INC.,2024-08-06T00:00:00.000,2024 Report Week 32,GOLD,088691,CMX ,NYC,088 ,GOLD,796080,290363,50179,274617,173305,444820,738285,769616,57795,26464,796080,290363,50179,274617,173305,444820,738285,769616,57795,26464,0,0,0,0,0,0,0,0,0,0,-19736,-18705,-7001,286,-2827,-10209,-21246,-16925,1511,-2811,100.0,36.5,6.3,34.5,21.8,55.9,92.7,96.7,7.3,3.3,100.0,36.5,6.3,34.5,21.8,55.9,92.7,96.7,7.3,3.3,0.0,0.0,0.0,0.0,0.0,0.0,0.0,0.0,0.0,0.0,337,188,81,143,50,58,296,228,337,188,81,143,50,58,296,228,0,0,0,0,0,0,0,0,19.1,34.2,29.7,49.4,11.5,25.9,17.4,34.3,19.1,34.2,29.7,49.4,11.5,25.9,17.4,34.3,0.0,0.0,0.0,0.0,0.0,0.0,0.0,0.0,(CONTRACTS OF 100 TROY OUNCES),GOLD,PRECIOUS METALS,NATURAL RESOURCES,Combined
240730088691C,GOLD - COMMODITY EXCHANGE INC.,2024-07-30T00:00:00.000,2024 Report Week 31,GOLD,088691,CMX ,NYC,088 ,GOLD,815816,309068,57181,274331,176132,455029,759532,786540,56284,29275,815816,309068,57181,274331,176132,455029,759532,786540,56284,29275,0,0,0,0,0,0,0,0,0,0,-92230,-17302,-623,-51970,-18304,-36579,-87576,-89172,-4654,-3058,100.0,37.9,7.0,33.6,21.6,55.8,93.1,96.4,6.9,3.6,100.0,37.9,7.0,33.6,21.6,55.8,93.1,96.4,6.9,3.6,0.0,0.0,0.0,0.0,0.0,0.0,0.0,0.0,0.0,0.0,348,199,78,138,50,60,304,225,348,199,78,138,50,60,304,225,0,0,0,0,0,0,0,0,18.2,31.5,28.9,46.3,11.5,23.4,17.4,32.6,18.2,31.5,28.9,46.3,11.5,23.4,17.4,32.6,0.0,0.0,0.0,0.0,0.0,0.0,0.0,0.0,(CONTRACTS OF 100 TROY OUNCES),GOLD,PRECIOUS METALS,NATURAL RESOURCES,Combined
240723088691C,GOLD - COMMODITY EXCHANGE INC.,2024-07-23T00:00:00.000,2024 Report Week 30,GOLD,088691,CMX ,NYC,088 ,GOLD,908046,326370,57804,326301,194436,491607,847108,875713,60938,32333,908046,326370,57804,326301,194436,491607,847108,875713,60938,32333,0,0,0,0,0,0,0,0,0,0,-44978,-19832,120,-9816,-12545,-27498,-42193,-37194,-2786,-7785,100.0,35.9,6.4,35.9,21.4,54.1,93.3,96.4,6.7,3.6,100.0,35.9,6.4,35.9,21.4,54.1,93.3,96.4,6.7,3.6,0.0,0.0,0.0,0.0,0.0,0.0,0.0,0.0,0.0,0.0,356,216,68,148,57,61,319,234,356,216,68,148,57,61,319,234,0,0,0,0,0,0,0,0,17.2,28.7,27.1,43.2,10.0,21.3,15.5,30.0,17.2,28.7,27.1,43.2,10.0,21.3,15.5,30.0,0.0,0.0,0.0,0.0,0.0,0.0,0.0,0.0,(CONTRACTS OF 100 TROY OUNCES),GOLD,PRECIOUS METALS,NATURAL RESOURCES,Combined
240723088695C,MICRO GOLD - COMMODITY EXCHANGE INC.,2024-07-23T00:00:00.000,2024 Report Week 30,MICRO GOLD,088695,CMX ,NYC,088 ,GOLD,43876,14419,10267,10621,0,0,25040,20888,18836,22988,43876,14419,10267,10621,0,0,25040,20888,18836,22988,0,0,0,0,0,0,0,0,0,0,61,-1003,1685,112,0,0,-891,1797,952,-1736,100.0,32.9,23.4,24.2,0.0,0.0,57.1,47.6,42.9,52.4,100.0,32.9,23.4,24.2,0.0,0.0,57.1,47.6,42.9,52.4,0.0,0.0,0.0,0.0,0.0,0.0,0.0,0.0,0.0,0.0,21,13,8,9,0,0,17,13,21,13,8,9,0,0,17,13,0,0,0,0,0,0,0,0,37.4,36.9,50.4,44.3,21.6,21.5,28.8,23.4,37.4,36.9,50.4,44.3,21.6,21.5,28.8,23.4,0.0,0.0,0.0,0.0,0.0,0.0,0.0,0.0,(CONTRACTS OF 10 TROY OUNCES),GOLD,PRECIOUS METALS,NATURAL RESOURCES,Combined
240716088691C,GOLD - COMMODITY EXCHANGE INC.,2024-07-16T00:00:00.000,2024 Report Week 29,GOLD,088691,CMX ,NYC,088 ,GOLD,953024,346202,57684,336117,206981,519105,889301,912906,63724,40118,953024,346202,57684,336117,206981,519105,889301,912906,63724,40118,0,0,0,0,0,0,0,0,0,0,153597,42935,9653,69432,35408,65423,147775,144509,5822,9088,100.0,36.3,6.1,35.3,21.7,54.5,93.3,95.8,6.7,4.2,100.0,36.3,6.1,35.3,21.7,54.5,93.3,95.8,6.7,4.2,0.0,0.0,0.0,0.0,0.0,0.0,0.0,0.0,0.0,0.0,372,214,82,149,56,64,325,244,372,214,82,149,56,64,325,244,0,0,0,0,0,0,0,0,18.2,28.7,28.1,43.1,10.1,20.3,15.6,28.5,18.2,28.7,28.1,43.1,10.1,20.3,15.6,28.5,0.0,0.0,0.0,0.0,0.0,0.0,0.0,0.0,(CONTRACTS OF 100 TROY OUNCES),GOLD,PRECIOUS METALS,NATURAL RESOURCES,Combined
240716088695C,MICRO GOLD - COMMODITY EXCHANGE INC.,2024-07-16T00:00:00.000,2024 Report Week 29,MICRO GOLD,088695,CMX ,NYC,088 ,GOLD,43815,15422,8582,10509,0,0,25931,19091,17884,24724,43815,15422,8582,10509,0,0,25931,19091,17884,24724,0,0,0,0,0,0,0,0,0,0,5120,4073,-2366,1179,0,0,5252,-1187,-132,6307,100.0,35.2,19.6,24.0,0.0,0.0,59.2,43.6,40.8,56.4,100.0,35.2,19.6,24.0,0.0,0.0,59.2,43.6,40.8,56.4,0.0,0.0,0.0,0.0,0.0,0.0,0.0,0.0,0.0,0.0,20,13,7,8,0,0,16,12,20,13,7,8,0,0,16,12,0,0,0,0,0,0,0,0,36.8,32.6,53.7,41.2,23.5,17.7,31.7,19.6,36.8,32.6,53.7,41.2,23.5,17.7,31.7,19.6,0.0,0.0,0.0,0.0,0.0,0.0,0.0,0.0,(CONTRACTS OF 10 TROY OUNCES),GOLD,PRECIOUS METALS,NATURAL RESOURCES,Combined
240709088691C,GOLD - COMMODITY EXCHANGE INC.,2024-07-09T00:00:00.000,2024 Report Week 28,GOLD,088691,CMX ,NYC,088 ,GOLD,799427,303267,48031,266685,171573,453682,741525,768397,57902,31030,799427,303267,48031,266685,171573,453682,741525,768397,57902,31030,0,0,0,0,0,0,0,0,0,0,80167,19868,6140,46805,9768,26242,76442,79188,3725,978,100.0,37.9,6.0,33.4,21.5,56.8,92.8,96.1,7.2,3.9,100.0,37.9,6.0,33.4,21.5,56.8,92.8,96.1,7.2,3.9,0.0,0.0,0.0,0.0,0.0,0.0,0.0,0.0,0.0,0.0,353,210,68,153,55,64,314,239,353,210,68,153,55,64,314,239,0,0,0,0,0,0,0,0,16.8,30.1,27.1,44.5,11.1,23.2,17.0,32.1,16.8,30.1,27.1,44.5,11.1,23.2,17.0,32.1,0.0,0.0,0.0,0.0,0.0,0.0,0.0,0.0,(CONTRACTS OF 100 TROY OUNCES),GOLD,PRECIOUS METALS,NATURAL RESOURCES,Combined
240709088695C,MICRO GOLD - COMMODITY EXCHANGE INC.,2024-07-09T00:00:00.000,2024 Report Week 28,MICRO GOLD,088695,CMX ,NYC,088 ,GOLD,38695,11349,10948,9330,0,0,20679,20278,18016,18417,38695,11349,10948,9330,0,0,20679,20278,18016,18417,0,0,0,0,0,0,0,0,0,0,7708,1278,459,5976,0,0,7254,6435,454,1273,100.0,29.3,28.3,24.1,0.0,0.0,53.4,52.4,46.6,47.6,100.0,29.3,28.3,24.1,0.0,0.0,53.4,52.4,46.6,47.6,0.0,0.0,0.0,0.0,0.0,0.0,0.0,0.0,0.0,0.0,21,12,8,8,0,0,16,13,21,12,8,8,0,0,16,13,0,0,0,0,0,0,0,0,35.2,38.0,47.6,48.3,20.6,25.3,26.5,28.3,35.2,38.0,47.6,48.3,20.6,25.3,26.5,28.3,0.0,0.0,0.0,0.0,0.0,0.0,0.0,0.0,(CONTRACTS OF 10 TROY OUNCES),GOLD,PRECIOUS METALS,NATURAL RESOURCES,Combined
240702088695C,MICRO GOLD - COMMODITY EXCHANGE INC.,2024-07-02T00:00:00.000,2024 Report Week 27,MICRO GOLD,088695,CMX ,NYC,088 ,GOLD,30987,10071,10489,3354,0,0,13425,13843,17562,17144,30987,10071,10489,3354,0,0,13425,13843,17562,17144,0,0,0,0,0,0,0,0,0,0,599,357,639,623,0,0,980,1262,-381,-663,100.0,32.5,33.8,10.8,0.0,0.0,43.3,44.7,56.7,55.3,100.0,32.5,33.8,10.8,0.0,0.0,43.3,44.7,56.7,55.3,0.0,0.0,0.0,0.0,0.0,0.0,0.0,0.0,0.0,0.0,22,12,9,9,0,0,17,14,22,12,9,9,0,0,17,14,0,0,0,0,0,0,0,0,28.1,32.1,36.9,41.1,22.3,29.6,29.2,33.4,28.1,32.1,36.9,41.1,22.3,29.6,29.2,33.4,0.0,0.0,0.0,0.0,0.0,0.0,0.0,0.0,(CONTRACTS OF 10 TROY OUNCES),GOLD,PRECIOUS METALS,NATURAL RESOURCES,Combined
240702088691C,GOLD - COMMODITY EXCHANGE INC.,2024-07-02T00:00:00.000,2024 Report Week 27,GOLD,088691,CMX ,NYC,088 ,GOLD,719261,283399,41890,219880,161805,427439,665084,689209,54177,30052,719261,283399,41890,219880,161805,427439,665084,689209,54177,30052,0,0,0,0,0,0,0,0,0,0,8027,-4949,84,10829,3118,-4326,8999,6588,-972,1439,100.0,39.4,5.8,30.6,22.5,59.4,92.5,95.8,7.5,4.2,100.0,39.4,5.8,30.6,22.5,59.4,92.5,95.8,7.5,4.2,0.0,0.0,0.0,0.0,0.0,0.0,0.0,0.0,0.0,0.0,336,199,65,144,54,61,303,223,336,199,65,144,54,61,303,223,0,0,0,0,0,0,0,0,14.9,32.5,25.6,47.5,10.8,25.1,17.1,34.8,14.9,32.5,25.6,47.5,10.8,25.1,17.1,34.8,0.0,0.0,0.0,0.0,0.0,0.0,0.0,0.0,(CONTRACTS OF 100 TROY OUNCES),GOLD,PRECIOUS METALS,NATURAL RESOURCES,Combined
240625088695C,MICRO GOLD - COMMODITY EXCHANGE INC.,2024-06-25T00:00:00.000,2024 Report Week 26,MICRO GOLD,088695,CMX ,NYC,088 ,GOLD,30388,9714,9850,2731,0,0,12445,12581,17943,17807,30388,9714,9850,2731,0,0,12445,12581,17943,17807,0,0,0,0,0,0,0,0,0,0,-1210,-3666,-671,147,0,0,-3519,-524,2309,-686,100.0,32.0,32.4,9.0,0.0,0.0,41.0,41.4,59.0,58.6,100.0,32.0,32.4,9.0,0.0,0.0,41.0,41.4,59.0,58.6,0.0,0.0,0.0,0.0,0.0,0.0,0.0,0.0,0.0,0.0,21,13,8,8,0,0,16,13,21,13,8,8,0,0,16,13,0,0,0,0,0,0,0,0,26.2,30.2,35.1,37.9,19.7,29.0,27.5,32.4,26.2,30.2,35.1,37.9,19.7,29.0,27.5,32.4,0.0,0.0,0.0,0.0,0.0,0.0,0.0,0.0,(CONTRACTS OF 10 TROY OUNCES),GOLD,PRECIOUS METALS,NATURAL RESOURCES,Combined
240625088691C,GOLD - COMMODITY EXCHANGE INC.,2024-06-25T00:00:00.000,2024 Report Week 26,GOLD,088691,CMX ,NYC,088 ,GOLD,711234,288348,41806,209050,158687,431765,656085,682621,55149,28612,711234,288348,41806,209050,158687,431765,656085,682621,55149,28612,0,0,0,0,0,0,0,0,0,0,-32055,-2604,829,-26052,-4456,-6760,-33112,-31983,1057,-72,100.0,40.5,5.9,29.4,22.3,60.7,92.2,96.0,7.8,4.0,100.0,40.5,5.9,29.4,22.3,60.7,92.2,96.0,7.8,4.0,0.0,0.0,0.0,0.0,0.0,0.0,0.0,0.0,0.0,0.0,331,195,66,129,53,62,293,214,331,195,66,129,53,62,293,214,0,0,0,0,0,0,0,0,15.1,33.3,25.9,48.6,11.2,25.9,17.5,36.0,15.1,33.3,25.9,48.6,11.2,25.9,17.5,36.0,0.0,0.0,0.0,0.0,0.0,0.0,0.0,0.0,(CONTRACTS OF 100 TROY OUNCES),GOLD,PRECIOUS METALS,NATURAL RESOURCES,Combined
240618088695C,MICRO GOLD - COMMODITY EXCHANGE INC.,2024-06-18T00:00:00.000,2024 Report Week 25,MICRO GOLD,088695,CMX ,NYC,088 ,GOLD,31599,13380,10521,2584,0,0,15964,13105,15635,18494,31599,13380,10521,2584,0,0,15964,13105,15635,18494,0,0,0,0,0,0,0,0,0,0,-931,404,-669,640,0,-390,1044,-419,-1975,-512,100.0,42.3,33.3,8.2,0.0,0.0,50.5,41.5,49.5,58.5,100.0,42.3,33.3,8.2,0.0,0.0,50.5,41.5,49.5,58.5,0.0,0.0,0.0,0.0,0.0,0.0,0.0,0.0,0.0,0.0,22,14,8,8,0,0,18,12,22,14,8,8,0,0,18,12,0,0,0,0,0,0,0,0,30.8,32.0,43.4,39.7,28.0,30.3,37.7,33.3,30.8,32.0,43.4,39.7,28.0,30.3,37.7,33.3,0.0,0.0,0.0,0.0,0.0,0.0,0.0,0.0,(CONTRACTS OF 10 TROY OUNCES),GOLD,PRECIOUS METALS,NATURAL RESOURCES,Combined
240618088691C,GOLD - COMMODITY EXCHANGE INC.,2024-06-18T00:00:00.000,2024 Report Week 25,GOLD,088691,CMX ,NYC,088 ,GOLD,743289,290952,40978,235102,163143,438525,689197,714604,54092,28685,743289,290952,40978,235102,163143,438525,689197,714604,54092,28685,0,0,0,0,0,0,0,0,0,0,13535,13101,-707,2893,956,12344,16950,14531,-3416,-996,100.0,39.1,5.5,31.6,21.9,59.0,92.7,96.1,7.3,3.9,100.0,39.1,5.5,31.6,21.9,59.0,92.7,96.1,7.3,3.9,0.0,0.0,0.0,0.0,0.0,0.0,0.0,0.0,0.0,0.0,345,202,73,137,55,63,307,225,345,202,73,137,55,63,307,225,0,0,0,0,0,0,0,0,16.0,32.4,26.6,48.6,10.6,25.0,16.9,34.7,16.0,32.4,26.6,48.6,10.6,25.0,16.9,34.7,0.0,0.0,0.0,0.0,0.0,0.0,0.0,0.0,(CONTRACTS OF 100 TROY OUNCES),GOLD,PRECIOUS METALS,NATURAL RESOURCES,Combined
240611088695C,MICRO GOLD - COMMODITY EXCHANGE INC.,2024-06-11T00:00:00.000,2024 Report Week 24,MICRO GOLD,088695,CMX ,NYC,088 ,GOLD,32530,12976,11190,1944,0,390,14920,13524,17610,19006,32530,12976,11190,1944,0,390,14920,13524,17610,19006,0,0,0,0,0,0,0,0,0,0,,,,,,,,,,,100.0,39.9,34.4,6.0,0.0,1.2,45.9,41.6,54.1,58.4,100.0,39.9,34.4,6.0,0.0,1.2,45.9,41.6,54.1,58.4,0.0,0.0,0.0,0.0,0.0,0.0,0.0,0.0,0.0,0.0,21,13,7,8,0,1,16,13,21,13,7,8,0,1,16,13,0,0,0,0,0,0,0,0,26.6,32.8,39.3,39.8,24.9,32.2,35.3,35.6,26.6,32.8,39.3,39.8,24.9,32.2,35.3,35.6,0.0,0.0,0.0,0.0,0.0,0.0,0.0,0.0,(CONTRACTS OF 10 TROY OUNCES),GOLD,PRECIOUS METALS,NATURAL RESOURCES,Combined
240611088691C,GOLD - COMMODITY EXCHANGE INC.,2024-06-11T00:00:00.000,2024 Report Week 24,GOLD,088691,CMX ,NYC,088 ,GOLD,729754,277850,41684,232209,162188,426181,672247,700074,57508,29680,729754,277850,41684,232209,162188,426181,672247,700074,57508,29680,0,0,0,0,0,0,0,0,0,0,-6760,-12872,-5031,3461,2067,-7505,-7345,-9075,585,2315,100.0,38.1,5.7,31.8,22.2,58.4,92.1,95.9,7.9,4.1,100.0,38.1,5.7,31.8,22.2,58.4,92.1,95.9,7.9,4.1,0.0,0.0,0.0,0.0,0.0,0.0,0.0,0.0,0.0,0.0,328,191,72,132,51,56,290,214,328,191,72,132,51,56,290,214,0,0,0,0,0,0,0,0,16.2,32.3,26.7,48.9,10.6,24.8,16.7,34.8,16.2,32.3,26.7,48.9,10.6,24.8,16.7,34.8,0.0,0.0,0.0,0.0,0.0,0.0,0.0,0.0,(CONTRACTS OF 100 TROY OUNCES),GOLD,PRECIOUS METALS,NATURAL RESOURCES,Combined
240604088691C,GOLD - COMMODITY EXCHANGE INC.,2024-06-04T00:00:00.000,2024 Report Week 23,GOLD,088691,CMX ,NYC,088 ,GOLD,736514,290723,46716,228748,160121,433685,679591,709149,56923,27365,736514,290723,46716,228748,160121,433685,679591,709149,56923,27365,0,0,0,0,0,0,0,0,0,0,-37310,-7922,-5064,-2559,-25405,-23420,-35886,-31043,-1424,-6267,100.0,39.5,6.3,31.1,21.7,58.9,92.3,96.3,7.7,3.7,100.0,39.5,6.3,31.1,21.7,58.9,92.3,96.3,7.7,3.7,0.0,0.0,0.0,0.0,0.0,0.0,0.0,0.0,0.0,0.0,342,203,73,134,51,58,301,220,342,203,73,134,51,58,301,220,0,0,0,0,0,0,0,0,16.0,32.6,26.4,49.0,10.4,25.1,16.6,35.4,16.0,32.6,26.4,49.0,10.4,25.1,16.6,35.4,0.0,0.0,0.0,0.0,0.0,0.0,0.0,0.0,(CONTRACTS OF 100 TROY OUNCES),GOLD,PRECIOUS METALS,NATURAL RESOURCES,Combined
240528088691C,GOLD - COMMODITY EXCHANGE INC.,2024-05-28T00:00:00.000,2024 Report Week 22,GOLD,088691,CMX ,NYC,088 ,GOLD,773824,298645,51780,231307,185526,457105,715478,740192,58346,33632,773824,298645,51780,231307,185526,457105,715478,740192,58346,33632,0,0,0,0,0,0,0,0,0,0,-157558,-17559,-7056,-102463,-31090,-46717,-151112,-156236,-6447,-1323,100.0,38.6,6.7,29.9,24.0,59.1,92.5,95.7,7.5,4.3,100.0,38.6,6.7,29.9,24.0,59.1,92.5,95.7,7.5,4.3,0.0,0.0,0.0,0.0,0.0,0.0,0.0,0.0,0.0,0.0,348,204,76,134,52,61,306,223,348,204,76,134,52,61,306,223,0,0,0,0,0,0,0,0,15.3,29.6,25.4,45.9,9.9,22.6,16.1,33.1,15.3,29.6,25.4,45.9,9.9,22.6,16.1,33.1,0.0,0.0,0.0,0.0,0.0,0.0,0.0,0.0,(CONTRACTS OF 100 TROY OUNCES),GOLD,PRECIOUS METALS,NATURAL RESOURCES,Combined
240528088695C,MICRO GOLD - COMMODITY EXCHANGE INC.,2024-05-28T00:00:00.000,2024 Report Week 22,MICRO GOLD,088695,CMX ,NYC,088 ,GOLD,40483,15189,13941,8013,0,0,23202,21954,17281,18529,40483,15189,13941,8013,0,0,23202,21954,17281,18529,0,0,0,0,0,0,0,0,0,0,-1015,-2048,988,523,0,0,-1525,1511,510,-2526,100.0,37.5,34.4,19.8,0.0,0.0,57.3,54.2,42.7,45.8,100.0,37.5,34.4,19.8,0.0,0.0,57.3,54.2,42.7,45.8,0.0,0.0,0.0,0.0,0.0,0.0,0.0,0.0,0.0,0.0,20,12,8,9,0,0,17,12,20,12,8,9,0,0,17,12,0,0,0,0,0,0,0,0,28.9,44.9,48.5,51.5,22.8,31.4,34.4,34.4,28.9,44.9,48.5,51.5,22.8,31.4,34.4,34.4,0.0,0.0,0.0,0.0,0.0,0.0,0.0,0.0,(CONTRACTS OF 10 TROY OUNCES),GOLD,PRECIOUS METALS,NATURAL RESOURCES,Combined
240521088695C,MICRO GOLD - COMMODITY EXCHANGE INC.,2024-05-21T00:00:00.000,2024 Report Week 21,MICRO GOLD,088695,CMX ,NYC,088 ,GOLD,41498,17237,12953,7490,0,0,24727,20443,16771,21055,41498,17237,12953,7490,0,0,24727,20443,16771,21055,0,0,0,0,0,0,0,0,0,0,851,537,342,-57,0,0,480,285,371,566,100.0,41.5,31.2,18.0,0.0,0.0,59.6,49.3,40.4,50.7,100.0,41.5,31.2,18.0,0.0,0.0,59.6,49.3,40.4,50.7,0.0,0.0,0.0,0.0,0.0,0.0,0.0,0.0,0.0,0.0,22,14,8,9,0,0,19,12,22,14,8,9,0,0,19,12,0,0,0,0,0,0,0,0,32.8,39.5,50.0,47.5,23.2,28.2,35.9,31.2,32.8,39.5,50.0,47.5,23.2,28.2,35.9,31.2,0.0,0.0,0.0,0.0,0.0,0.0,0.0,0.0,(CONTRACTS OF 10 TROY OUNCES),GOLD,PRECIOUS METALS,NATURAL RESOURCES,Combined
240521088691C,GOLD - COMMODITY EXCHANGE INC.,2024-05-21T00:00:00.000,2024 Report Week 21,GOLD,088691,CMX ,NYC,088 ,GOLD,931382,316204,58835,333770,216616,503822,866589,896428,64793,34954,931382,316204,58835,333770,216616,503822,866589,896428,64793,34954,0,0,0,0,0,0,0,0,0,0,56133,20200,-4419,35183,-3494,23309,51889,54073,4244,2060,100.0,33.9,6.3,35.8,23.3,54.1,93.0,96.2,7.0,3.8,100.0,33.9,6.3,35.8,23.3,54.1,93.0,96.2,7.0,3.8,0.0,0.0,0.0,0.0,0.0,0.0,0.0,0.0,0.0,0.0,364,210,77,147,54,67,322,238,364,210,77,147,54,67,322,238,0,0,0,0,0,0,0,0,16.9,28.0,26.5,43.5,8.3,20.3,13.8,29.3,16.9,28.0,26.5,43.5,8.3,20.3,13.8,29.3,0.0,0.0,0.0,0.0,0.0,0.0,0.0,0.0,(CONTRACTS OF 100 TROY OUNCES),GOLD,PRECIOUS METALS,NATURAL RESOURCES,Combined
240514088691C,GOLD - COMMODITY EXCHANGE INC.,2024-05-14T00:00:00.000,2024 Report Week 20,GOLD,088691,CMX ,NYC,088 ,GOLD,875249,296004,63254,298587,220109,480513,814700,842354,60549,32895,875249,296004,63254,298587,220109,480513,814700,842354,60549,32895,0,0,0,0,0,0,0,0,0,0,13875,12840,6210,-11794,14159,20910,15204,15327,-1329,-1451,100.0,33.8,7.2,34.1,25.1,54.9,93.1,96.2,6.9,3.8,100.0,33.8,7.2,34.1,25.1,54.9,93.1,96.2,6.9,3.8,0.0,0.0,0.0,0.0,0.0,0.0,0.0,0.0,0.0,0.0,369,215,79,150,55,62,324,242,369,215,79,150,55,62,324,242,0,0,0,0,0,0,0,0,18.1,29.3,27.8,44.9,8.6,20.4,13.9,29.6,18.1,29.3,27.8,44.9,8.6,20.4,13.9,29.6,0.0,0.0,0.0,0.0,0.0,0.0,0.0,0.0,(CONTRACTS OF 100 TROY OUNCES),GOLD,PRECIOUS METALS,NATURAL RESOURCES,Combined
240514088695C,MICRO GOLD - COMMODITY EXCHANGE INC.,2024-05-14T00:00:00.000,2024 Report Week 20,MICRO GOLD,088695,CMX ,NYC,088 ,GOLD,40647,16700,12611,7547,0,0,24247,20158,16400,20489,40647,16700,12611,7547,0,0,24247,20158,16400,20489,0,0,0,0,0,0,0,0,0,0,,,,,,,,,,,100.0,41.1,31.0,18.6,0.0,0.0,59.7,49.6,40.3,50.4,100.0,41.1,31.0,18.6,0.0,0.0,59.7,49.6,40.3,50.4,0.0,0.0,0.0,0.0,0.0,0.0,0.0,0.0,0.0,0.0,21,12,9,9,0,0,17,13,21,12,9,9,0,0,17,13,0,0,0,0,0,0,0,0,35.6,39.9,53.1,47.1,23.3,27.1,37.9,30.4,35.6,39.9,53.1,47.1,23.3,27.1,37.9,30.4,0.0,0.0,0.0,0.0,0.0,0.0,0.0,0.0,(CONTRACTS OF 10 TROY OUNCES),GOLD,PRECIOUS METALS,NATURAL RESOURCES,Combined
240507088691C,GOLD - COMMODITY EXCHANGE INC.,2024-05-07T00:00:00.000,2024 Report Week 19,GOLD,088691,CMX ,NYC,088 ,GOLD,861373,283164,57044,310381,205951,459603,799496,827028,61878,34346,861373,283164,57044,310381,205951,459603,799496,827028,61878,34346,0,0,0,0,0,0,0,0,0,0,20360,-3845,566,19174,1320,1125,16648,20865,3712,-505,100.0,32.9,6.6,36.0,23.9,53.4,92.8,96.0,7.2,4.0,100.0,32.9,6.6,36.0,23.9,53.4,92.8,96.0,7.2,4.0,0.0,0.0,0.0,0.0,0.0,0.0,0.0,0.0,0.0,0.0,351,196,82,140,51,64,301,236,351,196,82,140,51,64,301,236,0,0,0,0,0,0,0,0,17.8,29.0,28.7,44.1,8.6,20.2,13.6,29.0,17.8,29.0,28.7,44.1,8.6,20.2,13.6,29.0,0.0,0.0,0.0,0.0,0.0,0.0,0.0,0.0,(CONTRACTS OF 100 TROY OUNCES),GOLD,PRECIOUS METALS,NATURAL RESOURCES,Combined
240430088691C,GOLD - COMMODITY EXCHANGE INC.,2024-04-30T00:00:00.000,2024 Report Week 18,GOLD,088691,CMX ,NYC,088 ,GOLD,841013,287009,56478,291207,204631,458477,782847,806162,58166,34851,841013,287009,56478,291207,204631,458477,782847,806162,58166,34851,0,0,0,0,0,0,0,0,0,0,-57028,-6041,-7672,-29218,-22590,-21350,-57849,-58241,822,1213,100.0,34.1,6.7,34.6,24.3,54.5,93.1,95.9,6.9,4.1,100.0,34.1,6.7,34.6,24.3,54.5,93.1,95.9,6.9,4.1,0.0,0.0,0.0,0.0,0.0,0.0,0.0,0.0,0.0,0.0,350,199,79,145,49,62,302,235,350,199,79,145,49,62,302,235,0,0,0,0,0,0,0,0,17.5,29.0,27.8,44.1,8.9,20.1,13.9,29.3,17.5,29.0,27.8,44.1,8.9,20.1,13.9,29.3,0.0,0.0,0.0,0.0,0.0,0.0,0.0,0.0,(CONTRACTS OF 100 TROY OUNCES),GOLD,PRECIOUS METALS,NATURAL RESOURCES,Combined
240430088695C,MICRO GOLD - COMMODITY EXCHANGE INC.,2024-04-30T00:00:00.000,2024 Report Week 18,MICRO GOLD,088695,CMX ,NYC,088 ,GOLD,37605,13836,13754,4194,0,0,18030,17948,19575,19657,37605,13836,13754,4194,0,0,18030,17948,19575,19657,0,0,0,0,0,0,0,0,0,0,,,,,,,,,,,100.0,36.8,36.6,11.2,0.0,0.0,47.9,47.7,52.1,52.3,100.0,36.8,36.6,11.2,0.0,0.0,47.9,47.7,52.1,52.3,0.0,0.0,0.0,0.0,0.0,0.0,0.0,0.0,0.0,0.0,21,13,8,6,0,0,15,12,21,13,8,6,0,0,15,12,0,0,0,0,0,0,0,0,29.5,38.3,41.8,46.5,22.0,31.7,32.5,36.6,29.5,38.3,41.8,46.5,22.0,31.7,32.5,36.6,0.0,0.0,0.0,0.0,0.0,0.0,0.0,0.0,(CONTRACTS OF 10 TROY OUNCES),GOLD,PRECIOUS METALS,NATURAL RESOURCES,Combined
240423088691C,GOLD - COMMODITY EXCHANGE INC.,2024-04-23T00:00:00.000,2024 Report Week 17,GOLD,088691,CMX ,NYC,088 ,GOLD,898041,293050,64150,320425,227221,479827,840697,864403,57344,33638,898041,293050,64150,320425,227221,479827,840697,864403,57344,33638,0,0,0,0,0,0,0,0,0,0,-26145,-4672,-1987,-7722,-10480,-10518,-22874,-20227,-3271,-5918,100.0,32.6,7.1,35.7,25.3,53.4,93.6,96.3,6.4,3.7,100.0,32.6,7.1,35.7,25.3,53.4,93.6,96.3,6.4,3.7,0.0,0.0,0.0,0.0,0.0,0.0,0.0,0.0,0.0,0.0,361,195,86,148,55,67,305,251,361,195,86,148,55,67,305,251,0,0,0,0,0,0,0,0,18.7,29.1,28.7,44.6,8.1,18.9,12.9,27.7,18.7,29.1,28.7,44.6,8.1,18.9,12.9,27.7,0.0,0.0,0.0,0.0,0.0,0.0,0.0,0.0,(CONTRACTS OF 100 TROY OUNCES),GOLD,PRECIOUS METALS,NATURAL RESOURCES,Combined
240416088695C,MICRO GOLD - COMMODITY EXCHANGE INC.,2024-04-16T00:00:00.000,2024 Report Week 16,MICRO GOLD,088695,CMX ,NYC,088 ,GOLD,39844,18946,9275,5231,0,0,24177,14506,15667,25338,39844,18946,9275,5231,0,0,24177,14506,15667,25338,0,0,0,0,0,0,0,0,0,0,-319,-2010,-202,888,0,0,-1122,686,803,-1005,100.0,47.6,23.3,13.1,0.0,0.0,60.7,36.4,39.3,63.6,100.0,47.6,23.3,13.1,0.0,0.0,60.7,36.4,39.3,63.6,0.0,0.0,0.0,0.0,0.0,0.0,0.0,0.0,0.0,0.0,24,15,9,5,0,0,17,12,24,15,9,5,0,0,17,12,0,0,0,0,0,0,0,0,40.8,28.8,54.4,34.4,31.0,20.4,41.7,22.8,40.8,28.8,54.4,34.4,31.0,20.4,41.7,22.8,0.0,0.0,0.0,0.0,0.0,0.0,0.0,0.0,(CONTRACTS OF 10 TROY OUNCES),GOLD,PRECIOUS METALS,NATURAL RESOURCES,Combined
240416088691C,GOLD - COMMODITY EXCHANGE INC.,2024-04-16T00:00:00.000,2024 Report Week 16,GOLD,088691,CMX ,NYC,088 ,GOLD,924186,297722,66138,328147,237701,490345,863571,884630,60615,39556,924186,297722,66138,328147,237701,490345,863571,884630,60615,39556,0,0,0,0,0,0,0,0,0,0,58353,-9805,-6886,48663,18929,16470,57787,58247,566,106,100.0,32.2,7.2,35.5,25.7,53.1,93.4,95.7,6.6,4.3,100.0,32.2,7.2,35.5,25.7,53.1,93.4,95.7,6.6,4.3,0.0,0.0,0.0,0.0,0.0,0.0,0.0,0.0,0.0,0.0,371,197,93,143,61,68,314,250,371,197,93,143,61,68,314,250,0,0,0,0,0,0,0,0,18.9,28.9,28.7,44.7,7.8,18.4,12.8,27.2,18.9,28.9,28.7,44.7,7.8,18.4,12.8,27.2,0.0,0.0,0.0,0.0,0.0,0.0,0.0,0.0,(CONTRACTS OF 100 TROY OUNCES),GOLD,PRECIOUS METALS,NATURAL RESOURCES,Combined
240409088695C,MICRO GOLD - COMMODITY EXCHANGE INC.,2024-04-09T00:00:00.000,2024 Report Week 15,MICRO GOLD,088695,CMX ,NYC,088 ,GOLD,40163,20956,9477,4343,0,0,25299,13820,14864,26343,40163,20956,9477,4343,0,0,25299,13820,14864,26343,0,0,0,0,0,0,0,0,0,0,4002,903,379,1935,0,0,2838,2314,1164,1688,100.0,52.2,23.6,10.8,0.0,0.0,63.0,34.4,37.0,65.6,100.0,52.2,23.6,10.8,0.0,0.0,63.0,34.4,37.0,65.6,0.0,0.0,0.0,0.0,0.0,0.0,0.0,0.0,0.0,0.0,24,15,9,7,0,0,17,14,24,15,9,7,0,0,17,14,0,0,0,0,0,0,0,0,37.8,23.0,54.0,31.1,31.5,20.7,44.1,23.1,37.8,23.0,54.0,31.1,31.5,20.7,44.1,23.1,0.0,0.0,0.0,0.0,0.0,0.0,0.0,0.0,(CONTRACTS OF 10 TROY OUNCES),GOLD,PRECIOUS METALS,NATURAL RESOURCES,Combined
240409088691C,GOLD - COMMODITY EXCHANGE INC.,2024-04-09T00:00:00.000,2024 Report Week 15,GOLD,088691,CMX ,NYC,088 ,GOLD,865833,307527,73023,279484,218772,473875,805784,826383,60049,39450,865833,307527,73023,279484,218772,473875,805784,826383,60049,39450,0,0,0,0,0,0,0,0,0,0,67977,1357,3427,43913,19048,21136,64318,68477,3659,-499,100.0,35.5,8.4,32.3,25.3,54.7,93.1,95.4,6.9,4.6,100.0,35.5,8.4,32.3,25.3,54.7,93.1,95.4,6.9,4.6,0.0,0.0,0.0,0.0,0.0,0.0,0.0,0.0,0.0,0.0,367,196,91,145,57,69,307,254,367,196,91,145,57,69,307,254,0,0,0,0,0,0,0,0,18.2,28.9,27.8,44.5,8.4,19.3,14.7,29.1,18.2,28.9,27.8,44.5,8.4,19.3,14.7,29.1,0.0,0.0,0.0,0.0,0.0,0.0,0.0,0.0,(CONTRACTS OF 100 TROY OUNCES),GOLD,PRECIOUS METALS,NATURAL RESOURCES,Combined
240402088695C,MICRO GOLD - COMMODITY EXCHANGE INC.,2024-04-02T00:00:00.000,2024 Report Week 14,MICRO GOLD,088695,CMX ,NYC,088 ,GOLD,36160,20053,9098,2408,0,0,22461,11506,13699,24655,36160,20053,9098,2408,0,0,22461,11506,13699,24655,0,0,0,0,0,0,0,0,0,0,,,,,,,,,,,100.0,55.5,25.2,6.7,0.0,0.0,62.1,31.8,37.9,68.2,100.0,55.5,25.2,6.7,0.0,0.0,62.1,31.8,37.9,68.2,0.0,0.0,0.0,0.0,0.0,0.0,0.0,0.0,0.0,0.0,26,16,10,6,0,0,18,14,26,16,10,6,0,0,18,14,0,0,0,0,0,0,0,0,30.0,25.6,47.8,29.0,29.6,21.4,44.3,24.1,30.0,25.6,47.8,29.0,29.6,21.4,44.3,24.1,0.0,0.0,0.0,0.0,0.0,0.0,0.0,0.0,(CONTRACTS OF 10 TROY OUNCES),GOLD,PRECIOUS METALS,NATURAL RESOURCES,Combined
240402088691C,GOLD - COMMODITY EXCHANGE INC.,2024-04-02T00:00:00.000,2024 Report Week 14,GOLD,088691,CMX ,NYC,088 ,GOLD,797856,306170,69596,235571,199724,452739,741466,757906,56390,39950,797856,306170,69596,235571,199724,452739,741466,757906,56390,39950,0,0,0,0,0,0,0,0,0,0,74465,25789,7581,44410,2031,18436,72230,70427,2235,4038,100.0,38.4,8.7,29.5,25.0,56.7,92.9,95.0,7.1,5.0,100.0,38.4,8.7,29.5,25.0,56.7,92.9,95.0,7.1,5.0,0.0,0.0,0.0,0.0,0.0,0.0,0.0,0.0,0.0,0.0,373,202,92,143,56,69,318,247,373,202,92,143,56,69,318,247,0,0,0,0,0,0,0,0,16.6,29.0,25.8,44.8,8.4,20.7,14.6,30.9,16.6,29.0,25.8,44.8,8.4,20.7,14.6,30.9,0.0,0.0,0.0,0.0,0.0,0.0,0.0,0.0,(CONTRACTS OF 100 TROY OUNCES),GOLD,PRECIOUS METALS,NATURAL RESOURCES,Combined
240326088691C,GOLD - COMMODITY EXCHANGE INC.,2024-03-26T00:00:00.000,2024 Report Week 13,GOLD,088691,CMX ,NYC,088 ,GOLD,723391,280381,62015,191161,197693,434303,669235,687479,54155,35911,723391,280381,62015,191161,197693,434303,669235,687479,54155,35911,0,0,0,0,0,0,0,0,0,0,-65728,-6618,-6697,-49159,-7749,-3859,-63526,-59715,-2202,-6013,100.0,38.8,8.6,26.4,27.3,60.0,92.5,95.0,7.5,5.0,100.0,38.8,8.6,26.4,27.3,60.0,92.5,95.0,7.5,5.0,0.0,0.0,0.0,0.0,0.0,0.0,0.0,0.0,0.0,0.0,361,202,77,134,62,67,312,232,361,202,77,134,62,67,312,232,0,0,0,0,0,0,0,0,15.0,30.4,23.7,45.5,8.8,22.9,14.8,33.1,15.0,30.4,23.7,45.5,8.8,22.9,14.8,33.1,0.0,0.0,0.0,0.0,0.0,0.0,0.0,0.0,(CONTRACTS OF 100 TROY OUNCES),GOLD,PRECIOUS METALS,NATURAL RESOURCES,Combined
240319088695C,MICRO GOLD - COMMODITY EXCHANGE INC.,2024-03-19T00:00:00.000,2024 Report Week 12,MICRO GOLD,088695,CMX ,NYC,088 ,GOLD,39193,13100,8647,12043,0,0,25143,20690,14050,18503,39193,13100,8647,12043,0,0,25143,20690,14050,18503,0,0,0,0,0,0,0,0,0,0,1271,1023,1182,-80,0,0,943,1102,328,169,100.0,33.4,22.1,30.7,0.0,0.0,64.2,52.8,35.8,47.2,100.0,33.4,22.1,30.7,0.0,0.0,64.2,52.8,35.8,47.2,0.0,0.0,0.0,0.0,0.0,0.0,0.0,0.0,0.0,0.0,23,13,10,7,0,0,16,14,23,13,10,7,0,0,16,14,0,0,0,0,0,0,0,0,31.4,37.2,47.6,47.9,19.0,18.1,29.3,21.3,31.4,37.2,47.6,47.9,19.0,18.1,29.3,21.3,0.0,0.0,0.0,0.0,0.0,0.0,0.0,0.0,(CONTRACTS OF 10 TROY OUNCES),GOLD,PRECIOUS METALS,NATURAL RESOURCES,Combined
240319088691C,GOLD - COMMODITY EXCHANGE INC.,2024-03-19T00:00:00.000,2024 Report Week 12,GOLD,088691,CMX ,NYC,088 ,GOLD,789118,286999,68712,240321,205442,438162,732761,747195,56357,41924,789118,286999,68712,240321,205442,438162,732761,747195,56357,41924,0,0,0,0,0,0,0,0,0,0,12982,-7596,-3343,8257,11120,6852,11782,11767,1199,1215,100.0,36.4,8.7,30.5,26.0,55.5,92.9,94.7,7.1,5.3,100.0,36.4,8.7,30.5,26.0,55.5,92.9,94.7,7.1,5.3,0.0,0.0,0.0,0.0,0.0,0.0,0.0,0.0,0.0,0.0,371,203,87,142,60,69,313,251,371,203,87,142,60,69,313,251,0,0,0,0,0,0,0,0,14.6,27.5,22.6,41.8,7.9,20.4,13.1,29.4,14.6,27.5,22.6,41.8,7.9,20.4,13.1,29.4,0.0,0.0,0.0,0.0,0.0,0.0,0.0,0.0,(CONTRACTS OF 100 TROY OUNCES),GOLD,PRECIOUS METALS,NATURAL RESOURCES,Combined
240312088695C,MICRO GOLD - COMMODITY EXCHANGE INC.,2024-03-12T00:00:00.000,2024 Report Week 11,MICRO GOLD,088695,CMX ,NYC,088 ,GOLD,37922,12077,7465,12123,0,0,24200,19588,13722,18334,37922,12077,7465,12123,0,0,24200,19588,13722,18334,0,0,0,0,0,0,0,0,0,0,7888,1487,1252,6400,0,0,7887,7652,1,236,100.0,31.8,19.7,32.0,0.0,0.0,63.8,51.7,36.2,48.3,100.0,31.8,19.7,32.0,0.0,0.0,63.8,51.7,36.2,48.3,0.0,0.0,0.0,0.0,0.0,0.0,0.0,0.0,0.0,0.0,27,14,13,7,0,0,17,17,27,14,13,7,0,0,17,17,0,0,0,0,0,0,0,0,33.3,33.3,49.7,44.3,19.8,13.8,28.3,17.2,33.3,33.3,49.7,44.3,19.8,13.8,28.3,17.2,0.0,0.0,0.0,0.0,0.0,0.0,0.0,0.0,(CONTRACTS OF 10 TROY OUNCES),GOLD,PRECIOUS METALS,NATURAL RESOURCES,Combined
240312088691C,GOLD - COMMODITY EXCHANGE INC.,2024-03-12T00:00:00.000,2024 Report Week 11,GOLD,088691,CMX ,NYC,088 ,GOLD,776137,294594,72055,232063,194321,431310,720979,735428,55158,40709,776137,294594,72055,232063,194321,431310,720979,735428,55158,40709,0,0,0,0,0,0,0,0,0,0,70068,12785,-1503,22313,31519,46883,66617,67692,3451,2376,100.0,38.0,9.3,29.9,25.0,55.6,92.9,94.8,7.1,5.2,100.0,38.0,9.3,29.9,25.0,55.6,92.9,94.8,7.1,5.2,0.0,0.0,0.0,0.0,0.0,0.0,0.0,0.0,0.0,0.0,375,209,89,149,56,68,320,254,375,209,89,149,56,68,320,254,0,0,0,0,0,0,0,0,14.7,27.1,22.5,42.0,7.9,20.1,13.1,29.3,14.7,27.1,22.5,42.0,7.9,20.1,13.1,29.3,0.0,0.0,0.0,0.0,0.0,0.0,0.0,0.0,(CONTRACTS OF 100 TROY OUNCES),GOLD,PRECIOUS METALS,NATURAL RESOURCES,Combined
240305088691C,GOLD - COMMODITY EXCHANGE INC.,2024-03-05T00:00:00.000,2024 Report Week 10,GOLD,088691,CMX ,NYC,088 ,GOLD,706068,281810,73558,209750,162802,384427,654362,667736,51707,38333,706068,281810,73558,209750,162802,384427,654362,667736,51707,38333,0,0,0,0,0,0,0,0,0,0,154151,62527,-1837,68771,14749,75977,146047,142911,8104,11240,100.0,39.9,10.4,29.7,23.1,54.4,92.7,94.6,7.3,5.4,100.0,39.9,10.4,29.7,23.1,54.4,92.7,94.6,7.3,5.4,0.0,0.0,0.0,0.0,0.0,0.0,0.0,0.0,0.0,0.0,374,208,89,149,60,66,327,247,374,208,89,149,60,66,327,247,0,0,0,0,0,0,0,0,12.5,25.2,20.4,40.0,8.5,19.9,14.2,30.3,12.5,25.2,20.4,40.0,8.5,19.9,14.2,30.3,0.0,0.0,0.0,0.0,0.0,0.0,0.0,0.0,(CONTRACTS OF 100 TROY OUNCES),GOLD,PRECIOUS METALS,NATURAL RESOURCES,Combined
240305088695C,MICRO GOLD - COMMODITY EXCHANGE INC.,2024-03-05T00:00:00.000,2024 Report Week 10,MICRO GOLD,088695,CMX ,NYC,088 ,GOLD,30034,10590,6213,5723,0,0,16313,11936,13721,18098,30034,10590,6213,5723,0,0,16313,11936,13721,18098,0,0,0,0,0,0,0,0,0,0,,,,,,,,,,,100.0,35.3,20.7,19.1,0.0,0.0,54.3,39.7,45.7,60.3,100.0,35.3,20.7,19.1,0.0,0.0,54.3,39.7,45.7,60.3,0.0,0.0,0.0,0.0,0.0,0.0,0.0,0.0,0.0,0.0,21,10,11,6,0,0,13,14,21,10,11,6,0,0,13,14,0,0,0,0,0,0,0,0,33.0,25.4,47.5,34.0,24.4,14.9,34.4,19.2,33.0,25.4,47.5,34.0,24.4,14.9,34.4,19.2,0.0,0.0,0.0,0.0,0.0,0.0,0.0,0.0,(CONTRACTS OF 10 TROY OUNCES),GOLD,PRECIOUS METALS,NATURAL RESOURCES,Combined
240227088691C,GOLD - COMMODITY EXCHANGE INC.,2024-02-27T00:00:00.000,2024 Report Week 09,GOLD,088691,CMX ,NYC,088 ,GOLD,551918,219282,75395,140979,148053,308450,508315,524824,43602,27093,551918,219282,75395,140979,148053,308450,508315,524824,43602,27093,0,0,0,0,0,0,0,0,0,0,-15343,5618,4278,-16182,-1699,-2370,-12262,-14274,-3081,-1068,100.0,39.7,13.7,25.5,26.8,55.9,92.1,95.1,7.9,4.9,100.0,39.7,13.7,25.5,26.8,55.9,92.1,95.1,7.9,4.9,0.0,0.0,0.0,0.0,0.0,0.0,0.0,0.0,0.0,0.0,345,188,84,148,57,61,303,238,345,188,84,148,57,61,303,238,0,0,0,0,0,0,0,0,12.5,26.3,21.3,41.1,10.4,21.1,17.7,33.1,12.5,26.3,21.3,41.1,10.4,21.1,17.7,33.1,0.0,0.0,0.0,0.0,0.0,0.0,0.0,0.0,(CONTRACTS OF 100 TROY OUNCES),GOLD,PRECIOUS METALS,NATURAL RESOURCES,Combined
240220088691C,GOLD - COMMODITY EXCHANGE INC.,2024-02-20T00:00:00.000,2024 Report Week 08,GOLD,088691,CMX ,NYC,088 ,GOLD,567260,213664,71117,157161,149752,310821,520577,539098,46683,28162,567260,213664,71117,157161,149752,310821,520577,539098,46683,28162,0,0,0,0,0,0,0,0,0,0,-8924,-2587,-15883,214,-2711,5925,-5085,-9745,-3839,821,100.0,37.7,12.5,27.7,26.4,54.8,91.8,95.0,8.2,5.0,100.0,37.7,12.5,27.7,26.4,54.8,91.8,95.0,8.2,5.0,0.0,0.0,0.0,0.0,0.0,0.0,0.0,0.0,0.0,0.0,334,184,80,141,55,60,292,230,334,184,80,141,55,60,292,230,0,0,0,0,0,0,0,0,13.5,27.0,22.1,41.9,10.1,21.6,17.0,33.7,13.5,27.0,22.1,41.9,10.1,21.6,17.0,33.7,0.0,0.0,0.0,0.0,0.0,0.0,0.0,0.0,(CONTRACTS OF 100 TROY OUNCES),GOLD,PRECIOUS METALS,NATURAL RESOURCES,Combined
240213088695C,MICRO GOLD - COMMODITY EXCHANGE INC.,2024-02-13T00:00:00.000,2024 Report Week 07,MICRO GOLD,088695,CMX ,NYC,088 ,GOLD,30728,10934,12905,4328,0,0,15262,17233,15466,13495,30728,10934,12905,4328,0,0,15262,17233,15466,13495,0,0,0,0,0,0,0,0,0,0,,,,,,,,,,,100.0,35.6,42.0,14.1,0.0,0.0,49.7,56.1,50.3,43.9,100.0,35.6,42.0,14.1,0.0,0.0,49.7,56.1,50.3,43.9,0.0,0.0,0.0,0.0,0.0,0.0,0.0,0.0,0.0,0.0,20,9,11,7,0,0,13,14,20,9,11,7,0,0,13,14,0,0,0,0,0,0,0,0,31.1,37.5,45.3,50.4,25.9,33.4,34.5,40.6,31.1,37.5,45.3,50.4,25.9,33.4,34.5,40.6,0.0,0.0,0.0,0.0,0.0,0.0,0.0,0.0,(CONTRACTS OF 10 TROY OUNCES),GOLD,PRECIOUS METALS,NATURAL RESOURCES,Combined
240213088691C,GOLD - COMMODITY EXCHANGE INC.,2024-02-13T00:00:00.000,2024 Report Week 07,GOLD,088691,CMX ,NYC,088 ,GOLD,576184,216251,87000,156947,152463,304896,525662,548843,50522,27341,576184,216251,87000,156947,152463,304896,525662,548843,50522,27341,0,0,0,0,0,0,0,0,0,0,507,-17018,18162,7936,6198,-24528,-2884,1570,3391,-1063,100.0,37.5,15.1,27.2,26.5,52.9,91.2,95.3,8.8,4.7,100.0,37.5,15.1,27.2,26.5,52.9,91.2,95.3,8.8,4.7,0.0,0.0,0.0,0.0,0.0,0.0,0.0,0.0,0.0,0.0,335,167,92,139,59,61,291,231,335,167,92,139,59,61,291,231,0,0,0,0,0,0,0,0,12.8,26.9,21.3,40.9,10.1,21.3,17.1,33.1,12.8,26.9,21.3,40.9,10.1,21.3,17.1,33.1,0.0,0.0,0.0,0.0,0.0,0.0,0.0,0.0,(CONTRACTS OF 100 TROY OUNCES),GOLD,PRECIOUS METALS,NATURAL RESOURCES,Combined
240206088691C,GOLD - COMMODITY EXCHANGE INC.,2024-02-06T00:00:00.000,2024 Report Week 06,GOLD,088691,CMX ,NYC,088 ,GOLD,575677,233270,68838,149011,146265,329424,528546,547273,47131,28404,575677,233270,68838,149011,146265,329424,528546,547273,47131,28404,0,0,0,0,0,0,0,0,0,0,-4731,6982,-6001,3416,-11799,-3036,-1401,-5620,-3330,889,100.0,40.5,12.0,25.9,25.4,57.2,91.8,95.1,8.2,4.9,100.0,40.5,12.0,25.9,25.4,57.2,91.8,95.1,8.2,4.9,0.0,0.0,0.0,0.0,0.0,0.0,0.0,0.0,0.0,0.0,330,187,69,133,56,63,289,222,330,187,69,133,56,63,289,222,0,0,0,0,0,0,0,0,12.8,28.8,21.7,43.8,10.0,23.5,17.2,36.3,12.8,28.8,21.7,43.8,10.0,23.5,17.2,36.3,0.0,0.0,0.0,0.0,0.0,0.0,0.0,0.0,(CONTRACTS OF 100 TROY OUNCES),GOLD,PRECIOUS METALS,NATURAL RESOURCES,Combined
240130088691C,GOLD - COMMODITY EXCHANGE INC.,2024-01-30T00:00:00.000,2024 Report Week 05,GOLD,088691,CMX ,NYC,088 ,GOLD,580408,226288,74839,145594,158065,332460,529947,552893,50461,27514,580408,226288,74839,145594,158065,332460,529947,552893,50461,27514,0,0,0,0,0,0,0,0,0,0,-62194,-18376,2579,-40219,-2886,-24179,-61481,-61818,-714,-376,100.0,39.0,12.9,25.1,27.2,57.3,91.3,95.3,8.7,4.7,100.0,39.0,12.9,25.1,27.2,57.3,91.3,95.3,8.7,4.7,0.0,0.0,0.0,0.0,0.0,0.0,0.0,0.0,0.0,0.0,326,178,75,128,58,62,289,214,326,178,75,128,58,62,289,214,0,0,0,0,0,0,0,0,12.5,28.6,20.8,43.1,9.8,23.5,16.7,34.9,12.5,28.6,20.8,43.1,9.8,23.5,16.7,34.9,0.0,0.0,0.0,0.0,0.0,0.0,0.0,0.0,(CONTRACTS OF 100 TROY OUNCES),GOLD,PRECIOUS METALS,NATURAL RESOURCES,Combined
240123088695C,MICRO GOLD - COMMODITY EXCHANGE INC.,2024-01-23T00:00:00.000,2024 Report Week 04,MICRO GOLD,088695,CMX ,NYC,088 ,GOLD,39266,16333,18001,8873,0,0,25206,26874,14060,12392,39266,16333,18001,8873,0,0,25206,26874,14060,12392,0,0,0,0,0,0,0,0,0,0,712,908,-284,1417,0,0,2325,1133,-1613,-421,100.0,41.6,45.8,22.6,0.0,0.0,64.2,68.4,35.8,31.6,100.0,41.6,45.8,22.6,0.0,0.0,64.2,68.4,35.8,31.6,0.0,0.0,0.0,0.0,0.0,0.0,0.0,0.0,0.0,0.0,21,12,9,8,0,0,13,16,21,12,9,8,0,0,13,16,0,0,0,0,0,0,0,0,35.7,53.0,54.3,62.3,26.8,42.5,38.4,45.3,35.7,53.0,54.3,62.3,26.8,42.5,38.4,45.3,0.0,0.0,0.0,0.0,0.0,0.0,0.0,0.0,(CONTRACTS OF 10 TROY OUNCES),GOLD,PRECIOUS METALS,NATURAL RESOURCES,Combined
240123088691C,GOLD - COMMODITY EXCHANGE INC.,2024-01-23T00:00:00.000,2024 Report Week 04,GOLD,088691,CMX ,NYC,088 ,GOLD,642602,244663,72260,185813,160951,356639,591427,614712,51175,27890,642602,244663,72260,185813,160951,356639,591427,614712,51175,27890,0,0,0,0,0,0,0,0,0,0,-25927,-22088,-12244,-3519,3874,-11406,-21734,-27169,-4193,1242,100.0,38.1,11.2,28.9,25.0,55.5,92.0,95.7,8.0,4.3,100.0,38.1,11.2,28.9,25.0,55.5,92.0,95.7,8.0,4.3,0.0,0.0,0.0,0.0,0.0,0.0,0.0,0.0,0.0,0.0,333,181,80,144,56,59,298,226,333,181,80,144,56,59,298,226,0,0,0,0,0,0,0,0,14.8,28.6,22.7,42.8,10.6,23.8,16.8,34.5,14.8,28.6,22.7,42.8,10.6,23.8,16.8,34.5,0.0,0.0,0.0,0.0,0.0,0.0,0.0,0.0,(CONTRACTS OF 100 TROY OUNCES),GOLD,PRECIOUS METALS,NATURAL RESOURCES,Combined
240116088691C,GOLD - COMMODITY EXCHANGE INC.,2024-01-16T00:00:00.000,2024 Report Week 03,GOLD,088691,CMX ,NYC,088 ,GOLD,668529,266752,84504,189332,157077,368045,613161,641881,55368,26648,668529,266752,84504,189332,157077,368045,613161,641881,55368,26648,0,0,0,0,0,0,0,0,0,0,3242,-9907,-1013,8928,4983,-5178,4004,2737,-761,506,100.0,39.9,12.6,28.3,23.5,55.1,91.7,96.0,8.3,4.0,100.0,39.9,12.6,28.3,23.5,55.1,91.7,96.0,8.3,4.0,0.0,0.0,0.0,0.0,0.0,0.0,0.0,0.0,0.0,0.0,344,189,82,150,56,59,304,237,344,189,82,150,56,59,304,237,0,0,0,0,0,0,0,0,14.5,27.9,22.1,42.2,10.2,23.8,16.3,34.3,14.5,27.9,22.1,42.2,10.2,23.8,16.3,34.3,0.0,0.0,0.0,0.0,0.0,0.0,0.0,0.0,(CONTRACTS OF 100 TROY OUNCES),GOLD,PRECIOUS METALS,NATURAL RESOURCES,Combined
240116088695C,MICRO GOLD - COMMODITY EXCHANGE INC.,2024-01-16T00:00:00.000,2024 Report Week 03,MICRO GOLD,088695,CMX ,NYC,088 ,GOLD,38554,15425,18285,7456,0,0,22881,25741,15673,12813,38554,15425,18285,7456,0,0,22881,25741,15673,12813,0,0,0,0,0,0,0,0,0,0,2164,-1314,-664,2488,0,0,1174,1824,990,340,100.0,40.0,47.4,19.3,0.0,0.0,59.3,66.8,40.7,33.2,100.0,40.0,47.4,19.3,0.0,0.0,59.3,66.8,40.7,33.2,0.0,0.0,0.0,0.0,0.0,0.0,0.0,0.0,0.0,0.0,20,11,9,8,0,0,13,15,20,11,9,8,0,0,13,15,0,0,0,0,0,0,0,0,37.7,50.7,52.6,61.6,26.8,43.0,37.2,46.9,37.7,50.7,52.6,61.6,26.8,43.0,37.2,46.9,0.0,0.0,0.0,0.0,0.0,0.0,0.0,0.0,(CONTRACTS OF 10 TROY OUNCES),GOLD,PRECIOUS METALS,NATURAL RESOURCES,Combined
240109088691C,GOLD - COMMODITY EXCHANGE INC.,2024-01-09T00:00:00.000,2024 Report Week 02,GOLD,088691,CMX ,NYC,088 ,GOLD,665286,276659,85518,180404,152094,373223,609157,639145,56129,26142,665286,276659,85518,180404,152094,373223,609157,639145,56129,26142,0,0,0,0,0,0,0,0,0,0,-35595,-27289,-342,-6439,-2973,-28002,-36702,-34783,1107,-812,100.0,41.6,12.9,27.1,22.9,56.1,91.6,96.1,8.4,3.9,100.0,41.6,12.9,27.1,22.9,56.1,91.6,96.1,8.4,3.9,0.0,0.0,0.0,0.0,0.0,0.0,0.0,0.0,0.0,0.0,341,199,72,143,53,57,301,227,341,199,72,143,53,57,301,227,0,0,0,0,0,0,0,0,14.3,27.7,21.9,42.3,10.3,24.2,16.5,35.2,14.3,27.7,21.9,42.3,10.3,24.2,16.5,35.2,0.0,0.0,0.0,0.0,0.0,0.0,0.0,0.0,(CONTRACTS OF 100 TROY OUNCES),GOLD,PRECIOUS METALS,NATURAL RESOURCES,Combined
240109088695C,MICRO GOLD - COMMODITY EXCHANGE INC.,2024-01-09T00:00:00.000,2024 Report Week 02,MICRO GOLD,088695,CMX ,NYC,088 ,GOLD,36390,16739,18949,4968,0,0,21707,23917,14683,12473,36390,16739,18949,4968,0,0,21707,23917,14683,12473,0,0,0,0,0,0,0,0,0,0,,,,,,,,,,,100.0,46.0,52.1,13.7,0.0,0.0,59.7,65.7,40.3,34.3,100.0,46.0,52.1,13.7,0.0,0.0,59.7,65.7,40.3,34.3,0.0,0.0,0.0,0.0,0.0,0.0,0.0,0.0,0.0,0.0,22,11,11,10,0,0,15,17,22,11,11,10,0,0,15,17,0,0,0,0,0,0,0,0,36.5,47.5,54.2,58.9,29.3,44.9,42.4,50.3,36.5,47.5,54.2,58.9,29.3,44.9,42.4,50.3,0.0,0.0,0.0,0.0,0.0,0.0,0.0,0.0,(CONTRACTS OF 10 TROY OUNCES),GOLD,PRECIOUS METALS,NATURAL RESOURCES,Combined
240102088691C,GOLD - COMMODITY EXCHANGE INC.,2024-01-02T00:00:00.000,2024 Report Week 01,GOLD,088691,CMX ,NYC,088 ,GOLD,700881,303949,85859,186843,155067,401225,645859,673928,55023,26954,700881,303949,85859,186843,155067,401225,645859,673928,55023,26954,0,0,0,0,0,0,0,0,0,0,15598,-732,-1015,10904,4428,7570,14601,17460,997,-1863,100.0,43.4,12.3,26.7,22.1,57.2,92.1,96.2,7.9,3.8,100.0,43.4,12.3,26.7,22.1,57.2,92.1,96.2,7.9,3.8,0.0,0.0,0.0,0.0,0.0,0.0,0.0,0.0,0.0,0.0,352,202,74,141,58,61,311,229,352,202,74,141,58,61,311,229,0,0,0,0,0,0,0,0,14.3,27.8,21.8,42.8,9.8,23.6,15.6,34.4,14.3,27.8,21.8,42.8,9.8,23.6,15.6,34.4,0.0,0.0,0.0,0.0,0.0,0.0,0.0,0.0,(CONTRACTS OF 100 TROY OUNCES),GOLD,PRECIOUS METALS,NATURAL RESOURCES,Combined
231226088691C,GOLD - COMMODITY EXCHANGE INC.,2023-12-26T00:00:00.000,2023 Report Week 52,GOLD,088691,CMX ,NYC,088 ,GOLD,685284,304680,86874,175939,150639,393655,631258,656467,54026,28816,685284,304680,86874,175939,150639,393655,631258,656467,54026,28816,0,0,0,0,0,0,0,0,0,0,-16893,11883,2972,-19615,-8778,-1236,-16510,-17879,-383,986,100.0,44.5,12.7,25.7,22.0,57.4,92.1,95.8,7.9,4.2,100.0,44.5,12.7,25.7,22.0,57.4,92.1,95.8,7.9,4.2,0.0,0.0,0.0,0.0,0.0,0.0,0.0,0.0,0.0,0.0,349,205,70,137,58,60,312,221,349,205,70,137,58,60,312,221,0,0,0,0,0,0,0,0,14.5,28.1,22.0,43.5,9.9,23.5,15.8,34.7,14.5,28.1,22.0,43.5,9.9,23.5,15.8,34.7,0.0,0.0,0.0,0.0,0.0,0.0,0.0,0.0,(CONTRACTS OF 100 TROY OUNCES),GOLD,PRECIOUS METALS,NATURAL RESOURCES,Combined
231219088695C,MICRO GOLD - COMMODITY EXCHANGE INC.,2023-12-19T00:00:00.000,2023 Report Week 51,MICRO GOLD,088695,CMX ,NYC,088 ,GOLD,32155,14197,14953,3540,0,0,17737,18493,14418,13662,32155,14197,14953,3540,0,0,17737,18493,14418,13662,0,0,0,0,0,0,0,0,0,0,,,,,,,,,,,100.0,44.2,46.5,11.0,0.0,0.0,55.2,57.5,44.8,42.5,100.0,44.2,46.5,11.0,0.0,0.0,55.2,57.5,44.8,42.5,0.0,0.0,0.0,0.0,0.0,0.0,0.0,0.0,0.0,0.0,21,11,10,9,0,0,14,16,21,11,10,9,0,0,14,16,0,0,0,0,0,0,0,0,31.4,46.2,46.6,52.0,27.8,41.3,39.5,45.2,31.4,46.2,46.6,52.0,27.8,41.3,39.5,45.2,0.0,0.0,0.0,0.0,0.0,0.0,0.0,0.0,(CONTRACTS OF 10 TROY OUNCES),GOLD,PRECIOUS METALS,NATURAL RESOURCES,Combined
231219088691C,GOLD - COMMODITY EXCHANGE INC.,2023-12-19T00:00:00.000,2023 Report Week 51,GOLD,088691,CMX ,NYC,088 ,GOLD,702177,292797,83902,195553,159417,394891,647768,674347,54409,27830,702177,292797,83902,195553,159417,394891,647768,674347,54409,27830,0,0,0,0,0,0,0,0,0,0,42500,18505,-1480,18258,3892,24528,40654,41306,1846,1194,100.0,41.7,11.9,27.8,22.7,56.2,92.3,96.0,7.7,4.0,100.0,41.7,11.9,27.8,22.7,56.2,92.3,96.0,7.7,4.0,0.0,0.0,0.0,0.0,0.0,0.0,0.0,0.0,0.0,0.0,359,212,67,147,60,66,320,237,359,212,67,147,60,66,320,237,0,0,0,0,0,0,0,0,15.2,28.1,23.0,44.2,9.6,22.5,15.3,33.7,15.2,28.1,23.0,44.2,9.6,22.5,15.3,33.7,0.0,0.0,0.0,0.0,0.0,0.0,0.0,0.0,(CONTRACTS OF 100 TROY OUNCES),GOLD,PRECIOUS METALS,NATURAL RESOURCES,Combined
231212088691C,GOLD - COMMODITY EXCHANGE INC.,2023-12-12T00:00:00.000,2023 Report Week 50,GOLD,088691,CMX ,NYC,088 ,GOLD,659677,274293,85382,177295,155525,370363,607113,633041,52563,26636,659677,274293,85382,177295,155525,370363,607113,633041,52563,26636,0,0,0,0,0,0,0,0,0,0,-42352,-26047,-4236,-14884,191,-20200,-40740,-39319,-1612,-3033,100.0,41.6,12.9,26.9,23.6,56.1,92.0,96.0,8.0,4.0,100.0,41.6,12.9,26.9,23.6,56.1,92.0,96.0,8.0,4.0,0.0,0.0,0.0,0.0,0.0,0.0,0.0,0.0,0.0,0.0,358,209,71,138,60,66,319,228,358,209,71,138,60,66,319,228,0,0,0,0,0,0,0,0,15.0,29.1,23.4,44.7,10.4,23.7,16.7,34.7,15.0,29.1,23.4,44.7,10.4,23.7,16.7,34.7,0.0,0.0,0.0,0.0,0.0,0.0,0.0,0.0,(CONTRACTS OF 100 TROY OUNCES),GOLD,PRECIOUS METALS,NATURAL RESOURCES,Combined
231205088695C,MICRO GOLD - COMMODITY EXCHANGE INC.,2023-12-05T00:00:00.000,2023 Report Week 49,MICRO GOLD,088695,CMX ,NYC,088 ,GOLD,30499,14777,12866,2174,0,0,16951,15040,13548,15459,30499,14777,12866,2174,0,0,16951,15040,13548,15459,0,0,0,0,0,0,0,0,0,0,-9904,-5242,5343,-6263,0,0,-11505,-920,1601,-8984,100.0,48.5,42.2,7.1,0.0,0.0,55.6,49.3,44.4,50.7,100.0,48.5,42.2,7.1,0.0,0.0,55.6,49.3,44.4,50.7,0.0,0.0,0.0,0.0,0.0,0.0,0.0,0.0,0.0,0.0,20,13,7,7,0,0,14,13,20,13,7,7,0,0,14,13,0,0,0,0,0,0,0,0,31.2,39.9,47.8,46.3,28.3,38.3,43.1,42.2,31.2,39.9,47.8,46.3,28.3,38.3,43.1,42.2,0.0,0.0,0.0,0.0,0.0,0.0,0.0,0.0,(CONTRACTS OF 10 TROY OUNCES),GOLD,PRECIOUS METALS,NATURAL RESOURCES,Combined
231205088691C,GOLD - COMMODITY EXCHANGE INC.,2023-12-05T00:00:00.000,2023 Report Week 49,GOLD,088691,CMX ,NYC,088 ,GOLD,702028,300340,89618,192179,155334,390563,647853,672360,54175,29668,702028,300340,89618,192179,155334,390563,647853,672360,54175,29668,0,0,0,0,0,0,0,0,0,0,-16426,-5965,-5120,-2611,-10839,-5530,-19415,-13261,2990,-3165,100.0,42.8,12.8,27.4,22.1,55.6,92.3,95.8,7.7,4.2,100.0,42.8,12.8,27.4,22.1,55.6,92.3,95.8,7.7,4.2,0.0,0.0,0.0,0.0,0.0,0.0,0.0,0.0,0.0,0.0,368,207,82,143,60,71,323,241,368,207,82,143,60,71,323,241,0,0,0,0,0,0,0,0,14.8,29.1,23.2,44.1,9.9,23.8,16.0,34.2,14.8,29.1,23.2,44.1,9.9,23.8,16.0,34.2,0.0,0.0,0.0,0.0,0.0,0.0,0.0,0.0,(CONTRACTS OF 100 TROY OUNCES),GOLD,PRECIOUS METALS,NATURAL RESOURCES,Combined
231128088691C,GOLD - COMMODITY EXCHANGE INC.,2023-11-28T00:00:00.000,2023 Report Week 48,GOLD,088691,CMX ,NYC,088 ,GOLD,718454,306305,94738,194790,166174,396092,667269,685621,51185,32833,718454,306305,94738,194790,166174,396092,667269,685621,51185,32833,0,0,0,0,0,0,0,0,0,0,-45527,26551,-1663,-64288,-9843,18785,-47581,-47165,2053,1638,100.0,42.6,13.2,27.1,23.1,55.1,92.9,95.4,7.1,4.6,100.0,42.6,13.2,27.1,23.1,55.1,92.9,95.4,7.1,4.6,0.0,0.0,0.0,0.0,0.0,0.0,0.0,0.0,0.0,0.0,372,211,81,144,61,69,331,238,372,211,81,144,61,69,331,238,0,0,0,0,0,0,0,0,14.6,27.6,23.0,43.2,9.4,22.3,15.6,32.7,14.6,27.6,23.0,43.2,9.4,22.3,15.6,32.7,0.0,0.0,0.0,0.0,0.0,0.0,0.0,0.0,(CONTRACTS OF 100 TROY OUNCES),GOLD,PRECIOUS METALS,NATURAL RESOURCES,Combined
231128088695C,MICRO GOLD - COMMODITY EXCHANGE INC.,2023-11-28T00:00:00.000,2023 Report Week 48,MICRO GOLD,088695,CMX ,NYC,088 ,GOLD,40403,20019,7523,8437,0,0,28456,15960,11947,24443,40403,20019,7523,8437,0,0,28456,15960,11947,24443,0,0,0,0,0,0,0,0,0,0,6268,6444,-3669,275,0,0,6719,-3394,-451,9662,100.0,49.5,18.6,20.9,0.0,0.0,70.4,39.5,29.6,60.5,100.0,49.5,18.6,20.9,0.0,0.0,70.4,39.5,29.6,60.5,0.0,0.0,0.0,0.0,0.0,0.0,0.0,0.0,0.0,0.0,20,14,6,9,0,0,15,14,20,14,6,9,0,0,15,14,0,0,0,0,0,0,0,0,42.6,26.3,63.2,36.2,31.7,16.3,44.0,18.6,42.6,26.3,63.2,36.2,31.7,16.3,44.0,18.6,0.0,0.0,0.0,0.0,0.0,0.0,0.0,0.0,(CONTRACTS OF 10 TROY OUNCES),GOLD,PRECIOUS METALS,NATURAL RESOURCES,Combined
231121088691C,GOLD - COMMODITY EXCHANGE INC.,2023-11-21T00:00:00.000,2023 Report Week 47,GOLD,088691,CMX ,NYC,088 ,GOLD,763981,279754,96401,259078,176017,377307,714849,732786,49132,31195,763981,279754,96401,259078,176017,377307,714849,732786,49132,31195,0,0,0,0,0,0,0,0,0,0,41398,21610,-192,14978,6206,24464,42794,39249,-1395,2149,100.0,36.6,12.6,33.9,23.0,49.4,93.6,95.9,6.4,4.1,100.0,36.6,12.6,33.9,23.0,49.4,93.6,95.9,6.4,4.1,0.0,0.0,0.0,0.0,0.0,0.0,0.0,0.0,0.0,0.0,370,203,82,161,64,71,332,254,370,203,82,161,64,71,332,254,0,0,0,0,0,0,0,0,16.2,26.2,24.1,42.0,8.8,20.0,14.6,29.2,16.2,26.2,24.1,42.0,8.8,20.0,14.6,29.2,0.0,0.0,0.0,0.0,0.0,0.0,0.0,0.0,(CONTRACTS OF 100 TROY OUNCES),GOLD,PRECIOUS METALS,NATURAL RESOURCES,Combined
231121088695C,MICRO GOLD - COMMODITY EXCHANGE INC.,2023-11-21T00:00:00.000,2023 Report Week 47,MICRO GOLD,088695,CMX ,NYC,088 ,GOLD,34135,13575,11192,8162,0,0,21737,19354,12398,14781,34135,13575,11192,8162,0,0,21737,19354,12398,14781,0,0,0,0,0,0,0,0,0,0,1030,3528,-481,-706,0,0,2822,-1187,-1792,2217,100.0,39.8,32.8,23.9,0.0,0.0,63.7,56.7,36.3,43.3,100.0,39.8,32.8,23.9,0.0,0.0,63.7,56.7,36.3,43.3,0.0,0.0,0.0,0.0,0.0,0.0,0.0,0.0,0.0,0.0,23,15,8,9,0,0,16,16,23,15,8,9,0,0,16,16,0,0,0,0,0,0,0,0,37.1,39.5,52.5,51.4,23.7,27.2,32.8,32.8,37.1,39.5,52.5,51.4,23.7,27.2,32.8,32.8,0.0,0.0,0.0,0.0,0.0,0.0,0.0,0.0,(CONTRACTS OF 10 TROY OUNCES),GOLD,PRECIOUS METALS,NATURAL RESOURCES,Combined
231114088695C,MICRO GOLD - COMMODITY EXCHANGE INC.,2023-11-14T00:00:00.000,2023 Report Week 46,MICRO GOLD,088695,CMX ,NYC,088 ,GOLD,33105,10047,11673,8868,0,0,18915,20541,14190,12564,33105,10047,11673,8868,0,0,18915,20541,14190,12564,0,0,0,0,0,0,0,0,0,0,1393,-741,1266,1566,0,0,826,2832,567,-1439,100.0,30.3,35.3,26.8,0.0,0.0,57.1,62.0,42.9,38.0,100.0,30.3,35.3,26.8,0.0,0.0,57.1,62.0,42.9,38.0,0.0,0.0,0.0,0.0,0.0,0.0,0.0,0.0,0.0,0.0,22,10,12,9,0,0,13,18,22,10,12,9,0,0,13,18,0,0,0,0,0,0,0,0,37.7,42.0,50.3,53.5,22.3,25.7,28.8,32.3,37.7,42.0,50.3,53.5,22.3,25.7,28.8,32.3,0.0,0.0,0.0,0.0,0.0,0.0,0.0,0.0,(CONTRACTS OF 10 TROY OUNCES),GOLD,PRECIOUS METALS,NATURAL RESOURCES,Combined
231114088691C,GOLD - COMMODITY EXCHANGE INC.,2023-11-14T00:00:00.000,2023 Report Week 46,GOLD,088691,CMX ,NYC,088 ,GOLD,722583,258144,96593,244100,169811,352843,672055,693537,50527,29045,722583,258144,96593,244100,169811,352843,672055,693537,50527,29045,0,0,0,0,0,0,0,0,0,0,2413,-7325,3688,11032,-790,-10616,2917,4104,-504,-1691,100.0,35.7,13.4,33.8,23.5,48.8,93.0,96.0,7.0,4.0,100.0,35.7,13.4,33.8,23.5,48.8,93.0,96.0,7.0,4.0,0.0,0.0,0.0,0.0,0.0,0.0,0.0,0.0,0.0,0.0,360,206,72,149,60,69,315,246,360,206,72,149,60,69,315,246,0,0,0,0,0,0,0,0,16.5,27.5,24.9,43.4,9.3,21.8,15.3,30.7,16.5,27.5,24.9,43.4,9.3,21.8,15.3,30.7,0.0,0.0,0.0,0.0,0.0,0.0,0.0,0.0,(CONTRACTS OF 100 TROY OUNCES),GOLD,PRECIOUS METALS,NATURAL RESOURCES,Combined
231107088691C,GOLD - COMMODITY EXCHANGE INC.,2023-11-07T00:00:00.000,2023 Report Week 45,GOLD,088691,CMX ,NYC,088 ,GOLD,720170,265469,92905,233069,170600,363459,669139,689433,51031,30737,720170,265469,92905,233069,170600,363459,669139,689433,51031,30737,0,0,0,0,0,0,0,0,0,0,-8503,-4301,-5441,-4362,288,2593,-8375,-7210,-128,-1293,100.0,36.9,12.9,32.4,23.7,50.5,92.9,95.7,7.1,4.3,100.0,36.9,12.9,32.4,23.7,50.5,92.9,95.7,7.1,4.3,0.0,0.0,0.0,0.0,0.0,0.0,0.0,0.0,0.0,0.0,351,199,75,147,57,68,307,241,351,199,75,147,57,68,307,241,0,0,0,0,0,0,0,0,16.6,27.9,24.9,43.8,9.6,21.9,15.4,31.0,16.6,27.9,24.9,43.8,9.6,21.9,15.4,31.0,0.0,0.0,0.0,0.0,0.0,0.0,0.0,0.0,(CONTRACTS OF 100 TROY OUNCES),GOLD,PRECIOUS METALS,NATURAL RESOURCES,Combined
231107088695C,MICRO GOLD - COMMODITY EXCHANGE INC.,2023-11-07T00:00:00.000,2023 Report Week 45,MICRO GOLD,088695,CMX ,NYC,088 ,GOLD,31712,10788,10407,7302,0,0,18089,17709,13623,14003,31712,10788,10407,7302,0,0,18089,17709,13623,14003,0,0,0,0,0,0,0,0,0,0,683,421,404,1500,0,0,1920,1904,-1238,-1221,100.0,34.0,32.8,23.0,0.0,0.0,57.0,55.8,43.0,44.2,100.0,34.0,32.8,23.0,0.0,0.0,57.0,55.8,43.0,44.2,0.0,0.0,0.0,0.0,0.0,0.0,0.0,0.0,0.0,0.0,27,13,13,10,0,0,16,21,27,13,13,10,0,0,16,21,0,0,0,0,0,0,0,0,36.3,37.5,49.0,45.6,21.9,21.4,29.8,28.9,36.3,37.5,49.0,45.6,21.9,21.4,29.8,28.9,0.0,0.0,0.0,0.0,0.0,0.0,0.0,0.0,(CONTRACTS OF 10 TROY OUNCES),GOLD,PRECIOUS METALS,NATURAL RESOURCES,Combined
231031088695C,MICRO GOLD - COMMODITY EXCHANGE INC.,2023-10-31T00:00:00.000,2023 Report Week 44,MICRO GOLD,088695,CMX ,NYC,088 ,GOLD,31029,10367,10003,5802,0,0,16169,15805,14860,15224,31029,10367,10003,5802,0,0,16169,15805,14860,15224,0,0,0,0,0,0,0,0,0,0,977,-1111,488,312,0,0,-799,800,1776,177,100.0,33.4,32.2,18.7,0.0,0.0,52.1,50.9,47.9,49.1,100.0,33.4,32.2,18.7,0.0,0.0,52.1,50.9,47.9,49.1,0.0,0.0,0.0,0.0,0.0,0.0,0.0,0.0,0.0,0.0,24,12,12,10,0,0,14,20,24,12,12,10,0,0,14,20,0,0,0,0,0,0,0,0,35.4,31.4,45.9,41.6,21.9,20.8,28.9,29.1,35.4,31.4,45.9,41.6,21.9,20.8,28.9,29.1,0.0,0.0,0.0,0.0,0.0,0.0,0.0,0.0,(CONTRACTS OF 10 TROY OUNCES),GOLD,PRECIOUS METALS,NATURAL RESOURCES,Combined
231031088691C,GOLD - COMMODITY EXCHANGE INC.,2023-10-31T00:00:00.000,2023 Report Week 44,GOLD,088691,CMX ,NYC,088 ,GOLD,728673,269771,98347,237430,170312,360866,677513,696643,51160,32030,728673,269771,98347,237430,170312,360866,677513,696643,51160,32030,0,0,0,0,0,0,0,0,0,0,-11937,14417,-3786,-19918,-7877,12922,-13378,-10781,1441,-1156,100.0,37.0,13.5,32.6,23.4,49.5,93.0,95.6,7.0,4.4,100.0,37.0,13.5,32.6,23.4,49.5,93.0,95.6,7.0,4.4,0.0,0.0,0.0,0.0,0.0,0.0,0.0,0.0,0.0,0.0,358,205,70,147,61,68,314,242,358,205,70,147,61,68,314,242,0,0,0,0,0,0,0,0,16.7,27.7,25.3,43.1,9.7,20.8,15.8,30.0,16.7,27.7,25.3,43.1,9.7,20.8,15.8,30.0,0.0,0.0,0.0,0.0,0.0,0.0,0.0,0.0,(CONTRACTS OF 100 TROY OUNCES),GOLD,PRECIOUS METALS,NATURAL RESOURCES,Combined
231024088691C,GOLD - COMMODITY EXCHANGE INC.,2023-10-24T00:00:00.000,2023 Report Week 43,GOLD,088691,CMX ,NYC,088 ,GOLD,740610,255354,102133,257348,178190,347944,690891,707424,49719,33186,740610,255354,102133,257348,178190,347944,690891,707424,49719,33186,0,0,0,0,0,0,0,0,0,0,67941,30188,-12948,29428,6308,50034,65924,66514,2017,1427,100.0,34.5,13.8,34.7,24.1,47.0,93.3,95.5,6.7,4.5,100.0,34.5,13.8,34.7,24.1,47.0,93.3,95.5,6.7,4.5,0.0,0.0,0.0,0.0,0.0,0.0,0.0,0.0,0.0,0.0,353,193,82,148,57,67,309,241,353,193,82,148,57,67,309,241,0,0,0,0,0,0,0,0,17.6,26.9,26.2,43.1,9.5,19.2,15.5,28.3,17.6,26.9,26.2,43.1,9.5,19.2,15.5,28.3,0.0,0.0,0.0,0.0,0.0,0.0,0.0,0.0,(CONTRACTS OF 100 TROY OUNCES),GOLD,PRECIOUS METALS,NATURAL RESOURCES,Combined
231024088695C,MICRO GOLD - COMMODITY EXCHANGE INC.,2023-10-24T00:00:00.000,2023 Report Week 43,MICRO GOLD,088695,CMX ,NYC,088 ,GOLD,30053,11478,9515,5490,0,0,16968,15005,13085,15048,30053,11478,9515,5490,0,0,16968,15005,13085,15048,0,0,0,0,0,0,0,0,0,0,-40,780,-2191,-305,0,0,475,-2496,-515,2456,100.0,38.2,31.7,18.3,0.0,0.0,56.5,49.9,43.5,50.1,100.0,38.2,31.7,18.3,0.0,0.0,56.5,49.9,43.5,50.1,0.0,0.0,0.0,0.0,0.0,0.0,0.0,0.0,0.0,0.0,26,13,13,9,0,0,14,21,26,13,13,9,0,0,14,21,0,0,0,0,0,0,0,0,33.9,30.5,47.9,39.8,23.1,20.6,31.7,27.8,33.9,30.5,47.9,39.8,23.1,20.6,31.7,27.8,0.0,0.0,0.0,0.0,0.0,0.0,0.0,0.0,(CONTRACTS OF 10 TROY OUNCES),GOLD,PRECIOUS METALS,NATURAL RESOURCES,Combined
231017088695C,MICRO GOLD - COMMODITY EXCHANGE INC.,2023-10-17T00:00:00.000,2023 Report Week 42,MICRO GOLD,088695,CMX ,NYC,088 ,GOLD,30092,10698,11706,5795,0,0,16493,17501,13599,12591,30092,10698,11706,5795,0,0,16493,17501,13599,12591,0,0,0,0,0,0,0,0,0,0,-2018,1161,-5643,2120,0,0,3281,-3523,-5299,1505,100.0,35.6,38.9,19.3,0.0,0.0,54.8,58.2,45.2,41.8,100.0,35.6,38.9,19.3,0.0,0.0,54.8,58.2,45.2,41.8,0.0,0.0,0.0,0.0,0.0,0.0,0.0,0.0,0.0,0.0,23,13,10,8,0,0,14,17,23,13,10,8,0,0,14,17,0,0,0,0,0,0,0,0,36.4,40.3,47.9,51.4,26.1,31.0,31.2,37.6,36.4,40.3,47.9,51.4,26.1,31.0,31.2,37.6,0.0,0.0,0.0,0.0,0.0,0.0,0.0,0.0,(CONTRACTS OF 10 TROY OUNCES),GOLD,PRECIOUS METALS,NATURAL RESOURCES,Combined
231017088691C,GOLD - COMMODITY EXCHANGE INC.,2023-10-17T00:00:00.000,2023 Report Week 42,GOLD,088691,CMX ,NYC,088 ,GOLD,672669,225166,115081,227920,171882,297910,624967,640910,47702,31758,672669,225166,115081,227920,171882,297910,624967,640910,47702,31758,0,0,0,0,0,0,0,0,0,0,49453,18964,-30646,39617,-4957,39545,53624,48516,-4170,937,100.0,33.5,17.1,33.9,25.6,44.3,92.9,95.3,7.1,4.7,100.0,33.5,17.1,33.9,25.6,44.3,92.9,95.3,7.1,4.7,0.0,0.0,0.0,0.0,0.0,0.0,0.0,0.0,0.0,0.0,346,186,85,150,58,63,308,236,346,186,85,150,58,63,308,236,0,0,0,0,0,0,0,0,17.5,25.5,26.1,43.2,10.0,19.5,16.3,29.9,17.5,25.5,26.1,43.2,10.0,19.5,16.3,29.9,0.0,0.0,0.0,0.0,0.0,0.0,0.0,0.0,(CONTRACTS OF 100 TROY OUNCES),GOLD,PRECIOUS METALS,NATURAL RESOURCES,Combined
231010088695C,MICRO GOLD - COMMODITY EXCHANGE INC.,2023-10-10T00:00:00.000,2023 Report Week 41,MICRO GOLD,088695,CMX ,NYC,088 ,GOLD,32110,9537,17349,3675,0,0,13212,21024,18898,11086,32110,9537,17349,3675,0,0,13212,21024,18898,11086,0,0,0,0,0,0,0,0,0,0,205,1774,-184,628,0,0,2402,444,-2197,-239,100.0,29.7,54.0,11.4,0.0,0.0,41.1,65.5,58.9,34.5,100.0,29.7,54.0,11.4,0.0,0.0,41.1,65.5,58.9,34.5,0.0,0.0,0.0,0.0,0.0,0.0,0.0,0.0,0.0,0.0,23,10,13,7,0,0,12,18,23,10,13,7,0,0,12,18,0,0,0,0,0,0,0,0,29.1,43.6,37.3,57.9,23.5,35.6,28.0,49.9,29.1,43.6,37.3,57.9,23.5,35.6,28.0,49.9,0.0,0.0,0.0,0.0,0.0,0.0,0.0,0.0,(CONTRACTS OF 10 TROY OUNCES),GOLD,PRECIOUS METALS,NATURAL RESOURCES,Combined
231010088691C,GOLD - COMMODITY EXCHANGE INC.,2023-10-10T00:00:00.000,2023 Report Week 41,GOLD,088691,CMX ,NYC,088 ,GOLD,623216,206202,145727,188303,176839,258365,571344,592394,51872,30821,623216,206202,145727,188303,176839,258365,571344,592394,51872,30821,0,0,0,0,0,0,0,0,0,0,15725,-3762,11030,10468,10437,-7062,17143,14437,-1418,1288,100.0,33.1,23.4,30.2,28.4,41.5,91.7,95.1,8.3,4.9,100.0,33.1,23.4,30.2,28.4,41.5,91.7,95.1,8.3,4.9,0.0,0.0,0.0,0.0,0.0,0.0,0.0,0.0,0.0,0.0,345,180,90,144,64,58,303,236,345,180,90,144,64,58,303,236,0,0,0,0,0,0,0,0,16.4,24.5,25.4,41.2,10.8,19.3,17.6,30.1,16.4,24.5,25.4,41.2,10.8,19.3,17.6,30.1,0.0,0.0,0.0,0.0,0.0,0.0,0.0,0.0,(CONTRACTS OF 100 TROY OUNCES),GOLD,PRECIOUS METALS,NATURAL RESOURCES,Combined
231003088691C,GOLD - COMMODITY EXCHANGE INC.,2023-10-03T00:00:00.000,2023 Report Week 40,GOLD,088691,CMX ,NYC,088 ,GOLD,607491,209964,134697,177835,166402,265426,554201,577957,53290,29533,607491,209964,134697,177835,166402,265426,554201,577957,53290,29533,0,0,0,0,0,0,0,0,0,0,33669,-22872,14386,36354,17704,-16146,31186,34593,2483,-924,100.0,34.6,22.2,29.3,27.4,43.7,91.2,95.1,8.8,4.9,100.0,34.6,22.2,29.3,27.4,43.7,91.2,95.1,8.8,4.9,0.0,0.0,0.0,0.0,0.0,0.0,0.0,0.0,0.0,0.0,349,185,88,138,63,57,301,233,349,185,88,138,63,57,301,233,0,0,0,0,0,0,0,0,16.6,25.8,25.6,42.4,10.9,20.7,17.9,31.9,16.6,25.8,25.6,42.4,10.9,20.7,17.9,31.9,0.0,0.0,0.0,0.0,0.0,0.0,0.0,0.0,(CONTRACTS OF 100 TROY OUNCES),GOLD,PRECIOUS METALS,NATURAL RESOURCES,Combined
231003088695C,MICRO GOLD - COMMODITY EXCHANGE INC.,2023-10-03T00:00:00.000,2023 Report Week 40,MICRO GOLD,088695,CMX ,NYC,088 ,GOLD,31905,7763,17533,3047,0,0,10810,20580,21095,11325,31905,7763,17533,3047,0,0,10810,20580,21095,11325,0,0,0,0,0,0,0,0,0,0,,,,,,,,,,,100.0,24.3,55.0,9.6,0.0,0.0,33.9,64.5,66.1,35.5,100.0,24.3,55.0,9.6,0.0,0.0,33.9,64.5,66.1,35.5,0.0,0.0,0.0,0.0,0.0,0.0,0.0,0.0,0.0,0.0,22,10,12,6,0,0,12,16,22,10,12,6,0,0,12,16,0,0,0,0,0,0,0,0,24.7,51.3,30.4,59.5,18.4,45.0,22.9,52.1,24.7,51.3,30.4,59.5,18.4,45.0,22.9,52.1,0.0,0.0,0.0,0.0,0.0,0.0,0.0,0.0,(CONTRACTS OF 10 TROY OUNCES),GOLD,PRECIOUS METALS,NATURAL RESOURCES,Combined
230926088691C,GOLD - COMMODITY EXCHANGE INC.,2023-09-26T00:00:00.000,2023 Report Week 39,GOLD,088691,CMX ,NYC,088 ,GOLD,573822,232836,120311,141481,148698,281572,523014,543364,50808,30458,573822,232836,120311,141481,148698,281572,523014,543364,50808,30458,0,0,0,0,0,0,0,0,0,0,-22588,-6106,18121,-16307,-1509,-24106,-23923,-22292,1335,-295,100.0,40.6,21.0,24.7,25.9,49.1,91.1,94.7,8.9,5.3,100.0,40.6,21.0,24.7,25.9,49.1,91.1,94.7,8.9,5.3,0.0,0.0,0.0,0.0,0.0,0.0,0.0,0.0,0.0,0.0,340,177,95,127,55,55,293,217,340,177,95,127,55,55,293,217,0,0,0,0,0,0,0,0,15.3,28.8,24.0,44.4,12.5,24.2,19.9,37.1,15.3,28.8,24.0,44.4,12.5,24.2,19.9,37.1,0.0,0.0,0.0,0.0,0.0,0.0,0.0,0.0,(CONTRACTS OF 100 TROY OUNCES),GOLD,PRECIOUS METALS,NATURAL RESOURCES,Combined
230919088691C,GOLD - COMMODITY EXCHANGE INC.,2023-09-19T00:00:00.000,2023 Report Week 38,GOLD,088691,CMX ,NYC,088 ,GOLD,596410,238942,102190,157788,150207,305678,546937,565656,49473,30753,596410,238942,102190,157788,150207,305678,546937,565656,49473,30753,0,0,0,0,0,0,0,0,0,0,10434,3058,-10765,10948,-1389,9356,12616,9539,-2183,895,100.0,40.1,17.1,26.5,25.2,51.3,91.7,94.8,8.3,5.2,100.0,40.1,17.1,26.5,25.2,51.3,91.7,94.8,8.3,5.2,0.0,0.0,0.0,0.0,0.0,0.0,0.0,0.0,0.0,0.0,327,173,84,130,56,57,291,211,327,173,84,130,56,57,291,211,0,0,0,0,0,0,0,0,16.2,28.2,24.9,45.3,12.2,23.8,19.8,36.7,16.2,28.2,24.9,45.3,12.2,23.8,19.8,36.7,0.0,0.0,0.0,0.0,0.0,0.0,0.0,0.0,(CONTRACTS OF 100 TROY OUNCES),GOLD,PRECIOUS METALS,NATURAL RESOURCES,Combined
230919088695C,MICRO GOLD - COMMODITY EXCHANGE INC.,2023-09-19T00:00:00.000,2023 Report Week 38,MICRO GOLD,088695,CMX ,NYC,088 ,GOLD,28783,9576,11304,3586,0,0,13162,14890,15621,13893,28783,9576,11304,3586,0,0,13162,14890,15621,13893,0,0,0,0,0,0,0,0,0,0,-2946,-2629,-4568,401,0,0,-2228,-4167,-718,1221,100.0,33.3,39.3,12.5,0.0,0.0,45.7,51.7,54.3,48.3,100.0,33.3,39.3,12.5,0.0,0.0,45.7,51.7,54.3,48.3,0.0,0.0,0.0,0.0,0.0,0.0,0.0,0.0,0.0,0.0,21,11,10,5,0,0,13,13,21,11,10,5,0,0,13,13,0,0,0,0,0,0,0,0,35.8,33.5,41.5,48.6,26.0,27.1,30.9,37.7,35.8,33.5,41.5,48.6,26.0,27.1,30.9,37.7,0.0,0.0,0.0,0.0,0.0,0.0,0.0,0.0,(CONTRACTS OF 10 TROY OUNCES),GOLD,PRECIOUS METALS,NATURAL RESOURCES,Combined
230912088691C,GOLD - COMMODITY EXCHANGE INC.,2023-09-12T00:00:00.000,2023 Report Week 37,GOLD,088691,CMX ,NYC,088 ,GOLD,585976,235884,112955,146840,151596,296322,534321,556117,51655,29859,585976,235884,112955,146840,151596,296322,534321,556117,51655,29859,0,0,0,0,0,0,0,0,0,0,-911,-3632,13336,-1528,3500,-12608,-1660,-799,750,-111,100.0,40.3,19.3,25.1,25.9,50.6,91.2,94.9,8.8,5.1,100.0,40.3,19.3,25.1,25.9,50.6,91.2,94.9,8.8,5.1,0.0,0.0,0.0,0.0,0.0,0.0,0.0,0.0,0.0,0.0,337,179,86,130,58,56,293,219,337,179,86,130,58,56,293,219,0,0,0,0,0,0,0,0,15.9,28.4,24.3,45.0,12.2,23.8,19.8,36.6,15.9,28.4,24.3,45.0,12.2,23.8,19.8,36.6,0.0,0.0,0.0,0.0,0.0,0.0,0.0,0.0,(CONTRACTS OF 100 TROY OUNCES),GOLD,PRECIOUS METALS,NATURAL RESOURCES,Combined
230912088695C,MICRO GOLD - COMMODITY EXCHANGE INC.,2023-09-12T00:00:00.000,2023 Report Week 37,MICRO GOLD,088695,CMX ,NYC,088 ,GOLD,31729,12205,15872,3185,0,0,15390,19057,16339,12672,31729,12205,15872,3185,0,0,15390,19057,16339,12672,0,0,0,0,0,0,0,0,0,0,,,,,,,,,,,100.0,38.5,50.0,10.0,0.0,0.0,48.5,60.1,51.5,39.9,100.0,38.5,50.0,10.0,0.0,0.0,48.5,60.1,51.5,39.9,0.0,0.0,0.0,0.0,0.0,0.0,0.0,0.0,0.0,0.0,22,10,12,7,0,0,13,16,22,10,12,7,0,0,13,16,0,0,0,0,0,0,0,0,41.1,37.9,45.3,55.0,33.8,33.3,37.2,47.1,41.1,37.9,45.3,55.0,33.8,33.3,37.2,47.1,0.0,0.0,0.0,0.0,0.0,0.0,0.0,0.0,(CONTRACTS OF 10 TROY OUNCES),GOLD,PRECIOUS METALS,NATURAL RESOURCES,Combined
230905088691C,GOLD - COMMODITY EXCHANGE INC.,2023-09-05T00:00:00.000,2023 Report Week 36,GOLD,088691,CMX ,NYC,088 ,GOLD,586886,239516,99618,148368,148097,308930,535981,556917,50906,29970,586886,239516,99618,148368,148097,308930,535981,556917,50906,29970,0,0,0,0,0,0,0,0,0,0,-10355,-3357,-16327,-2390,-6658,9511,-12406,-9206,2051,-1148,100.0,40.8,17.0,25.3,25.2,52.6,91.3,94.9,8.7,5.1,100.0,40.8,17.0,25.3,25.2,52.6,91.3,94.9,8.7,5.1,0.0,0.0,0.0,0.0,0.0,0.0,0.0,0.0,0.0,0.0,337,174,89,135,59,63,295,226,337,174,89,135,59,63,295,226,0,0,0,0,0,0,0,0,16.0,29.0,25.0,45.5,12.5,25.0,20.4,36.9,16.0,29.0,25.0,45.5,12.5,25.0,20.4,36.9,0.0,0.0,0.0,0.0,0.0,0.0,0.0,0.0,(CONTRACTS OF 100 TROY OUNCES),GOLD,PRECIOUS METALS,NATURAL RESOURCES,Combined
230829088691C,GOLD - COMMODITY EXCHANGE INC.,2023-08-29T00:00:00.000,2023 Report Week 35,GOLD,088691,CMX ,NYC,088 ,GOLD,597241,242873,115945,150759,154755,299419,548387,566123,48855,31118,597241,242873,115945,150759,154755,299419,548387,566123,48855,31118,0,0,0,0,0,0,0,0,0,0,-2768,22124,-6056,-15492,-6198,19200,434,-2347,-3202,-421,100.0,40.7,19.4,25.2,25.9,50.1,91.8,94.8,8.2,5.2,100.0,40.7,19.4,25.2,25.9,50.1,91.8,94.8,8.2,5.2,0.0,0.0,0.0,0.0,0.0,0.0,0.0,0.0,0.0,0.0,332,173,86,134,59,62,290,225,332,173,86,134,59,62,290,225,0,0,0,0,0,0,0,0,16.1,27.6,25.0,43.9,12.2,23.5,19.6,35.2,16.1,27.6,25.0,43.9,12.2,23.5,19.6,35.2,0.0,0.0,0.0,0.0,0.0,0.0,0.0,0.0,(CONTRACTS OF 100 TROY OUNCES),GOLD,PRECIOUS METALS,NATURAL RESOURCES,Combined
230829088695C,MICRO GOLD - COMMODITY EXCHANGE INC.,2023-08-29T00:00:00.000,2023 Report Week 35,MICRO GOLD,088695,CMX ,NYC,088 ,GOLD,30968,12366,14722,3425,0,0,15791,18147,15177,12821,30968,12366,14722,3425,0,0,15791,18147,15177,12821,0,0,0,0,0,0,0,0,0,0,,,,,,,,,,,100.0,39.9,47.5,11.1,0.0,0.0,51.0,58.6,49.0,41.4,100.0,39.9,47.5,11.1,0.0,0.0,51.0,58.6,49.0,41.4,0.0,0.0,0.0,0.0,0.0,0.0,0.0,0.0,0.0,0.0,20,9,11,9,0,0,12,17,20,9,11,9,0,0,12,17,0,0,0,0,0,0,0,0,40.4,33.9,48.9,51.6,33.3,31.4,39.2,45.0,40.4,33.9,48.9,51.6,33.3,31.4,39.2,45.0,0.0,0.0,0.0,0.0,0.0,0.0,0.0,0.0,(CONTRACTS OF 10 TROY OUNCES),GOLD,PRECIOUS METALS,NATURAL RESOURCES,Combined
230822088691C,GOLD - COMMODITY EXCHANGE INC.,2023-08-22T00:00:00.000,2023 Report Week 34,GOLD,088691,CMX ,NYC,088 ,GOLD,600009,220749,122001,166250,160953,280219,547952,568470,52057,31539,600009,220749,122001,166250,160953,280219,547952,568470,52057,31539,0,0,0,0,0,0,0,0,0,0,5253,-9294,11759,8377,4345,-18265,3428,1871,1824,3382,100.0,36.8,20.3,27.7,26.8,46.7,91.3,94.7,8.7,5.3,100.0,36.8,20.3,27.7,26.8,46.7,91.3,94.7,8.7,5.3,0.0,0.0,0.0,0.0,0.0,0.0,0.0,0.0,0.0,0.0,340,171,95,131,61,59,289,230,340,171,95,131,61,59,289,230,0,0,0,0,0,0,0,0,16.8,26.4,25.6,42.6,11.8,22.0,18.5,32.9,16.8,26.4,25.6,42.6,11.8,22.0,18.5,32.9,0.0,0.0,0.0,0.0,0.0,0.0,0.0,0.0,(CONTRACTS OF 100 TROY OUNCES),GOLD,PRECIOUS METALS,NATURAL RESOURCES,Combined
230815088691C,GOLD - COMMODITY EXCHANGE INC.,2023-08-15T00:00:00.000,2023 Report Week 33,GOLD,088691,CMX ,NYC,088 ,GOLD,594756,230043,110241,157874,156607,298485,544524,566600,50232,28157,594756,230043,110241,157874,156607,298485,544524,566600,50232,28157,0,0,0,0,0,0,0,0,0,0,11016,464,25384,5477,5060,-23391,11001,7470,15,3546,100.0,38.7,18.5,26.5,26.3,50.2,91.6,95.3,8.4,4.7,100.0,38.7,18.5,26.5,26.3,50.2,91.6,95.3,8.4,4.7,0.0,0.0,0.0,0.0,0.0,0.0,0.0,0.0,0.0,0.0,337,175,91,136,59,57,293,227,337,175,91,136,59,57,293,227,0,0,0,0,0,0,0,0,16.7,27.8,25.8,43.4,12.3,23.9,19.1,34.2,16.7,27.8,25.8,43.4,12.3,23.9,19.1,34.2,0.0,0.0,0.0,0.0,0.0,0.0,0.0,0.0,(CONTRACTS OF 100 TROY OUNCES),GOLD,PRECIOUS METALS,NATURAL RESOURCES,Combined
230808088691C,GOLD - COMMODITY EXCHANGE INC.,2023-08-08T00:00:00.000,2023 Report Week 32,GOLD,088691,CMX ,NYC,088 ,GOLD,583740,229579,84857,152397,151547,321875,533523,559129,50218,24611,583740,229579,84857,152397,151547,321875,533523,559129,50218,24611,0,0,0,0,0,0,0,0,0,0,-12360,-14481,10090,2606,-2707,-24465,-14582,-11770,2222,-590,100.0,39.3,14.5,26.1,26.0,55.1,91.4,95.8,8.6,4.2,100.0,39.3,14.5,26.1,26.0,55.1,91.4,95.8,8.6,4.2,0.0,0.0,0.0,0.0,0.0,0.0,0.0,0.0,0.0,0.0,328,163,89,133,59,61,285,224,328,163,89,133,59,61,285,224,0,0,0,0,0,0,0,0,16.9,30.5,26.0,45.9,12.5,27.0,19.0,37.2,16.9,30.5,26.0,45.9,12.5,27.0,19.0,37.2,0.0,0.0,0.0,0.0,0.0,0.0,0.0,0.0,(CONTRACTS OF 100 TROY OUNCES),GOLD,PRECIOUS METALS,NATURAL RESOURCES,Combined
230801088691C,GOLD - COMMODITY EXCHANGE INC.,2023-08-01T00:00:00.000,2023 Report Week 31,GOLD,088691,CMX ,NYC,088 ,GOLD,596100,244060,74767,149791,154254,346341,548104,570899,47996,25201,596100,244060,74767,149791,154254,346341,548104,570899,47996,25201,0,0,0,0,0,0,0,0,0,0,-63455,-9344,1196,-32177,-18220,-30273,-59741,-61254,-3714,-2201,100.0,40.9,12.5,25.1,25.9,58.1,91.9,95.8,8.1,4.2,100.0,40.9,12.5,25.1,25.9,58.1,91.9,95.8,8.1,4.2,0.0,0.0,0.0,0.0,0.0,0.0,0.0,0.0,0.0,0.0,331,167,90,131,59,63,290,223,331,167,90,131,59,63,290,223,0,0,0,0,0,0,0,0,16.6,31.5,25.7,46.4,12.4,27.8,19.0,37.6,16.6,31.5,25.7,46.4,12.4,27.8,19.0,37.6,0.0,0.0,0.0,0.0,0.0,0.0,0.0,0.0,(CONTRACTS OF 100 TROY OUNCES),GOLD,PRECIOUS METALS,NATURAL RESOURCES,Combined
230725088691C,GOLD - COMMODITY EXCHANGE INC.,2023-07-25T00:00:00.000,2023 Report Week 30,GOLD,088691,CMX ,NYC,088 ,GOLD,659555,253403,73571,181968,172474,376614,607845,632153,51710,27402,659555,253403,73571,181968,172474,376614,607845,632153,51710,27402,0,0,0,0,0,0,0,0,0,0,-16488,-19125,1354,-5791,7961,-8201,-16956,-12638,467,-3850,100.0,38.4,11.2,27.6,26.1,57.1,92.2,95.8,7.8,4.2,100.0,38.4,11.2,27.6,26.1,57.1,92.2,95.8,7.8,4.2,0.0,0.0,0.0,0.0,0.0,0.0,0.0,0.0,0.0,0.0,346,184,86,140,61,66,305,235,346,184,86,140,61,66,305,235,0,0,0,0,0,0,0,0,16.4,30.6,25.8,44.8,11.5,26.1,17.7,34.7,16.4,30.6,25.8,44.8,11.5,26.1,17.7,34.7,0.0,0.0,0.0,0.0,0.0,0.0,0.0,0.0,(CONTRACTS OF 100 TROY OUNCES),GOLD,PRECIOUS METALS,NATURAL RESOURCES,Combined
230718088691C,GOLD - COMMODITY EXCHANGE INC.,2023-07-18T00:00:00.000,2023 Report Week 29,GOLD,088691,CMX ,NYC,088 ,GOLD,676043,272528,72217,187759,164513,384815,624801,644791,51243,31252,676043,272528,72217,187759,164513,384815,624801,644791,51243,31252,0,0,0,0,0,0,0,0,0,0,19647,28452,-3238,-10988,2662,32094,20127,17869,-481,1778,100.0,40.3,10.7,27.8,24.3,56.9,92.4,95.4,7.6,4.6,100.0,40.3,10.7,27.8,24.3,56.9,92.4,95.4,7.6,4.6,0.0,0.0,0.0,0.0,0.0,0.0,0.0,0.0,0.0,0.0,342,188,81,134,58,65,303,224,342,188,81,134,58,65,303,224,0,0,0,0,0,0,0,0,15.9,30.2,25.5,44.6,11.1,26.4,17.5,35.1,15.9,30.2,25.5,44.6,11.1,26.4,17.5,35.1,0.0,0.0,0.0,0.0,0.0,0.0,0.0,0.0,(CONTRACTS OF 100 TROY OUNCES),GOLD,PRECIOUS METALS,NATURAL RESOURCES,Combined
230711088691C,GOLD - COMMODITY EXCHANGE INC.,2023-07-11T00:00:00.000,2023 Report Week 28,GOLD,088691,CMX ,NYC,088 ,GOLD,656397,244076,75455,198747,161851,352721,604673,626923,51723,29474,656397,244076,75455,198747,161851,352721,604673,626923,51723,29474,0,0,0,0,0,0,0,0,0,0,46723,6160,2735,36266,2849,6687,45276,45689,1448,1035,100.0,37.2,11.5,30.3,24.7,53.7,92.1,95.5,7.9,4.5,100.0,37.2,11.5,30.3,24.7,53.7,92.1,95.5,7.9,4.5,0.0,0.0,0.0,0.0,0.0,0.0,0.0,0.0,0.0,0.0,334,179,81,130,60,60,298,215,334,179,81,130,60,60,298,215,0,0,0,0,0,0,0,0,15.8,28.7,25.3,43.4,11.4,25.8,18.0,35.0,15.8,28.7,25.3,43.4,11.4,25.8,18.0,35.0,0.0,0.0,0.0,0.0,0.0,0.0,0.0,0.0,(CONTRACTS OF 100 TROY OUNCES),GOLD,PRECIOUS METALS,NATURAL RESOURCES,Combined
230703088691C,GOLD - COMMODITY EXCHANGE INC.,2023-07-03T00:00:00.000,2023 Report Week 27,GOLD,088691,CMX ,NYC,088 ,GOLD,609673,237916,72719,162481,159002,346034,559398,581234,50276,28440,609673,237916,72719,162481,159002,346034,559398,581234,50276,28440,0,0,0,0,0,0,0,0,0,0,18916,15333,3734,9472,-3179,6257,21626,19463,-2710,-547,100.0,39.0,11.9,26.7,26.1,56.8,91.8,95.3,8.2,4.7,100.0,39.0,11.9,26.7,26.1,56.8,91.8,95.3,8.2,4.7,0.0,0.0,0.0,0.0,0.0,0.0,0.0,0.0,0.0,0.0,321,161,88,119,58,60,279,209,321,161,88,119,58,60,279,209,0,0,0,0,0,0,0,0,16.5,30.7,25.8,45.7,12.4,27.7,19.1,37.3,16.5,30.7,25.8,45.7,12.4,27.7,19.1,37.3,0.0,0.0,0.0,0.0,0.0,0.0,0.0,0.0,(CONTRACTS OF 100 TROY OUNCES),GOLD,PRECIOUS METALS,NATURAL RESOURCES,Combined
230627088691C,GOLD - COMMODITY EXCHANGE INC.,2023-06-27T00:00:00.000,2023 Report Week 26,GOLD,088691,CMX ,NYC,088 ,GOLD,590757,222583,68986,153008,162181,339777,537772,561771,52985,28987,590757,222583,68986,153008,162181,339777,537772,561771,52985,28987,0,0,0,0,0,0,0,0,0,0,-30906,-9209,325,-10083,-12295,-21913,-31587,-31671,681,765,100.0,37.7,11.7,25.9,27.5,57.5,91.0,95.1,9.0,4.9,100.0,37.7,11.7,25.9,27.5,57.5,91.0,95.1,9.0,4.9,0.0,0.0,0.0,0.0,0.0,0.0,0.0,0.0,0.0,0.0,322,163,88,129,61,59,285,216,322,163,88,129,61,59,285,216,0,0,0,0,0,0,0,0,16.9,31.8,26.4,47.1,13.0,28.9,20.0,38.8,16.9,31.8,26.4,47.1,13.0,28.9,20.0,38.8,0.0,0.0,0.0,0.0,0.0,0.0,0.0,0.0,(CONTRACTS OF 100 TROY OUNCES),GOLD,PRECIOUS METALS,NATURAL RESOURCES,Combined
230620088691C,GOLD - COMMODITY EXCHANGE INC.,2023-06-20T00:00:00.000,2023 Report Week 25,GOLD,088691,CMX ,NYC,088 ,GOLD,621664,231792,68660,163091,174476,361690,569359,593442,52304,28222,621664,231792,68660,163091,174476,361690,569359,593442,52304,28222,0,0,0,0,0,0,0,0,0,0,3517,2528,310,1456,843,784,4827,2550,-1310,967,100.0,37.3,11.0,26.2,28.1,58.2,91.6,95.5,8.4,4.5,100.0,37.3,11.0,26.2,28.1,58.2,91.6,95.5,8.4,4.5,0.0,0.0,0.0,0.0,0.0,0.0,0.0,0.0,0.0,0.0,350,183,89,134,63,65,305,230,350,183,89,134,63,65,305,230,0,0,0,0,0,0,0,0,17.1,31.9,27.1,47.9,12.4,28.6,19.1,38.0,17.1,31.9,27.1,47.9,12.4,28.6,19.1,38.0,0.0,0.0,0.0,0.0,0.0,0.0,0.0,0.0,(CONTRACTS OF 100 TROY OUNCES),GOLD,PRECIOUS METALS,NATURAL RESOURCES,Combined
230613088691C,GOLD - COMMODITY EXCHANGE INC.,2023-06-13T00:00:00.000,2023 Report Week 24,GOLD,088691,CMX ,NYC,088 ,GOLD,618147,229264,68351,161635,173634,360906,564533,590892,53614,27255,618147,229264,68351,161635,173634,360906,564533,590892,53614,27255,0,0,0,0,0,0,0,0,0,0,-7098,-14505,3386,0,5923,-7819,-8582,-4434,1484,-2664,100.0,37.1,11.1,26.1,28.1,58.4,91.3,95.6,8.7,4.4,100.0,37.1,11.1,26.1,28.1,58.4,91.3,95.6,8.7,4.4,0.0,0.0,0.0,0.0,0.0,0.0,0.0,0.0,0.0,0.0,338,174,87,138,62,63,298,228,338,174,87,138,62,63,298,228,0,0,0,0,0,0,0,0,17.3,32.2,27.2,48.3,12.4,28.8,19.2,38.2,17.3,32.2,27.2,48.3,12.4,28.8,19.2,38.2,0.0,0.0,0.0,0.0,0.0,0.0,0.0,0.0,(CONTRACTS OF 100 TROY OUNCES),GOLD,PRECIOUS METALS,NATURAL RESOURCES,Combined
230606088691C,GOLD - COMMODITY EXCHANGE INC.,2023-06-06T00:00:00.000,2023 Report Week 23,GOLD,088691,CMX ,NYC,088 ,GOLD,625245,243769,64965,161635,167711,368726,573115,595326,52130,29919,625245,243769,64965,161635,167711,368726,573115,595326,52130,29919,0,0,0,0,0,0,0,0,0,0,-13881,976,-5109,-1118,-17294,-9964,-17436,-16191,3554,2309,100.0,39.0,10.4,25.9,26.8,59.0,91.7,95.2,8.3,4.8,100.0,39.0,10.4,25.9,26.8,59.0,91.7,95.2,8.3,4.8,0.0,0.0,0.0,0.0,0.0,0.0,0.0,0.0,0.0,0.0,336,179,84,129,59,63,294,221,336,179,84,129,59,63,294,221,0,0,0,0,0,0,0,0,17.1,32.5,27.2,47.9,12.4,29.1,19.1,38.2,17.1,32.5,27.2,47.9,12.4,29.1,19.1,38.2,0.0,0.0,0.0,0.0,0.0,0.0,0.0,0.0,(CONTRACTS OF 100 TROY OUNCES),GOLD,PRECIOUS METALS,NATURAL RESOURCES,Combined
230530088691C,GOLD - COMMODITY EXCHANGE INC.,2023-05-30T00:00:00.000,2023 Report Week 22,GOLD,088691,CMX ,NYC,088 ,GOLD,639126,242793,70074,162753,185005,378689,590550,611517,48576,27610,639126,242793,70074,162753,185005,378689,590550,611517,48576,27610,0,0,0,0,0,0,0,0,0,0,-83363,-8070,1916,-48899,-19940,-35487,-76909,-82470,-6455,-894,100.0,38.0,11.0,25.5,28.9,59.3,92.4,95.7,7.6,4.3,100.0,38.0,11.0,25.5,28.9,59.3,92.4,95.7,7.6,4.3,0.0,0.0,0.0,0.0,0.0,0.0,0.0,0.0,0.0,0.0,339,179,78,131,60,67,295,225,339,179,78,131,60,67,295,225,0,0,0,0,0,0,0,0,17.0,31.9,26.9,47.4,12.3,28.3,18.5,37.0,17.0,31.9,26.9,47.4,12.3,28.3,18.5,37.0,0.0,0.0,0.0,0.0,0.0,0.0,0.0,0.0,(CONTRACTS OF 100 TROY OUNCES),GOLD,PRECIOUS METALS,NATURAL RESOURCES,Combined
230523088691C,GOLD - COMMODITY EXCHANGE INC.,2023-05-23T00:00:00.000,2023 Report Week 21,GOLD,088691,CMX ,NYC,088 ,GOLD,722490,250863,68158,211652,204944,414176,667459,693986,55031,28503,722490,250863,68158,211652,204944,414176,667459,693986,55031,28503,0,0,0,0,0,0,0,0,0,0,-46701,-23024,-462,-23824,5900,-22426,-40948,-46712,-5753,11,100.0,34.7,9.4,29.3,28.4,57.3,92.4,96.1,7.6,3.9,100.0,34.7,9.4,29.3,28.4,57.3,92.4,96.1,7.6,3.9,0.0,0.0,0.0,0.0,0.0,0.0,0.0,0.0,0.0,0.0,350,193,80,143,59,66,307,236,350,193,80,143,59,66,307,236,0,0,0,0,0,0,0,0,17.5,30.7,27.7,46.4,10.7,25.8,16.6,33.9,17.5,30.7,27.7,46.4,10.7,25.8,16.6,33.9,0.0,0.0,0.0,0.0,0.0,0.0,0.0,0.0,(CONTRACTS OF 100 TROY OUNCES),GOLD,PRECIOUS METALS,NATURAL RESOURCES,Combined
230516088691C,GOLD - COMMODITY EXCHANGE INC.,2023-05-16T00:00:00.000,2023 Report Week 20,GOLD,088691,CMX ,NYC,088 ,GOLD,769191,273887,68621,235475,199045,436602,708407,740698,60784,28493,769191,273887,68621,235475,199045,436602,708407,740698,60784,28493,0,0,0,0,0,0,0,0,0,0,-24976,-19079,1192,-11240,2463,-11959,-27856,-22008,2881,-2967,100.0,35.6,8.9,30.6,25.9,56.8,92.1,96.3,7.9,3.7,100.0,35.6,8.9,30.6,25.9,56.8,92.1,96.3,7.9,3.7,0.0,0.0,0.0,0.0,0.0,0.0,0.0,0.0,0.0,0.0,363,207,77,149,60,66,316,247,363,207,77,149,60,66,316,247,0,0,0,0,0,0,0,0,15.9,29.7,25.6,44.5,10.2,25.5,15.8,33.5,15.9,29.7,25.6,44.5,10.2,25.5,15.8,33.5,0.0,0.0,0.0,0.0,0.0,0.0,0.0,0.0,(CONTRACTS OF 100 TROY OUNCES),GOLD,PRECIOUS METALS,NATURAL RESOURCES,Combined
230509088691C,GOLD - COMMODITY EXCHANGE INC.,2023-05-09T00:00:00.000,2023 Report Week 19,GOLD,088691,CMX ,NYC,088 ,GOLD,794166,292966,67429,246716,196582,448562,736263,762706,57903,31460,794166,292966,67429,246716,196582,448562,736263,762706,57903,31460,0,0,0,0,0,0,0,0,0,0,49964,2995,2621,31648,10608,15540,45250,49809,4714,155,100.0,36.9,8.5,31.1,24.8,56.5,92.7,96.0,7.3,4.0,100.0,36.9,8.5,31.1,24.8,56.5,92.7,96.0,7.3,4.0,0.0,0.0,0.0,0.0,0.0,0.0,0.0,0.0,0.0,0.0,367,213,80,146,55,61,317,242,367,213,80,146,55,61,317,242,0,0,0,0,0,0,0,0,16.1,29.6,26.2,44.6,9.9,24.9,16.0,32.9,16.1,29.6,26.2,44.6,9.9,24.9,16.0,32.9,0.0,0.0,0.0,0.0,0.0,0.0,0.0,0.0,(CONTRACTS OF 100 TROY OUNCES),GOLD,PRECIOUS METALS,NATURAL RESOURCES,Combined
230502088691C,GOLD - COMMODITY EXCHANGE INC.,2023-05-02T00:00:00.000,2023 Report Week 18,GOLD,088691,CMX ,NYC,088 ,GOLD,744202,289971,64808,215068,185974,433022,691013,712897,53189,31304,744202,289971,64808,215068,185974,433022,691013,712897,53189,31304,0,0,0,0,0,0,0,0,0,0,39998,15301,-38,22635,5297,15538,43232,38134,-3234,1863,100.0,39.0,8.7,28.9,25.0,58.2,92.9,95.8,7.1,4.2,100.0,39.0,8.7,28.9,25.0,58.2,92.9,95.8,7.1,4.2,0.0,0.0,0.0,0.0,0.0,0.0,0.0,0.0,0.0,0.0,363,209,80,145,56,62,322,234,363,209,80,145,56,62,322,234,0,0,0,0,0,0,0,0,16.2,30.5,25.9,45.7,10.4,26.2,16.8,34.8,16.2,30.5,25.9,45.7,10.4,26.2,16.8,34.8,0.0,0.0,0.0,0.0,0.0,0.0,0.0,0.0,(CONTRACTS OF 100 TROY OUNCES),GOLD,PRECIOUS METALS,NATURAL RESOURCES,Combined
230502088695C,MICRO GOLD - COMMODITY EXCHANGE INC.,2023-05-02T00:00:00.000,2023 Report Week 18,MICRO GOLD,088695,CMX ,NYC,088 ,GOLD,24422,6916,4336,3420,0,398,10336,8154,14086,16268,24422,6916,4336,3420,0,398,10336,8154,14086,16268,0,0,0,0,0,0,0,0,0,0,642,1382,-439,315,0,45,1697,-79,-1055,721,100.0,28.3,17.8,14.0,0.0,1.6,42.3,33.4,57.7,66.6,100.0,28.3,17.8,14.0,0.0,1.6,42.3,33.4,57.7,66.6,0.0,0.0,0.0,0.0,0.0,0.0,0.0,0.0,0.0,0.0,21,11,9,6,0,1,13,14,21,11,9,6,0,1,13,14,0,0,0,0,0,0,0,0,27.4,19.2,37.1,28.4,18.6,12.9,25.7,17.5,27.4,19.2,37.1,28.4,18.6,12.9,25.7,17.5,0.0,0.0,0.0,0.0,0.0,0.0,0.0,0.0,(CONTRACTS OF 10 TROY OUNCES),GOLD,PRECIOUS METALS,NATURAL RESOURCES,Combined
230425088691C,GOLD - COMMODITY EXCHANGE INC.,2023-04-25T00:00:00.000,2023 Report Week 17,GOLD,088691,CMX ,NYC,088 ,GOLD,704204,274670,64846,192433,180677,417484,647781,674763,56424,29441,704204,274670,64846,192433,180677,417484,647781,674763,56424,29441,0,0,0,0,0,0,0,0,0,0,-44494,-9772,-4444,-24012,-10277,-15205,-44061,-43661,-433,-833,100.0,39.0,9.2,27.3,25.7,59.3,92.0,95.8,8.0,4.2,100.0,39.0,9.2,27.3,25.7,59.3,92.0,95.8,8.0,4.2,0.0,0.0,0.0,0.0,0.0,0.0,0.0,0.0,0.0,0.0,341,198,72,131,54,57,295,221,341,198,72,131,54,57,295,221,0,0,0,0,0,0,0,0,16.2,31.1,26.0,46.7,10.5,27.1,17.1,36.3,16.2,31.1,26.0,46.7,10.5,27.1,17.1,36.3,0.0,0.0,0.0,0.0,0.0,0.0,0.0,0.0,(CONTRACTS OF 100 TROY OUNCES),GOLD,PRECIOUS METALS,NATURAL RESOURCES,Combined
230425088695C,MICRO GOLD - COMMODITY EXCHANGE INC.,2023-04-25T00:00:00.000,2023 Report Week 17,MICRO GOLD,088695,CMX ,NYC,088 ,GOLD,23780,5534,4775,3105,0,353,8639,8233,15141,15547,23780,5534,4775,3105,0,353,8639,8233,15141,15547,0,0,0,0,0,0,0,0,0,0,,,,,,,,,,,100.0,23.3,20.1,13.1,0.0,1.5,36.3,34.6,63.7,65.4,100.0,23.3,20.1,13.1,0.0,1.5,36.3,34.6,63.7,65.4,0.0,0.0,0.0,0.0,0.0,0.0,0.0,0.0,0.0,0.0,20,10,8,7,0,1,14,13,20,10,8,7,0,1,14,13,0,0,0,0,0,0,0,0,18.8,22.9,28.1,29.7,15.8,16.3,21.7,20.7,18.8,22.9,28.1,29.7,15.8,16.3,21.7,20.7,0.0,0.0,0.0,0.0,0.0,0.0,0.0,0.0,(CONTRACTS OF 10 TROY OUNCES),GOLD,PRECIOUS METALS,NATURAL RESOURCES,Combined
230418088691C,GOLD - COMMODITY EXCHANGE INC.,2023-04-18T00:00:00.000,2023 Report Week 16,GOLD,088691,CMX ,NYC,088 ,GOLD,748698,284442,69290,216446,190954,432689,691841,718424,56857,30274,748698,284442,69290,216446,190954,432689,691841,718424,56857,30274,0,0,0,0,0,0,0,0,0,0,12391,649,1905,4769,5117,6842,10535,13517,1856,-1125,100.0,38.0,9.3,28.9,25.5,57.8,92.4,96.0,7.6,4.0,100.0,38.0,9.3,28.9,25.5,57.8,92.4,96.0,7.6,4.0,0.0,0.0,0.0,0.0,0.0,0.0,0.0,0.0,0.0,0.0,350,194,83,136,56,61,305,228,350,194,83,136,56,61,305,228,0,0,0,0,0,0,0,0,16.4,30.9,26.2,46.2,10.0,25.7,16.1,34.3,16.4,30.9,26.2,46.2,10.0,25.7,16.1,34.3,0.0,0.0,0.0,0.0,0.0,0.0,0.0,0.0,(CONTRACTS OF 100 TROY OUNCES),GOLD,PRECIOUS METALS,NATURAL RESOURCES,Combined
230411088691C,GOLD - COMMODITY EXCHANGE INC.,2023-04-11T00:00:00.000,2023 Report Week 15,GOLD,088691,CMX ,NYC,088 ,GOLD,736307,283793,67385,211676,185837,425847,681306,704908,55001,31400,736307,283793,67385,211676,185837,425847,681306,704908,55001,31400,0,0,0,0,0,0,0,0,0,0,-11805,-8926,-5292,-2838,-450,-2474,-12214,-10604,409,-1201,100.0,38.5,9.2,28.7,25.2,57.8,92.5,95.7,7.5,4.3,100.0,38.5,9.2,28.7,25.2,57.8,92.5,95.7,7.5,4.3,0.0,0.0,0.0,0.0,0.0,0.0,0.0,0.0,0.0,0.0,357,202,80,139,57,62,313,230,357,202,80,139,57,62,313,230,0,0,0,0,0,0,0,0,16.5,30.4,26.0,45.7,10.4,25.4,16.7,34.3,16.5,30.4,26.0,45.7,10.4,25.4,16.7,34.3,0.0,0.0,0.0,0.0,0.0,0.0,0.0,0.0,(CONTRACTS OF 100 TROY OUNCES),GOLD,PRECIOUS METALS,NATURAL RESOURCES,Combined
230404088691C,GOLD - COMMODITY EXCHANGE INC.,2023-04-04T00:00:00.000,2023 Report Week 14,GOLD,088691,CMX ,NYC,088 ,GOLD,748112,292719,72676,214514,186287,428321,693520,715511,54592,32601,748112,292719,72676,214514,186287,428321,693520,715511,54592,32601,0,0,0,0,0,0,0,0,0,0,36373,23442,3432,17634,-7214,15528,33862,36593,2511,-220,100.0,39.1,9.7,28.7,24.9,57.3,92.7,95.6,7.3,4.4,100.0,39.1,9.7,28.7,24.9,57.3,92.7,95.6,7.3,4.4,0.0,0.0,0.0,0.0,0.0,0.0,0.0,0.0,0.0,0.0,363,203,83,132,58,63,312,229,363,203,83,132,58,63,312,229,0,0,0,0,0,0,0,0,16.7,29.0,26.3,44.3,10.5,24.0,16.5,32.6,16.7,29.0,26.3,44.3,10.5,24.0,16.5,32.6,0.0,0.0,0.0,0.0,0.0,0.0,0.0,0.0,(CONTRACTS OF 100 TROY OUNCES),GOLD,PRECIOUS METALS,NATURAL RESOURCES,Combined
230328088691C,GOLD - COMMODITY EXCHANGE INC.,2023-03-28T00:00:00.000,2023 Report Week 13,GOLD,088691,CMX ,NYC,088 ,GOLD,711739,269277,69244,196880,193501,412793,659658,678918,52081,32821,711739,269277,69244,196880,193501,412793,659658,678918,52081,32821,0,0,0,0,0,0,0,0,0,0,-7192,15539,-10111,-23687,2383,22811,-5766,-10988,-1426,3796,100.0,37.8,9.7,27.7,27.2,58.0,92.7,95.4,7.3,4.6,100.0,37.8,9.7,27.7,27.2,58.0,92.7,95.4,7.3,4.6,0.0,0.0,0.0,0.0,0.0,0.0,0.0,0.0,0.0,0.0,332,188,73,128,58,58,296,212,332,188,73,128,58,58,296,212,0,0,0,0,0,0,0,0,16.5,29.3,26.0,44.5,11.6,23.9,18.1,32.9,16.5,29.3,26.0,44.5,11.6,23.9,18.1,32.9,0.0,0.0,0.0,0.0,0.0,0.0,0.0,0.0,(CONTRACTS OF 100 TROY OUNCES),GOLD,PRECIOUS METALS,NATURAL RESOURCES,Combined
230321088691C,GOLD - COMMODITY EXCHANGE INC.,2023-03-21T00:00:00.000,2023 Report Week 12,GOLD,088691,CMX ,NYC,088 ,GOLD,718931,253738,79356,220568,191118,389982,665424,689906,53506,29025,718931,253738,79356,220568,191118,389982,665424,689906,53506,29025,0,0,0,0,0,0,0,0,0,0,42340,6605,-13223,21878,7729,37910,36212,46565,6128,-4225,100.0,35.3,11.0,30.7,26.6,54.2,92.6,96.0,7.4,4.0,100.0,35.3,11.0,30.7,26.6,54.2,92.6,96.0,7.4,4.0,0.0,0.0,0.0,0.0,0.0,0.0,0.0,0.0,0.0,0.0,338,186,80,143,59,61,306,227,338,186,80,143,59,61,306,227,0,0,0,0,0,0,0,0,16.5,27.2,26.4,42.5,11.0,22.2,17.5,30.9,16.5,27.2,26.4,42.5,11.0,22.2,17.5,30.9,0.0,0.0,0.0,0.0,0.0,0.0,0.0,0.0,(CONTRACTS OF 100 TROY OUNCES),GOLD,PRECIOUS METALS,NATURAL RESOURCES,Combined
230321088695C,MICRO GOLD - COMMODITY EXCHANGE INC.,2023-03-21T00:00:00.000,2023 Report Week 12,MICRO GOLD,088695,CMX ,NYC,088 ,GOLD,25449,7787,7991,2823,0,285,10610,11099,14839,14350,25449,7787,7991,2823,0,285,10610,11099,14839,14350,0,0,0,0,0,0,0,0,0,0,,,,,,,,,,,100.0,30.6,31.4,11.1,0.0,1.1,41.7,43.6,58.3,56.4,100.0,30.6,31.4,11.1,0.0,1.1,41.7,43.6,58.3,56.4,0.0,0.0,0.0,0.0,0.0,0.0,0.0,0.0,0.0,0.0,26,13,11,7,0,1,15,18,26,13,11,7,0,1,15,18,0,0,0,0,0,0,0,0,25.8,23.2,34.5,32.1,18.5,21.4,26.1,28.1,25.8,23.2,34.5,32.1,18.5,21.4,26.1,28.1,0.0,0.0,0.0,0.0,0.0,0.0,0.0,0.0,(CONTRACTS OF 10 TROY OUNCES),GOLD,PRECIOUS METALS,NATURAL RESOURCES,Combined
230314088691C,GOLD - COMMODITY EXCHANGE INC.,2023-03-14T00:00:00.000,2023 Report Week 11,GOLD,088691,CMX ,NYC,088 ,GOLD,676591,247133,92579,198690,183389,352073,629212,643341,47379,33250,676591,247133,92579,198690,183389,352073,629212,643341,47379,33250,0,0,0,0,0,0,0,0,0,0,61346,27665,-28759,26393,8785,57561,62842,55194,-1496,6151,100.0,36.5,13.7,29.4,27.1,52.0,93.0,95.1,7.0,4.9,100.0,36.5,13.7,29.4,27.1,52.0,93.0,95.1,7.0,4.9,0.0,0.0,0.0,0.0,0.0,0.0,0.0,0.0,0.0,0.0,342,183,85,132,60,60,299,225,342,183,85,132,60,60,299,225,0,0,0,0,0,0,0,0,16.6,26.6,26.2,43.1,11.6,22.3,18.3,32.8,16.6,26.6,26.2,43.1,11.6,22.3,18.3,32.8,0.0,0.0,0.0,0.0,0.0,0.0,0.0,0.0,(CONTRACTS OF 100 TROY OUNCES),GOLD,PRECIOUS METALS,NATURAL RESOURCES,Combined
230307088691C,GOLD - COMMODITY EXCHANGE INC.,2023-03-07T00:00:00.000,2023 Report Week 10,GOLD,088691,CMX ,NYC,088 ,GOLD,615245,219469,121338,172297,174604,294512,566370,588147,48875,27099,615245,219469,121338,172297,174604,294512,566370,588147,48875,27099,0,0,0,0,0,0,0,0,0,0,39862,2345,17256,27040,8114,-4453,37498,39844,2363,18,100.0,35.7,19.7,28.0,28.4,47.9,92.1,95.6,7.9,4.4,100.0,35.7,19.7,28.0,28.4,47.9,92.1,95.6,7.9,4.4,0.0,0.0,0.0,0.0,0.0,0.0,0.0,0.0,0.0,0.0,325,166,89,130,57,56,277,224,325,166,89,130,57,56,277,224,0,0,0,0,0,0,0,0,15.0,26.7,24.2,42.1,12.2,22.3,19.4,33.5,15.0,26.7,24.2,42.1,12.2,22.3,19.4,33.5,0.0,0.0,0.0,0.0,0.0,0.0,0.0,0.0,(CONTRACTS OF 100 TROY OUNCES),GOLD,PRECIOUS METALS,NATURAL RESOURCES,Combined
230228088691C,GOLD - COMMODITY EXCHANGE INC.,2023-02-28T00:00:00.000,2023 Report Week 09,GOLD,088691,CMX ,NYC,088 ,GOLD,575384,217124,104081,145257,166491,298964,528872,548303,46512,27081,575384,217124,104081,145257,166491,298964,528872,548303,46512,27081,0,0,0,0,0,0,0,0,0,0,-24253,-5188,3569,-16913,342,-12202,-21760,-25546,-2493,1293,100.0,37.7,18.1,25.2,28.9,52.0,91.9,95.3,8.1,4.7,100.0,37.7,18.1,25.2,28.9,52.0,91.9,95.3,8.1,4.7,0.0,0.0,0.0,0.0,0.0,0.0,0.0,0.0,0.0,0.0,304,162,73,121,55,55,269,200,304,162,73,121,55,55,269,200,0,0,0,0,0,0,0,0,15.7,28.9,25.5,45.7,12.7,24.3,20.3,36.8,15.7,28.9,25.5,45.7,12.7,24.3,20.3,36.8,0.0,0.0,0.0,0.0,0.0,0.0,0.0,0.0,(CONTRACTS OF 100 TROY OUNCES),GOLD,PRECIOUS METALS,NATURAL RESOURCES,Combined
230221088691C,GOLD - COMMODITY EXCHANGE INC.,2023-02-21T00:00:00.000,2023 Report Week 08,GOLD,088691,CMX ,NYC,088 ,GOLD,599637,222312,100512,162171,166149,311166,550632,573849,49005,25787,599637,222312,100512,162171,166149,311166,550632,573849,49005,25787,0,0,0,0,0,0,0,0,0,0,-5939,-2542,884,-2731,677,-3820,-4596,-5667,-1343,-272,100.0,37.1,16.8,27.0,27.7,51.9,91.8,95.7,8.2,4.3,100.0,37.1,16.8,27.0,27.7,51.9,91.8,95.7,8.2,4.3,0.0,0.0,0.0,0.0,0.0,0.0,0.0,0.0,0.0,0.0,323,183,70,131,56,60,288,213,323,183,70,131,56,60,288,213,0,0,0,0,0,0,0,0,16.6,27.9,26.3,45.3,11.7,23.3,19.0,35.7,16.6,27.9,26.3,45.3,11.7,23.3,19.0,35.7,0.0,0.0,0.0,0.0,0.0,0.0,0.0,0.0,(CONTRACTS OF 100 TROY OUNCES),GOLD,PRECIOUS METALS,NATURAL RESOURCES,Combined
230214088691C,GOLD - COMMODITY EXCHANGE INC.,2023-02-14T00:00:00.000,2023 Report Week 07,GOLD,088691,CMX ,NYC,088 ,GOLD,605576,224854,99628,164901,165472,314986,555227,579516,50348,26059,605576,224854,99628,164901,165472,314986,555227,579516,50348,26059,0,0,0,0,0,0,0,0,0,0,-15033,-14363,8445,247,1495,-21686,-12622,-12995,-2411,-2038,100.0,37.1,16.5,27.2,27.3,52.0,91.7,95.7,8.3,4.3,100.0,37.1,16.5,27.2,27.3,52.0,91.7,95.7,8.3,4.3,0.0,0.0,0.0,0.0,0.0,0.0,0.0,0.0,0.0,0.0,329,185,73,135,56,58,295,215,329,185,73,135,56,58,295,215,0,0,0,0,0,0,0,0,17.1,27.7,26.5,45.4,11.6,22.8,18.7,35.3,17.1,27.7,26.5,45.4,11.6,22.8,18.7,35.3,0.0,0.0,0.0,0.0,0.0,0.0,0.0,0.0,(CONTRACTS OF 100 TROY OUNCES),GOLD,PRECIOUS METALS,NATURAL RESOURCES,Combined
230207088691C,GOLD - COMMODITY EXCHANGE INC.,2023-02-07T00:00:00.000,2023 Report Week 06,GOLD,088691,CMX ,NYC,088 ,GOLD,620608,239218,91184,164654,163977,336673,567849,592511,52759,28097,620608,239218,91184,164654,163977,336673,567849,592511,52759,28097,0,0,0,0,0,0,0,0,0,0,-41334,-39390,2109,-5453,87,-36989,-44756,-40333,3422,-1000,100.0,38.5,14.7,26.5,26.4,54.2,91.5,95.5,8.5,4.5,100.0,38.5,14.7,26.5,26.4,54.2,91.5,95.5,8.5,4.5,0.0,0.0,0.0,0.0,0.0,0.0,0.0,0.0,0.0,0.0,324,180,70,133,57,61,293,212,324,180,70,133,57,61,293,212,0,0,0,0,0,0,0,0,16.9,27.8,26.2,45.3,11.6,22.8,18.7,35.5,16.9,27.8,26.2,45.3,11.6,22.8,18.7,35.5,0.0,0.0,0.0,0.0,0.0,0.0,0.0,0.0,(CONTRACTS OF 100 TROY OUNCES),GOLD,PRECIOUS METALS,NATURAL RESOURCES,Combined
230131088691C,GOLD - COMMODITY EXCHANGE INC.,2023-01-31T00:00:00.000,2023 Report Week 05,GOLD,088691,CMX ,NYC,088 ,GOLD,661942,278607,89074,170108,163890,373662,612605,632844,49336,29098,661942,278607,89074,170108,163890,373662,612605,632844,49336,29098,0,0,0,0,0,0,0,0,0,0,-71526,2467,-3205,-44309,-25623,-21868,-67466,-69382,-4061,-2144,100.0,42.1,13.5,25.7,24.8,56.4,92.5,95.6,7.5,4.4,100.0,42.1,13.5,25.7,24.8,56.4,92.5,95.6,7.5,4.4,0.0,0.0,0.0,0.0,0.0,0.0,0.0,0.0,0.0,0.0,333,188,68,123,57,66,295,210,333,188,68,123,57,66,295,210,0,0,0,0,0,0,0,0,18.2,27.1,26.7,44.5,12.1,22.0,19.3,34.6,18.2,27.1,26.7,44.5,12.1,22.0,19.3,34.6,0.0,0.0,0.0,0.0,0.0,0.0,0.0,0.0,(CONTRACTS OF 100 TROY OUNCES),GOLD,PRECIOUS METALS,NATURAL RESOURCES,Combined
230124088691C,GOLD - COMMODITY EXCHANGE INC.,2023-01-24T00:00:00.000,2023 Report Week 04,GOLD,088691,CMX ,NYC,088 ,GOLD,733468,276140,92279,214417,189514,395530,680071,702226,53397,31242,733468,276140,92279,214417,189514,395530,680071,702226,53397,31242,0,0,0,0,0,0,0,0,0,0,27800,10626,3558,6268,11081,18153,27975,27979,-175,-178,100.0,37.6,12.6,29.2,25.8,53.9,92.7,95.7,7.3,4.3,100.0,37.6,12.6,29.2,25.8,53.9,92.7,95.7,7.3,4.3,0.0,0.0,0.0,0.0,0.0,0.0,0.0,0.0,0.0,0.0,341,192,76,135,56,64,304,221,341,192,76,135,56,64,304,221,0,0,0,0,0,0,0,0,17.3,25.1,26.0,42.2,11.2,20.0,17.5,31.4,17.3,25.1,26.0,42.2,11.2,20.0,17.5,31.4,0.0,0.0,0.0,0.0,0.0,0.0,0.0,0.0,(CONTRACTS OF 100 TROY OUNCES),GOLD,PRECIOUS METALS,NATURAL RESOURCES,Combined
230124088695C,MICRO GOLD - COMMODITY EXCHANGE INC.,2023-01-24T00:00:00.000,2023 Report Week 04,MICRO GOLD,088695,CMX ,NYC,088 ,GOLD,31036,12151,4275,6956,0,0,19107,11231,11929,19805,31036,12151,4275,6956,0,0,19107,11231,11929,19805,0,0,0,0,0,0,0,0,0,0,,,,,,,,,,,100.0,39.2,13.8,22.4,0.0,0.0,61.6,36.2,38.4,63.8,100.0,39.2,13.8,22.4,0.0,0.0,61.6,36.2,38.4,63.8,0.0,0.0,0.0,0.0,0.0,0.0,0.0,0.0,0.0,0.0,21,13,7,8,0,0,15,14,21,13,7,8,0,0,15,14,0,0,0,0,0,0,0,0,38.6,21.3,52.4,29.8,30.0,11.9,36.5,13.8,38.6,21.3,52.4,29.8,30.0,11.9,36.5,13.8,0.0,0.0,0.0,0.0,0.0,0.0,0.0,0.0,(CONTRACTS OF 10 TROY OUNCES),GOLD,PRECIOUS METALS,NATURAL RESOURCES,Combined
230117088691C,GOLD - COMMODITY EXCHANGE INC.,2023-01-17T00:00:00.000,2023 Report Week 03,GOLD,088691,CMX ,NYC,088 ,GOLD,705668,265514,88721,208149,178432,377377,652095,674247,53572,31420,705668,265514,88721,208149,178432,377377,652095,674247,53572,31420,0,0,0,0,0,0,0,0,0,0,41654,4070,-116,13874,21089,25988,39034,39747,2620,1907,100.0,37.6,12.6,29.5,25.3,53.5,92.4,95.5,7.6,4.5,100.0,37.6,12.6,29.5,25.3,53.5,92.4,95.5,7.6,4.5,0.0,0.0,0.0,0.0,0.0,0.0,0.0,0.0,0.0,0.0,335,190,66,126,57,66,296,214,335,190,66,126,57,66,296,214,0,0,0,0,0,0,0,0,17.0,25.6,26.8,42.8,12.2,19.9,18.6,32.0,17.0,25.6,26.8,42.8,12.2,19.9,18.6,32.0,0.0,0.0,0.0,0.0,0.0,0.0,0.0,0.0,(CONTRACTS OF 100 TROY OUNCES),GOLD,PRECIOUS METALS,NATURAL RESOURCES,Combined
230110088691C,GOLD - COMMODITY EXCHANGE INC.,2023-01-10T00:00:00.000,2023 Report Week 02,GOLD,088691,CMX ,NYC,088 ,GOLD,664014,261444,88837,194275,157343,351389,613062,634500,50952,29513,664014,261444,88837,194275,157343,351389,613062,634500,50952,29513,0,0,0,0,0,0,0,0,0,0,57151,13267,695,34138,5531,21459,52936,56292,4214,859,100.0,39.4,13.4,29.3,23.7,52.9,92.3,95.6,7.7,4.4,100.0,39.4,13.4,29.3,23.7,52.9,92.3,95.6,7.7,4.4,0.0,0.0,0.0,0.0,0.0,0.0,0.0,0.0,0.0,0.0,330,196,67,125,51,59,289,211,330,196,67,125,51,59,289,211,0,0,0,0,0,0,0,0,17.1,26.6,27.3,43.1,14.0,21.0,20.4,33.9,17.1,26.6,27.3,43.1,14.0,21.0,20.4,33.9,0.0,0.0,0.0,0.0,0.0,0.0,0.0,0.0,(CONTRACTS OF 100 TROY OUNCES),GOLD,PRECIOUS METALS,NATURAL RESOURCES,Combined
230103088691C,GOLD - COMMODITY EXCHANGE INC.,2023-01-03T00:00:00.000,2023 Report Week 01,GOLD,088691,CMX ,NYC,088 ,GOLD,606863,248177,88141,160137,151812,329930,560126,578209,46738,28655,606863,248177,88141,160137,151812,329930,560126,578209,46738,28655,0,0,0,0,0,0,0,0,0,0,27229,3389,-3507,18676,1573,9829,23638,24998,3591,2231,100.0,40.9,14.5,26.4,25.0,54.4,92.3,95.3,7.7,4.7,100.0,40.9,14.5,26.4,25.0,54.4,92.3,95.3,7.7,4.7,0.0,0.0,0.0,0.0,0.0,0.0,0.0,0.0,0.0,0.0,315,183,63,120,51,56,275,202,315,183,63,120,51,56,275,202,0,0,0,0,0,0,0,0,17.7,28.4,28.3,45.1,14.9,22.9,22.4,36.9,17.7,28.4,28.3,45.1,14.9,22.9,22.4,36.9,0.0,0.0,0.0,0.0,0.0,0.0,0.0,0.0,(CONTRACTS OF 100 TROY OUNCES),GOLD,PRECIOUS METALS,NATURAL RESOURCES,Combined
221227088691C,GOLD - COMMODITY EXCHANGE INC.,2022-12-27T00:00:00.000,2022 Report Week 52,GOLD,088691,CMX ,NYC,088 ,GOLD,579634,244787,91648,141461,150239,320101,536487,553210,43146,26424,579634,244787,91648,141461,150239,320101,536487,553210,43146,26424,0,0,0,0,0,0,0,0,0,0,-27151,2772,-7909,-17746,-11729,2250,-26703,-23406,-448,-3745,100.0,42.2,15.8,24.4,25.9,55.2,92.6,95.4,7.4,4.6,100.0,42.2,15.8,24.4,25.9,55.2,92.6,95.4,7.4,4.6,0.0,0.0,0.0,0.0,0.0,0.0,0.0,0.0,0.0,0.0,304,171,65,111,51,55,265,189,304,171,65,111,51,55,265,189,0,0,0,0,0,0,0,0,18.0,28.7,28.6,45.8,15.6,23.3,23.5,37.7,18.0,28.7,28.6,45.8,15.6,23.3,23.5,37.7,0.0,0.0,0.0,0.0,0.0,0.0,0.0,0.0,(CONTRACTS OF 100 TROY OUNCES),GOLD,PRECIOUS METALS,NATURAL RESOURCES,Combined
221220088691C,GOLD - COMMODITY EXCHANGE INC.,2022-12-20T00:00:00.000,2022 Report Week 51,GOLD,088691,CMX ,NYC,088 ,GOLD,606785,242015,99558,159208,161968,317851,563190,576616,43594,30169,606785,242015,99558,159208,161968,317851,563190,576616,43594,30169,0,0,0,0,0,0,0,0,0,0,222,846,-1198,641,-2396,365,-909,-192,1131,414,100.0,39.9,16.4,26.2,26.7,52.4,92.8,95.0,7.2,5.0,100.0,39.9,16.4,26.2,26.7,52.4,92.8,95.0,7.2,5.0,0.0,0.0,0.0,0.0,0.0,0.0,0.0,0.0,0.0,0.0,304,167,69,110,53,55,264,191,304,167,69,110,53,55,264,191,0,0,0,0,0,0,0,0,18.0,28.0,28.9,45.4,14.9,21.8,22.5,35.6,18.0,28.0,28.9,45.4,14.9,21.8,22.5,35.6,0.0,0.0,0.0,0.0,0.0,0.0,0.0,0.0,(CONTRACTS OF 100 TROY OUNCES),GOLD,PRECIOUS METALS,NATURAL RESOURCES,Combined
221213088691C,GOLD - COMMODITY EXCHANGE INC.,2022-12-13T00:00:00.000,2022 Report Week 50,GOLD,088691,CMX ,NYC,088 ,GOLD,606562,241169,100755,158567,164363,317485,564100,576808,42463,29754,606562,241169,100755,158567,164363,317485,564100,576808,42463,29754,0,0,0,0,0,0,0,0,0,0,40338,16684,1060,15438,8165,21092,40287,37590,51,2748,100.0,39.8,16.6,26.1,27.1,52.3,93.0,95.1,7.0,4.9,100.0,39.8,16.6,26.1,27.1,52.3,93.0,95.1,7.0,4.9,0.0,0.0,0.0,0.0,0.0,0.0,0.0,0.0,0.0,0.0,315,177,72,118,48,52,268,202,315,177,72,118,48,52,268,202,0,0,0,0,0,0,0,0,18.0,27.7,29.2,44.7,15.0,21.4,22.6,34.8,18.0,27.7,29.2,44.7,15.0,21.4,22.6,34.8,0.0,0.0,0.0,0.0,0.0,0.0,0.0,0.0,(CONTRACTS OF 100 TROY OUNCES),GOLD,PRECIOUS METALS,NATURAL RESOURCES,Combined
221206088691C,GOLD - COMMODITY EXCHANGE INC.,2022-12-06T00:00:00.000,2022 Report Week 49,GOLD,088691,CMX ,NYC,088 ,GOLD,566225,224486,99696,143129,156198,296393,523812,539218,42412,27007,566225,224486,99696,143129,156198,296393,523812,539218,42412,27007,0,0,0,0,0,0,0,0,0,0,6701,3450,-1897,10564,-11609,-389,2405,8279,4296,-1578,100.0,39.6,17.6,25.3,27.6,52.3,92.5,95.2,7.5,4.8,100.0,39.6,17.6,25.3,27.6,52.3,92.5,95.2,7.5,4.8,0.0,0.0,0.0,0.0,0.0,0.0,0.0,0.0,0.0,0.0,304,159,80,120,51,53,261,204,304,159,80,120,51,53,261,204,0,0,0,0,0,0,0,0,18.1,28.9,29.7,46.6,15.5,22.8,23.8,37.4,18.1,28.9,29.7,46.6,15.5,22.8,23.8,37.4,0.0,0.0,0.0,0.0,0.0,0.0,0.0,0.0,(CONTRACTS OF 100 TROY OUNCES),GOLD,PRECIOUS METALS,NATURAL RESOURCES,Combined
221129088691C,GOLD - COMMODITY EXCHANGE INC.,2022-11-29T00:00:00.000,2022 Report Week 48,GOLD,088691,CMX ,NYC,088 ,GOLD,559524,221036,101593,132564,167807,296782,521408,530939,38116,28585,559524,221036,101593,132564,167807,296782,521408,530939,38116,28585,0,0,0,0,0,0,0,0,0,0,-11317,-4286,749,-3153,1692,-8221,-5746,-10625,-5571,-692,100.0,39.5,18.2,23.7,30.0,53.0,93.2,94.9,6.8,5.1,100.0,39.5,18.2,23.7,30.0,53.0,93.2,94.9,6.8,5.1,0.0,0.0,0.0,0.0,0.0,0.0,0.0,0.0,0.0,0.0,291,150,78,112,49,51,251,190,291,150,78,112,49,51,251,190,0,0,0,0,0,0,0,0,17.8,28.8,29.7,46.2,15.7,22.1,24.0,36.8,17.8,28.8,29.7,46.2,15.7,22.1,24.0,36.8,0.0,0.0,0.0,0.0,0.0,0.0,0.0,0.0,(CONTRACTS OF 100 TROY OUNCES),GOLD,PRECIOUS METALS,NATURAL RESOURCES,Combined
221122088691C,GOLD - COMMODITY EXCHANGE INC.,2022-11-22T00:00:00.000,2022 Report Week 47,GOLD,088691,CMX ,NYC,088 ,GOLD,570841,225322,100844,135717,166115,305003,527154,541564,43687,29277,570841,225322,100844,135717,166115,305003,527154,541564,43687,29277,0,0,0,0,0,0,0,0,0,0,-113284,-15111,-560,-76343,-23299,-31542,-114753,-108445,1469,-4839,100.0,39.5,17.7,23.8,29.1,53.4,92.3,94.9,7.7,5.1,100.0,39.5,17.7,23.8,29.1,53.4,92.3,94.9,7.7,5.1,0.0,0.0,0.0,0.0,0.0,0.0,0.0,0.0,0.0,0.0,299,161,71,117,53,56,264,196,299,161,71,117,53,56,264,196,0,0,0,0,0,0,0,0,17.5,26.8,28.7,44.3,15.4,21.1,23.3,36.1,17.5,26.8,28.7,44.3,15.4,21.1,23.3,36.1,0.0,0.0,0.0,0.0,0.0,0.0,0.0,0.0,(CONTRACTS OF 100 TROY OUNCES),GOLD,PRECIOUS METALS,NATURAL RESOURCES,Combined
221115088695C,MICRO GOLD - COMMODITY EXCHANGE INC.,2022-11-15T00:00:00.000,2022 Report Week 46,MICRO GOLD,088695,CMX ,NYC,088 ,GOLD,28826,14438,12038,3762,0,0,18200,15800,10626,13026,28826,14438,12038,3762,0,0,18200,15800,10626,13026,0,0,0,0,0,0,0,0,0,0,,,,,,,,,,,100.0,50.1,41.8,13.1,0.0,0.0,63.1,54.8,36.9,45.2,100.0,50.1,41.8,13.1,0.0,0.0,63.1,54.8,36.9,45.2,0.0,0.0,0.0,0.0,0.0,0.0,0.0,0.0,0.0,0.0,22,9,12,9,0,0,13,18,22,9,12,9,0,0,13,18,0,0,0,0,0,0,0,0,51.5,36.6,59.6,45.3,44.6,34.5,49.3,38.6,51.5,36.6,59.6,45.3,44.6,34.5,49.3,38.6,0.0,0.0,0.0,0.0,0.0,0.0,0.0,0.0,(CONTRACTS OF 10 TROY OUNCES),GOLD,PRECIOUS METALS,NATURAL RESOURCES,Combined
221115088691C,GOLD - COMMODITY EXCHANGE INC.,2022-11-15T00:00:00.000,2022 Report Week 46,GOLD,088691,CMX ,NYC,088 ,GOLD,684124,240433,101404,212060,189414,336544,641907,650009,42218,34116,684124,240433,101404,212060,189414,336544,641907,650009,42218,34116,0,0,0,0,0,0,0,0,0,0,38786,13201,-40885,10102,16439,69556,39742,38773,-956,13,100.0,35.1,14.8,31.0,27.7,49.2,93.8,95.0,6.2,5.0,100.0,35.1,14.8,31.0,27.7,49.2,93.8,95.0,6.2,5.0,0.0,0.0,0.0,0.0,0.0,0.0,0.0,0.0,0.0,0.0,343,180,84,144,61,64,302,234,343,180,84,144,61,64,302,234,0,0,0,0,0,0,0,0,16.5,22.7,28.1,41.0,13.3,17.0,19.7,29.5,16.5,22.7,28.1,41.0,13.3,17.0,19.7,29.5,0.0,0.0,0.0,0.0,0.0,0.0,0.0,0.0,(CONTRACTS OF 100 TROY OUNCES),GOLD,PRECIOUS METALS,NATURAL RESOURCES,Combined
221108088691C,GOLD - COMMODITY EXCHANGE INC.,2022-11-08T00:00:00.000,2022 Report Week 45,GOLD,088691,CMX ,NYC,088 ,GOLD,645338,227232,142290,201958,172975,266988,602165,611236,43173,34103,645338,227232,142290,201958,172975,266988,602165,611236,43173,34103,0,0,0,0,0,0,0,0,0,0,46041,15794,-11518,28916,1017,26387,45728,43785,314,2256,100.0,35.2,22.0,31.3,26.8,41.4,93.3,94.7,6.7,5.3,100.0,35.2,22.0,31.3,26.8,41.4,93.3,94.7,6.7,5.3,0.0,0.0,0.0,0.0,0.0,0.0,0.0,0.0,0.0,0.0,365,182,106,150,58,60,312,249,365,182,106,150,58,60,312,249,0,0,0,0,0,0,0,0,16.5,22.0,26.5,38.0,13.7,16.4,20.5,27.7,16.5,22.0,26.5,38.0,13.7,16.4,20.5,27.7,0.0,0.0,0.0,0.0,0.0,0.0,0.0,0.0,(CONTRACTS OF 100 TROY OUNCES),GOLD,PRECIOUS METALS,NATURAL RESOURCES,Combined
221101088691C,GOLD - COMMODITY EXCHANGE INC.,2022-11-01T00:00:00.000,2022 Report Week 44,GOLD,088691,CMX ,NYC,088 ,GOLD,599297,211438,153807,173041,171958,240602,556437,567450,42860,31847,599297,211438,153807,173041,171958,240602,556437,567450,42860,31847,0,0,0,0,0,0,0,0,0,0,-7664,6792,8503,-11180,-1593,-5430,-5981,-8106,-1683,442,100.0,35.3,25.7,28.9,28.7,40.1,92.8,94.7,7.2,5.3,100.0,35.3,25.7,28.9,28.7,40.1,92.8,94.7,7.2,5.3,0.0,0.0,0.0,0.0,0.0,0.0,0.0,0.0,0.0,0.0,349,171,105,141,59,54,297,237,349,171,105,141,59,54,297,237,0,0,0,0,0,0,0,0,16.6,23.5,27.1,38.4,14.0,17.1,21.1,28.4,16.6,23.5,27.1,38.4,14.0,17.1,21.1,28.4,0.0,0.0,0.0,0.0,0.0,0.0,0.0,0.0,(CONTRACTS OF 100 TROY OUNCES),GOLD,PRECIOUS METALS,NATURAL RESOURCES,Combined
221025088691C,GOLD - COMMODITY EXCHANGE INC.,2022-10-25T00:00:00.000,2022 Report Week 43,GOLD,088691,CMX ,NYC,088 ,GOLD,606961,204646,145304,184221,173551,246031,562418,575556,44543,31405,606961,204646,145304,184221,173551,246031,562418,575556,44543,31405,0,0,0,0,0,0,0,0,0,0,24612,-12,9990,14115,10181,-692,24284,23414,329,1199,100.0,33.7,23.9,30.4,28.6,40.5,92.7,94.8,7.3,5.2,100.0,33.7,23.9,30.4,28.6,40.5,92.7,94.8,7.3,5.2,0.0,0.0,0.0,0.0,0.0,0.0,0.0,0.0,0.0,0.0,356,169,111,153,61,60,305,252,356,169,111,153,61,60,305,252,0,0,0,0,0,0,0,0,17.1,22.3,27.9,38.3,13.6,16.1,20.4,27.5,17.1,22.3,27.9,38.3,13.6,16.1,20.4,27.5,0.0,0.0,0.0,0.0,0.0,0.0,0.0,0.0,(CONTRACTS OF 100 TROY OUNCES),GOLD,PRECIOUS METALS,NATURAL RESOURCES,Combined
221018088691C,GOLD - COMMODITY EXCHANGE INC.,2022-10-18T00:00:00.000,2022 Report Week 42,GOLD,088691,CMX ,NYC,088 ,GOLD,582348,204659,135314,170106,163370,246723,538135,552143,44214,30206,582348,204659,135314,170106,163370,246723,538135,552143,44214,30206,0,0,0,0,0,0,0,0,0,0,7928,-7052,14974,6433,6335,-11672,5716,9736,2211,-1808,100.0,35.1,23.2,29.2,28.1,42.4,92.4,94.8,7.6,5.2,100.0,35.1,23.2,29.2,28.1,42.4,92.4,94.8,7.6,5.2,0.0,0.0,0.0,0.0,0.0,0.0,0.0,0.0,0.0,0.0,357,171,115,151,57,60,301,254,357,171,115,151,57,60,301,254,0,0,0,0,0,0,0,0,17.4,22.6,28.9,38.9,14.1,17.0,21.4,28.1,17.4,22.6,28.9,38.9,14.1,17.0,21.4,28.1,0.0,0.0,0.0,0.0,0.0,0.0,0.0,0.0,(CONTRACTS OF 100 TROY OUNCES),GOLD,PRECIOUS METALS,NATURAL RESOURCES,Combined
221011088691C,GOLD - COMMODITY EXCHANGE INC.,2022-10-11T00:00:00.000,2022 Report Week 41,GOLD,088691,CMX ,NYC,088 ,GOLD,574421,211710,120340,163673,157034,258394,532418,542407,42003,32014,574421,211710,120340,163673,157034,258394,532418,542407,42003,32014,0,0,0,0,0,0,0,0,0,0,-14043,-8325,-9275,-2723,-3536,-533,-14583,-12531,541,-1512,100.0,36.9,20.9,28.5,27.3,45.0,92.7,94.4,7.3,5.6,100.0,36.9,20.9,28.5,27.3,45.0,92.7,94.4,7.3,5.6,0.0,0.0,0.0,0.0,0.0,0.0,0.0,0.0,0.0,0.0,355,179,105,152,57,60,308,247,355,179,105,152,57,60,308,247,0,0,0,0,0,0,0,0,17.3,22.2,28.7,38.7,14.4,17.4,22.0,28.6,17.3,22.2,28.7,38.7,14.4,17.4,22.0,28.6,0.0,0.0,0.0,0.0,0.0,0.0,0.0,0.0,(CONTRACTS OF 100 TROY OUNCES),GOLD,PRECIOUS METALS,NATURAL RESOURCES,Combined
221004088691C,GOLD - COMMODITY EXCHANGE INC.,2022-10-04T00:00:00.000,2022 Report Week 40,GOLD,088691,CMX,NYC,088,GOLD,588463,220035,129614,166396,160570,258927,547002,554938,41462,33525,588463,220035,129614,166396,160570,258927,547002,554938,41462,33525,0,0,0,0,0,0,0,0,0,0,3595,17146,-27303,8981,-19104,22255,7023,3933,-3427,-338,100.0,37.4,22.0,28.3,27.3,44.0,93.0,94.3,7.0,5.7,100.0,37.4,22.0,28.3,27.3,44.0,93.0,94.3,7.0,5.7,0.0,0.0,0.0,0.0,0.0,0.0,0.0,0.0,0.0,0.0,351,169,114,148,56,59,303,243,351,169,114,148,56,59,303,243,0,0,0,0,0,0,0,0,17.9,20.4,29.3,36.8,14.8,16.6,22.2,27.5,17.9,20.4,29.3,36.8,14.8,16.6,22.2,27.5,0.0,0.0,0.0,0.0,0.0,0.0,0.0,0.0,(CONTRACTS OF 100 TROY OUNCES),GOLD,PRECIOUS METALS,NATURAL RESOURCES,Combined
220927088695C,MICRO GOLD - COMMODITY EXCHANGE INC.,2022-09-27T00:00:00.000,2022 Report Week 39,MICRO GOLD,088695,CMX ,NYC,088 ,GOLD,36658,14270,11089,6795,0,0,21065,17884,15593,18774,36658,14270,11089,6795,0,0,21065,17884,15593,18774,0,0,0,0,0,0,0,0,0,0,,,,,,,,,,,100.0,38.9,30.2,18.5,0.0,0.0,57.5,48.8,42.5,51.2,100.0,38.9,30.2,18.5,0.0,0.0,57.5,48.8,42.5,51.2,0.0,0.0,0.0,0.0,0.0,0.0,0.0,0.0,0.0,0.0,20,9,11,9,0,0,13,16,20,9,11,9,0,0,13,16,0,0,0,0,0,0,0,0,38.0,35.4,51.9,44.0,33.6,24.7,38.9,28.7,38.0,35.4,51.9,44.0,33.6,24.7,38.9,28.7,0.0,0.0,0.0,0.0,0.0,0.0,0.0,0.0,(CONTRACTS OF 10 TROY OUNCES),GOLD,PRECIOUS METALS,NATURAL RESOURCES,Combined
220927088691C,GOLD - COMMODITY EXCHANGE INC.,2022-09-27T00:00:00.000,2022 Report Week 39,GOLD,088691,CMX ,NYC,088 ,GOLD,584868,202890,156917,157415,179674,236672,539979,551005,44889,33863,584868,202890,156917,157415,179674,236672,539979,551005,44889,33863,0,0,0,0,0,0,0,0,0,0,-33912,-12789,2024,-9598,-10165,-25341,-32552,-32914,-1360,-998,100.0,34.7,26.8,26.9,30.7,40.5,92.3,94.2,7.7,5.8,100.0,34.7,26.8,26.9,30.7,40.5,92.3,94.2,7.7,5.8,0.0,0.0,0.0,0.0,0.0,0.0,0.0,0.0,0.0,0.0,356,165,117,148,61,60,299,252,356,165,117,148,61,60,299,252,0,0,0,0,0,0,0,0,17.2,19.3,28.3,33.4,13.8,14.9,20.7,25.0,17.2,19.3,28.3,33.4,13.8,14.9,20.7,25.0,0.0,0.0,0.0,0.0,0.0,0.0,0.0,0.0,(CONTRACTS OF 100 TROY OUNCES),GOLD,PRECIOUS METALS,NATURAL RESOURCES,Combined
220920088691C,GOLD - COMMODITY EXCHANGE INC.,2022-09-20T00:00:00.000,2022 Report Week 38,GOLD,088691,CMX ,NYC,088 ,GOLD,618780,215679,154893,167013,189839,262013,572531,583919,46249,34861,618780,215679,154893,167013,189839,262013,572531,583919,46249,34861,0,0,0,0,0,0,0,0,0,0,25362,-12022,21740,14026,22599,-14772,24603,20994,760,4368,100.0,34.9,25.0,27.0,30.7,42.3,92.5,94.4,7.5,5.6,100.0,34.9,25.0,27.0,30.7,42.3,92.5,94.4,7.5,5.6,0.0,0.0,0.0,0.0,0.0,0.0,0.0,0.0,0.0,0.0,366,163,132,153,60,61,308,261,366,163,132,153,60,61,308,261,0,0,0,0,0,0,0,0,16.4,19.1,28.2,33.0,13.2,15.0,20.2,24.8,16.4,19.1,28.2,33.0,13.2,15.0,20.2,24.8,0.0,0.0,0.0,0.0,0.0,0.0,0.0,0.0,(CONTRACTS OF 100 TROY OUNCES),GOLD,PRECIOUS METALS,NATURAL RESOURCES,Combined
220913088691C,GOLD - COMMODITY EXCHANGE INC.,2022-09-13T00:00:00.000,2022 Report Week 37,GOLD,088691,CMX ,NYC,088 ,GOLD,593418,227701,133152,152987,167240,276786,547928,562925,45490,30493,593418,227701,133152,152987,167240,276786,547928,562925,45490,30493,0,0,0,0,0,0,0,0,0,0,-1365,-5314,1708,3663,-1594,-5024,-3245,347,1880,-1712,100.0,38.4,22.4,25.8,28.2,46.6,92.3,94.9,7.7,5.1,100.0,38.4,22.4,25.8,28.2,46.6,92.3,94.9,7.7,5.1,0.0,0.0,0.0,0.0,0.0,0.0,0.0,0.0,0.0,0.0,345,162,114,137,54,61,287,242,345,162,114,137,54,61,287,242,0,0,0,0,0,0,0,0,16.9,20.4,29.5,34.4,14.1,16.9,21.7,27.7,16.9,20.4,29.5,34.4,14.1,16.9,21.7,27.7,0.0,0.0,0.0,0.0,0.0,0.0,0.0,0.0,(CONTRACTS OF 100 TROY OUNCES),GOLD,PRECIOUS METALS,NATURAL RESOURCES,Combined
220906088691C,GOLD - COMMODITY EXCHANGE INC.,2022-09-06T00:00:00.000,2022 Report Week 36,GOLD,088691,CMX,NYC,088,GOLD,594783,233016,131444,149324,168834,281810,551173,562578,43610,32205,594783,233016,131444,149324,168834,281810,551173,562578,43610,32205,0,0,0,0,0,0,0,0,0,0,13396,-6550,9930,11246,8148,-9605,12844,11571,553,1826,100.0,39.2,22.1,25.1,28.4,47.4,92.7,94.6,7.3,5.4,100.0,39.2,22.1,25.1,28.4,47.4,92.7,94.6,7.3,5.4,0.0,0.0,0.0,0.0,0.0,0.0,0.0,0.0,0.0,0.0,346,170,108,126,55,60,285,234,346,170,108,126,55,60,285,234,0,0,0,0,0,0,0,0,17.0,20.8,29.3,34.2,14.0,16.9,21.7,27.9,17.0,20.8,29.3,34.2,14.0,16.9,21.7,27.9,0.0,0.0,0.0,0.0,0.0,0.0,0.0,0.0,(CONTRACTS OF 100 TROY OUNCES),GOLD,PRECIOUS METALS,NATURAL RESOURCES,Combined
220830088691C,GOLD - COMMODITY EXCHANGE INC.,2022-08-30T00:00:00.000,2022 Report Week 35,GOLD,088691,CMX,NYC,088,GOLD,581386,239565,121514,138078,160686,291415,538329,551007,43057,30379,581386,239565,121514,138078,160686,291415,538329,551007,43057,30379,0,0,0,0,0,0,0,0,0,0,-17546,-2623,6929,-9425,-5985,-15410,-18032,-17905,487,360,100.0,41.2,20.9,23.7,27.6,50.1,92.6,94.8,7.4,5.2,100.0,41.2,20.9,23.7,27.6,50.1,92.6,94.8,7.4,5.2,0.0,0.0,0.0,0.0,0.0,0.0,0.0,0.0,0.0,0.0,336,163,105,131,50,60,281,230,336,163,105,131,50,60,281,230,0,0,0,0,0,0,0,0,17.3,22.0,29.4,36.0,14.3,18.5,22.2,29.9,17.3,22.0,29.4,36.0,14.3,18.5,22.2,29.9,0.0,0.0,0.0,0.0,0.0,0.0,0.0,0.0,(CONTRACTS OF 100 TROY OUNCES),GOLD,PRECIOUS METALS,NATURAL RESOURCES,Combined
220823088691C,GOLD - COMMODITY EXCHANGE INC.,2022-08-23T00:00:00.000,2022 Report Week 34,GOLD,088691,CMX,NYC,088,GOLD,598932,242188,114585,147502,166671,306825,556361,568912,42570,30020,598932,242188,114585,147502,166671,306825,556361,568912,42570,30020,0,0,0,0,0,0,0,0,0,0,329,-2937,13496,-876,4062,-13121,249,-502,80,830,100.0,40.4,19.1,24.6,27.8,51.2,92.9,95.0,7.1,5.0,100.0,40.4,19.1,24.6,27.8,51.2,92.9,95.0,7.1,5.0,0.0,0.0,0.0,0.0,0.0,0.0,0.0,0.0,0.0,0.0,340,173,96,132,53,63,283,235,340,173,96,132,53,63,283,235,0,0,0,0,0,0,0,0,17.0,22.3,28.9,36.8,13.7,18.5,21.2,29.8,17.0,22.3,28.9,36.8,13.7,18.5,21.2,29.8,0.0,0.0,0.0,0.0,0.0,0.0,0.0,0.0,(CONTRACTS OF 100 TROY OUNCES),GOLD,PRECIOUS METALS,NATURAL RESOURCES,Combined
220816088691C,GOLD - COMMODITY EXCHANGE INC.,2022-08-16T00:00:00.000,2022 Report Week 33,GOLD,088691,CMX,NYC,088,GOLD,598603,245125,101089,148379,162609,319946,556112,569414,42491,29189,598603,245125,101089,148379,162609,319946,556112,569414,42491,29189,0,0,0,0,0,0,0,0,0,0,-13773,-5817,-1219,-5533,-2606,-5946,-13956,-12698,184,-1075,100.0,40.9,16.9,24.8,27.2,53.4,92.9,95.1,7.1,4.9,100.0,40.9,16.9,24.8,27.2,53.4,92.9,95.1,7.1,4.9,0.0,0.0,0.0,0.0,0.0,0.0,0.0,0.0,0.0,0.0,328,166,92,127,59,62,282,226,328,166,92,127,59,62,282,226,0,0,0,0,0,0,0,0,17.8,23.3,29.3,38.2,13.8,19.3,21.3,31.2,17.8,23.3,29.3,38.2,13.8,19.3,21.3,31.2,0.0,0.0,0.0,0.0,0.0,0.0,0.0,0.0,(CONTRACTS OF 100 TROY OUNCES),GOLD,PRECIOUS METALS,NATURAL RESOURCES,Combined
220809088691C,GOLD - COMMODITY EXCHANGE INC.,2022-08-09T00:00:00.000,2022 Report Week 32,GOLD,088691,CMX,NYC,088,GOLD,612376,250942,102308,153912,165215,325893,570069,582112,42307,30264,612376,250942,102308,153912,165215,325893,570069,582112,42307,30264,0,0,0,0,0,0,0,0,0,0,-1351,732,-19615,2920,-5528,15084,-1876,-1611,525,260,100.0,41.0,16.7,25.1,27.0,53.2,93.1,95.1,6.9,4.9,100.0,41.0,16.7,25.1,27.0,53.2,93.1,95.1,6.9,4.9,0.0,0.0,0.0,0.0,0.0,0.0,0.0,0.0,0.0,0.0,331,169,90,131,57,63,282,230,331,169,90,131,57,63,282,230,0,0,0,0,0,0,0,0,18.6,23.6,29.9,38.1,14.2,19.0,21.2,30.6,18.6,23.6,29.9,38.1,14.2,19.0,21.2,30.6,0.0,0.0,0.0,0.0,0.0,0.0,0.0,0.0,(CONTRACTS OF 100 TROY OUNCES),GOLD,PRECIOUS METALS,NATURAL RESOURCES,Combined
220802088691C,GOLD - COMMODITY EXCHANGE INC.,2022-08-02T00:00:00.000,2022 Report Week 31,GOLD,088691,CMX,NYC,088,GOLD,613727,250210,121923,150991,170743,310808,571945,583723,41782,30004,613727,250210,121923,150991,170743,310808,571945,583723,41782,30004,0,0,0,0,0,0,0,0,0,0,-8956,4650,-32214,3723,-11852,20551,-3480,-7940,-5476,-1016,100.0,40.8,19.9,24.6,27.8,50.6,93.2,95.1,6.8,4.9,100.0,40.8,19.9,24.6,27.8,50.6,93.2,95.1,6.8,4.9,0.0,0.0,0.0,0.0,0.0,0.0,0.0,0.0,0.0,0.0,338,179,90,135,54,60,291,229,338,179,90,135,54,60,291,229,0,0,0,0,0,0,0,0,18.3,23.0,29.6,37.1,14.1,18.6,21.4,29.6,18.3,23.0,29.6,37.1,14.1,18.6,21.4,29.6,0.0,0.0,0.0,0.0,0.0,0.0,0.0,0.0,(CONTRACTS OF 100 TROY OUNCES),GOLD,PRECIOUS METALS,NATURAL RESOURCES,Combined
220726088691C,GOLD - COMMODITY EXCHANGE INC.,2022-07-26T00:00:00.000,2022 Report Week 30,GOLD,088691,CMX,NYC,088,GOLD,622683,245561,154136,147269,182595,290257,575425,591662,47258,31021,622683,245561,154136,147269,182595,290257,575425,591662,47258,31021,0,0,0,0,0,0,0,0,0,0,-54809,5633,6710,-39016,-19474,-22360,-52857,-54666,-1952,-143,100.0,39.4,24.8,23.7,29.3,46.6,92.4,95.0,7.6,5.0,100.0,39.4,24.8,23.7,29.3,46.6,92.4,95.0,7.6,5.0,0.0,0.0,0.0,0.0,0.0,0.0,0.0,0.0,0.0,0.0,334,173,93,142,55,60,286,240,334,173,93,142,55,60,286,240,0,0,0,0,0,0,0,0,17.2,21.3,28.1,35.1,13.5,16.8,21.5,28.1,17.2,21.3,28.1,35.1,13.5,16.8,21.5,28.1,0.0,0.0,0.0,0.0,0.0,0.0,0.0,0.0,(CONTRACTS OF 100 TROY OUNCES),GOLD,PRECIOUS METALS,NATURAL RESOURCES,Combined
220719088691C,GOLD - COMMODITY EXCHANGE INC.,2022-07-19T00:00:00.000,2022 Report Week 29,GOLD,088691,CMX,NYC,088,GOLD,677492,239928,147427,186284,202069,312617,628282,646329,49210,31163,677492,239928,147427,186284,202069,312617,628282,646329,49210,31163,0,0,0,0,0,0,0,0,0,0,-16645,-12475,11875,-17781,22496,-3544,-7760,-9451,-8885,-7194,100.0,35.4,21.8,27.5,29.8,46.1,92.7,95.4,7.3,4.6,100.0,35.4,21.8,27.5,29.8,46.1,92.7,95.4,7.3,4.6,0.0,0.0,0.0,0.0,0.0,0.0,0.0,0.0,0.0,0.0,341,167,98,141,62,62,297,238,341,167,98,141,62,62,297,238,0,0,0,0,0,0,0,0,17.0,21.2,28.0,36.0,12.8,15.7,20.0,26.4,17.0,21.2,28.0,36.0,12.8,15.7,20.0,26.4,0.0,0.0,0.0,0.0,0.0,0.0,0.0,0.0,(CONTRACTS OF 100 TROY OUNCES),GOLD,PRECIOUS METALS,NATURAL RESOURCES,Combined
220712088691C,GOLD - COMMODITY EXCHANGE INC.,2022-07-12T00:00:00.000,2022 Report Week 28,GOLD,088691,CMX,NYC,088,GOLD,694137,252403,135552,204066,179573,316162,636042,655780,58095,38357,694137,252403,135552,204066,179573,316162,636042,655780,58095,38357,0,0,0,0,0,0,0,0,0,0,52495,-19813,9752,46487,17107,-13346,43780,42893,8714,9602,100.0,36.4,19.5,29.4,25.9,45.5,91.6,94.5,8.4,5.5,100.0,36.4,19.5,29.4,25.9,45.5,91.6,94.5,8.4,5.5,0.0,0.0,0.0,0.0,0.0,0.0,0.0,0.0,0.0,0.0,341,176,92,150,59,62,303,239,341,176,92,150,59,62,303,239,0,0,0,0,0,0,0,0,18.1,22.2,28.9,36.5,13.9,16.8,20.7,27.6,18.1,22.2,28.9,36.5,13.9,16.8,20.7,27.6,0.0,0.0,0.0,0.0,0.0,0.0,0.0,0.0,(CONTRACTS OF 100 TROY OUNCES),GOLD,PRECIOUS METALS,NATURAL RESOURCES,Combined
220705088691C,GOLD - COMMODITY EXCHANGE INC.,2022-07-05T00:00:00.000,2022 Report Week 27,GOLD,088691,CMX,NYC,088,GOLD,641642,272216,125800,157579,162466,329508,592261,612887,49381,28755,641642,272216,125800,157579,162466,329508,592261,612887,49381,28755,0,0,0,0,0,0,0,0,0,0,19283,-6625,12049,17166,8793,-14090,19334,15125,-51,4158,100.0,42.4,19.6,24.6,25.3,51.4,92.3,95.5,7.7,4.5,100.0,42.4,19.6,24.6,25.3,51.4,92.3,95.5,7.7,4.5,0.0,0.0,0.0,0.0,0.0,0.0,0.0,0.0,0.0,0.0,362,203,82,148,61,64,323,239,362,203,82,148,61,64,323,239,0,0,0,0,0,0,0,0,17.1,23.9,27.4,37.3,15.2,19.4,22.5,32.1,17.1,23.9,27.4,37.3,15.2,19.4,22.5,32.1,0.0,0.0,0.0,0.0,0.0,0.0,0.0,0.0,(CONTRACTS OF 100 TROY OUNCES),GOLD,PRECIOUS METALS,NATURAL RESOURCES,Combined
220628088691C,GOLD - COMMODITY EXCHANGE INC.,2022-06-28T00:00:00.000,2022 Report Week 26,GOLD,088691,CMX,NYC,088,GOLD,622359,278841,113751,140413,153673,343598,572927,597762,49432,24597,622359,278841,113751,140413,153673,343598,572927,597762,49432,24597,0,0,0,0,0,0,0,0,0,0,-17425,-1578,7957,-12584,-3618,-12887,-17780,-17514,355,88,100.0,44.8,18.3,22.6,24.7,55.2,92.1,96.0,7.9,4.0,100.0,44.8,18.3,22.6,24.7,55.2,92.1,96.0,7.9,4.0,0.0,0.0,0.0,0.0,0.0,0.0,0.0,0.0,0.0,0.0,344,197,73,133,55,62,302,222,344,197,73,133,55,62,302,222,0,0,0,0,0,0,0,0,18.3,24.5,28.2,38.6,15.7,20.3,23.3,33.9,18.3,24.5,28.2,38.6,15.7,20.3,23.3,33.9,0.0,0.0,0.0,0.0,0.0,0.0,0.0,0.0,(CONTRACTS OF 100 TROY OUNCES),GOLD,PRECIOUS METALS,NATURAL RESOURCES,Combined
220621088691C,GOLD - COMMODITY EXCHANGE INC.,2022-06-21T00:00:00.000,2022 Report Week 25,GOLD,088691,CMX,NYC,088,GOLD,639784,280420,105794,152996,157291,356485,590707,615275,49078,24509,639784,280420,105794,152996,157291,356485,590707,615275,49078,24509,0,0,0,0,0,0,0,0,0,0,-3425,3087,-7917,563,-4950,5145,-1300,-2210,-2125,-1215,100.0,43.8,16.5,23.9,24.6,55.7,92.3,96.2,7.7,3.8,100.0,43.8,16.5,23.9,24.6,55.7,92.3,96.2,7.7,3.8,0.0,0.0,0.0,0.0,0.0,0.0,0.0,0.0,0.0,0.0,352,204,77,138,54,61,307,229,352,204,77,138,54,61,307,229,0,0,0,0,0,0,0,0,18.8,24.2,29.1,38.5,14.8,20.3,22.4,33.8,18.8,24.2,29.1,38.5,14.8,20.3,22.4,33.8,0.0,0.0,0.0,0.0,0.0,0.0,0.0,0.0,(CONTRACTS OF 100 TROY OUNCES),GOLD,PRECIOUS METALS,NATURAL RESOURCES,Combined
220614088691C,GOLD - COMMODITY EXCHANGE INC.,2022-06-14T00:00:00.000,2022 Report Week 24,GOLD,088691,CMX,NYC,088,GOLD,643209,277333,113712,152434,162241,351340,592007,617485,51202,25724,643209,277333,113712,152434,162241,351340,592007,617485,51202,25724,0,0,0,0,0,0,0,0,0,0,20856,-5521,14818,14975,8336,-11884,17790,17908,3066,2948,100.0,43.1,17.7,23.7,25.2,54.6,92.0,96.0,8.0,4.0,100.0,43.1,17.7,23.7,25.2,54.6,92.0,96.0,8.0,4.0,0.0,0.0,0.0,0.0,0.0,0.0,0.0,0.0,0.0,0.0,352,192,87,138,58,61,305,233,352,192,87,138,58,61,305,233,0,0,0,0,0,0,0,0,18.6,24.1,28.8,38.6,14.7,19.9,22.4,33.5,18.6,24.1,28.8,38.6,14.7,19.9,22.4,33.5,0.0,0.0,0.0,0.0,0.0,0.0,0.0,0.0,(CONTRACTS OF 100 TROY OUNCES),GOLD,PRECIOUS METALS,NATURAL RESOURCES,Combined
220607088691C,GOLD - COMMODITY EXCHANGE INC.,2022-06-07T00:00:00.000,2022 Report Week 23,GOLD,088691,CMX,NYC,088,GOLD,622353,282854,98894,137459,153904,363224,574217,599577,48136,22776,622353,282854,98894,137459,153904,363224,574217,599577,48136,22776,0,0,0,0,0,0,0,0,0,0,-18734,1187,-1590,2151,-19485,-19566,-16147,-19006,-2587,272,100.0,45.4,15.9,22.1,24.7,58.4,92.3,96.3,7.7,3.7,100.0,45.4,15.9,22.1,24.7,58.4,92.3,96.3,7.7,3.7,0.0,0.0,0.0,0.0,0.0,0.0,0.0,0.0,0.0,0.0,347,196,74,122,59,64,302,215,347,196,74,122,59,64,302,215,0,0,0,0,0,0,0,0,18.7,26.3,28.0,41.1,15.1,21.7,22.5,35.8,18.7,26.3,28.0,41.1,15.1,21.7,22.5,35.8,0.0,0.0,0.0,0.0,0.0,0.0,0.0,0.0,(CONTRACTS OF 100 TROY OUNCES),GOLD,PRECIOUS METALS,NATURAL RESOURCES,Combined
220531088691C,GOLD - COMMODITY EXCHANGE INC.,2022-05-31T00:00:00.000,2022 Report Week 22,GOLD,088691,CMX,NYC,088,GOLD,641087,281667,100484,135308,173389,382791,590365,618583,50723,22504,641087,281667,100484,135308,173389,382791,590365,618583,50723,22504,0,0,0,0,0,0,0,0,0,0,-76638,-11780,2959,-45238,-17759,-33193,-74777,-75472,-1862,-1166,100.0,43.9,15.7,21.1,27.0,59.7,92.1,96.5,7.9,3.5,100.0,43.9,15.7,21.1,27.0,59.7,92.1,96.5,7.9,3.5,0.0,0.0,0.0,0.0,0.0,0.0,0.0,0.0,0.0,0.0,334,190,69,118,61,64,292,211,334,190,69,118,61,64,292,211,0,0,0,0,0,0,0,0,18.4,26.6,27.6,41.3,14.8,21.9,22.0,35.7,18.4,26.6,27.6,41.3,14.8,21.9,22.0,35.7,0.0,0.0,0.0,0.0,0.0,0.0,0.0,0.0,(CONTRACTS OF 100 TROY OUNCES),GOLD,PRECIOUS METALS,NATURAL RESOURCES,Combined
220524088691C,GOLD - COMMODITY EXCHANGE INC.,2022-05-24T00:00:00.000,2022 Report Week 21,GOLD,088691,CMX,NYC,088,GOLD,717726,293447,97525,180546,191148,415984,665141,694055,52585,23670,717726,293447,97525,180546,191148,415984,665141,694055,52585,23670,0,0,0,0,0,0,0,0,0,0,-9628,6494,-11062,-6509,-5771,8240,-5786,-9331,-3842,-297,100.0,40.9,13.6,25.2,26.6,58.0,92.7,96.7,7.3,3.3,100.0,40.9,13.6,25.2,26.6,58.0,92.7,96.7,7.3,3.3,0.0,0.0,0.0,0.0,0.0,0.0,0.0,0.0,0.0,0.0,348,201,69,126,61,67,311,216,348,201,69,126,61,67,311,216,0,0,0,0,0,0,0,0,17.6,27.0,28.5,40.8,13.4,21.1,20.2,34.1,17.6,27.0,28.5,40.8,13.4,21.1,20.2,34.1,0.0,0.0,0.0,0.0,0.0,0.0,0.0,0.0,(CONTRACTS OF 100 TROY OUNCES),GOLD,PRECIOUS METALS,NATURAL RESOURCES,Combined
220517088691C,GOLD - COMMODITY EXCHANGE INC.,2022-05-17T00:00:00.000,2022 Report Week 20,GOLD,088691,CMX,NYC,088,GOLD,727353,286953,108588,187055,196919,407744,670927,703386,56427,23967,727353,286953,108588,187055,196919,407744,670927,703386,56427,23967,0,0,0,0,0,0,0,0,0,0,-14563,-9078,10972,-10686,6748,-16072,-13016,-15786,-1547,1223,100.0,39.5,14.9,25.7,27.1,56.1,92.2,96.7,7.8,3.3,100.0,39.5,14.9,25.7,27.1,56.1,92.2,96.7,7.8,3.3,0.0,0.0,0.0,0.0,0.0,0.0,0.0,0.0,0.0,0.0,350,203,70,136,61,63,315,221,350,203,70,136,61,63,315,221,0,0,0,0,0,0,0,0,17.3,26.1,27.5,39.9,13.3,20.8,19.9,33.6,17.3,26.1,27.5,39.9,13.3,20.8,19.9,33.6,0.0,0.0,0.0,0.0,0.0,0.0,0.0,0.0,(CONTRACTS OF 100 TROY OUNCES),GOLD,PRECIOUS METALS,NATURAL RESOURCES,Combined
220517088695C,MICRO GOLD - COMMODITY EXCHANGE INC.,2022-05-17T00:00:00.000,2022 Report Week 20,MICRO GOLD,088695,CMX,NYC,088,GOLD,30753,6441,18366,6854,0,0,13295,25220,17458,5533,30753,6441,18366,6854,0,0,13295,25220,17458,5533,0,0,0,0,0,0,0,0,0,0,433,-216,-224,470,0,0,254,246,179,187,100.0,20.9,59.7,22.3,0.0,0.0,43.2,82.0,56.8,18.0,100.0,20.9,59.7,22.3,0.0,0.0,43.2,82.0,56.8,18.0,0.0,0.0,0.0,0.0,0.0,0.0,0.0,0.0,0.0,0.0,20,10,10,8,0,0,15,13,20,10,10,8,0,0,15,13,0,0,0,0,0,0,0,0,19.9,57.0,34.2,78.1,14.4,49.3,19.6,59.0,19.9,57.0,34.2,78.1,14.4,49.3,19.6,59.0,0.0,0.0,0.0,0.0,0.0,0.0,0.0,0.0,(CONTRACTS OF 10 TROY OUNCES),GOLD,PRECIOUS METALS,NATURAL RESOURCES,Combined
220510088695C,MICRO GOLD - COMMODITY EXCHANGE INC.,2022-05-10T00:00:00.000,2022 Report Week 19,MICRO GOLD,088695,CMX,NYC,088,GOLD,30320,6657,18590,6384,0,0,13041,24974,17279,5346,30320,6657,18590,6384,0,0,13041,24974,17279,5346,0,0,0,0,0,0,0,0,0,0,-133,114,1416,809,0,0,923,2225,-1056,-2358,100.0,22.0,61.3,21.1,0.0,0.0,43.0,82.4,57.0,17.6,100.0,22.0,61.3,21.1,0.0,0.0,43.0,82.4,57.0,17.6,0.0,0.0,0.0,0.0,0.0,0.0,0.0,0.0,0.0,0.0,21,11,10,9,0,0,17,13,21,11,10,9,0,0,17,13,0,0,0,0,0,0,0,0,22.9,61.5,33.9,77.2,16.5,51.9,20.6,60.4,22.9,61.5,33.9,77.2,16.5,51.9,20.6,60.4,0.0,0.0,0.0,0.0,0.0,0.0,0.0,0.0,(CONTRACTS OF 10 TROY OUNCES),GOLD,PRECIOUS METALS,NATURAL RESOURCES,Combined
220510088691C,GOLD - COMMODITY EXCHANGE INC.,2022-05-10T00:00:00.000,2022 Report Week 19,GOLD,088691,CMX,NYC,088,GOLD,741917,296031,97616,197741,190171,423816,683943,719172,57974,22744,741917,296031,97616,197741,190171,423816,683943,719172,57974,22744,0,0,0,0,0,0,0,0,0,0,10104,-11074,1786,16367,3641,-7116,8934,11037,1170,-932,100.0,39.9,13.2,26.7,25.6,57.1,92.2,96.9,7.8,3.1,100.0,39.9,13.2,26.7,25.6,57.1,92.2,96.9,7.8,3.1,0.0,0.0,0.0,0.0,0.0,0.0,0.0,0.0,0.0,0.0,368,220,64,142,63,66,329,231,368,220,64,142,63,66,329,231,0,0,0,0,0,0,0,0,17.2,27.1,27.8,40.9,13.0,21.8,19.7,34.4,17.2,27.1,27.8,40.9,13.0,21.8,19.7,34.4,0.0,0.0,0.0,0.0,0.0,0.0,0.0,0.0,(CONTRACTS OF 100 TROY OUNCES),GOLD,PRECIOUS METALS,NATURAL RESOURCES,Combined
220503088691C,GOLD - COMMODITY EXCHANGE INC.,2022-05-03T00:00:00.000,2022 Report Week 18,GOLD,088691,CMX,NYC,088,GOLD,731812,307105,95830,181374,186529,430932,675009,708136,56803,23677,731812,307105,95830,181374,186529,430932,675009,708136,56803,23677,0,0,0,0,0,0,0,0,0,0,3038,-21872,3166,19234,5059,-18365,2421,4035,617,-997,100.0,42.0,13.1,24.8,25.5,58.9,92.2,96.8,7.8,3.2,100.0,42.0,13.1,24.8,25.5,58.9,92.2,96.8,7.8,3.2,0.0,0.0,0.0,0.0,0.0,0.0,0.0,0.0,0.0,0.0,363,219,65,132,60,61,325,215,363,219,65,132,60,61,325,215,0,0,0,0,0,0,0,0,17.4,28.0,27.1,41.8,13.2,23.2,20.2,36.5,17.4,28.0,27.1,41.8,13.2,23.2,20.2,36.5,0.0,0.0,0.0,0.0,0.0,0.0,0.0,0.0,(CONTRACTS OF 100 TROY OUNCES),GOLD,PRECIOUS METALS,NATURAL RESOURCES,Combined
220503088695C,MICRO GOLD - COMMODITY EXCHANGE INC.,2022-05-03T00:00:00.000,2022 Report Week 18,MICRO GOLD,088695,CMX,NYC,088,GOLD,30453,6543,17174,5575,0,0,12118,22749,18335,7704,30453,6543,17174,5575,0,0,12118,22749,18335,7704,0,0,0,0,0,0,0,0,0,0,-1809,-1789,690,-226,0,0,-2015,464,206,-2273,100.0,21.5,56.4,18.3,0.0,0.0,39.8,74.7,60.2,25.3,100.0,21.5,56.4,18.3,0.0,0.0,39.8,74.7,60.2,25.3,0.0,0.0,0.0,0.0,0.0,0.0,0.0,0.0,0.0,0.0,20,11,9,7,0,0,16,11,20,11,9,7,0,0,16,11,0,0,0,0,0,0,0,0,23.2,56.5,33.5,72.8,16.7,47.9,19.9,56.3,23.2,56.5,33.5,72.8,16.7,47.9,19.9,56.3,0.0,0.0,0.0,0.0,0.0,0.0,0.0,0.0,(CONTRACTS OF 10 TROY OUNCES),GOLD,PRECIOUS METALS,NATURAL RESOURCES,Combined
220426088691C,GOLD - COMMODITY EXCHANGE INC.,2022-04-26T00:00:00.000,2022 Report Week 17,GOLD,088691,CMX,NYC,088,GOLD,728774,328977,92663,162141,181471,449297,672588,704101,56186,24673,728774,328977,92663,162141,181471,449297,672588,704101,56186,24673,0,0,0,0,0,0,0,0,0,0,-47788,-27598,2637,-11032,-4847,-39192,-43477,-47587,-4310,-201,100.0,45.1,12.7,22.2,24.9,61.7,92.3,96.6,7.7,3.4,100.0,45.1,12.7,22.2,24.9,61.7,92.3,96.6,7.7,3.4,0.0,0.0,0.0,0.0,0.0,0.0,0.0,0.0,0.0,0.0,361,222,59,128,60,64,327,210,361,222,59,128,60,64,327,210,0,0,0,0,0,0,0,0,17.1,29.3,26.8,43.5,13.5,24.7,20.6,38.1,17.1,29.3,26.8,43.5,13.5,24.7,20.6,38.1,0.0,0.0,0.0,0.0,0.0,0.0,0.0,0.0,(CONTRACTS OF 100 TROY OUNCES),GOLD,PRECIOUS METALS,NATURAL RESOURCES,Combined
220426088695C,MICRO GOLD - COMMODITY EXCHANGE INC.,2022-04-26T00:00:00.000,2022 Report Week 17,MICRO GOLD,088695,CMX,NYC,088,GOLD,32262,8332,16484,5801,0,0,14133,22285,18129,9977,32262,8332,16484,5801,0,0,14133,22285,18129,9977,0,0,0,0,0,0,0,0,0,0,,,,,,,,,,,100.0,25.8,51.1,18.0,0.0,0.0,43.8,69.1,56.2,30.9,100.0,25.8,51.1,18.0,0.0,0.0,43.8,69.1,56.2,30.9,0.0,0.0,0.0,0.0,0.0,0.0,0.0,0.0,0.0,0.0,21,12,9,7,0,0,17,11,21,12,9,7,0,0,17,11,0,0,0,0,0,0,0,0,21.5,51.3,34.1,67.0,17.0,43.2,23.1,50.4,21.5,51.3,34.1,67.0,17.0,43.2,23.1,50.4,0.0,0.0,0.0,0.0,0.0,0.0,0.0,0.0,(CONTRACTS OF 10 TROY OUNCES),GOLD,PRECIOUS METALS,NATURAL RESOURCES,Combined
220419088691C,GOLD - COMMODITY EXCHANGE INC.,2022-04-19T00:00:00.000,2022 Report Week 16,GOLD,088691,CMX,NYC,088,GOLD,776562,356575,90027,173172,186318,488489,716065,751687,60497,24874,776562,356575,90027,173172,186318,488489,716065,751687,60497,24874,0,0,0,0,0,0,0,0,0,0,-18885,-11135,6661,-8626,1510,-12973,-18251,-14938,-634,-3947,100.0,45.9,11.6,22.3,24.0,62.9,92.2,96.8,7.8,3.2,100.0,45.9,11.6,22.3,24.0,62.9,92.2,96.8,7.8,3.2,0.0,0.0,0.0,0.0,0.0,0.0,0.0,0.0,0.0,0.0,375,231,62,131,62,68,336,219,375,231,62,131,62,68,336,219,0,0,0,0,0,0,0,0,17.0,29.5,26.9,43.1,13.6,24.1,20.2,36.9,17.0,29.5,26.9,43.1,13.6,24.1,20.2,36.9,0.0,0.0,0.0,0.0,0.0,0.0,0.0,0.0,(CONTRACTS OF 100 TROY OUNCES),GOLD,PRECIOUS METALS,NATURAL RESOURCES,Combined
220412088691C,GOLD - COMMODITY EXCHANGE INC.,2022-04-12T00:00:00.000,2022 Report Week 15,GOLD,088691,CMX,NYC,088,GOLD,795447,367710,83365,181799,184808,501462,734316,766626,61131,28821,795447,367710,83365,181799,184808,501462,734316,766626,61131,28821,0,0,0,0,0,0,0,0,0,0,49802,21706,3094,17546,6371,24408,45622,45047,4179,4755,100.0,46.2,10.5,22.9,23.2,63.0,92.3,96.4,7.7,3.6,100.0,46.2,10.5,22.9,23.2,63.0,92.3,96.4,7.7,3.6,0.0,0.0,0.0,0.0,0.0,0.0,0.0,0.0,0.0,0.0,383,242,57,136,61,71,347,223,383,242,57,136,61,71,347,223,0,0,0,0,0,0,0,0,17.3,29.6,26.8,42.8,13.9,23.9,20.4,36.5,17.3,29.6,26.8,42.8,13.9,23.9,20.4,36.5,0.0,0.0,0.0,0.0,0.0,0.0,0.0,0.0,(CONTRACTS OF 100 TROY OUNCES),GOLD,PRECIOUS METALS,NATURAL RESOURCES,Combined
220405088691C,GOLD - COMMODITY EXCHANGE INC.,2022-04-05T00:00:00.000,2022 Report Week 14,GOLD,088691,CMX,NYC,088,GOLD,745645,346004,80271,164253,178437,477054,688694,721579,56951,24066,745645,346004,80271,164253,178437,477054,688694,721579,56951,24066,0,0,0,0,0,0,0,0,0,0,-17062,-2919,9303,-7615,-9056,-16433,-19590,-14745,2528,-2317,100.0,46.4,10.8,22.0,23.9,64.0,92.4,96.8,7.6,3.2,100.0,46.4,10.8,22.0,23.9,64.0,92.4,96.8,7.6,3.2,0.0,0.0,0.0,0.0,0.0,0.0,0.0,0.0,0.0,0.0,360,223,60,135,53,66,321,218,360,223,60,135,53,66,321,218,0,0,0,0,0,0,0,0,17.8,29.9,27.4,44.0,14.8,24.8,21.7,37.6,17.8,29.9,27.4,44.0,14.8,24.8,21.7,37.6,0.0,0.0,0.0,0.0,0.0,0.0,0.0,0.0,(CONTRACTS OF 100 TROY OUNCES),GOLD,PRECIOUS METALS,NATURAL RESOURCES,Combined
220405088695C,MICRO GOLD - COMMODITY EXCHANGE INC.,2022-04-05T00:00:00.000,2022 Report Week 14,MICRO GOLD,088695,CMX,NYC,088,GOLD,27111,9206,10996,3578,0,0,12784,14574,14327,12537,27111,9206,10996,3578,0,0,12784,14574,14327,12537,0,0,0,0,0,0,0,0,0,0,,,,,,,,,,,100.0,34.0,40.6,13.2,0.0,0.0,47.2,53.8,52.8,46.2,100.0,34.0,40.6,13.2,0.0,0.0,47.2,53.8,52.8,46.2,0.0,0.0,0.0,0.0,0.0,0.0,0.0,0.0,0.0,0.0,20,12,8,9,0,0,17,12,20,12,8,9,0,0,17,12,0,0,0,0,0,0,0,0,26.7,39.4,38.9,51.8,21.9,33.4,30.1,40.6,26.7,39.4,38.9,51.8,21.9,33.4,30.1,40.6,0.0,0.0,0.0,0.0,0.0,0.0,0.0,0.0,(CONTRACTS OF 10 TROY OUNCES),GOLD,PRECIOUS METALS,NATURAL RESOURCES,Combined
220329088691C,GOLD - COMMODITY EXCHANGE INC.,2022-03-29T00:00:00.000,2022 Report Week 13,GOLD,088691,CMX,NYC,088,GOLD,762707,348923,70969,171868,187493,493487,708284,736324,54423,26383,762707,348923,70969,171868,187493,493487,708284,736324,54423,26383,0,0,0,0,0,0,0,0,0,0,-60327,-1630,1617,-26984,-27063,-35759,-55677,-61126,-4650,800,100.0,45.7,9.3,22.5,24.6,64.7,92.9,96.5,7.1,3.5,100.0,45.7,9.3,22.5,24.6,64.7,92.9,96.5,7.1,3.5,0.0,0.0,0.0,0.0,0.0,0.0,0.0,0.0,0.0,0.0,363,226,55,138,57,67,326,221,363,226,55,138,57,67,326,221,0,0,0,0,0,0,0,0,17.5,29.4,27.3,43.4,15.0,24.6,21.5,37.1,17.5,29.4,27.3,43.4,15.0,24.6,21.5,37.1,0.0,0.0,0.0,0.0,0.0,0.0,0.0,0.0,(CONTRACTS OF 100 TROY OUNCES),GOLD,PRECIOUS METALS,NATURAL RESOURCES,Combined
220322088691C,GOLD - COMMODITY EXCHANGE INC.,2022-03-22T00:00:00.000,2022 Report Week 12,GOLD,088691,CMX,NYC,088,GOLD,823034,350553,69352,198852,214556,529246,763961,797450,59072,25584,823034,350553,69352,198852,214556,529246,763961,797450,59072,25584,0,0,0,0,0,0,0,0,0,0,-26666,-22686,-7215,-3550,1038,-16717,-25198,-27482,-1468,816,100.0,42.6,8.4,24.2,26.1,64.3,92.8,96.9,7.2,3.1,100.0,42.6,8.4,24.2,26.1,64.3,92.8,96.9,7.2,3.1,0.0,0.0,0.0,0.0,0.0,0.0,0.0,0.0,0.0,0.0,360,224,58,137,55,65,323,218,360,224,58,137,55,65,323,218,0,0,0,0,0,0,0,0,16.7,27.7,27.2,41.5,14.0,23.2,20.5,35.2,16.7,27.7,27.2,41.5,14.0,23.2,20.5,35.2,0.0,0.0,0.0,0.0,0.0,0.0,0.0,0.0,(CONTRACTS OF 100 TROY OUNCES),GOLD,PRECIOUS METALS,NATURAL RESOURCES,Combined
220322088695C,MICRO GOLD - COMMODITY EXCHANGE INC.,2022-03-22T00:00:00.000,2022 Report Week 12,MICRO GOLD,088695,CMX,NYC,088,GOLD,35952,10034,15826,10180,0,0,20214,26006,15738,9946,35952,10034,15826,10180,0,0,20214,26006,15738,9946,0,0,0,0,0,0,0,0,0,0,31,924,550,-1250,0,0,-326,-700,357,731,100.0,27.9,44.0,28.3,0.0,0.0,56.2,72.3,43.8,27.7,100.0,27.9,44.0,28.3,0.0,0.0,56.2,72.3,43.8,27.7,0.0,0.0,0.0,0.0,0.0,0.0,0.0,0.0,0.0,0.0,22,12,10,10,0,0,17,15,22,12,10,10,0,0,17,15,0,0,0,0,0,0,0,0,29.9,56.7,45.2,67.9,17.0,38.0,25.4,43.3,29.9,56.7,45.2,67.9,17.0,38.0,25.4,43.3,0.0,0.0,0.0,0.0,0.0,0.0,0.0,0.0,(CONTRACTS OF 10 TROY OUNCES),GOLD,PRECIOUS METALS,NATURAL RESOURCES,Combined
220315088691C,GOLD - COMMODITY EXCHANGE INC.,2022-03-15T00:00:00.000,2022 Report Week 11,GOLD,088691,CMX,NYC,088,GOLD,849700,373239,76567,202402,213518,545963,789159,824932,60541,24768,849700,373239,76567,202402,213518,545963,789159,824932,60541,24768,0,0,0,0,0,0,0,0,0,0,-71417,-30274,-5723,-39724,1381,-18955,-68616,-64401,-2801,-7016,100.0,43.9,9.0,23.8,25.1,64.3,92.9,97.1,7.1,2.9,100.0,43.9,9.0,23.8,25.1,64.3,92.9,97.1,7.1,2.9,0.0,0.0,0.0,0.0,0.0,0.0,0.0,0.0,0.0,0.0,375,238,58,146,56,67,337,232,375,238,58,146,56,67,337,232,0,0,0,0,0,0,0,0,17.0,28.0,26.6,41.5,14.3,23.2,20.5,35.1,17.0,28.0,26.6,41.5,14.3,23.2,20.5,35.1,0.0,0.0,0.0,0.0,0.0,0.0,0.0,0.0,(CONTRACTS OF 100 TROY OUNCES),GOLD,PRECIOUS METALS,NATURAL RESOURCES,Combined
220315088695C,MICRO GOLD - COMMODITY EXCHANGE INC.,2022-03-15T00:00:00.000,2022 Report Week 11,MICRO GOLD,088695,CMX,NYC,088,GOLD,35921,9110,15276,11430,0,0,20540,26706,15381,9215,35921,9110,15276,11430,0,0,20540,26706,15381,9215,0,0,0,0,0,0,0,0,0,0,,,,,,,,,,,100.0,25.4,42.5,31.8,0.0,0.0,57.2,74.3,42.8,25.7,100.0,25.4,42.5,31.8,0.0,0.0,57.2,74.3,42.8,25.7,0.0,0.0,0.0,0.0,0.0,0.0,0.0,0.0,0.0,0.0,22,14,8,11,0,0,18,15,22,14,8,11,0,0,18,15,0,0,0,0,0,0,0,0,30.5,57.7,46.1,69.5,15.9,37.1,21.9,42.5,30.5,57.7,46.1,69.5,15.9,37.1,21.9,42.5,0.0,0.0,0.0,0.0,0.0,0.0,0.0,0.0,(CONTRACTS OF 10 TROY OUNCES),GOLD,PRECIOUS METALS,NATURAL RESOURCES,Combined
220308088691C,GOLD - COMMODITY EXCHANGE INC.,2022-03-08T00:00:00.000,2022 Report Week 10,GOLD,088691,CMX,NYC,088,GOLD,921117,403514,82289,242126,212136,564918,857775,889333,63342,31784,921117,403514,82289,242126,212136,564918,857775,889333,63342,31784,0,0,0,0,0,0,0,0,0,0,105131,23698,-6820,42047,31948,66811,97693,102038,7438,3093,100.0,43.8,8.9,26.3,23.0,61.3,93.1,96.5,6.9,3.5,100.0,43.8,8.9,26.3,23.0,61.3,93.1,96.5,6.9,3.5,0.0,0.0,0.0,0.0,0.0,0.0,0.0,0.0,0.0,0.0,377,223,70,147,59,72,332,243,377,223,70,147,59,72,332,243,0,0,0,0,0,0,0,0,17.2,27.3,26.6,40.4,14.1,22.3,20.2,33.3,17.2,27.3,26.6,40.4,14.1,22.3,20.2,33.3,0.0,0.0,0.0,0.0,0.0,0.0,0.0,0.0,(CONTRACTS OF 100 TROY OUNCES),GOLD,PRECIOUS METALS,NATURAL RESOURCES,Combined
220301088691C,GOLD - COMMODITY EXCHANGE INC.,2022-03-01T00:00:00.000,2022 Report Week 09,GOLD,088691,CMX,NYC,088,GOLD,815986,379815,89109,200079,180188,498107,760082,787295,55904,28691,815986,379815,89109,200079,180188,498107,760082,787295,55904,28691,0,0,0,0,0,0,0,0,0,0,7156,3381,-5753,1670,494,11173,5545,7090,1611,65,100.0,46.5,10.9,24.5,22.1,61.0,93.1,96.5,6.9,3.5,100.0,46.5,10.9,24.5,22.1,61.0,93.1,96.5,6.9,3.5,0.0,0.0,0.0,0.0,0.0,0.0,0.0,0.0,0.0,0.0,377,216,77,140,56,67,328,233,377,216,77,140,56,67,328,233,0,0,0,0,0,0,0,0,17.9,27.4,27.8,42.0,14.6,23.4,21.4,35.0,17.9,27.4,27.8,42.0,14.6,23.4,21.4,35.0,0.0,0.0,0.0,0.0,0.0,0.0,0.0,0.0,(CONTRACTS OF 100 TROY OUNCES),GOLD,PRECIOUS METALS,NATURAL RESOURCES,Combined
220222088691C,GOLD - COMMODITY EXCHANGE INC.,2022-02-22T00:00:00.000,2022 Report Week 08,GOLD,088691,CMX,NYC,088,GOLD,808830,376435,94862,198408,179694,486934,754537,780205,54293,28626,808830,376435,94862,198408,179694,486934,754537,780205,54293,28626,0,0,0,0,0,0,0,0,0,0,91790,40963,2152,34696,13056,52615,88715,89463,3074,2326,100.0,46.5,11.7,24.5,22.2,60.2,93.3,96.5,6.7,3.5,100.0,46.5,11.7,24.5,22.2,60.2,93.3,96.5,6.7,3.5,0.0,0.0,0.0,0.0,0.0,0.0,0.0,0.0,0.0,0.0,391,225,84,143,55,71,335,246,391,225,84,143,55,71,335,246,0,0,0,0,0,0,0,0,17.5,27.0,27.2,41.1,14.4,23.3,21.0,34.7,17.5,27.0,27.2,41.1,14.4,23.3,21.0,34.7,0.0,0.0,0.0,0.0,0.0,0.0,0.0,0.0,(CONTRACTS OF 100 TROY OUNCES),GOLD,PRECIOUS METALS,NATURAL RESOURCES,Combined
220215088691C,GOLD - COMMODITY EXCHANGE INC.,2022-02-15T00:00:00.000,2022 Report Week 07,GOLD,088691,CMX,NYC,088,GOLD,717041,335472,92710,163712,166638,434319,665822,690741,51219,26299,717041,335472,92710,163712,166638,434319,665822,690741,51219,26299,0,0,0,0,0,0,0,0,0,0,69940,34219,2331,27836,5707,37826,67761,67993,2179,1947,100.0,46.8,12.9,22.8,23.2,60.6,92.9,96.3,7.1,3.7,100.0,46.8,12.9,22.8,23.2,60.6,92.9,96.3,7.1,3.7,0.0,0.0,0.0,0.0,0.0,0.0,0.0,0.0,0.0,0.0,358,194,86,130,51,68,305,227,358,194,86,130,51,68,305,227,0,0,0,0,0,0,0,0,18.4,27.4,28.1,42.0,15.8,24.1,23.0,36.8,18.4,27.4,28.1,42.0,15.8,24.1,23.0,36.8,0.0,0.0,0.0,0.0,0.0,0.0,0.0,0.0,(CONTRACTS OF 100 TROY OUNCES),GOLD,PRECIOUS METALS,NATURAL RESOURCES,Combined
220208088691C,GOLD - COMMODITY EXCHANGE INC.,2022-02-08T00:00:00.000,2022 Report Week 06,GOLD,088691,CMX,NYC,088,GOLD,647101,301253,90379,135877,160931,396493,598061,622749,49040,24352,647101,301253,90379,135877,160931,396493,598061,622749,49040,24352,0,0,0,0,0,0,0,0,0,0,9803,9270,-11842,2871,-461,15943,11680,6972,-1877,2831,100.0,46.6,14.0,21.0,24.9,61.3,92.4,96.2,7.6,3.8,100.0,46.6,14.0,21.0,24.9,61.3,92.4,96.2,7.6,3.8,0.0,0.0,0.0,0.0,0.0,0.0,0.0,0.0,0.0,0.0,347,193,82,123,51,64,299,215,347,193,82,123,51,64,299,215,0,0,0,0,0,0,0,0,19.1,28.2,29.0,43.4,17.3,24.6,25.3,38.8,19.1,28.2,29.0,43.4,17.3,24.6,25.3,38.8,0.0,0.0,0.0,0.0,0.0,0.0,0.0,0.0,(CONTRACTS OF 100 TROY OUNCES),GOLD,PRECIOUS METALS,NATURAL RESOURCES,Combined
220201088691C,GOLD - COMMODITY EXCHANGE INC.,2022-02-01T00:00:00.000,2022 Report Week 05,GOLD,088691,CMX,NYC,088,GOLD,637298,291983,102221,133006,161392,380550,586381,615777,50917,21521,637298,291983,102221,133006,161392,380550,586381,615777,50917,21521,0,0,0,0,0,0,0,0,0,0,-86121,-41499,14520,-30864,-8881,-65054,-81245,-81398,-4877,-4723,100.0,45.8,16.0,20.9,25.3,59.7,92.0,96.6,8.0,3.4,100.0,45.8,16.0,20.9,25.3,59.7,92.0,96.6,8.0,3.4,0.0,0.0,0.0,0.0,0.0,0.0,0.0,0.0,0.0,0.0,345,198,73,118,52,61,295,209,345,198,73,118,52,61,295,209,0,0,0,0,0,0,0,0,19.2,27.5,29.1,43.3,17.2,24.1,25.6,38.5,19.2,27.5,29.1,43.3,17.2,24.1,25.6,38.5,0.0,0.0,0.0,0.0,0.0,0.0,0.0,0.0,(CONTRACTS OF 100 TROY OUNCES),GOLD,PRECIOUS METALS,NATURAL RESOURCES,Combined
220125088691C,GOLD - COMMODITY EXCHANGE INC.,2022-01-25T00:00:00.000,2022 Report Week 04,GOLD,088691,CMX,NYC,088,GOLD,723419,333483,87701,163870,170273,445604,667626,697176,55793,26244,723419,333483,87701,163870,170273,445604,667626,697176,55793,26244,0,0,0,0,0,0,0,0,0,0,27217,28062,-6779,7785,-13007,24219,22841,25225,4377,1992,100.0,46.1,12.1,22.7,23.5,61.6,92.3,96.4,7.7,3.6,100.0,46.1,12.1,22.7,23.5,61.6,92.3,96.4,7.7,3.6,0.0,0.0,0.0,0.0,0.0,0.0,0.0,0.0,0.0,0.0,357,204,75,123,54,65,308,218,357,204,75,123,54,65,308,218,0,0,0,0,0,0,0,0,18.2,27.0,27.3,41.0,16.6,23.2,23.3,35.6,18.2,27.0,27.3,41.0,16.6,23.2,23.3,35.6,0.0,0.0,0.0,0.0,0.0,0.0,0.0,0.0,(CONTRACTS OF 100 TROY OUNCES),GOLD,PRECIOUS METALS,NATURAL RESOURCES,Combined
220118088691C,GOLD - COMMODITY EXCHANGE INC.,2022-01-18T00:00:00.000,2022 Report Week 03,GOLD,088691,CMX,NYC,088,GOLD,696202,305421,94480,156085,183280,421386,644785,671950,51417,24252,696202,305421,94480,156085,183280,421386,644785,671950,51417,24252,0,0,0,0,0,0,0,0,0,0,-3210,9,4638,-18293,16087,12979,-2197,-675,-1013,-2534,100.0,43.9,13.6,22.4,26.3,60.5,92.6,96.5,7.4,3.5,100.0,43.9,13.6,22.4,26.3,60.5,92.6,96.5,7.4,3.5,0.0,0.0,0.0,0.0,0.0,0.0,0.0,0.0,0.0,0.0,350,186,86,131,54,64,305,220,350,186,86,131,54,64,305,220,0,0,0,0,0,0,0,0,22.5,27.1,32.0,42.0,16.9,21.0,24.4,34.3,22.5,27.1,32.0,42.0,16.9,21.0,24.4,34.3,0.0,0.0,0.0,0.0,0.0,0.0,0.0,0.0,(CONTRACTS OF 100 TROY OUNCES),GOLD,PRECIOUS METALS,NATURAL RESOURCES,Combined
220111088691C,GOLD - COMMODITY EXCHANGE INC.,2022-01-11T00:00:00.000,2022 Report Week 02,GOLD,088691,CMX,NYC,088,GOLD,699412,305412,89842,174377,167193,408406,646982,672626,52430,26786,699412,305412,89842,174377,167193,408406,646982,672626,52430,26786,0,0,0,0,0,0,0,0,0,0,49167,-7566,4065,39685,13758,1509,45878,45259,3289,3908,100.0,43.7,12.8,24.9,23.9,58.4,92.5,96.2,7.5,3.8,100.0,43.7,12.8,24.9,23.9,58.4,92.5,96.2,7.5,3.8,0.0,0.0,0.0,0.0,0.0,0.0,0.0,0.0,0.0,0.0,350,186,85,137,54,64,305,226,350,186,85,137,54,64,305,226,0,0,0,0,0,0,0,0,22.2,26.5,33.1,41.9,17.4,20.8,24.5,34.2,22.2,26.5,33.1,41.9,17.4,20.8,24.5,34.2,0.0,0.0,0.0,0.0,0.0,0.0,0.0,0.0,(CONTRACTS OF 100 TROY OUNCES),GOLD,PRECIOUS METALS,NATURAL RESOURCES,Combined
220104088691C,GOLD - COMMODITY EXCHANGE INC.,2022-01-04T00:00:00.000,2022 Report Week 01,GOLD,088691,CMX,NYC,088,GOLD,650245,312978,85778,134692,153434,406897,601104,627367,49140,22878,650245,312978,85778,134692,153434,406897,601104,627367,49140,22878,0,0,0,0,0,0,0,0,0,0,-182,-7328,-6621,9511,2852,-4208,5035,-1318,-5217,1136,100.0,48.1,13.2,20.7,23.6,62.6,92.4,96.5,7.6,3.5,100.0,48.1,13.2,20.7,23.6,62.6,92.4,96.5,7.6,3.5,0.0,0.0,0.0,0.0,0.0,0.0,0.0,0.0,0.0,0.0,345,188,75,125,54,64,293,217,345,188,75,125,54,64,293,217,0,0,0,0,0,0,0,0,23.6,28.3,34.0,44.3,19.3,22.4,26.5,37.0,23.6,28.3,34.0,44.3,19.3,22.4,26.5,37.0,0.0,0.0,0.0,0.0,0.0,0.0,0.0,0.0,(CONTRACTS OF 100 TROY OUNCES),GOLD,PRECIOUS METALS,NATURAL RESOURCES,Combined
211228088691C,GOLD - COMMODITY EXCHANGE INC.,2021-12-28T00:00:00.000,2021 Report Week 52,GOLD,088691,CMX,NYC,088,GOLD,650426,320306,92399,125181,150583,411105,596069,628685,54357,21741,650426,320306,92399,125181,150583,411105,596069,628685,54357,21741,0,0,0,0,0,0,0,0,0,0,-601,10266,-1139,-7433,-4537,8853,-1704,281,1103,-882,100.0,49.2,14.2,19.2,23.2,63.2,91.6,96.7,8.4,3.3,100.0,49.2,14.2,19.2,23.2,63.2,91.6,96.7,8.4,3.3,0.0,0.0,0.0,0.0,0.0,0.0,0.0,0.0,0.0,0.0,329,189,64,113,51,62,279,202,329,189,64,113,51,62,279,202,0,0,0,0,0,0,0,0,23.7,28.8,34.7,45.2,20.1,23.1,27.3,38.0,23.7,28.8,34.7,45.2,20.1,23.1,27.3,38.0,0.0,0.0,0.0,0.0,0.0,0.0,0.0,0.0,(CONTRACTS OF 100 TROY OUNCES),GOLD,PRECIOUS METALS,NATURAL RESOURCES,Combined
211221088691C,GOLD - COMMODITY EXCHANGE INC.,2021-12-21T00:00:00.000,2021 Report Week 51,GOLD,088691,CMX,NYC,088,GOLD,651027,310040,93538,132614,155120,402252,597774,628404,53254,22624,651027,310040,93538,132614,155120,402252,597774,628404,53254,22624,0,0,0,0,0,0,0,0,0,0,-2688,90,-5109,-377,-2541,3726,-2828,-1760,141,-928,100.0,47.6,14.4,20.4,23.8,61.8,91.8,96.5,8.2,3.5,100.0,47.6,14.4,20.4,23.8,61.8,91.8,96.5,8.2,3.5,0.0,0.0,0.0,0.0,0.0,0.0,0.0,0.0,0.0,0.0,333,185,72,122,55,61,285,211,333,185,72,122,55,61,285,211,0,0,0,0,0,0,0,0,23.1,28.5,34.1,44.5,19.7,22.4,27.1,37.3,23.1,28.5,34.1,44.5,19.7,22.4,27.1,37.3,0.0,0.0,0.0,0.0,0.0,0.0,0.0,0.0,(CONTRACTS OF 100 TROY OUNCES),GOLD,PRECIOUS METALS,NATURAL RESOURCES,Combined
211214088691C,GOLD - COMMODITY EXCHANGE INC.,2021-12-14T00:00:00.000,2021 Report Week 50,GOLD,088691,CMX,NYC,088,GOLD,653715,309950,98647,132991,157661,398526,600602,630164,53113,23551,653715,309950,98647,132991,157661,398526,600602,630164,53113,23551,0,0,0,0,0,0,0,0,0,0,-1327,-2478,12562,-851,405,-13999,-2924,-2287,1596,960,100.0,47.4,15.1,20.3,24.1,61.0,91.9,96.4,8.1,3.6,100.0,47.4,15.1,20.3,24.1,61.0,91.9,96.4,8.1,3.6,0.0,0.0,0.0,0.0,0.0,0.0,0.0,0.0,0.0,0.0,335,181,72,119,58,64,288,210,335,181,72,119,58,64,288,210,0,0,0,0,0,0,0,0,22.6,28.0,33.5,43.9,19.4,21.9,26.8,36.8,22.6,28.0,33.5,43.9,19.4,21.9,26.8,36.8,0.0,0.0,0.0,0.0,0.0,0.0,0.0,0.0,(CONTRACTS OF 100 TROY OUNCES),GOLD,PRECIOUS METALS,NATURAL RESOURCES,Combined
211207088691C,GOLD - COMMODITY EXCHANGE INC.,2021-12-07T00:00:00.000,2021 Report Week 49,GOLD,088691,CMX,NYC,088,GOLD,655042,312428,86085,133841,157256,412524,603525,632451,51517,22592,655042,312428,86085,133841,157256,412524,603525,632451,51517,22592,0,0,0,0,0,0,0,0,0,0,-30362,-8837,-301,-2756,-14063,-27254,-25656,-30312,-4706,-50,100.0,47.7,13.1,20.4,24.0,63.0,92.1,96.6,7.9,3.4,100.0,47.7,13.1,20.4,24.0,63.0,92.1,96.6,7.9,3.4,0.0,0.0,0.0,0.0,0.0,0.0,0.0,0.0,0.0,0.0,330,183,66,114,59,65,285,203,330,183,66,114,59,65,285,203,0,0,0,0,0,0,0,0,23.0,29.1,34.0,45.3,19.5,22.6,27.0,37.7,23.0,29.1,34.0,45.3,19.5,22.6,27.0,37.7,0.0,0.0,0.0,0.0,0.0,0.0,0.0,0.0,(CONTRACTS OF 100 TROY OUNCES),GOLD,PRECIOUS METALS,NATURAL RESOURCES,Combined
211130088691C,GOLD - COMMODITY EXCHANGE INC.,2021-11-30T00:00:00.000,2021 Report Week 48,GOLD,088691,CMX,NYC,088,GOLD,685404,321265,86386,136598,171319,439778,629182,662762,56223,22642,685404,321265,86386,136598,171319,439778,629182,662762,56223,22642,0,0,0,0,0,0,0,0,0,0,-25983,-18193,-6729,-4792,536,-11790,-22449,-23312,-3534,-2671,100.0,46.9,12.6,19.9,25.0,64.2,91.8,96.7,8.2,3.3,100.0,46.9,12.6,19.9,25.0,64.2,91.8,96.7,8.2,3.3,0.0,0.0,0.0,0.0,0.0,0.0,0.0,0.0,0.0,0.0,327,191,59,108,59,61,286,193,327,191,59,108,59,61,286,193,0,0,0,0,0,0,0,0,21.9,28.6,33.2,44.4,18.2,22.0,25.6,36.4,21.9,28.6,33.2,44.4,18.2,22.0,25.6,36.4,0.0,0.0,0.0,0.0,0.0,0.0,0.0,0.0,(CONTRACTS OF 100 TROY OUNCES),GOLD,PRECIOUS METALS,NATURAL RESOURCES,Combined
211123088695C,MICRO GOLD - COMMODITY EXCHANGE INC.,2021-11-23T00:00:00.000,2021 Report Week 47,MICRO GOLD,088695,CMX,NYC,088,GOLD,32929,8426,19122,6099,0,0,14525,25221,18404,7708,32929,8426,19122,6099,0,0,14525,25221,18404,7708,0,0,0,0,0,0,0,0,0,0,5230,600,6388,1735,0,0,2335,8123,2895,-2893,100.0,25.6,58.1,18.5,0.0,0.0,44.1,76.6,55.9,23.4,100.0,25.6,58.1,18.5,0.0,0.0,44.1,76.6,55.9,23.4,0.0,0.0,0.0,0.0,0.0,0.0,0.0,0.0,0.0,0.0,21,11,10,11,0,0,16,16,21,11,10,11,0,0,16,16,0,0,0,0,0,0,0,0,27.4,51.2,37.9,67.4,17.6,45.9,24.3,57.0,27.4,51.2,37.9,67.4,17.6,45.9,24.3,57.0,0.0,0.0,0.0,0.0,0.0,0.0,0.0,0.0,(CONTRACTS OF 10 TROY OUNCES),GOLD,PRECIOUS METALS,NATURAL RESOURCES,Combined
211123088691C,GOLD - COMMODITY EXCHANGE INC.,2021-11-23T00:00:00.000,2021 Report Week 47,GOLD,088691,CMX,NYC,088,GOLD,711387,339458,93116,141390,170782,451569,651631,686075,59756,25313,711387,339458,93116,141390,170782,451569,651631,686075,59756,25313,0,0,0,0,0,0,0,0,0,0,-125752,-43753,-6679,-59791,-24253,-54905,-127797,-121375,2045,-4376,100.0,47.7,13.1,19.9,24.0,63.5,91.6,96.4,8.4,3.6,100.0,47.7,13.1,19.9,24.0,63.5,91.6,96.4,8.4,3.6,0.0,0.0,0.0,0.0,0.0,0.0,0.0,0.0,0.0,0.0,346,202,64,115,60,63,304,205,346,202,64,115,60,63,304,205,0,0,0,0,0,0,0,0,21.5,28.5,32.4,43.1,17.5,22.7,24.9,36.1,21.5,28.5,32.4,43.1,17.5,22.7,24.9,36.1,0.0,0.0,0.0,0.0,0.0,0.0,0.0,0.0,(CONTRACTS OF 100 TROY OUNCES),GOLD,PRECIOUS METALS,NATURAL RESOURCES,Combined
211116088691C,GOLD - COMMODITY EXCHANGE INC.,2021-11-16T00:00:00.000,2021 Report Week 46,GOLD,088691,CMX,NYC,088,GOLD,837139,383211,99795,201182,195035,506474,779428,807450,57711,29689,837139,383211,99795,201182,195035,506474,779428,807450,57711,29689,0,0,0,0,0,0,0,0,0,0,61753,20852,5876,13618,24770,42559,59240,62053,2513,-299,100.0,45.8,11.9,24.0,23.3,60.5,93.1,96.5,6.9,3.5,100.0,45.8,11.9,24.0,23.3,60.5,93.1,96.5,6.9,3.5,0.0,0.0,0.0,0.0,0.0,0.0,0.0,0.0,0.0,0.0,395,227,80,130,62,72,339,235,395,227,80,130,62,72,339,235,0,0,0,0,0,0,0,0,20.0,27.3,32.1,41.7,15.5,20.8,21.7,32.1,20.0,27.3,32.1,41.7,15.5,20.8,21.7,32.1,0.0,0.0,0.0,0.0,0.0,0.0,0.0,0.0,(CONTRACTS OF 100 TROY OUNCES),GOLD,PRECIOUS METALS,NATURAL RESOURCES,Combined
211116088695C,MICRO GOLD - COMMODITY EXCHANGE INC.,2021-11-16T00:00:00.000,2021 Report Week 46,MICRO GOLD,088695,CMX,NYC,088,GOLD,27699,7826,12734,4364,0,0,12190,17098,15509,10601,27699,7826,12734,4364,0,0,12190,17098,15509,10601,0,0,0,0,0,0,0,0,0,0,,,,,,,,,,,100.0,28.3,46.0,15.8,0.0,0.0,44.0,61.7,56.0,38.3,100.0,28.3,46.0,15.8,0.0,0.0,44.0,61.7,56.0,38.3,0.0,0.0,0.0,0.0,0.0,0.0,0.0,0.0,0.0,0.0,20,11,9,13,0,0,17,16,20,11,9,13,0,0,17,16,0,0,0,0,0,0,0,0,29.4,40.1,37.9,54.5,19.5,35.8,25.7,45.5,29.4,40.1,37.9,54.5,19.5,35.8,25.7,45.5,0.0,0.0,0.0,0.0,0.0,0.0,0.0,0.0,(CONTRACTS OF 10 TROY OUNCES),GOLD,PRECIOUS METALS,NATURAL RESOURCES,Combined
211109088691C,GOLD - COMMODITY EXCHANGE INC.,2021-11-09T00:00:00.000,2021 Report Week 45,GOLD,088691,CMX,NYC,088,GOLD,775386,362359,93919,187564,170265,463915,720188,745397,55198,29988,775386,362359,93919,187564,170265,463915,720188,745397,55198,29988,0,0,0,0,0,0,0,0,0,0,101990,38397,-4446,46116,12764,55108,97277,96779,4713,5211,100.0,46.7,12.1,24.2,22.0,59.8,92.9,96.1,7.1,3.9,100.0,46.7,12.1,24.2,22.0,59.8,92.9,96.1,7.1,3.9,0.0,0.0,0.0,0.0,0.0,0.0,0.0,0.0,0.0,0.0,375,208,86,132,57,66,315,236,375,208,86,132,57,66,315,236,0,0,0,0,0,0,0,0,21.0,27.7,32.7,42.2,16.7,21.4,23.6,33.2,21.0,27.7,32.7,42.2,16.7,21.4,23.6,33.2,0.0,0.0,0.0,0.0,0.0,0.0,0.0,0.0,(CONTRACTS OF 100 TROY OUNCES),GOLD,PRECIOUS METALS,NATURAL RESOURCES,Combined
211102088691C,GOLD - COMMODITY EXCHANGE INC.,2021-11-02T00:00:00.000,2021 Report Week 44,GOLD,088691,CMX,NYC,088,GOLD,673396,323962,98365,141447,157502,408806,622911,648619,50485,24777,673396,323962,98365,141447,157502,408806,622911,648619,50485,24777,0,0,0,0,0,0,0,0,0,0,-326,-4156,-4310,7285,-1854,-1993,1276,983,-1602,-1309,100.0,48.1,14.6,21.0,23.4,60.7,92.5,96.3,7.5,3.7,100.0,48.1,14.6,21.0,23.4,60.7,92.5,96.3,7.5,3.7,0.0,0.0,0.0,0.0,0.0,0.0,0.0,0.0,0.0,0.0,361,186,96,134,59,62,307,231,361,186,96,134,59,62,307,231,0,0,0,0,0,0,0,0,22.7,28.7,34.0,43.6,18.6,22.4,26.5,35.8,22.7,28.7,34.0,43.6,18.6,22.4,26.5,35.8,0.0,0.0,0.0,0.0,0.0,0.0,0.0,0.0,(CONTRACTS OF 100 TROY OUNCES),GOLD,PRECIOUS METALS,NATURAL RESOURCES,Combined
211026088691C,GOLD - COMMODITY EXCHANGE INC.,2021-10-26T00:00:00.000,2021 Report Week 43,GOLD,088691,CMX,NYC,088,GOLD,673722,328118,102675,134162,159355,410799,621635,647636,52087,26086,673722,328118,102675,134162,159355,410799,621635,647636,52087,26086,0,0,0,0,0,0,0,0,0,0,56806,20410,-5588,26603,8515,33764,55528,54779,1278,2027,100.0,48.7,15.2,19.9,23.7,61.0,92.3,96.1,7.7,3.9,100.0,48.7,15.2,19.9,23.7,61.0,92.3,96.1,7.7,3.9,0.0,0.0,0.0,0.0,0.0,0.0,0.0,0.0,0.0,0.0,362,200,81,128,56,63,307,222,362,200,81,128,56,63,307,222,0,0,0,0,0,0,0,0,22.7,28.6,33.7,43.7,18.3,22.6,26.2,35.8,22.7,28.6,33.7,43.7,18.3,22.6,26.2,35.8,0.0,0.0,0.0,0.0,0.0,0.0,0.0,0.0,(CONTRACTS OF 100 TROY OUNCES),GOLD,PRECIOUS METALS,NATURAL RESOURCES,Combined
211019088691C,GOLD - COMMODITY EXCHANGE INC.,2021-10-19T00:00:00.000,2021 Report Week 42,GOLD,088691,CMX,NYC,088,GOLD,616916,307708,108262,107559,150840,377035,566107,592856,50809,24060,616916,307708,108262,107559,150840,377035,566107,592856,50809,24060,0,0,0,0,0,0,0,0,0,0,2639,1335,-6788,2599,-3758,8335,176,4146,2463,-1507,100.0,49.9,17.5,17.4,24.5,61.1,91.8,96.1,8.2,3.9,100.0,49.9,17.5,17.4,24.5,61.1,91.8,96.1,8.2,3.9,0.0,0.0,0.0,0.0,0.0,0.0,0.0,0.0,0.0,0.0,350,185,85,124,57,63,298,218,350,185,85,124,57,63,298,218,0,0,0,0,0,0,0,0,21.8,28.0,31.8,43.4,19.2,24.2,28.0,37.9,21.8,28.0,31.8,43.4,19.2,24.2,28.0,37.9,0.0,0.0,0.0,0.0,0.0,0.0,0.0,0.0,(CONTRACTS OF 100 TROY OUNCES),GOLD,PRECIOUS METALS,NATURAL RESOURCES,Combined
211012088691C,GOLD - COMMODITY EXCHANGE INC.,2021-10-12T00:00:00.000,2021 Report Week 41,GOLD,088691,CMX,NYC,088,GOLD,614277,306373,115050,104960,154598,368700,565931,588710,48346,25567,614277,306373,115050,104960,154598,368700,565931,588710,48346,25567,0,0,0,0,0,0,0,0,0,0,3794,1525,27,4954,-2277,-297,4202,4684,-408,-890,100.0,49.9,18.7,17.1,25.2,60.0,92.1,95.8,7.9,4.2,100.0,49.9,18.7,17.1,25.2,60.0,92.1,95.8,7.9,4.2,0.0,0.0,0.0,0.0,0.0,0.0,0.0,0.0,0.0,0.0,355,176,97,129,58,63,301,225,355,176,97,129,58,63,301,225,0,0,0,0,0,0,0,0,21.8,28.2,31.8,43.5,19.1,24.3,27.8,37.8,21.8,28.2,31.8,43.5,19.1,24.3,27.8,37.8,0.0,0.0,0.0,0.0,0.0,0.0,0.0,0.0,(CONTRACTS OF 100 TROY OUNCES),GOLD,PRECIOUS METALS,NATURAL RESOURCES,Combined
211005088691C,GOLD - COMMODITY EXCHANGE INC.,2021-10-05T00:00:00.000,2021 Report Week 40,GOLD,088691,CMX,NYC,088,GOLD,610483,304848,115023,100006,156875,368996,561729,584026,48754,26457,610483,304848,115023,100006,156875,368996,561729,584026,48754,26457,0,0,0,0,0,0,0,0,0,0,2075,4925,-12185,5414,-7423,8863,2916,2092,-841,-17,100.0,49.9,18.8,16.4,25.7,60.4,92.0,95.7,8.0,4.3,100.0,49.9,18.8,16.4,25.7,60.4,92.0,95.7,8.0,4.3,0.0,0.0,0.0,0.0,0.0,0.0,0.0,0.0,0.0,0.0,342,183,82,130,56,59,295,216,342,183,82,130,56,59,295,216,0,0,0,0,0,0,0,0,22.2,28.5,32.4,43.8,19.5,24.6,28.3,38.1,22.2,28.5,32.4,43.8,19.5,24.6,28.3,38.1,0.0,0.0,0.0,0.0,0.0,0.0,0.0,0.0,(CONTRACTS OF 100 TROY OUNCES),GOLD,PRECIOUS METALS,NATURAL RESOURCES,Combined
210928088691C,GOLD - COMMODITY EXCHANGE INC.,2021-09-28T00:00:00.000,2021 Report Week 39,GOLD,088691,CMX,NYC,088,GOLD,608409,299923,127208,94593,164298,360133,558814,581934,49595,26475,608409,299923,127208,94593,164298,360133,558814,581934,49595,26475,0,0,0,0,0,0,0,0,0,0,-15098,-4677,17593,-11497,2593,-22362,-13581,-16266,-1517,1169,100.0,49.3,20.9,15.5,27.0,59.2,91.8,95.6,8.2,4.4,100.0,49.3,20.9,15.5,27.0,59.2,91.8,95.6,8.2,4.4,0.0,0.0,0.0,0.0,0.0,0.0,0.0,0.0,0.0,0.0,341,173,88,128,58,61,291,218,341,173,88,128,58,61,291,218,0,0,0,0,0,0,0,0,21.8,27.5,32.3,42.6,19.6,23.7,27.9,36.6,21.8,27.5,32.3,42.6,19.6,23.7,27.9,36.6,0.0,0.0,0.0,0.0,0.0,0.0,0.0,0.0,(CONTRACTS OF 100 TROY OUNCES),GOLD,PRECIOUS METALS,NATURAL RESOURCES,Combined
210921088691C,GOLD - COMMODITY EXCHANGE INC.,2021-09-21T00:00:00.000,2021 Report Week 38,GOLD,088691,CMX,NYC,088,GOLD,623506,304600,109615,106090,161704,382495,572395,598201,51112,25306,623506,304600,109615,106090,161704,382495,572395,598201,51112,25306,0,0,0,0,0,0,0,0,0,0,-10705,-15189,8730,3555,1461,-23715,-10173,-11430,-532,725,100.0,48.9,17.6,17.0,25.9,61.3,91.8,95.9,8.2,4.1,100.0,48.9,17.6,17.0,25.9,61.3,91.8,95.9,8.2,4.1,0.0,0.0,0.0,0.0,0.0,0.0,0.0,0.0,0.0,0.0,342,172,90,132,59,59,292,222,342,172,90,132,59,59,292,222,0,0,0,0,0,0,0,0,21.7,28.5,32.3,43.6,19.7,24.5,27.7,37.5,21.7,28.5,32.3,43.6,19.7,24.5,27.7,37.5,0.0,0.0,0.0,0.0,0.0,0.0,0.0,0.0,(CONTRACTS OF 100 TROY OUNCES),GOLD,PRECIOUS METALS,NATURAL RESOURCES,Combined
210914088691C,GOLD - COMMODITY EXCHANGE INC.,2021-09-14T00:00:00.000,2021 Report Week 37,GOLD,088691,CMX,NYC,088,GOLD,634212,319790,100886,102535,160244,406210,582568,609630,51643,24581,634212,319790,100886,102535,160244,406210,582568,609630,51643,24581,0,0,0,0,0,0,0,0,0,0,-2393,2112,-499,-716,-1155,-2719,242,-3934,-2635,1541,100.0,50.4,15.9,16.2,25.3,64.0,91.9,96.1,8.1,3.9,100.0,50.4,15.9,16.2,25.3,64.0,91.9,96.1,8.1,3.9,0.0,0.0,0.0,0.0,0.0,0.0,0.0,0.0,0.0,0.0,344,186,82,126,52,60,293,215,344,186,82,126,52,60,293,215,0,0,0,0,0,0,0,0,21.9,29.0,32.3,45.0,19.9,25.2,27.8,38.7,21.9,29.0,32.3,45.0,19.9,25.2,27.8,38.7,0.0,0.0,0.0,0.0,0.0,0.0,0.0,0.0,(CONTRACTS OF 100 TROY OUNCES),GOLD,PRECIOUS METALS,NATURAL RESOURCES,Combined
210907088695C,MICRO GOLD - COMMODITY EXCHANGE INC.,2021-09-07T00:00:00.000,2021 Report Week 36,MICRO GOLD,088695,CMX,NYC,088,GOLD,34633,8491,9756,9061,0,0,17552,18817,17081,15816,34633,8491,9756,9061,0,0,17552,18817,17081,15816,0,0,0,0,0,0,0,0,0,0,,,,,,,,,,,100.0,24.5,28.2,26.2,0.0,0.0,50.7,54.3,49.3,45.7,100.0,24.5,28.2,26.2,0.0,0.0,50.7,54.3,49.3,45.7,0.0,0.0,0.0,0.0,0.0,0.0,0.0,0.0,0.0,0.0,21,8,13,11,0,0,16,16,21,8,13,11,0,0,16,16,0,0,0,0,0,0,0,0,43.5,37.2,47.5,48.1,21.9,19.2,24.5,25.5,43.5,37.2,47.5,48.1,21.9,19.2,24.5,25.5,0.0,0.0,0.0,0.0,0.0,0.0,0.0,0.0,(CONTRACTS OF 10 TROY OUNCES),GOLD,PRECIOUS METALS,NATURAL RESOURCES,Combined
210907088691C,GOLD - COMMODITY EXCHANGE INC.,2021-09-07T00:00:00.000,2021 Report Week 36,GOLD,088691,CMX,NYC,088,GOLD,636604,317677,101384,103250,161398,408929,582326,613564,54278,23040,636604,317677,101384,103250,161398,408929,582326,613564,54278,23040,0,0,0,0,0,0,0,0,0,0,-3256,-7906,4776,-461,-817,-7273,-9184,-2958,5928,-298,100.0,49.9,15.9,16.2,25.4,64.2,91.5,96.4,8.5,3.6,100.0,49.9,15.9,16.2,25.4,64.2,91.5,96.4,8.5,3.6,0.0,0.0,0.0,0.0,0.0,0.0,0.0,0.0,0.0,0.0,350,191,79,132,54,61,294,225,350,191,79,132,54,61,294,225,0,0,0,0,0,0,0,0,21.9,28.6,32.2,44.5,19.9,24.9,27.6,38.3,21.9,28.6,32.2,44.5,19.9,24.9,27.6,38.3,0.0,0.0,0.0,0.0,0.0,0.0,0.0,0.0,(CONTRACTS OF 100 TROY OUNCES),GOLD,PRECIOUS METALS,NATURAL RESOURCES,Combined
210831088691C,GOLD - COMMODITY EXCHANGE INC.,2021-08-31T00:00:00.000,2021 Report Week 35,GOLD,088691,CMX,NYC,088,GOLD,639860,325583,96608,103711,162216,416203,591510,616522,48350,23338,639860,325583,96608,103711,162216,416203,591510,616522,48350,23338,0,0,0,0,0,0,0,0,0,0,-18472,14235,5766,-19924,-11530,-2711,-17220,-16869,-1253,-1603,100.0,50.9,15.1,16.2,25.4,65.0,92.4,96.4,7.6,3.6,100.0,50.9,15.1,16.2,25.4,65.0,92.4,96.4,7.6,3.6,0.0,0.0,0.0,0.0,0.0,0.0,0.0,0.0,0.0,0.0,349,183,85,124,55,61,295,215,349,183,85,124,55,61,295,215,0,0,0,0,0,0,0,0,22.3,29.2,32.6,45.0,20.3,25.3,28.0,38.3,22.3,29.2,32.6,45.0,20.3,25.3,28.0,38.3,0.0,0.0,0.0,0.0,0.0,0.0,0.0,0.0,(CONTRACTS OF 100 TROY OUNCES),GOLD,PRECIOUS METALS,NATURAL RESOURCES,Combined
210824088691C,GOLD - COMMODITY EXCHANGE INC.,2021-08-24T00:00:00.000,2021 Report Week 34,GOLD,088691,CMX,NYC,088,GOLD,658332,311348,90842,123635,173746,418914,608730,633391,49603,24941,658332,311348,90842,123635,173746,418914,608730,633391,49603,24941,0,0,0,0,0,0,0,0,0,0,20544,18541,-2585,1964,874,22743,21380,22122,-835,-1577,100.0,47.3,13.8,18.8,26.4,63.6,92.5,96.2,7.5,3.8,100.0,47.3,13.8,18.8,26.4,63.6,92.5,96.2,7.5,3.8,0.0,0.0,0.0,0.0,0.0,0.0,0.0,0.0,0.0,0.0,350,197,76,127,55,60,298,220,350,197,76,127,55,60,298,220,0,0,0,0,0,0,0,0,20.6,28.5,31.5,43.7,17.8,24.1,25.6,36.1,20.6,28.5,31.5,43.7,17.8,24.1,25.6,36.1,0.0,0.0,0.0,0.0,0.0,0.0,0.0,0.0,(CONTRACTS OF 100 TROY OUNCES),GOLD,PRECIOUS METALS,NATURAL RESOURCES,Combined
210817088695C,MICRO GOLD - COMMODITY EXCHANGE INC.,2021-08-17T00:00:00.000,2021 Report Week 33,MICRO GOLD,088695,CMX,NYC,088,GOLD,32480,14107,8528,4276,0,0,18383,12804,14097,19676,32480,14107,8528,4276,0,0,18383,12804,14097,19676,0,0,0,0,0,0,0,0,0,0,,,,,,,,,,,100.0,43.4,26.3,13.2,0.0,0.0,56.6,39.4,43.4,60.6,100.0,43.4,26.3,13.2,0.0,0.0,56.6,39.4,43.4,60.6,0.0,0.0,0.0,0.0,0.0,0.0,0.0,0.0,0.0,0.0,21,9,12,10,0,0,14,17,21,9,12,10,0,0,14,17,0,0,0,0,0,0,0,0,47.8,27.5,53.6,33.9,38.5,17.6,42.8,23.2,47.8,27.5,53.6,33.9,38.5,17.6,42.8,23.2,0.0,0.0,0.0,0.0,0.0,0.0,0.0,0.0,(CONTRACTS OF 10 TROY OUNCES),GOLD,PRECIOUS METALS,NATURAL RESOURCES,Combined
210817088691C,GOLD - COMMODITY EXCHANGE INC.,2021-08-17T00:00:00.000,2021 Report Week 33,GOLD,088691,CMX,NYC,088,GOLD,637788,292807,93427,121671,172872,396171,587350,611269,50438,26518,637788,292807,93427,121671,172872,396171,587350,611269,50438,26518,0,0,0,0,0,0,0,0,0,0,9611,16798,-12928,-1665,-1359,22751,13774,8158,-4163,1453,100.0,45.9,14.6,19.1,27.1,62.1,92.1,95.8,7.9,4.2,100.0,45.9,14.6,19.1,27.1,62.1,92.1,95.8,7.9,4.2,0.0,0.0,0.0,0.0,0.0,0.0,0.0,0.0,0.0,0.0,344,188,80,127,56,60,295,217,344,188,80,127,56,60,295,217,0,0,0,0,0,0,0,0,19.7,28.2,30.8,43.1,17.0,23.8,25.1,35.6,19.7,28.2,30.8,43.1,17.0,23.8,25.1,35.6,0.0,0.0,0.0,0.0,0.0,0.0,0.0,0.0,(CONTRACTS OF 100 TROY OUNCES),GOLD,PRECIOUS METALS,NATURAL RESOURCES,Combined
210810088691C,GOLD - COMMODITY EXCHANGE INC.,2021-08-10T00:00:00.000,2021 Report Week 32,GOLD,088691,CMX,NYC,088,GOLD,628177,276009,106355,123336,174231,373421,573576,603112,54601,25065,628177,276009,106355,123336,174231,373421,573576,603112,54601,25065,0,0,0,0,0,0,0,0,0,0,-483,-6893,27779,2748,6932,-35858,2787,-5332,-3270,4849,100.0,43.9,16.9,19.6,27.7,59.4,91.3,96.0,8.7,4.0,100.0,43.9,16.9,19.6,27.7,59.4,91.3,96.0,8.7,4.0,0.0,0.0,0.0,0.0,0.0,0.0,0.0,0.0,0.0,0.0,344,185,83,127,56,59,293,219,344,185,83,127,56,59,293,219,0,0,0,0,0,0,0,0,17.6,27.1,28.2,41.4,14.9,23.0,23.0,35.1,17.6,27.1,28.2,41.4,14.9,23.0,23.0,35.1,0.0,0.0,0.0,0.0,0.0,0.0,0.0,0.0,(CONTRACTS OF 100 TROY OUNCES),GOLD,PRECIOUS METALS,NATURAL RESOURCES,Combined
210803088691C,GOLD - COMMODITY EXCHANGE INC.,2021-08-03T00:00:00.000,2021 Report Week 31,GOLD,088691,CMX,NYC,088,GOLD,628660,282902,78576,120588,167298,409279,570789,608443,57871,20216,628660,282902,78576,120588,167298,409279,570789,608443,57871,20216,0,0,0,0,0,0,0,0,0,0,-7737,546,1920,-18013,5253,10048,-12214,-6045,4477,-1692,100.0,45.0,12.5,19.2,26.6,65.1,90.8,96.8,9.2,3.2,100.0,45.0,12.5,19.2,26.6,65.1,90.8,96.8,9.2,3.2,0.0,0.0,0.0,0.0,0.0,0.0,0.0,0.0,0.0,0.0,345,214,54,118,55,58,302,200,345,214,54,118,55,58,302,200,0,0,0,0,0,0,0,0,17.5,29.5,27.1,44.4,14.3,24.9,21.4,37.1,17.5,29.5,27.1,44.4,14.3,24.9,21.4,37.1,0.0,0.0,0.0,0.0,0.0,0.0,0.0,0.0,(CONTRACTS OF 100 TROY OUNCES),GOLD,PRECIOUS METALS,NATURAL RESOURCES,Combined
210727088691C,GOLD - COMMODITY EXCHANGE INC.,2021-07-27T00:00:00.000,2021 Report Week 30,GOLD,088691,CMX,NYC,088,GOLD,636396,282356,76656,138601,162045,399231,583002,614488,53394,21908,636396,282356,76656,138601,162045,399231,583002,614488,53394,21908,0,0,0,0,0,0,0,0,0,0,-23143,-7040,-3512,1648,-15183,-22130,-20575,-23995,-2568,851,100.0,44.4,12.0,21.8,25.5,62.7,91.6,96.6,8.4,3.4,100.0,44.4,12.0,21.8,25.5,62.7,91.6,96.6,8.4,3.4,0.0,0.0,0.0,0.0,0.0,0.0,0.0,0.0,0.0,0.0,345,201,66,116,52,59,296,202,345,201,66,116,52,59,296,202,0,0,0,0,0,0,0,0,17.1,28.1,27.9,42.0,14.2,23.7,21.2,34.5,17.1,28.1,27.9,42.0,14.2,23.7,21.2,34.5,0.0,0.0,0.0,0.0,0.0,0.0,0.0,0.0,(CONTRACTS OF 100 TROY OUNCES),GOLD,PRECIOUS METALS,NATURAL RESOURCES,Combined
210720088691C,GOLD - COMMODITY EXCHANGE INC.,2021-07-20T00:00:00.000,2021 Report Week 29,GOLD,088691,CMX,NYC,088,GOLD,659539,289396,80169,136953,177228,421361,603577,638482,55962,21057,659539,289396,80169,136953,177228,421361,603577,638482,55962,21057,0,0,0,0,0,0,0,0,0,0,-458,1945,-5628,-14147,12925,22517,723,2741,-1181,-3200,100.0,43.9,12.2,20.8,26.9,63.9,91.5,96.8,8.5,3.2,100.0,43.9,12.2,20.8,26.9,63.9,91.5,96.8,8.5,3.2,0.0,0.0,0.0,0.0,0.0,0.0,0.0,0.0,0.0,0.0,355,207,65,129,59,65,312,217,355,207,65,129,59,65,312,217,0,0,0,0,0,0,0,0,17.2,27.4,26.8,40.3,14.2,22.9,20.9,33.4,17.2,27.4,26.8,40.3,14.2,22.9,20.9,33.4,0.0,0.0,0.0,0.0,0.0,0.0,0.0,0.0,(CONTRACTS OF 100 TROY OUNCES),GOLD,PRECIOUS METALS,NATURAL RESOURCES,Combined
210713088691C,GOLD - COMMODITY EXCHANGE INC.,2021-07-13T00:00:00.000,2021 Report Week 28,GOLD,088691,CMX,NYC,088,GOLD,659997,287452,85797,151100,164303,398844,602855,635741,57143,24256,659997,287452,85797,151100,164303,398844,602855,635741,57143,24256,0,0,0,0,0,0,0,0,0,0,34446,5797,-3807,23405,4997,13023,34199,32622,247,1824,100.0,43.6,13.0,22.9,24.9,60.4,91.3,96.3,8.7,3.7,100.0,43.6,13.0,22.9,24.9,60.4,91.3,96.3,8.7,3.7,0.0,0.0,0.0,0.0,0.0,0.0,0.0,0.0,0.0,0.0,357,204,70,130,59,63,314,217,357,204,70,130,59,63,314,217,0,0,0,0,0,0,0,0,16.9,26.9,26.3,39.4,14.0,22.5,20.7,33.2,16.9,26.9,26.3,39.4,14.0,22.5,20.7,33.2,0.0,0.0,0.0,0.0,0.0,0.0,0.0,0.0,(CONTRACTS OF 100 TROY OUNCES),GOLD,PRECIOUS METALS,NATURAL RESOURCES,Combined
210706088691C,GOLD - COMMODITY EXCHANGE INC.,2021-07-06T00:00:00.000,2021 Report Week 27,GOLD,088691,CMX,NYC,088,GOLD,625552,281655,89604,127695,159306,385821,568656,603119,56896,22432,625552,281655,89604,127695,159306,385821,568656,603119,56896,22432,0,0,0,0,0,0,0,0,0,0,17550,21925,-2439,-3683,445,23770,18687,17649,-1137,-99,100.0,45.0,14.3,20.4,25.5,61.7,90.9,96.4,9.1,3.6,100.0,45.0,14.3,20.4,25.5,61.7,90.9,96.4,9.1,3.6,0.0,0.0,0.0,0.0,0.0,0.0,0.0,0.0,0.0,0.0,350,203,69,121,57,62,303,211,350,203,69,121,57,62,303,211,0,0,0,0,0,0,0,0,17.6,28.2,27.6,41.0,14.6,23.7,21.9,34.9,17.6,28.2,27.6,41.0,14.6,23.7,21.9,34.9,0.0,0.0,0.0,0.0,0.0,0.0,0.0,0.0,(CONTRACTS OF 100 TROY OUNCES),GOLD,PRECIOUS METALS,NATURAL RESOURCES,Combined
210629088691C,GOLD - COMMODITY EXCHANGE INC.,2021-06-29T00:00:00.000,2021 Report Week 26,GOLD,088691,CMX,NYC,088,GOLD,608002,259729,92042,131378,158861,362050,549968,585471,58034,22531,608002,259729,92042,131378,158861,362050,549968,585471,58034,22531,0,0,0,0,0,0,0,0,0,0,-26979,3534,7015,-21281,-6476,-13622,-24224,-27889,-2756,909,100.0,42.7,15.1,21.6,26.1,59.5,90.5,96.3,9.5,3.7,100.0,42.7,15.1,21.6,26.1,59.5,90.5,96.3,9.5,3.7,0.0,0.0,0.0,0.0,0.0,0.0,0.0,0.0,0.0,0.0,346,185,80,120,59,62,296,213,346,185,80,120,59,62,296,213,0,0,0,0,0,0,0,0,17.3,27.8,27.3,40.4,14.3,23.2,21.4,34.4,17.3,27.8,27.3,40.4,14.3,23.2,21.4,34.4,0.0,0.0,0.0,0.0,0.0,0.0,0.0,0.0,(CONTRACTS OF 100 TROY OUNCES),GOLD,PRECIOUS METALS,NATURAL RESOURCES,Combined
210622088691C,GOLD - COMMODITY EXCHANGE INC.,2021-06-22T00:00:00.000,2021 Report Week 25,GOLD,088691,CMX,NYC,088,GOLD,634981,256195,85028,152660,165337,375672,574192,613360,60789,21621,634981,256195,85028,152660,165337,375672,574192,613360,60789,21621,0,0,0,0,0,0,0,0,0,0,-26706,-34916,4687,5788,4979,-37036,-24149,-26561,-2557,-145,100.0,40.3,13.4,24.0,26.0,59.2,90.4,96.6,9.6,3.4,100.0,40.3,13.4,24.0,26.0,59.2,90.4,96.6,9.6,3.4,0.0,0.0,0.0,0.0,0.0,0.0,0.0,0.0,0.0,0.0,361,199,82,117,59,61,305,214,361,199,82,117,59,61,305,214,0,0,0,0,0,0,0,0,17.4,27.3,27.3,39.7,14.1,22.5,20.8,33.3,17.4,27.3,27.3,39.7,14.1,22.5,20.8,33.3,0.0,0.0,0.0,0.0,0.0,0.0,0.0,0.0,(CONTRACTS OF 100 TROY OUNCES),GOLD,PRECIOUS METALS,NATURAL RESOURCES,Combined
210615088691C,GOLD - COMMODITY EXCHANGE INC.,2021-06-15T00:00:00.000,2021 Report Week 24,GOLD,088691,CMX,NYC,088,GOLD,661687,291112,80341,146872,160358,412708,598341,639921,63346,21767,661687,291112,80341,146872,160358,412708,598341,639921,63346,21767,0,0,0,0,0,0,0,0,0,0,-17426,-18206,3123,-5306,2725,-14411,-20787,-16594,3360,-833,100.0,44.0,12.1,22.2,24.2,62.4,90.4,96.7,9.6,3.3,100.0,44.0,12.1,22.2,24.2,62.4,90.4,96.7,9.6,3.3,0.0,0.0,0.0,0.0,0.0,0.0,0.0,0.0,0.0,0.0,377,227,67,115,61,66,319,218,377,227,67,115,61,66,319,218,0,0,0,0,0,0,0,0,18.3,27.5,27.5,40.7,14.3,22.6,20.7,33.8,18.3,27.5,27.5,40.7,14.3,22.6,20.7,33.8,0.0,0.0,0.0,0.0,0.0,0.0,0.0,0.0,(CONTRACTS OF 100 TROY OUNCES),GOLD,PRECIOUS METALS,NATURAL RESOURCES,Combined
