id,market_and_exchange_names,report_date_as_yyyy_mm_dd,yyyy_report_week_ww,contract_market_name,cftc_contract_market_code,cftc_market_code,cftc_region_code,cftc_commodity_code,commodity_name,open_interest_all,noncomm_positions_long_all,noncomm_positions_short_all,noncomm_postions_spread_all,comm_positions_long_all,comm_positions_short_all,tot_rept_positions_long_all,tot_rept_positions_short,nonrept_positions_long_all,nonrept_positions_short_all,open_interest_old,noncomm_positions_long_old,noncomm_positions_short_old,noncomm_positions_spread,comm_positions_long_old,comm_positions_short_old,tot_rept_positions_long_old,tot_rept_positions_short_1,nonrept_positions_long_old,nonrept_positions_short_old,open_interest_other,noncomm_positions_long_other,noncomm_positions_short_other,noncomm_positions_spread_1,comm_positions_long_other,comm_positions_short_other,tot_rept_positions_long_other,tot_rept_positions_short_2,nonrept_positions_long_other,nonrept_positions_short_other,change_in_open_interest_all,change_in_noncomm_long_all,change_in_noncomm_short_all,change_in_noncomm_spead_all,change_in_comm_long_all,change_in_comm_short_all,change_in_tot_rept_long_all,change_in_tot_rept_short,change_in_nonrept_long_all,change_in_nonrept_short_all,pct_of_open_interest_all,pct_of_oi_noncomm_long_all,pct_of_oi_noncomm_short_all,pct_of_oi_noncomm_spread,pct_of_oi_comm_long_all,pct_of_oi_comm_short_all,pct_of_oi_tot_rept_long_all,pct_of_oi_tot_rept_short,pct_of_oi_nonrept_long_all,pct_of_oi_nonrept_short_all,pct_of_open_interest_old,pct_of_oi_noncomm_long_old,pct_of_oi_noncomm_short_old,pct_of_oi_noncomm_spread_1,pct_of_oi_comm_long_old,pct_of_oi_comm_short_old,pct_of_oi_tot_rept_long_old,pct_of_oi_tot_rept_short_1,pct_of_oi_nonrept_long_old,pct_of_oi_nonrept_short_old,pct_of_open_interest_other,pct_of_oi_noncomm_long_other,pct_of_oi_noncomm_short_other,pct_of_oi_noncomm_spread_2,pct_of_oi_comm_long_other,pct_of_oi_comm_short_other,pct_of_oi_tot_rept_long_other,pct_of_oi_tot_rept_short_2,pct_of_oi_nonrept_long_other,pct_of_oi_nonrept_short_other,traders_tot_all,traders_noncomm_long_all,traders_noncomm_short_all,traders_noncomm_spread_all,traders_comm_long_all,traders_comm_short_all,traders_tot_rept_long_all,traders_tot_rept_short_all,traders_tot_old,traders_noncomm_long_old,traders_noncomm_short_old,traders_noncomm_spead_old,traders_comm_long_old,traders_comm_short_old,traders_tot_rept_long_old,traders_tot_rept_short_old,traders_tot_other,traders_noncomm_long_other,traders_noncomm_short_other,traders_noncomm_spread_other,traders_comm_long_other,traders_comm_short_other,traders_tot_rept_long_other,traders_tot_rept_short_other,conc_gross_le_4_tdr_long,conc_gross_le_4_tdr_short,conc_gross_le_8_tdr_long,conc_gross_le_8_tdr_short,conc_net_le_4_tdr_long_all,conc_net_le_4_tdr_short_all,conc_net_le_8_tdr_long_all,conc_net_le_8_tdr_short_all,conc_gross_le_4_tdr_long_1,conc_gross_le_4_tdr_short_1,conc_gross_le_8_tdr_long_1,conc_gross_le_8_tdr_short_1,conc_net_le_4_tdr_long_old,conc_net_le_4_tdr_short_old,conc_net_le_8_tdr_long_old,conc_net_le_8_tdr_short_old,conc_gross_le_4_tdr_long_2,conc_gross_le_4_tdr_short_2,conc_gross_le_8_tdr_long_2,conc_gross_le_8_tdr_short_2,conc_net_le_4_tdr_long_other,conc_net_le_4_tdr_short_other,conc_net_le_8_tdr_long_other,conc_net_le_8_tdr_short_other,contract_units,commodity,commodity_subgroup_name,commodity_group_name,futonly_or_combined
260602088691F,GOLD - COMMODITY EXCHANGE INC.,2026-06-02T00:00:00.000,2026 Report Week 22,GOLD,088691,CMX ,NYC,088 ,GOLD,326052,206096,30076,22449,53851,260196,282396,312721,43656,13331,326052,206096,30076,22449,53851,260196,282396,312721,43656,13331,0,0,0,0,0,0,0,0,0,0,-27437,5392,-16368,-8546,-20790,-211,-23944,-25125,-3493,-2312,100.0,63.2,9.2,6.9,16.5,79.8,86.6,95.9,13.4,4.1,100.0,63.2,9.2,6.9,16.5,79.8,86.6,95.9,13.4,4.1,0.0,0.0,0.0,0.0,0.0,0.0,0.0,0.0,0.0,0.0,258,153,42,59,44,46,223,123,258,153,42,59,44,46,223,123,0,0,0,0,0,0,0,0,20.5,39.4,30.6,56.1,20.0,38.9,29.0,53.6,20.5,39.4,30.6,56.1,20.0,38.9,29.0,53.6,0.0,0.0,0.0,0.0,0.0,0.0,0.0,0.0,(CONTRACTS OF 100 TROY OUNCES),GOLD,PRECIOUS METALS,NATURAL RESOURCES,FutOnly
260602088695F,MICRO GOLD - COMMODITY EXCHANGE INC.,2026-06-02T00:00:00.000,2026 Report Week 22,MICRO GOLD,088695,CMX ,NYC,088 ,GOLD,55714,13698,38091,3839,6753,0,24290,41930,31424,13784,55714,13698,38091,3839,6753,0,24290,41930,31424,13784,0,0,0,0,0,0,0,0,0,0,-9535,-5322,1839,-422,671,0,-5073,1417,-4462,-10952,100.0,24.6,68.4,6.9,12.1,0.0,43.6,75.3,56.4,24.7,100.0,24.6,68.4,6.9,12.1,0.0,43.6,75.3,56.4,24.7,0.0,0.0,0.0,0.0,0.0,0.0,0.0,0.0,0.0,0.0,41,20,15,13,5,0,33,21,41,20,15,13,5,0,33,21,0,0,0,0,0,0,0,0,23.6,59.0,30.1,68.5,21.6,58.2,27.4,64.2,23.6,59.0,30.1,68.5,21.6,58.2,27.4,64.2,0.0,0.0,0.0,0.0,0.0,0.0,0.0,0.0,(CONTRACTS OF 10 TROY OUNCES),GOLD,PRECIOUS METALS,NATURAL RESOURCES,FutOnly
260526088691F,GOLD - COMMODITY EXCHANGE INC.,2026-05-26T00:00:00.000,2026 Report Week 21,GOLD,088691,CMX ,NYC,088 ,GOLD,353489,200704,46444,30995,74641,260407,306340,337846,47149,15643,353489,200704,46444,30995,74641,260407,306340,337846,47149,15643,0,0,0,0,0,0,0,0,0,0,-25836,-10314,-4741,-20710,5121,-742,-25903,-26193,67,357,100.0,56.8,13.1,8.8,21.1,73.7,86.7,95.6,13.3,4.4,100.0,56.8,13.1,8.8,21.1,73.7,86.7,95.6,13.3,4.4,0.0,0.0,0.0,0.0,0.0,0.0,0.0,0.0,0.0,0.0,253,158,34,65,44,47,222,129,253,158,34,65,44,47,222,129,0,0,0,0,0,0,0,0,18.9,36.1,28.9,50.6,18.3,34.9,26.6,45.8,18.9,36.1,28.9,50.6,18.3,34.9,26.6,45.8,0.0,0.0,0.0,0.0,0.0,0.0,0.0,0.0,(CONTRACTS OF 100 TROY OUNCES),GOLD,PRECIOUS METALS,NATURAL RESOURCES,FutOnly
260526088695F,MICRO GOLD - COMMODITY EXCHANGE INC.,2026-05-26T00:00:00.000,2026 Report Week 21,MICRO GOLD,088695,CMX ,NYC,088 ,GOLD,65249,19020,36252,4261,6082,0,29363,40513,35886,24736,65249,19020,36252,4261,6082,0,29363,40513,35886,24736,0,0,0,0,0,0,0,0,0,0,-2960,-2787,-9599,1017,272,0,-1498,-8582,-1462,5622,100.0,29.1,55.6,6.5,9.3,0.0,45.0,62.1,55.0,37.9,100.0,29.1,55.6,6.5,9.3,0.0,45.0,62.1,55.0,37.9,0.0,0.0,0.0,0.0,0.0,0.0,0.0,0.0,0.0,0.0,34,15,14,10,4,0,26,18,34,15,14,10,4,0,26,18,0,0,0,0,0,0,0,0,28.4,43.3,35.8,54.3,27.3,42.1,33.9,50.8,28.4,43.3,35.8,54.3,27.3,42.1,33.9,50.8,0.0,0.0,0.0,0.0,0.0,0.0,0.0,0.0,(CONTRACTS OF 10 TROY OUNCES),GOLD,PRECIOUS METALS,NATURAL RESOURCES,FutOnly
260519088691F,GOLD - COMMODITY EXCHANGE INC.,2026-05-19T00:00:00.000,2026 Report Week 20,GOLD,088691,CMX ,NYC,088 ,GOLD,379325,211018,51185,51705,69520,261149,332243,364039,47082,15286,379325,211018,51185,51705,69520,261149,332243,364039,47082,15286,0,0,0,0,0,0,0,0,0,0,2829,-8775,3014,2678,11795,-6834,5698,-1142,-2869,3971,100.0,55.6,13.5,13.6,18.3,68.8,87.6,96.0,12.4,4.0,100.0,55.6,13.5,13.6,18.3,68.8,87.6,96.0,12.4,4.0,0.0,0.0,0.0,0.0,0.0,0.0,0.0,0.0,0.0,0.0,282,169,46,77,47,46,239,148,282,169,46,77,47,46,239,148,0,0,0,0,0,0,0,0,20.4,35.0,30.7,49.3,16.8,32.7,25.0,43.6,20.4,35.0,30.7,49.3,16.8,32.7,25.0,43.6,0.0,0.0,0.0,0.0,0.0,0.0,0.0,0.0,(CONTRACTS OF 100 TROY OUNCES),GOLD,PRECIOUS METALS,NATURAL RESOURCES,FutOnly
260519088695F,MICRO GOLD - COMMODITY EXCHANGE INC.,2026-05-19T00:00:00.000,2026 Report Week 20,MICRO GOLD,088695,CMX ,NYC,088 ,GOLD,68209,21807,45851,3244,5810,0,30861,49095,37348,19114,68209,21807,45851,3244,5810,0,30861,49095,37348,19114,0,0,0,0,0,0,0,0,0,0,1142,164,331,260,-287,0,137,591,1005,551,100.0,32.0,67.2,4.8,8.5,0.0,45.2,72.0,54.8,28.0,100.0,32.0,67.2,4.8,8.5,0.0,45.2,72.0,54.8,28.0,0.0,0.0,0.0,0.0,0.0,0.0,0.0,0.0,0.0,0.0,39,17,18,11,3,0,27,23,39,17,18,11,3,0,27,23,0,0,0,0,0,0,0,0,28.4,43.9,34.9,59.2,28.4,43.8,34.7,57.8,28.4,43.9,34.9,59.2,28.4,43.8,34.7,57.8,0.0,0.0,0.0,0.0,0.0,0.0,0.0,0.0,(CONTRACTS OF 10 TROY OUNCES),GOLD,PRECIOUS METALS,NATURAL RESOURCES,FutOnly
260512088691F,GOLD - COMMODITY EXCHANGE INC.,2026-05-12T00:00:00.000,2026 Report Week 19,GOLD,088691,CMX ,NYC,088 ,GOLD,376496,219793,48171,49027,57725,267983,326545,365181,49951,11315,376496,219793,48171,49027,57725,267983,326545,365181,49951,11315,0,0,0,0,0,0,0,0,0,0,8564,7979,-340,391,-505,10818,7865,10869,699,-2305,100.0,58.4,12.8,13.0,15.3,71.2,86.7,97.0,13.3,3.0,100.0,58.4,12.8,13.0,15.3,71.2,86.7,97.0,13.3,3.0,0.0,0.0,0.0,0.0,0.0,0.0,0.0,0.0,0.0,0.0,278,174,42,72,46,43,241,136,278,174,42,72,46,43,241,136,0,0,0,0,0,0,0,0,21.3,36.0,31.0,52.5,17.1,34.5,25.0,46.5,21.3,36.0,31.0,52.5,17.1,34.5,25.0,46.5,0.0,0.0,0.0,0.0,0.0,0.0,0.0,0.0,(CONTRACTS OF 100 TROY OUNCES),GOLD,PRECIOUS METALS,NATURAL RESOURCES,FutOnly
260512088695F,MICRO GOLD - COMMODITY EXCHANGE INC.,2026-05-12T00:00:00.000,2026 Report Week 19,MICRO GOLD,088695,CMX ,NYC,088 ,GOLD,67067,21643,45520,2984,6097,0,30724,48504,36343,18563,67067,21643,45520,2984,6097,0,30724,48504,36343,18563,0,0,0,0,0,0,0,0,0,0,1759,1478,813,527,79,0,2084,1340,-325,419,100.0,32.3,67.9,4.4,9.1,0.0,45.8,72.3,54.2,27.7,100.0,32.3,67.9,4.4,9.1,0.0,45.8,72.3,54.2,27.7,0.0,0.0,0.0,0.0,0.0,0.0,0.0,0.0,0.0,0.0,37,15,17,9,4,0,25,21,37,15,17,9,4,0,25,21,0,0,0,0,0,0,0,0,28.5,50.1,34.9,61.5,28.5,48.8,34.7,60.2,28.5,50.1,34.9,61.5,28.5,48.8,34.7,60.2,0.0,0.0,0.0,0.0,0.0,0.0,0.0,0.0,(CONTRACTS OF 10 TROY OUNCES),GOLD,PRECIOUS METALS,NATURAL RESOURCES,FutOnly
260505088695F,MICRO GOLD - COMMODITY EXCHANGE INC.,2026-05-05T00:00:00.000,2026 Report Week 18,MICRO GOLD,088695,CMX ,NYC,088 ,GOLD,65308,20165,44707,2457,6018,0,28640,47164,36668,18144,65308,20165,44707,2457,6018,0,28640,47164,36668,18144,0,0,0,0,0,0,0,0,0,0,3478,2507,4002,328,-9,0,2826,4330,652,-852,100.0,30.9,68.5,3.8,9.2,0.0,43.9,72.2,56.1,27.8,100.0,30.9,68.5,3.8,9.2,0.0,43.9,72.2,56.1,27.8,0.0,0.0,0.0,0.0,0.0,0.0,0.0,0.0,0.0,0.0,40,17,18,11,4,0,28,23,40,17,18,11,4,0,28,23,0,0,0,0,0,0,0,0,27.5,50.9,33.7,62.1,27.5,49.6,33.1,60.7,27.5,50.9,33.7,62.1,27.5,49.6,33.1,60.7,0.0,0.0,0.0,0.0,0.0,0.0,0.0,0.0,(CONTRACTS OF 10 TROY OUNCES),GOLD,PRECIOUS METALS,NATURAL RESOURCES,FutOnly
260505088691F,GOLD - COMMODITY EXCHANGE INC.,2026-05-05T00:00:00.000,2026 Report Week 18,GOLD,088691,CMX ,NYC,088 ,GOLD,367932,211814,48511,48636,58230,257165,318680,354312,49252,13620,367932,211814,48511,48636,58230,257165,318680,354312,49252,13620,0,0,0,0,0,0,0,0,0,0,-1598,-4,-3736,757,-2323,1799,-1570,-1180,-28,-418,100.0,57.6,13.2,13.2,15.8,69.9,86.6,96.3,13.4,3.7,100.0,57.6,13.2,13.2,15.8,69.9,86.6,96.3,13.4,3.7,0.0,0.0,0.0,0.0,0.0,0.0,0.0,0.0,0.0,0.0,276,168,46,73,46,44,239,139,276,168,46,73,46,44,239,139,0,0,0,0,0,0,0,0,21.6,36.1,32.1,51.7,18.1,33.9,26.3,46.1,21.6,36.1,32.1,51.7,18.1,33.9,26.3,46.1,0.0,0.0,0.0,0.0,0.0,0.0,0.0,0.0,(CONTRACTS OF 100 TROY OUNCES),GOLD,PRECIOUS METALS,NATURAL RESOURCES,FutOnly
260428088691F,GOLD - COMMODITY EXCHANGE INC.,2026-04-28T00:00:00.000,2026 Report Week 17,GOLD,088691,CMX ,NYC,088 ,GOLD,369530,211818,52247,47879,60553,255366,320250,355492,49280,14038,369530,211818,52247,47879,60553,255366,320250,355492,49280,14038,0,0,0,0,0,0,0,0,0,0,3688,-1075,3360,3414,4292,-3835,6631,2939,-2943,749,100.0,57.3,14.1,13.0,16.4,69.1,86.7,96.2,13.3,3.8,100.0,57.3,14.1,13.0,16.4,69.1,86.7,96.2,13.3,3.8,0.0,0.0,0.0,0.0,0.0,0.0,0.0,0.0,0.0,0.0,277,167,43,73,47,44,240,136,277,167,43,73,47,44,240,136,0,0,0,0,0,0,0,0,21.3,35.7,31.3,51.1,17.6,33.4,25.6,45.1,21.3,35.7,31.3,51.1,17.6,33.4,25.6,45.1,0.0,0.0,0.0,0.0,0.0,0.0,0.0,0.0,(CONTRACTS OF 100 TROY OUNCES),GOLD,PRECIOUS METALS,NATURAL RESOURCES,FutOnly
260428088695F,MICRO GOLD - COMMODITY EXCHANGE INC.,2026-04-28T00:00:00.000,2026 Report Week 17,MICRO GOLD,088695,CMX ,NYC,088 ,GOLD,61830,17658,40705,2129,6027,0,25814,42834,36016,18996,61830,17658,40705,2129,6027,0,25814,42834,36016,18996,0,0,0,0,0,0,0,0,0,0,1350,2179,-694,-518,98,0,1759,-1212,-409,2562,100.0,28.6,65.8,3.4,9.7,0.0,41.7,69.3,58.3,30.7,100.0,28.6,65.8,3.4,9.7,0.0,41.7,69.3,58.3,30.7,0.0,0.0,0.0,0.0,0.0,0.0,0.0,0.0,0.0,0.0,40,18,18,12,4,0,28,24,40,18,18,12,4,0,28,24,0,0,0,0,0,0,0,0,24.1,46.8,30.8,58.8,24.1,45.8,30.2,57.8,24.1,46.8,30.8,58.8,24.1,45.8,30.2,57.8,0.0,0.0,0.0,0.0,0.0,0.0,0.0,0.0,(CONTRACTS OF 10 TROY OUNCES),GOLD,PRECIOUS METALS,NATURAL RESOURCES,FutOnly
260421088691F,GOLD - COMMODITY EXCHANGE INC.,2026-04-21T00:00:00.000,2026 Report Week 16,GOLD,088691,CMX ,NYC,088 ,GOLD,365842,212893,48887,44465,56261,259201,313619,352553,52223,13289,365842,212893,48887,44465,56261,259201,313619,352553,52223,13289,0,0,0,0,0,0,0,0,0,0,3568,2884,1404,-475,504,2362,2913,3291,655,277,100.0,58.2,13.4,12.2,15.4,70.9,85.7,96.4,14.3,3.6,100.0,58.2,13.4,12.2,15.4,70.9,85.7,96.4,14.3,3.6,0.0,0.0,0.0,0.0,0.0,0.0,0.0,0.0,0.0,0.0,282,178,39,65,46,47,246,130,282,178,39,65,46,47,246,130,0,0,0,0,0,0,0,0,21.4,36.3,31.1,52.2,17.7,34.1,25.3,46.0,21.4,36.3,31.1,52.2,17.7,34.1,25.3,46.0,0.0,0.0,0.0,0.0,0.0,0.0,0.0,0.0,(CONTRACTS OF 100 TROY OUNCES),GOLD,PRECIOUS METALS,NATURAL RESOURCES,FutOnly
260421088695F,MICRO GOLD - COMMODITY EXCHANGE INC.,2026-04-21T00:00:00.000,2026 Report Week 16,MICRO GOLD,088695,CMX ,NYC,088 ,GOLD,60480,15479,41399,2647,5929,0,24055,44046,36425,16434,60480,15479,41399,2647,5929,0,24055,44046,36425,16434,0,0,0,0,0,0,0,0,0,0,567,-2980,9501,-1164,-279,0,-4423,8337,4990,-7770,100.0,25.6,68.5,4.4,9.8,0.0,39.8,72.8,60.2,27.2,100.0,25.6,68.5,4.4,9.8,0.0,39.8,72.8,60.2,27.2,0.0,0.0,0.0,0.0,0.0,0.0,0.0,0.0,0.0,0.0,45,21,20,9,4,0,30,24,45,21,20,9,4,0,30,24,0,0,0,0,0,0,0,0,20.9,49.8,27.5,60.8,20.4,48.7,26.3,59.1,20.9,49.8,27.5,60.8,20.4,48.7,26.3,59.1,0.0,0.0,0.0,0.0,0.0,0.0,0.0,0.0,(CONTRACTS OF 10 TROY OUNCES),GOLD,PRECIOUS METALS,NATURAL RESOURCES,FutOnly
260414088695F,MICRO GOLD - COMMODITY EXCHANGE INC.,2026-04-14T00:00:00.000,2026 Report Week 15,MICRO GOLD,088695,CMX ,NYC,088 ,GOLD,59913,18459,31898,3811,6208,0,28478,35709,31435,24204,59913,18459,31898,3811,6208,0,28478,35709,31435,24204,0,0,0,0,0,0,0,0,0,0,2685,2345,2607,-577,101,0,1869,2030,816,655,100.0,30.8,53.2,6.4,10.4,0.0,47.5,59.6,52.5,40.4,100.0,30.8,53.2,6.4,10.4,0.0,47.5,59.6,52.5,40.4,0.0,0.0,0.0,0.0,0.0,0.0,0.0,0.0,0.0,0.0,44,19,19,9,5,0,31,22,44,19,19,9,5,0,31,22,0,0,0,0,0,0,0,0,23.9,42.4,33.0,50.7,23.9,41.4,31.8,47.7,23.9,42.4,33.0,50.7,23.9,41.4,31.8,47.7,0.0,0.0,0.0,0.0,0.0,0.0,0.0,0.0,(CONTRACTS OF 10 TROY OUNCES),GOLD,PRECIOUS METALS,NATURAL RESOURCES,FutOnly
260414088691F,GOLD - COMMODITY EXCHANGE INC.,2026-04-14T00:00:00.000,2026 Report Week 15,GOLD,088691,CMX ,NYC,088 ,GOLD,362274,210009,47483,44940,55757,256839,310706,349262,51568,13012,362274,210009,47483,44940,55757,256839,310706,349262,51568,13012,0,0,0,0,0,0,0,0,0,0,7397,4641,-1580,2277,-1972,5359,4946,6056,2451,1341,100.0,58.0,13.1,12.4,15.4,70.9,85.8,96.4,14.2,3.6,100.0,58.0,13.1,12.4,15.4,70.9,85.8,96.4,14.2,3.6,0.0,0.0,0.0,0.0,0.0,0.0,0.0,0.0,0.0,0.0,277,179,34,52,46,45,244,114,277,179,34,52,46,45,244,114,0,0,0,0,0,0,0,0,21.4,36.6,31.2,52.7,17.6,34.6,25.3,46.6,21.4,36.6,31.2,52.7,17.6,34.6,25.3,46.6,0.0,0.0,0.0,0.0,0.0,0.0,0.0,0.0,(CONTRACTS OF 100 TROY OUNCES),GOLD,PRECIOUS METALS,NATURAL RESOURCES,FutOnly
260407088691F,GOLD - COMMODITY EXCHANGE INC.,2026-04-07T00:00:00.000,2026 Report Week 14,GOLD,088691,CMX ,NYC,088 ,GOLD,354877,205368,49063,42663,57729,251480,305760,343206,49117,11671,354877,205368,49063,42663,57729,251480,305760,343206,49117,11671,0,0,0,0,0,0,0,0,0,0,-6532,-2234,4663,-1830,-968,-8857,-5032,-6024,-1500,-508,100.0,57.9,13.8,12.0,16.3,70.9,86.2,96.7,13.8,3.3,100.0,57.9,13.8,12.0,16.3,70.9,86.2,96.7,13.8,3.3,0.0,0.0,0.0,0.0,0.0,0.0,0.0,0.0,0.0,0.0,266,168,37,59,47,43,233,121,266,168,37,59,47,43,233,121,0,0,0,0,0,0,0,0,21.7,36.9,32.2,52.7,18.0,34.4,26.5,46.6,21.7,36.9,32.2,52.7,18.0,34.4,26.5,46.6,0.0,0.0,0.0,0.0,0.0,0.0,0.0,0.0,(CONTRACTS OF 100 TROY OUNCES),GOLD,PRECIOUS METALS,NATURAL RESOURCES,FutOnly
260407088695F,MICRO GOLD - COMMODITY EXCHANGE INC.,2026-04-07T00:00:00.000,2026 Report Week 14,MICRO GOLD,088695,CMX ,NYC,088 ,GOLD,57228,16114,29291,4388,6107,0,26609,33679,30619,23549,57228,16114,29291,4388,6107,0,26609,33679,30619,23549,0,0,0,0,0,0,0,0,0,0,-60,622,708,-384,20,0,258,324,-318,-384,100.0,28.2,51.2,7.7,10.7,0.0,46.5,58.9,53.5,41.1,100.0,28.2,51.2,7.7,10.7,0.0,46.5,58.9,53.5,41.1,0.0,0.0,0.0,0.0,0.0,0.0,0.0,0.0,0.0,0.0,41,18,17,10,5,0,30,21,41,18,17,10,5,0,30,21,0,0,0,0,0,0,0,0,24.4,42.3,32.6,49.7,24.4,41.2,31.2,45.6,24.4,42.3,32.6,49.7,24.4,41.2,31.2,45.6,0.0,0.0,0.0,0.0,0.0,0.0,0.0,0.0,(CONTRACTS OF 10 TROY OUNCES),GOLD,PRECIOUS METALS,NATURAL RESOURCES,FutOnly
260331088691F,GOLD - COMMODITY EXCHANGE INC.,2026-03-31T00:00:00.000,2026 Report Week 13,GOLD,088691,CMX ,NYC,088 ,GOLD,361409,207602,44400,44493,58697,260337,310792,349230,50617,12179,361409,207602,44400,44493,58697,260337,310792,349230,50617,12179,0,0,0,0,0,0,0,0,0,0,-42516,-13259,-8134,-12301,-18300,-20488,-43860,-40923,1344,-1593,100.0,57.4,12.3,12.3,16.2,72.0,86.0,96.6,14.0,3.4,100.0,57.4,12.3,12.3,16.2,72.0,86.0,96.6,14.0,3.4,0.0,0.0,0.0,0.0,0.0,0.0,0.0,0.0,0.0,0.0,259,165,32,57,46,45,229,117,259,165,32,57,46,45,229,117,0,0,0,0,0,0,0,0,21.9,36.3,32.9,53.3,18.0,35.0,26.9,46.7,21.9,36.3,32.9,53.3,18.0,35.0,26.9,46.7,0.0,0.0,0.0,0.0,0.0,0.0,0.0,0.0,(CONTRACTS OF 100 TROY OUNCES),GOLD,PRECIOUS METALS,NATURAL RESOURCES,FutOnly
260331088695F,MICRO GOLD - COMMODITY EXCHANGE INC.,2026-03-31T00:00:00.000,2026 Report Week 13,MICRO GOLD,088695,CMX ,NYC,088 ,GOLD,57288,15492,28583,4772,6087,0,26351,33355,30937,23933,57288,15492,28583,4772,6087,0,26351,33355,30937,23933,0,0,0,0,0,0,0,0,0,0,-14709,-5020,-8532,-4156,103,0,-9073,-12688,-5636,-2021,100.0,27.0,49.9,8.3,10.6,0.0,46.0,58.2,54.0,41.8,100.0,27.0,49.9,8.3,10.6,0.0,46.0,58.2,54.0,41.8,0.0,0.0,0.0,0.0,0.0,0.0,0.0,0.0,0.0,0.0,41,18,17,14,5,0,32,23,41,18,17,14,5,0,32,23,0,0,0,0,0,0,0,0,22.5,43.4,31.5,49.8,22.3,41.2,29.9,44.9,22.5,43.4,31.5,49.8,22.3,41.2,29.9,44.9,0.0,0.0,0.0,0.0,0.0,0.0,0.0,0.0,(CONTRACTS OF 10 TROY OUNCES),GOLD,PRECIOUS METALS,NATURAL RESOURCES,FutOnly
260324088691F,GOLD - COMMODITY EXCHANGE INC.,2026-03-24T00:00:00.000,2026 Report Week 12,GOLD,088691,CMX ,NYC,088 ,GOLD,403925,220861,52534,56794,76997,280825,354652,390153,49273,13772,403925,220861,52534,56794,76997,280825,354652,390153,49273,13772,0,0,0,0,0,0,0,0,0,0,-7463,4900,-3558,464,-9187,-4007,-3823,-7101,-3640,-362,100.0,54.7,13.0,14.1,19.1,69.5,87.8,96.6,12.2,3.4,100.0,54.7,13.0,14.1,19.1,69.5,87.8,96.6,12.2,3.4,0.0,0.0,0.0,0.0,0.0,0.0,0.0,0.0,0.0,0.0,288,172,50,80,48,50,254,151,288,172,50,80,48,50,254,151,0,0,0,0,0,0,0,0,19.5,32.9,31.4,49.3,17.1,31.0,26.0,42.9,19.5,32.9,31.4,49.3,17.1,31.0,26.0,42.9,0.0,0.0,0.0,0.0,0.0,0.0,0.0,0.0,(CONTRACTS OF 100 TROY OUNCES),GOLD,PRECIOUS METALS,NATURAL RESOURCES,FutOnly
260324088695F,MICRO GOLD - COMMODITY EXCHANGE INC.,2026-03-24T00:00:00.000,2026 Report Week 12,MICRO GOLD,088695,CMX ,NYC,088 ,GOLD,71997,20512,37115,8928,5984,0,35424,46043,36573,25954,71997,20512,37115,8928,5984,0,35424,46043,36573,25954,0,0,0,0,0,0,0,0,0,0,7874,9758,1532,3955,173,0,13886,5487,-6012,2387,100.0,28.5,51.6,12.4,8.3,0.0,49.2,64.0,50.8,36.0,100.0,28.5,51.6,12.4,8.3,0.0,49.2,64.0,50.8,36.0,0.0,0.0,0.0,0.0,0.0,0.0,0.0,0.0,0.0,0.0,41,24,14,13,3,0,36,18,41,24,14,13,3,0,36,18,0,0,0,0,0,0,0,0,24.1,47.2,32.5,57.8,21.1,42.0,27.1,48.2,24.1,47.2,32.5,57.8,21.1,42.0,27.1,48.2,0.0,0.0,0.0,0.0,0.0,0.0,0.0,0.0,(CONTRACTS OF 10 TROY OUNCES),GOLD,PRECIOUS METALS,NATURAL RESOURCES,FutOnly
260317088691F,GOLD - COMMODITY EXCHANGE INC.,2026-03-17T00:00:00.000,2026 Report Week 11,GOLD,088691,CMX ,NYC,088 ,GOLD,411388,215961,56092,56330,86184,284832,358475,397254,52913,14134,411388,215961,56092,56330,86184,284832,358475,397254,52913,14134,0,0,0,0,0,0,0,0,0,0,-2568,516,3779,-3477,904,-3424,-2057,-3122,-511,554,100.0,52.5,13.6,13.7,20.9,69.2,87.1,96.6,12.9,3.4,100.0,52.5,13.6,13.7,20.9,69.2,87.1,96.6,12.9,3.4,0.0,0.0,0.0,0.0,0.0,0.0,0.0,0.0,0.0,0.0,301,176,55,77,54,49,263,152,301,176,55,77,54,49,263,152,0,0,0,0,0,0,0,0,18.4,33.0,29.9,48.7,15.6,31.6,23.9,43.0,18.4,33.0,29.9,48.7,15.6,31.6,23.9,43.0,0.0,0.0,0.0,0.0,0.0,0.0,0.0,0.0,(CONTRACTS OF 100 TROY OUNCES),GOLD,PRECIOUS METALS,NATURAL RESOURCES,FutOnly
260317088695F,MICRO GOLD - COMMODITY EXCHANGE INC.,2026-03-17T00:00:00.000,2026 Report Week 11,MICRO GOLD,088695,CMX ,NYC,088 ,GOLD,64123,10754,35583,4973,5811,0,21538,40556,42585,23567,64123,10754,35583,4973,5811,0,21538,40556,42585,23567,0,0,0,0,0,0,0,0,0,0,6007,304,3826,1508,284,0,2096,5334,3911,673,100.0,16.8,55.5,7.8,9.1,0.0,33.6,63.2,66.4,36.8,100.0,16.8,55.5,7.8,9.1,0.0,33.6,63.2,66.4,36.8,0.0,0.0,0.0,0.0,0.0,0.0,0.0,0.0,0.0,0.0,37,17,17,12,2,0,29,20,37,17,17,12,2,0,29,20,0,0,0,0,0,0,0,0,16.9,41.6,23.5,53.8,14.9,38.4,20.3,49.0,16.9,41.6,23.5,53.8,14.9,38.4,20.3,49.0,0.0,0.0,0.0,0.0,0.0,0.0,0.0,0.0,(CONTRACTS OF 10 TROY OUNCES),GOLD,PRECIOUS METALS,NATURAL RESOURCES,FutOnly
260310088695F,MICRO GOLD - COMMODITY EXCHANGE INC.,2026-03-10T00:00:00.000,2026 Report Week 10,MICRO GOLD,088695,CMX ,NYC,088 ,GOLD,58116,10450,31757,3465,5527,0,19442,35222,38674,22894,58116,10450,31757,3465,5527,0,19442,35222,38674,22894,0,0,0,0,0,0,0,0,0,0,-2815,-911,-356,-91,145,0,-857,-447,-1958,-2368,100.0,18.0,54.6,6.0,9.5,0.0,33.5,60.6,66.5,39.4,100.0,18.0,54.6,6.0,9.5,0.0,33.5,60.6,66.5,39.4,0.0,0.0,0.0,0.0,0.0,0.0,0.0,0.0,0.0,0.0,35,18,14,12,2,0,29,18,35,18,14,12,2,0,29,18,0,0,0,0,0,0,0,0,16.8,38.9,22.9,50.7,15.0,37.7,20.4,48.1,16.8,38.9,22.9,50.7,15.0,37.7,20.4,48.1,0.0,0.0,0.0,0.0,0.0,0.0,0.0,0.0,(CONTRACTS OF 10 TROY OUNCES),GOLD,PRECIOUS METALS,NATURAL RESOURCES,FutOnly
260310088691F,GOLD - COMMODITY EXCHANGE INC.,2026-03-10T00:00:00.000,2026 Report Week 10,GOLD,088691,CMX ,NYC,088 ,GOLD,413956,215445,52313,59807,85280,288256,360532,400376,53424,13580,413956,215445,52313,59807,85280,288256,360532,400376,53424,13580,0,0,0,0,0,0,0,0,0,0,4167,1693,-1294,3730,446,2839,5869,5275,-1702,-1108,100.0,52.0,12.6,14.4,20.6,69.6,87.1,96.7,12.9,3.3,100.0,52.0,12.6,14.4,20.6,69.6,87.1,96.7,12.9,3.3,0.0,0.0,0.0,0.0,0.0,0.0,0.0,0.0,0.0,0.0,290,171,50,72,55,44,257,138,290,171,50,72,55,44,257,138,0,0,0,0,0,0,0,0,18.0,33.4,29.5,50.1,14.8,32.6,23.0,45.0,18.0,33.4,29.5,50.1,14.8,32.6,23.0,45.0,0.0,0.0,0.0,0.0,0.0,0.0,0.0,0.0,(CONTRACTS OF 100 TROY OUNCES),GOLD,PRECIOUS METALS,NATURAL RESOURCES,FutOnly
260303088695F,MICRO GOLD - COMMODITY EXCHANGE INC.,2026-03-03T00:00:00.000,2026 Report Week 09,MICRO GOLD,088695,CMX ,NYC,088 ,GOLD,60931,11361,32113,3556,5382,0,20299,35669,40632,25262,60931,11361,32113,3556,5382,0,20299,35669,40632,25262,0,0,0,0,0,0,0,0,0,0,1006,-420,-746,567,79,0,226,-179,780,1185,100.0,18.6,52.7,5.8,8.8,0.0,33.3,58.5,66.7,41.5,100.0,18.6,52.7,5.8,8.8,0.0,33.3,58.5,66.7,41.5,0.0,0.0,0.0,0.0,0.0,0.0,0.0,0.0,0.0,0.0,35,18,15,9,2,0,27,17,35,18,15,9,2,0,27,17,0,0,0,0,0,0,0,0,16.5,37.6,22.3,50.4,14.5,36.9,19.3,47.2,16.5,37.6,22.3,50.4,14.5,36.9,19.3,47.2,0.0,0.0,0.0,0.0,0.0,0.0,0.0,0.0,(CONTRACTS OF 10 TROY OUNCES),GOLD,PRECIOUS METALS,NATURAL RESOURCES,FutOnly
260303088691F,GOLD - COMMODITY EXCHANGE INC.,2026-03-03T00:00:00.000,2026 Report Week 09,GOLD,088691,CMX ,NYC,088 ,GOLD,409789,213752,53607,56077,84834,285417,354663,395101,55126,14688,409789,213752,53607,56077,84834,285417,354663,395101,55126,14688,0,0,0,0,0,0,0,0,0,0,-10393,2103,1135,1514,-1364,-1587,2253,1062,-12646,-11455,100.0,52.2,13.1,13.7,20.7,69.6,86.5,96.4,13.5,3.6,100.0,52.2,13.1,13.7,20.7,69.6,86.5,96.4,13.5,3.6,0.0,0.0,0.0,0.0,0.0,0.0,0.0,0.0,0.0,0.0,283,166,49,64,52,46,243,136,283,166,49,64,52,46,243,136,0,0,0,0,0,0,0,0,17.3,33.4,28.5,50.8,14.0,32.6,22.8,45.7,17.3,33.4,28.5,50.8,14.0,32.6,22.8,45.7,0.0,0.0,0.0,0.0,0.0,0.0,0.0,0.0,(CONTRACTS OF 100 TROY OUNCES),GOLD,PRECIOUS METALS,NATURAL RESOURCES,FutOnly
260224088691F,GOLD - COMMODITY EXCHANGE INC.,2026-02-24T00:00:00.000,2026 Report Week 08,GOLD,088691,CMX ,NYC,088 ,GOLD,420182,211649,52472,54563,86198,287004,352410,394039,67772,26143,420182,211649,52472,54563,86198,287004,352410,394039,67772,26143,0,0,0,0,0,0,0,0,0,0,13104,-1783,-1045,975,-2039,1985,-2847,1915,15951,11189,100.0,50.4,12.5,13.0,20.5,68.3,83.9,93.8,16.1,6.2,100.0,50.4,12.5,13.0,20.5,68.3,83.9,93.8,16.1,6.2,0.0,0.0,0.0,0.0,0.0,0.0,0.0,0.0,0.0,0.0,292,176,47,65,55,49,256,139,292,176,47,65,55,49,256,139,0,0,0,0,0,0,0,0,16.6,31.9,26.9,48.9,13.5,31.1,21.7,43.8,16.6,31.9,26.9,48.9,13.5,31.1,21.7,43.8,0.0,0.0,0.0,0.0,0.0,0.0,0.0,0.0,(CONTRACTS OF 100 TROY OUNCES),GOLD,PRECIOUS METALS,NATURAL RESOURCES,FutOnly
260224088695F,MICRO GOLD - COMMODITY EXCHANGE INC.,2026-02-24T00:00:00.000,2026 Report Week 08,MICRO GOLD,088695,CMX ,NYC,088 ,GOLD,59925,11781,32859,2989,5303,0,20073,35848,39852,24077,59925,11781,32859,2989,5303,0,20073,35848,39852,24077,0,0,0,0,0,0,0,0,0,0,-889,-1427,2162,-2926,350,0,-4003,-764,3114,-125,100.0,19.7,54.8,5.0,8.8,0.0,33.5,59.8,66.5,40.2,100.0,19.7,54.8,5.0,8.8,0.0,33.5,59.8,66.5,40.2,0.0,0.0,0.0,0.0,0.0,0.0,0.0,0.0,0.0,0.0,34,15,17,10,2,0,25,19,34,15,17,10,2,0,25,19,0,0,0,0,0,0,0,0,16.7,34.4,23.7,48.6,16.7,34.1,22.5,47.2,16.7,34.4,23.7,48.6,16.7,34.1,22.5,47.2,0.0,0.0,0.0,0.0,0.0,0.0,0.0,0.0,(CONTRACTS OF 10 TROY OUNCES),GOLD,PRECIOUS METALS,NATURAL RESOURCES,FutOnly
260217088691F,GOLD - COMMODITY EXCHANGE INC.,2026-02-17T00:00:00.000,2026 Report Week 07,GOLD,088691,CMX ,NYC,088 ,GOLD,407078,213432,53517,53588,88237,285019,355257,392124,51821,14954,407078,213432,53517,53588,88237,285019,355257,392124,51821,14954,0,0,0,0,0,0,0,0,0,0,2687,624,721,3659,-501,-1457,3782,2923,-1095,-236,100.0,52.4,13.1,13.2,21.7,70.0,87.3,96.3,12.7,3.7,100.0,52.4,13.1,13.2,21.7,70.0,87.3,96.3,12.7,3.7,0.0,0.0,0.0,0.0,0.0,0.0,0.0,0.0,0.0,0.0,298,170,59,65,52,50,247,151,298,170,59,65,52,50,247,151,0,0,0,0,0,0,0,0,16.9,32.7,27.7,50.8,13.8,31.5,22.8,44.8,16.9,32.7,27.7,50.8,13.8,31.5,22.8,44.8,0.0,0.0,0.0,0.0,0.0,0.0,0.0,0.0,(CONTRACTS OF 100 TROY OUNCES),GOLD,PRECIOUS METALS,NATURAL RESOURCES,FutOnly
260217088695F,MICRO GOLD - COMMODITY EXCHANGE INC.,2026-02-17T00:00:00.000,2026 Report Week 07,MICRO GOLD,088695,CMX ,NYC,088 ,GOLD,60814,13208,30697,5915,4953,0,24076,36612,36738,24202,60814,13208,30697,5915,4953,0,24076,36612,36738,24202,0,0,0,0,0,0,0,0,0,0,222,-2977,-214,280,731,0,-1966,66,2188,156,100.0,21.7,50.5,9.7,8.1,0.0,39.6,60.2,60.4,39.8,100.0,21.7,50.5,9.7,8.1,0.0,39.6,60.2,60.4,39.8,0.0,0.0,0.0,0.0,0.0,0.0,0.0,0.0,0.0,0.0,36,17,17,9,2,0,25,20,36,17,17,9,2,0,25,20,0,0,0,0,0,0,0,0,18.5,33.4,27.0,46.8,16.2,33.4,21.9,44.6,18.5,33.4,27.0,46.8,16.2,33.4,21.9,44.6,0.0,0.0,0.0,0.0,0.0,0.0,0.0,0.0,(CONTRACTS OF 10 TROY OUNCES),GOLD,PRECIOUS METALS,NATURAL RESOURCES,FutOnly
260210088691F,GOLD - COMMODITY EXCHANGE INC.,2026-02-10T00:00:00.000,2026 Report Week 06,GOLD,088691,CMX ,NYC,088 ,GOLD,404391,212808,52796,49929,88738,286476,351475,389201,52916,15190,404391,212808,52796,49929,88738,286476,351475,389201,52916,15190,0,0,0,0,0,0,0,0,0,0,-5303,-1700,3892,-683,774,-9266,-1609,-6057,-3694,754,100.0,52.6,13.1,12.3,21.9,70.8,86.9,96.2,13.1,3.8,100.0,52.6,13.1,12.3,21.9,70.8,86.9,96.2,13.1,3.8,0.0,0.0,0.0,0.0,0.0,0.0,0.0,0.0,0.0,0.0,290,172,49,61,52,49,243,142,290,172,49,61,52,49,243,142,0,0,0,0,0,0,0,0,17.3,33.8,28.4,52.7,14.2,32.9,23.5,45.9,17.3,33.8,28.4,52.7,14.2,32.9,23.5,45.9,0.0,0.0,0.0,0.0,0.0,0.0,0.0,0.0,(CONTRACTS OF 100 TROY OUNCES),GOLD,PRECIOUS METALS,NATURAL RESOURCES,FutOnly
260210088695F,MICRO GOLD - COMMODITY EXCHANGE INC.,2026-02-10T00:00:00.000,2026 Report Week 06,MICRO GOLD,088695,CMX ,NYC,088 ,GOLD,60592,16185,30911,5635,4222,0,26042,36546,34550,24046,60592,16185,30911,5635,4222,0,26042,36546,34550,24046,0,0,0,0,0,0,0,0,0,0,6998,4647,5481,2309,184,0,7140,7790,-142,-792,100.0,26.7,51.0,9.3,7.0,0.0,43.0,60.3,57.0,39.7,100.0,26.7,51.0,9.3,7.0,0.0,43.0,60.3,57.0,39.7,0.0,0.0,0.0,0.0,0.0,0.0,0.0,0.0,0.0,0.0,38,18,18,13,2,0,28,23,38,18,18,13,2,0,28,23,0,0,0,0,0,0,0,0,22.2,30.3,30.3,44.5,18.8,29.8,25.5,42.2,22.2,30.3,30.3,44.5,18.8,29.8,25.5,42.2,0.0,0.0,0.0,0.0,0.0,0.0,0.0,0.0,(CONTRACTS OF 10 TROY OUNCES),GOLD,PRECIOUS METALS,NATURAL RESOURCES,FutOnly
260203088695F,MICRO GOLD - COMMODITY EXCHANGE INC.,2026-02-03T00:00:00.000,2026 Report Week 05,MICRO GOLD,088695,CMX ,NYC,088 ,GOLD,53594,11538,25430,3326,4038,0,18902,28756,34692,24838,53594,11538,25430,3326,4038,0,18902,28756,34692,24838,0,0,0,0,0,0,0,0,0,0,-24827,-13088,-13907,-9461,15,-1,-22534,-23369,-2293,-1458,100.0,21.5,47.4,6.2,7.5,0.0,35.3,53.7,64.7,46.3,100.0,21.5,47.4,6.2,7.5,0.0,35.3,53.7,64.7,46.3,0.0,0.0,0.0,0.0,0.0,0.0,0.0,0.0,0.0,0.0,34,17,14,11,3,0,27,18,34,17,14,11,3,0,27,18,0,0,0,0,0,0,0,0,13.4,29.8,20.7,44.2,13.0,29.6,19.3,41.0,13.4,29.8,20.7,44.2,13.0,29.6,19.3,41.0,0.0,0.0,0.0,0.0,0.0,0.0,0.0,0.0,(CONTRACTS OF 10 TROY OUNCES),GOLD,PRECIOUS METALS,NATURAL RESOURCES,FutOnly
260203088691F,GOLD - COMMODITY EXCHANGE INC.,2026-02-03T00:00:00.000,2026 Report Week 05,GOLD,088691,CMX ,NYC,088 ,GOLD,409694,214508,48904,50612,87964,295742,353084,395258,56610,14436,409694,214508,48904,50612,87964,295742,353084,395258,56610,14436,0,0,0,0,0,0,0,0,0,0,-78769,-37592,2200,-26874,-8236,-48743,-72702,-73417,-6067,-5352,100.0,52.4,11.9,12.4,21.5,72.2,86.2,96.5,13.8,3.5,100.0,52.4,11.9,12.4,21.5,72.2,86.2,96.5,13.8,3.5,0.0,0.0,0.0,0.0,0.0,0.0,0.0,0.0,0.0,0.0,304,189,46,63,55,48,263,138,304,189,46,63,55,48,263,138,0,0,0,0,0,0,0,0,17.1,34.2,28.5,53.8,13.8,32.7,23.5,46.6,17.1,34.2,28.5,53.8,13.8,32.7,23.5,46.6,0.0,0.0,0.0,0.0,0.0,0.0,0.0,0.0,(CONTRACTS OF 100 TROY OUNCES),GOLD,PRECIOUS METALS,NATURAL RESOURCES,FutOnly
260127088695F,MICRO GOLD - COMMODITY EXCHANGE INC.,2026-01-27T00:00:00.000,2026 Report Week 04,MICRO GOLD,088695,CMX ,NYC,088 ,GOLD,78421,24626,39337,12787,4023,1,41436,52125,36985,26296,78421,24626,39337,12787,4023,1,41436,52125,36985,26296,0,0,0,0,0,0,0,0,0,0,-549,-6755,13,5212,1034,1,-509,5226,-40,-5775,100.0,31.4,50.2,16.3,5.1,0.0,52.8,66.5,47.2,33.5,100.0,31.4,50.2,16.3,5.1,0.0,52.8,66.5,47.2,33.5,0.0,0.0,0.0,0.0,0.0,0.0,0.0,0.0,0.0,0.0,30,16,10,11,3,1,26,16,30,16,10,11,3,1,26,16,0,0,0,0,0,0,0,0,24.9,53.3,35.1,63.5,21.3,42.8,28.5,49.3,24.9,53.3,35.1,63.5,21.3,42.8,28.5,49.3,0.0,0.0,0.0,0.0,0.0,0.0,0.0,0.0,(CONTRACTS OF 10 TROY OUNCES),GOLD,PRECIOUS METALS,NATURAL RESOURCES,FutOnly
260127088691F,GOLD - COMMODITY EXCHANGE INC.,2026-01-27T00:00:00.000,2026 Report Week 04,GOLD,088691,CMX ,NYC,088 ,GOLD,488463,252100,46704,77486,96200,344485,425786,468675,62677,19788,488463,252100,46704,77486,96200,344485,425786,468675,62677,19788,0,0,0,0,0,0,0,0,0,0,-39541,-43672,-4298,-6741,10331,-31073,-40082,-42112,541,2571,100.0,51.6,9.6,15.9,19.7,70.5,87.2,95.9,12.8,4.1,100.0,51.6,9.6,15.9,19.7,70.5,87.2,95.9,12.8,4.1,0.0,0.0,0.0,0.0,0.0,0.0,0.0,0.0,0.0,0.0,310,198,46,78,51,52,275,151,310,198,46,78,51,52,275,151,0,0,0,0,0,0,0,0,14.7,32.6,25.9,49.6,12.0,31.5,21.0,44.6,14.7,32.6,25.9,49.6,12.0,31.5,21.0,44.6,0.0,0.0,0.0,0.0,0.0,0.0,0.0,0.0,(CONTRACTS OF 100 TROY OUNCES),GOLD,PRECIOUS METALS,NATURAL RESOURCES,FutOnly
260127088LM1F,"GOLD -1 TROY OUNCE - COINBASE DERIVATIVES, LLC",2026-01-27T00:00:00.000,2026 Report Week 04,GOLD -1 TROY OUNCE,088LM1,FREX,CHI,088 ,GOLD,11365,4243,7984,1121,0,0,5364,9105,6001,2260,11365,4243,7984,1121,0,0,5364,9105,6001,2260,0,0,0,0,0,0,0,0,0,0,1046,116,-696,1121,0,0,1237,425,-191,621,100.0,37.3,70.3,9.9,0.0,0.0,47.2,80.1,52.8,19.9,100.0,37.3,70.3,9.9,0.0,0.0,47.2,80.1,52.8,19.9,0.0,0.0,0.0,0.0,0.0,0.0,0.0,0.0,0.0,0.0,21,17,4,1,0,0,17,5,21,17,4,1,0,0,17,5,0,0,0,0,0,0,0,0,24.3,78.4,31.4,80.1,14.5,70.3,21.5,70.3,24.3,78.4,31.4,80.1,14.5,70.3,21.5,70.3,0.0,0.0,0.0,0.0,0.0,0.0,0.0,0.0,"(1 troy ounce x $2,300)",GOLD,PRECIOUS METALS,NATURAL RESOURCES,FutOnly
260120088695F,MICRO GOLD - COMMODITY EXCHANGE INC.,2026-01-20T00:00:00.000,2026 Report Week 03,MICRO GOLD,088695,CMX ,NYC,088 ,GOLD,78970,31381,39324,7575,2989,0,41945,46899,37025,32071,78970,31381,39324,7575,2989,0,41945,46899,37025,32071,0,0,0,0,0,0,0,0,0,0,6415,5223,-1206,1748,139,0,7110,542,-695,5873,100.0,39.7,49.8,9.6,3.8,0.0,53.1,59.4,46.9,40.6,100.0,39.7,49.8,9.6,3.8,0.0,53.1,59.4,46.9,40.6,0.0,0.0,0.0,0.0,0.0,0.0,0.0,0.0,0.0,0.0,37,21,13,11,2,0,31,17,37,21,13,11,2,0,31,17,0,0,0,0,0,0,0,0,27.1,46.1,35.9,54.6,25.0,41.4,32.1,47.4,27.1,46.1,35.9,54.6,25.0,41.4,32.1,47.4,0.0,0.0,0.0,0.0,0.0,0.0,0.0,0.0,(CONTRACTS OF 10 TROY OUNCES),GOLD,PRECIOUS METALS,NATURAL RESOURCES,FutOnly
260120088691F,GOLD - COMMODITY EXCHANGE INC.,2026-01-20T00:00:00.000,2026 Report Week 03,GOLD,088691,CMX ,NYC,088 ,GOLD,528004,295772,51002,84227,85869,375558,465868,510787,62136,17217,528004,295772,51002,84227,85869,375558,465868,510787,62136,17217,0,0,0,0,0,0,0,0,0,0,549,-411,6057,2557,2487,-4930,4633,3684,-4084,-3135,100.0,56.0,9.7,16.0,16.3,71.1,88.2,96.7,11.8,3.3,100.0,56.0,9.7,16.0,16.3,71.1,88.2,96.7,11.8,3.3,0.0,0.0,0.0,0.0,0.0,0.0,0.0,0.0,0.0,0.0,330,213,50,75,52,51,290,152,330,213,50,75,52,51,290,152,0,0,0,0,0,0,0,0,14.1,32.7,24.5,50.3,11.4,31.5,20.3,47.1,14.1,32.7,24.5,50.3,11.4,31.5,20.3,47.1,0.0,0.0,0.0,0.0,0.0,0.0,0.0,0.0,(CONTRACTS OF 100 TROY OUNCES),GOLD,PRECIOUS METALS,NATURAL RESOURCES,FutOnly
260120088LM1F,"GOLD -1 TROY OUNCE - COINBASE DERIVATIVES, LLC",2026-01-20T00:00:00.000,2026 Report Week 03,GOLD -1 TROY OUNCE,088LM1,FREX,CHI,088 ,GOLD,10319,4127,8680,0,0,0,4127,8680,6192,1639,10319,4127,8680,0,0,0,4127,8680,6192,1639,0,0,0,0,0,0,0,0,0,0,926,287,663,0,0,0,287,663,639,263,100.0,40.0,84.1,0.0,0.0,0.0,40.0,84.1,60.0,15.9,100.0,40.0,84.1,0.0,0.0,0.0,40.0,84.1,60.0,15.9,0.0,0.0,0.0,0.0,0.0,0.0,0.0,0.0,0.0,0.0,20,16,4,0,0,0,16,4,20,16,4,0,0,0,16,4,0,0,0,0,0,0,0,0,16.7,84.1,24.5,84.1,16.7,84.1,24.5,84.1,16.7,84.1,24.5,84.1,16.7,84.1,24.5,84.1,0.0,0.0,0.0,0.0,0.0,0.0,0.0,0.0,"(1 troy ounce x $2,300)",GOLD,PRECIOUS METALS,NATURAL RESOURCES,FutOnly
260113088695F,MICRO GOLD - COMMODITY EXCHANGE INC.,2026-01-13T00:00:00.000,2026 Report Week 02,MICRO GOLD,088695,CMX ,NYC,088 ,GOLD,72555,26158,40530,5827,2850,0,34835,46357,37720,26198,72555,26158,40530,5827,2850,0,34835,46357,37720,26198,0,0,0,0,0,0,0,0,0,0,3822,3055,2918,429,-161,0,3323,3347,499,475,100.0,36.1,55.9,8.0,3.9,0.0,48.0,63.9,52.0,36.1,100.0,36.1,55.9,8.0,3.9,0.0,48.0,63.9,52.0,36.1,0.0,0.0,0.0,0.0,0.0,0.0,0.0,0.0,0.0,0.0,38,20,15,9,2,0,28,19,38,20,15,9,2,0,28,19,0,0,0,0,0,0,0,0,25.6,51.0,33.3,57.9,23.2,45.2,29.9,52.1,25.6,51.0,33.3,57.9,23.2,45.2,29.9,52.1,0.0,0.0,0.0,0.0,0.0,0.0,0.0,0.0,(CONTRACTS OF 10 TROY OUNCES),GOLD,PRECIOUS METALS,NATURAL RESOURCES,FutOnly
260113088691F,GOLD - COMMODITY EXCHANGE INC.,2026-01-13T00:00:00.000,2026 Report Week 02,GOLD,088691,CMX ,NYC,088 ,GOLD,527455,296183,44945,81670,83382,380488,461235,507103,66220,20352,527455,296183,44945,81670,83382,380488,461235,507103,66220,20352,0,0,0,0,0,0,0,0,0,0,39339,21748,-1858,8325,3164,28235,33237,34702,6102,4637,100.0,56.2,8.5,15.5,15.8,72.1,87.4,96.1,12.6,3.9,100.0,56.2,8.5,15.5,15.8,72.1,87.4,96.1,12.6,3.9,0.0,0.0,0.0,0.0,0.0,0.0,0.0,0.0,0.0,0.0,325,205,51,76,52,49,287,150,325,205,51,76,52,49,287,150,0,0,0,0,0,0,0,0,13.6,32.5,23.8,50.7,11.4,31.3,20.1,47.4,13.6,32.5,23.8,50.7,11.4,31.3,20.1,47.4,0.0,0.0,0.0,0.0,0.0,0.0,0.0,0.0,(CONTRACTS OF 100 TROY OUNCES),GOLD,PRECIOUS METALS,NATURAL RESOURCES,FutOnly
260113088LM1F,"GOLD -1 TROY OUNCE - COINBASE DERIVATIVES, LLC",2026-01-13T00:00:00.000,2026 Report Week 02,GOLD -1 TROY OUNCE,088LM1,FREX,CHI,088 ,GOLD,9393,3840,8017,0,0,0,3840,8017,5553,1376,9393,3840,8017,0,0,0,3840,8017,5553,1376,0,0,0,0,0,0,0,0,0,0,,,,,,,,,,,100.0,40.9,85.4,0.0,0.0,0.0,40.9,85.4,59.1,14.6,100.0,40.9,85.4,0.0,0.0,0.0,40.9,85.4,59.1,14.6,0.0,0.0,0.0,0.0,0.0,0.0,0.0,0.0,0.0,0.0,24,18,6,0,0,0,18,6,24,18,6,0,0,0,18,6,0,0,0,0,0,0,0,0,11.1,81.1,19.6,85.4,11.1,81.1,19.6,85.4,11.1,81.1,19.6,85.4,11.1,81.1,19.6,85.4,0.0,0.0,0.0,0.0,0.0,0.0,0.0,0.0,"1 troy ounce x $2,300",GOLD,PRECIOUS METALS,NATURAL RESOURCES,FutOnly
260106088691F,GOLD - COMMODITY EXCHANGE INC.,2026-01-06T00:00:00.000,2026 Report Week 01,GOLD,088691,CMX ,NYC,088 ,GOLD,488116,274435,46803,73345,80218,352253,427998,472401,60118,15715,488116,274435,46803,73345,80218,352253,427998,472401,60118,15715,0,0,0,0,0,0,0,0,0,0,6250,-1157,2384,9542,-2036,-5247,6349,6679,-99,-429,100.0,56.2,9.6,15.0,16.4,72.2,87.7,96.8,12.3,3.2,100.0,56.2,9.6,15.0,16.4,72.2,87.7,96.8,12.3,3.2,0.0,0.0,0.0,0.0,0.0,0.0,0.0,0.0,0.0,0.0,310,194,52,71,49,45,269,144,310,194,52,71,49,45,269,144,0,0,0,0,0,0,0,0,15.0,34.0,26.5,51.6,12.5,32.3,21.8,47.7,15.0,34.0,26.5,51.6,12.5,32.3,21.8,47.7,0.0,0.0,0.0,0.0,0.0,0.0,0.0,0.0,(CONTRACTS OF 100 TROY OUNCES),GOLD,PRECIOUS METALS,NATURAL RESOURCES,FutOnly
260106088695F,MICRO GOLD - COMMODITY EXCHANGE INC.,2026-01-06T00:00:00.000,2026 Report Week 01,MICRO GOLD,088695,CMX ,NYC,088 ,GOLD,68733,23103,37612,5398,3011,0,31512,43010,37221,25723,68733,23103,37612,5398,3011,0,31512,43010,37221,25723,0,0,0,0,0,0,0,0,0,0,-1288,6632,-4262,-719,141,0,6054,-4981,-7342,3693,100.0,33.6,54.7,7.9,4.4,0.0,45.8,62.6,54.2,37.4,100.0,33.6,54.7,7.9,4.4,0.0,45.8,62.6,54.2,37.4,0.0,0.0,0.0,0.0,0.0,0.0,0.0,0.0,0.0,0.0,34,15,16,10,2,0,25,19,34,15,16,10,2,0,25,19,0,0,0,0,0,0,0,0,27.5,49.2,35.1,58.1,25.7,43.7,31.9,51.3,27.5,49.2,35.1,58.1,25.7,43.7,31.9,51.3,0.0,0.0,0.0,0.0,0.0,0.0,0.0,0.0,(CONTRACTS OF 10 TROY OUNCES),GOLD,PRECIOUS METALS,NATURAL RESOURCES,FutOnly
251230088LM1F,"GOLD -1 TROY OUNCE - COINBASE DERIVATIVES, LLC",2025-12-30T00:00:00.000,2025 Report Week 52,GOLD -1 TROY OUNCE,088LM1,FREX,CHI,088 ,GOLD,11050,4000,10241,0,0,0,4000,10241,7050,809,11050,4000,10241,0,0,0,4000,10241,7050,809,0,0,0,0,0,0,0,0,0,0,,,,,,,,,,,100.0,36.2,92.7,0.0,0.0,0.0,36.2,92.7,63.8,7.3,100.0,36.2,92.7,0.0,0.0,0.0,36.2,92.7,63.8,7.3,0.0,0.0,0.0,0.0,0.0,0.0,0.0,0.0,0.0,0.0,22,20,2,0,0,0,20,2,22,20,2,0,0,0,20,2,0,0,0,0,0,0,0,0,7.2,92.7,14.5,92.7,7.2,92.7,14.5,92.7,7.2,92.7,14.5,92.7,7.2,92.7,14.5,92.7,0.0,0.0,0.0,0.0,0.0,0.0,0.0,0.0,"1 troy ounce x $2,300",GOLD,PRECIOUS METALS,NATURAL RESOURCES,FutOnly
251230088695F,MICRO GOLD - COMMODITY EXCHANGE INC.,2025-12-30T00:00:00.000,2025 Report Week 52,MICRO GOLD,088695,CMX ,NYC,088 ,GOLD,70021,16471,41874,6117,2870,0,25458,47991,44563,22030,70021,16471,41874,6117,2870,0,25458,47991,44563,22030,0,0,0,0,0,0,0,0,0,0,4809,-2044,7265,2403,34,0,393,9668,4416,-4859,100.0,23.5,59.8,8.7,4.1,0.0,36.4,68.5,63.6,31.5,100.0,23.5,59.8,8.7,4.1,0.0,36.4,68.5,63.6,31.5,0.0,0.0,0.0,0.0,0.0,0.0,0.0,0.0,0.0,0.0,33,17,14,7,2,0,24,16,33,17,14,7,2,0,24,16,0,0,0,0,0,0,0,0,17.8,54.7,25.8,64.7,14.9,47.6,21.3,56.5,17.8,54.7,25.8,64.7,14.9,47.6,21.3,56.5,0.0,0.0,0.0,0.0,0.0,0.0,0.0,0.0,(CONTRACTS OF 10 TROY OUNCES),GOLD,PRECIOUS METALS,NATURAL RESOURCES,FutOnly
251230088691F,GOLD - COMMODITY EXCHANGE INC.,2025-12-30T00:00:00.000,2025 Report Week 52,GOLD,088691,CMX ,NYC,088 ,GOLD,481866,275592,44419,63803,82254,357500,421649,465722,60217,16144,481866,275592,44419,63803,82254,357500,421649,465722,60217,16144,0,0,0,0,0,0,0,0,0,0,-10237,-14569,-5042,-36,6419,-1861,-8186,-6939,-2051,-3298,100.0,57.2,9.2,13.2,17.1,74.2,87.5,96.6,12.5,3.4,100.0,57.2,9.2,13.2,17.1,74.2,87.5,96.6,12.5,3.4,0.0,0.0,0.0,0.0,0.0,0.0,0.0,0.0,0.0,0.0,304,187,50,67,51,45,263,140,304,187,50,67,51,45,263,140,0,0,0,0,0,0,0,0,14.9,35.3,26.6,52.4,12.5,33.5,21.9,48.7,14.9,35.3,26.6,52.4,12.5,33.5,21.9,48.7,0.0,0.0,0.0,0.0,0.0,0.0,0.0,0.0,(CONTRACTS OF 100 TROY OUNCES),GOLD,PRECIOUS METALS,NATURAL RESOURCES,FutOnly
251223088695F,MICRO GOLD - COMMODITY EXCHANGE INC.,2025-12-23T00:00:00.000,2025 Report Week 51,MICRO GOLD,088695,CMX ,NYC,088 ,GOLD,65212,18515,34609,3714,2836,0,25065,38323,40147,26889,65212,18515,34609,3714,2836,0,25065,38323,40147,26889,0,0,0,0,0,0,0,0,0,0,7318,6779,5987,-493,495,0,6781,5494,537,1824,100.0,28.4,53.1,5.7,4.3,0.0,38.4,58.8,61.6,41.2,100.0,28.4,53.1,5.7,4.3,0.0,38.4,58.8,61.6,41.2,0.0,0.0,0.0,0.0,0.0,0.0,0.0,0.0,0.0,0.0,35,19,14,6,2,0,26,15,35,19,14,6,2,0,26,15,0,0,0,0,0,0,0,0,17.0,47.3,23.9,55.7,17.0,43.4,23.0,50.5,17.0,47.3,23.9,55.7,17.0,43.4,23.0,50.5,0.0,0.0,0.0,0.0,0.0,0.0,0.0,0.0,(CONTRACTS OF 10 TROY OUNCES),GOLD,PRECIOUS METALS,NATURAL RESOURCES,FutOnly
251223088691F,GOLD - COMMODITY EXCHANGE INC.,2025-12-23T00:00:00.000,2025 Report Week 51,GOLD,088691,CMX ,NYC,088 ,GOLD,492103,290161,49461,63839,75835,359361,429835,472661,62268,19442,492103,290161,49461,63839,75835,359361,429835,472661,62268,19442,0,0,0,0,0,0,0,0,0,0,21010,9241,2519,7116,1180,10348,17537,19983,3473,1027,100.0,59.0,10.1,13.0,15.4,73.0,87.3,96.0,12.7,4.0,100.0,59.0,10.1,13.0,15.4,73.0,87.3,96.0,12.7,4.0,0.0,0.0,0.0,0.0,0.0,0.0,0.0,0.0,0.0,0.0,320,201,53,63,46,49,272,142,320,201,53,63,46,49,272,142,0,0,0,0,0,0,0,0,13.9,34.2,25.2,51.0,12.4,33.0,21.5,48.3,13.9,34.2,25.2,51.0,12.4,33.0,21.5,48.3,0.0,0.0,0.0,0.0,0.0,0.0,0.0,0.0,(CONTRACTS OF 100 TROY OUNCES),GOLD,PRECIOUS METALS,NATURAL RESOURCES,FutOnly
251216088691F,GOLD - COMMODITY EXCHANGE INC.,2025-12-16T00:00:00.000,2025 Report Week 50,GOLD,088691,CMX ,NYC,088 ,GOLD,471093,280920,46942,56723,74655,349013,412298,452678,58795,18415,471093,280920,46942,56723,74655,349013,412298,452678,58795,18415,0,0,0,0,0,0,0,0,0,0,38524,12435,2343,11831,10948,22727,35214,36901,3310,1623,100.0,59.6,10.0,12.0,15.8,74.1,87.5,96.1,12.5,3.9,100.0,59.6,10.0,12.0,15.8,74.1,87.5,96.1,12.5,3.9,0.0,0.0,0.0,0.0,0.0,0.0,0.0,0.0,0.0,0.0,333,209,55,74,49,51,286,154,333,209,55,74,49,51,286,154,0,0,0,0,0,0,0,0,14.3,33.7,26.5,50.5,13.8,32.3,23.6,48.2,14.3,33.7,26.5,50.5,13.8,32.3,23.6,48.2,0.0,0.0,0.0,0.0,0.0,0.0,0.0,0.0,(CONTRACTS OF 100 TROY OUNCES),GOLD,PRECIOUS METALS,NATURAL RESOURCES,FutOnly
251216088695F,MICRO GOLD - COMMODITY EXCHANGE INC.,2025-12-16T00:00:00.000,2025 Report Week 50,MICRO GOLD,088695,CMX ,NYC,088 ,GOLD,57894,11736,28622,4207,2341,0,18284,32829,39610,25065,57894,11736,28622,4207,2341,0,18284,32829,39610,25065,0,0,0,0,0,0,0,0,0,0,3852,1017,1510,900,117,0,2034,2410,1818,1442,100.0,20.3,49.4,7.3,4.0,0.0,31.6,56.7,68.4,43.3,100.0,20.3,49.4,7.3,4.0,0.0,31.6,56.7,68.4,43.3,0.0,0.0,0.0,0.0,0.0,0.0,0.0,0.0,0.0,0.0,32,15,13,7,2,0,23,16,32,15,13,7,2,0,23,16,0,0,0,0,0,0,0,0,13.5,43.4,20.8,52.6,12.4,40.2,18.1,47.1,13.5,43.4,20.8,52.6,12.4,40.2,18.1,47.1,0.0,0.0,0.0,0.0,0.0,0.0,0.0,0.0,(CONTRACTS OF 10 TROY OUNCES),GOLD,PRECIOUS METALS,NATURAL RESOURCES,FutOnly
251209088695F,MICRO GOLD - COMMODITY EXCHANGE INC.,2025-12-09T00:00:00.000,2025 Report Week 49,MICRO GOLD,088695,CMX ,NYC,088 ,GOLD,54042,10719,27112,3307,2224,0,16250,30419,37792,23623,54042,10719,27112,3307,2224,0,16250,30419,37792,23623,0,0,0,0,0,0,0,0,0,0,2878,3082,3210,-291,122,0,2913,2919,-35,-41,100.0,19.8,50.2,6.1,4.1,0.0,30.1,56.3,69.9,43.7,100.0,19.8,50.2,6.1,4.1,0.0,30.1,56.3,69.9,43.7,0.0,0.0,0.0,0.0,0.0,0.0,0.0,0.0,0.0,0.0,32,15,14,8,2,0,23,17,32,15,14,8,2,0,23,17,0,0,0,0,0,0,0,0,13.0,40.3,20.5,50.8,11.7,39.2,17.8,47.2,13.0,40.3,20.5,50.8,11.7,39.2,17.8,47.2,0.0,0.0,0.0,0.0,0.0,0.0,0.0,0.0,(CONTRACTS OF 10 TROY OUNCES),GOLD,PRECIOUS METALS,NATURAL RESOURCES,FutOnly
251209088691F,GOLD - COMMODITY EXCHANGE INC.,2025-12-09T00:00:00.000,2025 Report Week 49,GOLD,088691,CMX ,NYC,088 ,GOLD,432569,268485,44599,44892,63707,326286,377084,415777,55485,16792,432569,268485,44599,44892,63707,326286,377084,415777,55485,16792,0,0,0,0,0,0,0,0,0,0,14079,7154,828,3692,3560,10791,14406,15311,-327,-1232,100.0,62.1,10.3,10.4,14.7,75.4,87.2,96.1,12.8,3.9,100.0,62.1,10.3,10.4,14.7,75.4,87.2,96.1,12.8,3.9,0.0,0.0,0.0,0.0,0.0,0.0,0.0,0.0,0.0,0.0,317,206,42,69,44,50,273,142,317,206,42,69,44,50,273,142,0,0,0,0,0,0,0,0,15.1,35.3,27.7,51.1,14.9,34.1,25.2,49.3,15.1,35.3,27.7,51.1,14.9,34.1,25.2,49.3,0.0,0.0,0.0,0.0,0.0,0.0,0.0,0.0,(CONTRACTS OF 100 TROY OUNCES),GOLD,PRECIOUS METALS,NATURAL RESOURCES,FutOnly
251202088691F,GOLD - COMMODITY EXCHANGE INC.,2025-12-02T00:00:00.000,2025 Report Week 48,GOLD,088691,CMX ,NYC,088 ,GOLD,418490,261331,43771,41200,60147,315495,362678,400466,55812,18024,418490,261331,43771,41200,60147,315495,362678,400466,55812,18024,0,0,0,0,0,0,0,0,0,0,-14456,8065,-4907,-2050,-22510,-8565,-16495,-15522,2039,1066,100.0,62.4,10.5,9.8,14.4,75.4,86.7,95.7,13.3,4.3,100.0,62.4,10.5,9.8,14.4,75.4,86.7,95.7,13.3,4.3,0.0,0.0,0.0,0.0,0.0,0.0,0.0,0.0,0.0,0.0,306,200,42,69,45,50,267,143,306,200,42,69,45,50,267,143,0,0,0,0,0,0,0,0,15.7,35.5,27.7,51.3,15.5,34.3,25.9,49.7,15.7,35.5,27.7,51.3,15.5,34.3,25.9,49.7,0.0,0.0,0.0,0.0,0.0,0.0,0.0,0.0,(CONTRACTS OF 100 TROY OUNCES),GOLD,PRECIOUS METALS,NATURAL RESOURCES,FutOnly
251202088695F,MICRO GOLD - COMMODITY EXCHANGE INC.,2025-12-02T00:00:00.000,2025 Report Week 48,MICRO GOLD,088695,CMX ,NYC,088 ,GOLD,51164,7637,23902,3598,2102,0,13337,27500,37827,23664,51164,7637,23902,3598,2102,0,13337,27500,37827,23664,0,0,0,0,0,0,0,0,0,0,6430,1945,3585,-1309,-231,-199,405,2077,6025,4353,100.0,14.9,46.7,7.0,4.1,0.0,26.1,53.7,73.9,46.3,100.0,14.9,46.7,7.0,4.1,0.0,26.1,53.7,73.9,46.3,0.0,0.0,0.0,0.0,0.0,0.0,0.0,0.0,0.0,0.0,31,10,19,8,2,0,19,20,31,10,19,8,2,0,19,20,0,0,0,0,0,0,0,0,12.2,31.8,19.9,43.9,10.8,31.3,16.7,41.0,12.2,31.8,19.9,43.9,10.8,31.3,16.7,41.0,0.0,0.0,0.0,0.0,0.0,0.0,0.0,0.0,(CONTRACTS OF 10 TROY OUNCES),GOLD,PRECIOUS METALS,NATURAL RESOURCES,FutOnly
251125088691F,GOLD - COMMODITY EXCHANGE INC.,2025-11-25T00:00:00.000,2025 Report Week 47,GOLD,088691,CMX ,NYC,088 ,GOLD,432946,253266,48678,43250,82657,324060,379173,415988,53773,16958,432946,253266,48678,43250,82657,324060,379173,415988,53773,16958,0,0,0,0,0,0,0,0,0,0,-39007,-16290,-10539,-7907,-14344,-18526,-38541,-36972,-466,-2035,100.0,58.5,11.2,10.0,19.1,74.8,87.6,96.1,12.4,3.9,100.0,58.5,11.2,10.0,19.1,74.8,87.6,96.1,12.4,3.9,0.0,0.0,0.0,0.0,0.0,0.0,0.0,0.0,0.0,0.0,301,192,44,72,44,50,259,147,301,192,44,72,44,50,259,147,0,0,0,0,0,0,0,0,15.2,33.2,26.8,49.5,14.9,31.8,25.1,46.7,15.2,33.2,26.8,49.5,14.9,31.8,25.1,46.7,0.0,0.0,0.0,0.0,0.0,0.0,0.0,0.0,(CONTRACTS OF 100 TROY OUNCES),GOLD,PRECIOUS METALS,NATURAL RESOURCES,FutOnly
251125088695F,MICRO GOLD - COMMODITY EXCHANGE INC.,2025-11-25T00:00:00.000,2025 Report Week 47,MICRO GOLD,088695,CMX ,NYC,088 ,GOLD,44734,5692,20317,4907,2333,199,12932,25423,31802,19311,44734,5692,20317,4907,2333,199,12932,25423,31802,19311,0,0,0,0,0,0,0,0,0,0,-39547,-20884,-46924,1134,304,199,-19446,-45591,-20101,6044,100.0,12.7,45.4,11.0,5.2,0.4,28.9,56.8,71.1,43.2,100.0,12.7,45.4,11.0,5.2,0.4,28.9,56.8,71.1,43.2,0.0,0.0,0.0,0.0,0.0,0.0,0.0,0.0,0.0,0.0,31,10,16,10,3,1,21,21,31,10,16,10,3,1,21,21,0,0,0,0,0,0,0,0,13.3,25.6,20.8,41.6,10.8,24.2,15.7,37.2,13.3,25.6,20.8,41.6,10.8,24.2,15.7,37.2,0.0,0.0,0.0,0.0,0.0,0.0,0.0,0.0,(CONTRACTS OF 10 TROY OUNCES),GOLD,PRECIOUS METALS,NATURAL RESOURCES,FutOnly
251118088691F,GOLD - COMMODITY EXCHANGE INC.,2025-11-18T00:00:00.000,2025 Report Week 46,GOLD,088691,CMX ,NYC,088 ,GOLD,471953,269556,59217,51157,97001,342586,417714,452960,54239,18993,471953,269556,59217,51157,97001,342586,417714,452960,54239,18993,0,0,0,0,0,0,0,0,0,0,11956,3640,370,894,9925,10687,14459,11951,-2503,5,100.0,57.1,12.5,10.8,20.6,72.6,88.5,96.0,11.5,4.0,100.0,57.1,12.5,10.8,20.6,72.6,88.5,96.0,11.5,4.0,0.0,0.0,0.0,0.0,0.0,0.0,0.0,0.0,0.0,0.0,323,198,50,81,51,57,275,167,323,198,50,81,51,57,275,167,0,0,0,0,0,0,0,0,15.5,30.9,26.1,46.2,14.4,29.6,23.4,44.2,15.5,30.9,26.1,46.2,14.4,29.6,23.4,44.2,0.0,0.0,0.0,0.0,0.0,0.0,0.0,0.0,(CONTRACTS OF 100 TROY OUNCES),GOLD,PRECIOUS METALS,NATURAL RESOURCES,FutOnly
251118088695F,MICRO GOLD - COMMODITY EXCHANGE INC.,2025-11-18T00:00:00.000,2025 Report Week 46,MICRO GOLD,088695,CMX ,NYC,088 ,GOLD,84281,26576,67241,3773,2029,0,32378,71014,51903,13267,84281,26576,67241,3773,2029,0,32378,71014,51903,13267,0,0,0,0,0,0,0,0,0,0,3363,685,4344,1503,1029,0,3217,5847,146,-2484,100.0,31.5,79.8,4.5,2.4,0.0,38.4,84.3,61.6,15.7,100.0,31.5,79.8,4.5,2.4,0.0,38.4,84.3,61.6,15.7,0.0,0.0,0.0,0.0,0.0,0.0,0.0,0.0,0.0,0.0,35,16,16,13,2,0,26,22,35,16,16,13,2,0,26,22,0,0,0,0,0,0,0,0,25.8,71.0,31.3,78.0,24.7,69.6,29.9,76.1,25.8,71.0,31.3,78.0,24.7,69.6,29.9,76.1,0.0,0.0,0.0,0.0,0.0,0.0,0.0,0.0,(CONTRACTS OF 10 TROY OUNCES),GOLD,PRECIOUS METALS,NATURAL RESOURCES,FutOnly
251110088691F,GOLD - COMMODITY EXCHANGE INC.,2025-11-10T00:00:00.000,2025 Report Week 45,GOLD,088691,CMX ,NYC,088 ,GOLD,459997,265916,58847,50263,87076,331899,403255,441009,56742,18988,459997,265916,58847,50263,87076,331899,403255,441009,56742,18988,0,0,0,0,0,0,0,0,0,0,9598,9344,4582,-1548,-1279,7002,6517,10036,3081,-438,100.0,57.8,12.8,10.9,18.9,72.2,87.7,95.9,12.3,4.1,100.0,57.8,12.8,10.9,18.9,72.2,87.7,95.9,12.3,4.1,0.0,0.0,0.0,0.0,0.0,0.0,0.0,0.0,0.0,0.0,317,191,52,75,52,52,272,155,317,191,52,75,52,52,272,155,0,0,0,0,0,0,0,0,14.9,31.3,25.3,47.7,14.7,30.1,23.8,44.6,14.9,31.3,25.3,47.7,14.7,30.1,23.8,44.6,0.0,0.0,0.0,0.0,0.0,0.0,0.0,0.0,(CONTRACTS OF 100 TROY OUNCES),GOLD,PRECIOUS METALS,NATURAL RESOURCES,FutOnly
251110088695F,MICRO GOLD - COMMODITY EXCHANGE INC.,2025-11-10T00:00:00.000,2025 Report Week 45,MICRO GOLD,088695,CMX ,NYC,088 ,GOLD,80918,25891,62897,2270,1000,0,29161,65167,51757,15751,80918,25891,62897,2270,1000,0,29161,65167,51757,15751,0,0,0,0,0,0,0,0,0,0,4307,3514,344,86,-7,0,3593,430,714,3877,100.0,32.0,77.7,2.8,1.2,0.0,36.0,80.5,64.0,19.5,100.0,32.0,77.7,2.8,1.2,0.0,36.0,80.5,64.0,19.5,0.0,0.0,0.0,0.0,0.0,0.0,0.0,0.0,0.0,0.0,33,19,13,9,1,0,25,17,33,19,13,9,1,0,25,17,0,0,0,0,0,0,0,0,20.6,67.0,26.6,75.6,19.5,66.4,25.1,75.0,20.6,67.0,26.6,75.6,19.5,66.4,25.1,75.0,0.0,0.0,0.0,0.0,0.0,0.0,0.0,0.0,(CONTRACTS OF 10 TROY OUNCES),GOLD,PRECIOUS METALS,NATURAL RESOURCES,FutOnly
251104088691F,GOLD - COMMODITY EXCHANGE INC.,2025-11-04T00:00:00.000,2025 Report Week 44,GOLD,088691,CMX ,NYC,088 ,GOLD,450399,256572,54265,51811,88355,324897,396738,430973,53661,19426,450399,256572,54265,51811,88355,324897,396738,430973,53661,19426,0,0,0,0,0,0,0,0,0,0,-6723,-9736,-7379,3392,-1298,-1783,-7642,-5770,919,-953,100.0,57.0,12.0,11.5,19.6,72.1,88.1,95.7,11.9,4.3,100.0,57.0,12.0,11.5,19.6,72.1,88.1,95.7,11.9,4.3,0.0,0.0,0.0,0.0,0.0,0.0,0.0,0.0,0.0,0.0,312,184,55,75,52,53,267,155,312,184,55,75,52,53,267,155,0,0,0,0,0,0,0,0,15.5,32.1,26.8,48.5,15.3,30.5,24.8,44.9,15.5,32.1,26.8,48.5,15.3,30.5,24.8,44.9,0.0,0.0,0.0,0.0,0.0,0.0,0.0,0.0,(CONTRACTS OF 100 TROY OUNCES),GOLD,PRECIOUS METALS,NATURAL RESOURCES,FutOnly
251104088695F,MICRO GOLD - COMMODITY EXCHANGE INC.,2025-11-04T00:00:00.000,2025 Report Week 44,MICRO GOLD,088695,CMX ,NYC,088 ,GOLD,76611,22377,62553,2184,1007,0,25568,64737,51043,11874,76611,22377,62553,2184,1007,0,25568,64737,51043,11874,0,0,0,0,0,0,0,0,0,0,2102,751,2536,303,-107,0,947,2839,1155,-737,100.0,29.2,81.7,2.9,1.3,0.0,33.4,84.5,66.6,15.5,100.0,29.2,81.7,2.9,1.3,0.0,33.4,84.5,66.6,15.5,0.0,0.0,0.0,0.0,0.0,0.0,0.0,0.0,0.0,0.0,32,18,13,7,1,0,23,16,32,18,13,7,1,0,23,16,0,0,0,0,0,0,0,0,20.8,70.0,25.6,79.3,19.6,69.4,24.3,78.7,20.8,70.0,25.6,79.3,19.6,69.4,24.3,78.7,0.0,0.0,0.0,0.0,0.0,0.0,0.0,0.0,(CONTRACTS OF 10 TROY OUNCES),GOLD,PRECIOUS METALS,NATURAL RESOURCES,FutOnly
251028088691F,GOLD - COMMODITY EXCHANGE INC.,2025-10-28T00:00:00.000,2025 Report Week 43,GOLD,088691,CMX ,NYC,088 ,GOLD,457122,266308,61644,48419,89653,326680,404380,436743,52742,20379,457122,266308,61644,48419,89653,326680,404380,436743,52742,20379,0,0,0,0,0,0,0,0,0,0,-15299,12457,-15598,-6383,-18194,8716,-12120,-13265,-3179,-2034,100.0,58.3,13.5,10.6,19.6,71.5,88.5,95.5,11.5,4.5,100.0,58.3,13.5,10.6,19.6,71.5,88.5,95.5,11.5,4.5,0.0,0.0,0.0,0.0,0.0,0.0,0.0,0.0,0.0,0.0,325,193,59,70,50,53,274,154,325,193,59,70,50,53,274,154,0,0,0,0,0,0,0,0,15.3,31.7,26.6,48.3,15.2,30.1,24.7,44.8,15.3,31.7,26.6,48.3,15.2,30.1,24.7,44.8,0.0,0.0,0.0,0.0,0.0,0.0,0.0,0.0,(CONTRACTS OF 100 TROY OUNCES),GOLD,PRECIOUS METALS,NATURAL RESOURCES,FutOnly
251028088695F,MICRO GOLD - COMMODITY EXCHANGE INC.,2025-10-28T00:00:00.000,2025 Report Week 43,MICRO GOLD,088695,CMX ,NYC,088 ,GOLD,74509,21626,60017,1881,1114,0,24621,61898,49888,12611,74509,21626,60017,1881,1114,0,24621,61898,49888,12611,0,0,0,0,0,0,0,0,0,0,8816,10382,12598,-776,199,-484,9805,11338,-989,-2522,100.0,29.0,80.5,2.5,1.5,0.0,33.0,83.1,67.0,16.9,100.0,29.0,80.5,2.5,1.5,0.0,33.0,83.1,67.0,16.9,0.0,0.0,0.0,0.0,0.0,0.0,0.0,0.0,0.0,0.0,33,18,14,8,1,0,25,16,33,18,14,8,1,0,25,16,0,0,0,0,0,0,0,0,17.5,66.8,24.0,77.0,17.3,66.3,23.3,76.2,17.5,66.8,24.0,77.0,17.3,66.3,23.3,76.2,0.0,0.0,0.0,0.0,0.0,0.0,0.0,0.0,(CONTRACTS OF 10 TROY OUNCES),GOLD,PRECIOUS METALS,NATURAL RESOURCES,FutOnly
251021088691F,GOLD - COMMODITY EXCHANGE INC.,2025-10-21T00:00:00.000,2025 Report Week 42,GOLD,088691,CMX ,NYC,088 ,GOLD,472421,253851,77242,54802,107847,317964,416500,450008,55921,22413,472421,253851,77242,54802,107847,317964,416500,450008,55921,22413,0,0,0,0,0,0,0,0,0,0,-13367,-24554,2753,-1295,15820,-10930,-10029,-9472,-3338,-3895,100.0,53.7,16.4,11.6,22.8,67.3,88.2,95.3,11.8,4.7,100.0,53.7,16.4,11.6,22.8,67.3,88.2,95.3,11.8,4.7,0.0,0.0,0.0,0.0,0.0,0.0,0.0,0.0,0.0,0.0,334,185,76,75,51,52,268,174,334,185,76,75,51,52,268,174,0,0,0,0,0,0,0,0,16.3,31.0,27.9,46.0,15.6,29.4,25.4,42.0,16.3,31.0,27.9,46.0,15.6,29.4,25.4,42.0,0.0,0.0,0.0,0.0,0.0,0.0,0.0,0.0,(CONTRACTS OF 100 TROY OUNCES),GOLD,PRECIOUS METALS,NATURAL RESOURCES,FutOnly
251021088695F,MICRO GOLD - COMMODITY EXCHANGE INC.,2025-10-21T00:00:00.000,2025 Report Week 42,MICRO GOLD,088695,CMX ,NYC,088 ,GOLD,65693,11244,47419,2657,915,484,14816,50560,50877,15133,65693,11244,47419,2657,915,484,14816,50560,50877,15133,0,0,0,0,0,0,0,0,0,0,3225,-5495,11164,-411,-248,400,-6154,11153,9379,-7928,100.0,17.1,72.2,4.0,1.4,0.7,22.6,77.0,77.4,23.0,100.0,17.1,72.2,4.0,1.4,0.7,22.6,77.0,77.4,23.0,0.0,0.0,0.0,0.0,0.0,0.0,0.0,0.0,0.0,0.0,35,16,17,8,1,1,24,19,35,16,17,8,1,1,24,19,0,0,0,0,0,0,0,0,8.9,56.4,14.9,68.1,8.7,55.7,14.3,65.9,8.9,56.4,14.9,68.1,8.7,55.7,14.3,65.9,0.0,0.0,0.0,0.0,0.0,0.0,0.0,0.0,(CONTRACTS OF 10 TROY OUNCES),GOLD,PRECIOUS METALS,NATURAL RESOURCES,FutOnly
251014088695F,MICRO GOLD - COMMODITY EXCHANGE INC.,2025-10-14T00:00:00.000,2025 Report Week 41,MICRO GOLD,088695,CMX ,NYC,088 ,GOLD,62468,16739,36255,3068,1163,84,20970,39407,41498,23061,62468,16739,36255,3068,1163,84,20970,39407,41498,23061,0,0,0,0,0,0,0,0,0,0,6776,-1923,14586,314,655,84,-954,14984,7730,-8208,100.0,26.8,58.0,4.9,1.9,0.1,33.6,63.1,66.4,36.9,100.0,26.8,58.0,4.9,1.9,0.1,33.6,63.1,66.4,36.9,0.0,0.0,0.0,0.0,0.0,0.0,0.0,0.0,0.0,0.0,36,19,15,9,2,1,28,18,36,19,15,9,2,1,28,18,0,0,0,0,0,0,0,0,14.8,49.9,21.0,58.4,14.5,48.2,19.8,54.7,14.8,49.9,21.0,58.4,14.5,48.2,19.8,54.7,0.0,0.0,0.0,0.0,0.0,0.0,0.0,0.0,(CONTRACTS OF 10 TROY OUNCES),GOLD,PRECIOUS METALS,NATURAL RESOURCES,FutOnly
251014088691F,GOLD - COMMODITY EXCHANGE INC.,2025-10-14T00:00:00.000,2025 Report Week 41,GOLD,088691,CMX ,NYC,088 ,GOLD,485788,278405,74489,56097,92027,328894,426529,459480,59259,26308,485788,278405,74489,56097,92027,328894,426529,459480,59259,26308,0,0,0,0,0,0,0,0,0,0,229,-22393,5647,5509,14428,-12477,-2456,-1321,2685,1550,100.0,57.3,15.3,11.5,18.9,67.7,87.8,94.6,12.2,5.4,100.0,57.3,15.3,11.5,18.9,67.7,87.8,94.6,12.2,5.4,0.0,0.0,0.0,0.0,0.0,0.0,0.0,0.0,0.0,0.0,335,203,63,74,49,53,278,167,335,203,63,74,49,53,278,167,0,0,0,0,0,0,0,0,15.8,30.5,27.0,46.1,15.1,29.1,24.9,43.9,15.8,30.5,27.0,46.1,15.1,29.1,24.9,43.9,0.0,0.0,0.0,0.0,0.0,0.0,0.0,0.0,(CONTRACTS OF 100 TROY OUNCES),GOLD,PRECIOUS METALS,NATURAL RESOURCES,FutOnly
251007088695F,MICRO GOLD - COMMODITY EXCHANGE INC.,2025-10-07T00:00:00.000,2025 Report Week 40,MICRO GOLD,088695,CMX ,NYC,088 ,GOLD,55692,18662,21669,2754,508,0,21924,24423,33768,31269,55692,18662,21669,2754,508,0,21924,24423,33768,31269,0,0,0,0,0,0,0,0,0,0,563,339,1170,-377,189,0,151,793,412,-230,100.0,33.5,38.9,4.9,0.9,0.0,39.4,43.9,60.6,56.1,100.0,33.5,38.9,4.9,0.9,0.0,39.4,43.9,60.6,56.1,0.0,0.0,0.0,0.0,0.0,0.0,0.0,0.0,0.0,0.0,37,23,13,8,1,0,30,15,37,23,13,8,1,0,30,15,0,0,0,0,0,0,0,0,16.7,30.1,24.4,39.9,16.2,28.7,23.0,36.3,16.7,30.1,24.4,39.9,16.2,28.7,23.0,36.3,0.0,0.0,0.0,0.0,0.0,0.0,0.0,0.0,(CONTRACTS OF 10 TROY OUNCES),GOLD,PRECIOUS METALS,NATURAL RESOURCES,FutOnly
251007088691F,GOLD - COMMODITY EXCHANGE INC.,2025-10-07T00:00:00.000,2025 Report Week 40,GOLD,088691,CMX ,NYC,088 ,GOLD,485559,300798,68842,50588,77599,341371,428985,460801,56574,24758,485559,300798,68842,50588,77599,341371,428985,460801,56574,24758,0,0,0,0,0,0,0,0,0,0,-8189,-18006,2946,2040,8727,-15737,-7239,-10751,-950,2562,100.0,61.9,14.2,10.4,16.0,70.3,88.3,94.9,11.7,5.1,100.0,61.9,14.2,10.4,16.0,70.3,88.3,94.9,11.7,5.1,0.0,0.0,0.0,0.0,0.0,0.0,0.0,0.0,0.0,0.0,353,211,69,69,47,54,286,168,353,211,69,69,47,54,286,168,0,0,0,0,0,0,0,0,15.3,32.1,26.9,47.9,14.7,31.0,25.0,46.4,15.3,32.1,26.9,47.9,14.7,31.0,25.0,46.4,0.0,0.0,0.0,0.0,0.0,0.0,0.0,0.0,(CONTRACTS OF 100 TROY OUNCES),GOLD,PRECIOUS METALS,NATURAL RESOURCES,FutOnly
250930088691F,GOLD - COMMODITY EXCHANGE INC.,2025-09-30T00:00:00.000,2025 Report Week 39,GOLD,088691,CMX ,NYC,088 ,GOLD,493748,318804,65896,48548,68872,357108,436224,471552,57524,22196,493748,318804,65896,48548,68872,357108,436224,471552,57524,22196,0,0,0,0,0,0,0,0,0,0,-35041,-14004,-163,-6779,-14099,-24266,-34882,-31208,-159,-3833,100.0,64.6,13.3,9.8,13.9,72.3,88.3,95.5,11.7,4.5,100.0,64.6,13.3,9.8,13.9,72.3,88.3,95.5,11.7,4.5,0.0,0.0,0.0,0.0,0.0,0.0,0.0,0.0,0.0,0.0,351,212,66,74,48,55,288,171,351,212,66,74,48,55,288,171,0,0,0,0,0,0,0,0,15.0,32.8,26.7,50.1,14.8,31.6,25.3,48.7,15.0,32.8,26.7,50.1,14.8,31.6,25.3,48.7,0.0,0.0,0.0,0.0,0.0,0.0,0.0,0.0,(CONTRACTS OF 100 TROY OUNCES),GOLD,PRECIOUS METALS,NATURAL RESOURCES,FutOnly
250930088695F,MICRO GOLD - COMMODITY EXCHANGE INC.,2025-09-30T00:00:00.000,2025 Report Week 39,MICRO GOLD,088695,CMX ,NYC,088 ,GOLD,55129,18323,20499,3131,319,0,21773,23630,33356,31499,55129,18323,20499,3131,319,0,21773,23630,33356,31499,0,0,0,0,0,0,0,0,0,0,-4067,-980,5444,-4292,319,0,-4953,1152,886,-5219,100.0,33.2,37.2,5.7,0.6,0.0,39.5,42.9,60.5,57.1,100.0,33.2,37.2,5.7,0.6,0.0,39.5,42.9,60.5,57.1,0.0,0.0,0.0,0.0,0.0,0.0,0.0,0.0,0.0,0.0,39,21,16,9,1,0,28,20,39,21,16,9,1,0,28,20,0,0,0,0,0,0,0,0,16.4,26.2,24.6,35.7,15.4,25.2,22.7,32.3,16.4,26.2,24.6,35.7,15.4,25.2,22.7,32.3,0.0,0.0,0.0,0.0,0.0,0.0,0.0,0.0,(CONTRACTS OF 10 TROY OUNCES),GOLD,PRECIOUS METALS,NATURAL RESOURCES,FutOnly
250923088695F,MICRO GOLD - COMMODITY EXCHANGE INC.,2025-09-23T00:00:00.000,2025 Report Week 38,MICRO GOLD,088695,CMX ,NYC,088 ,GOLD,59196,19303,15055,7423,0,0,26726,22478,32470,36718,59196,19303,15055,7423,0,0,26726,22478,32470,36718,0,0,0,0,0,0,0,0,0,0,3297,2621,770,815,0,0,3436,1585,-139,1712,100.0,32.6,25.4,12.5,0.0,0.0,45.1,38.0,54.9,62.0,100.0,32.6,25.4,12.5,0.0,0.0,45.1,38.0,54.9,62.0,0.0,0.0,0.0,0.0,0.0,0.0,0.0,0.0,0.0,0.0,35,20,15,11,0,0,26,20,35,20,15,11,0,0,26,20,0,0,0,0,0,0,0,0,21.0,20.9,31.9,30.0,15.8,16.9,22.5,21.7,21.0,20.9,31.9,30.0,15.8,16.9,22.5,21.7,0.0,0.0,0.0,0.0,0.0,0.0,0.0,0.0,(CONTRACTS OF 10 TROY OUNCES),GOLD,PRECIOUS METALS,NATURAL RESOURCES,FutOnly
250923088691F,GOLD - COMMODITY EXCHANGE INC.,2025-09-23T00:00:00.000,2025 Report Week 38,GOLD,088691,CMX ,NYC,088 ,GOLD,528789,332808,66059,55327,82971,381374,471106,502760,57683,26029,528789,332808,66059,55327,82971,381374,471106,502760,57683,26029,0,0,0,0,0,0,0,0,0,0,12568,6030,5691,4623,5104,1136,15757,11450,-3189,1118,100.0,62.9,12.5,10.5,15.7,72.1,89.1,95.1,10.9,4.9,100.0,62.9,12.5,10.5,15.7,72.1,89.1,95.1,10.9,4.9,0.0,0.0,0.0,0.0,0.0,0.0,0.0,0.0,0.0,0.0,359,213,70,87,51,61,300,186,359,213,70,87,51,61,300,186,0,0,0,0,0,0,0,0,16.0,30.1,26.8,48.6,15.2,29.2,25.1,47.4,16.0,30.1,26.8,48.6,15.2,29.2,25.1,47.4,0.0,0.0,0.0,0.0,0.0,0.0,0.0,0.0,(CONTRACTS OF 100 TROY OUNCES),GOLD,PRECIOUS METALS,NATURAL RESOURCES,FutOnly
250916088691F,GOLD - COMMODITY EXCHANGE INC.,2025-09-16T00:00:00.000,2025 Report Week 37,GOLD,088691,CMX ,NYC,088 ,GOLD,516221,326778,60368,50704,77867,380238,455349,491310,60872,24911,516221,326778,60368,50704,77867,380238,455349,491310,60872,24911,0,0,0,0,0,0,0,0,0,0,6596,1903,-2767,-1206,4017,33013,4714,29040,1882,-22444,100.0,63.3,11.7,9.8,15.1,73.7,88.2,95.2,11.8,4.8,100.0,63.3,11.7,9.8,15.1,73.7,88.2,95.2,11.8,4.8,0.0,0.0,0.0,0.0,0.0,0.0,0.0,0.0,0.0,0.0,350,211,63,89,50,60,297,180,350,211,63,89,50,60,297,180,0,0,0,0,0,0,0,0,16.2,30.6,26.6,49.9,15.6,29.6,25.0,48.6,16.2,30.6,26.6,49.9,15.6,29.6,25.0,48.6,0.0,0.0,0.0,0.0,0.0,0.0,0.0,0.0,(CONTRACTS OF 100 TROY OUNCES),GOLD,PRECIOUS METALS,NATURAL RESOURCES,FutOnly
250916088695F,MICRO GOLD - COMMODITY EXCHANGE INC.,2025-09-16T00:00:00.000,2025 Report Week 37,MICRO GOLD,088695,CMX ,NYC,088 ,GOLD,55899,16682,14285,6608,0,0,23290,20893,32609,35006,55899,16682,14285,6608,0,0,23290,20893,32609,35006,0,0,0,0,0,0,0,0,0,0,-1545,-3878,-683,956,0,0,-2922,273,1377,-1818,100.0,29.8,25.6,11.8,0.0,0.0,41.7,37.4,58.3,62.6,100.0,29.8,25.6,11.8,0.0,0.0,41.7,37.4,58.3,62.6,0.0,0.0,0.0,0.0,0.0,0.0,0.0,0.0,0.0,0.0,36,22,14,10,0,0,27,19,36,22,14,10,0,0,27,19,0,0,0,0,0,0,0,0,15.3,20.4,26.5,29.6,12.2,17.1,20.4,22.2,15.3,20.4,26.5,29.6,12.2,17.1,20.4,22.2,0.0,0.0,0.0,0.0,0.0,0.0,0.0,0.0,(CONTRACTS OF 10 TROY OUNCES),GOLD,PRECIOUS METALS,NATURAL RESOURCES,FutOnly
250909088695F,MICRO GOLD - COMMODITY EXCHANGE INC.,2025-09-09T00:00:00.000,2025 Report Week 36,MICRO GOLD,088695,CMX ,NYC,088 ,GOLD,57444,20560,14968,5652,0,0,26212,20620,31232,36824,57444,20560,14968,5652,0,0,26212,20620,31232,36824,0,0,0,0,0,0,0,0,0,0,-4427,-6492,-325,-536,0,0,-7028,-861,2601,-3566,100.0,35.8,26.1,9.8,0.0,0.0,45.6,35.9,54.4,64.1,100.0,35.8,26.1,9.8,0.0,0.0,45.6,35.9,54.4,64.1,0.0,0.0,0.0,0.0,0.0,0.0,0.0,0.0,0.0,0.0,33,20,13,9,0,0,24,18,33,20,13,9,0,0,24,18,0,0,0,0,0,0,0,0,22.9,19.8,32.7,28.3,19.3,17.4,26.4,22.9,22.9,19.8,32.7,28.3,19.3,17.4,26.4,22.9,0.0,0.0,0.0,0.0,0.0,0.0,0.0,0.0,(CONTRACTS OF 10 TROY OUNCES),GOLD,PRECIOUS METALS,NATURAL RESOURCES,FutOnly
250909088691F,GOLD - COMMODITY EXCHANGE INC.,2025-09-09T00:00:00.000,2025 Report Week 36,GOLD,088691,CMX ,NYC,088 ,GOLD,509625,324875,63135,51910,73850,347225,450635,462270,58990,47355,509625,324875,63135,51910,73850,347225,450635,462270,58990,47355,0,0,0,0,0,0,0,0,0,0,16717,9079,-3131,5352,-69,-592,14362,1629,2355,15088,100.0,63.7,12.4,10.2,14.5,68.1,88.4,90.7,11.6,9.3,100.0,63.7,12.4,10.2,14.5,68.1,88.4,90.7,11.6,9.3,0.0,0.0,0.0,0.0,0.0,0.0,0.0,0.0,0.0,0.0,348,211,64,81,48,59,292,175,348,211,64,81,48,59,292,175,0,0,0,0,0,0,0,0,16.6,29.1,27.2,46.8,16.2,28.3,25.8,45.5,16.6,29.1,27.2,46.8,16.2,28.3,25.8,45.5,0.0,0.0,0.0,0.0,0.0,0.0,0.0,0.0,(CONTRACTS OF 100 TROY OUNCES),GOLD,PRECIOUS METALS,NATURAL RESOURCES,FutOnly
250902088695F,MICRO GOLD - COMMODITY EXCHANGE INC.,2025-09-02T00:00:00.000,2025 Report Week 35,MICRO GOLD,088695,CMX ,NYC,088 ,GOLD,61871,27052,15293,6188,0,0,33240,21481,28631,40390,61871,27052,15293,6188,0,0,33240,21481,28631,40390,0,0,0,0,0,0,0,0,0,0,12595,16988,-1376,-1698,0,0,15290,-3074,-2695,15669,100.0,43.7,24.7,10.0,0.0,0.0,53.7,34.7,46.3,65.3,100.0,43.7,24.7,10.0,0.0,0.0,53.7,34.7,46.3,65.3,0.0,0.0,0.0,0.0,0.0,0.0,0.0,0.0,0.0,0.0,34,17,17,9,0,0,22,21,34,17,17,9,0,0,22,21,0,0,0,0,0,0,0,0,34.3,18.1,43.7,27.1,30.9,16.1,37.9,20.6,34.3,18.1,43.7,27.1,30.9,16.1,37.9,20.6,0.0,0.0,0.0,0.0,0.0,0.0,0.0,0.0,(CONTRACTS OF 10 TROY OUNCES),GOLD,PRECIOUS METALS,NATURAL RESOURCES,FutOnly
250902088691F,GOLD - COMMODITY EXCHANGE INC.,2025-09-02T00:00:00.000,2025 Report Week 35,GOLD,088691,CMX ,NYC,088 ,GOLD,492908,315796,66266,46558,73919,347817,436273,460641,56635,32267,492908,315796,66266,46558,73919,347817,436273,460641,56635,32267,0,0,0,0,0,0,0,0,0,0,49148,40029,4810,8185,1011,23944,49225,36939,-77,12209,100.0,64.1,13.4,9.4,15.0,70.6,88.5,93.5,11.5,6.5,100.0,64.1,13.4,9.4,15.0,70.6,88.5,93.5,11.5,6.5,0.0,0.0,0.0,0.0,0.0,0.0,0.0,0.0,0.0,0.0,360,212,73,81,50,65,293,189,360,212,73,81,50,65,293,189,0,0,0,0,0,0,0,0,17.1,28.4,27.7,47.1,17.0,27.7,26.2,46.1,17.1,28.4,27.7,47.1,17.0,27.7,26.2,46.1,0.0,0.0,0.0,0.0,0.0,0.0,0.0,0.0,(CONTRACTS OF 100 TROY OUNCES),GOLD,PRECIOUS METALS,NATURAL RESOURCES,FutOnly
250826088695F,MICRO GOLD - COMMODITY EXCHANGE INC.,2025-08-26T00:00:00.000,2025 Report Week 34,MICRO GOLD,088695,CMX ,NYC,088 ,GOLD,49276,10064,16669,7886,0,0,17950,24555,31326,24721,49276,10064,16669,7886,0,0,17950,24555,31326,24721,0,0,0,0,0,0,0,0,0,0,-1979,-178,-6126,2687,0,0,2509,-3439,-4488,1460,100.0,20.4,33.8,16.0,0.0,0.0,36.4,49.8,63.6,50.2,100.0,20.4,33.8,16.0,0.0,0.0,36.4,49.8,63.6,50.2,0.0,0.0,0.0,0.0,0.0,0.0,0.0,0.0,0.0,0.0,30,12,18,12,0,0,21,21,30,12,18,12,0,0,21,21,0,0,0,0,0,0,0,0,19.9,25.4,27.2,38.3,12.5,21.1,18.4,28.7,19.9,25.4,27.2,38.3,12.5,21.1,18.4,28.7,0.0,0.0,0.0,0.0,0.0,0.0,0.0,0.0,(CONTRACTS OF 10 TROY OUNCES),GOLD,PRECIOUS METALS,NATURAL RESOURCES,FutOnly
250826088691F,GOLD - COMMODITY EXCHANGE INC.,2025-08-26T00:00:00.000,2025 Report Week 34,GOLD,088691,CMX ,NYC,088 ,GOLD,443760,275767,61456,38373,72908,323873,387048,423702,56712,20058,443760,275767,61456,38373,72908,323873,387048,423702,56712,20058,0,0,0,0,0,0,0,0,0,0,5219,490,-1231,-2123,6238,7238,4605,3884,614,1335,100.0,62.1,13.8,8.6,16.4,73.0,87.2,95.5,12.8,4.5,100.0,62.1,13.8,8.6,16.4,73.0,87.2,95.5,12.8,4.5,0.0,0.0,0.0,0.0,0.0,0.0,0.0,0.0,0.0,0.0,316,187,58,75,55,54,273,158,316,187,58,75,55,54,273,158,0,0,0,0,0,0,0,0,19.4,29.9,30.5,49.7,19.1,29.1,28.7,48.3,19.4,29.9,30.5,49.7,19.1,29.1,28.7,48.3,0.0,0.0,0.0,0.0,0.0,0.0,0.0,0.0,(CONTRACTS OF 100 TROY OUNCES),GOLD,PRECIOUS METALS,NATURAL RESOURCES,FutOnly
250819088691F,GOLD - COMMODITY EXCHANGE INC.,2025-08-19T00:00:00.000,2025 Report Week 33,GOLD,088691,CMX ,NYC,088 ,GOLD,438541,275277,62687,40496,66670,316635,382443,419818,56098,18723,438541,275277,62687,40496,66670,316635,382443,419818,56098,18723,0,0,0,0,0,0,0,0,0,0,-7611,-12838,4057,-458,3243,-9857,-10053,-6258,2442,-1353,100.0,62.8,14.3,9.2,15.2,72.2,87.2,95.7,12.8,4.3,100.0,62.8,14.3,9.2,15.2,72.2,87.2,95.7,12.8,4.3,0.0,0.0,0.0,0.0,0.0,0.0,0.0,0.0,0.0,0.0,318,193,60,83,50,52,275,164,318,193,60,83,50,52,275,164,0,0,0,0,0,0,0,0,20.1,30.9,31.7,50.8,19.8,30.1,30.2,49.1,20.1,30.9,31.7,50.8,19.8,30.1,30.2,49.1,0.0,0.0,0.0,0.0,0.0,0.0,0.0,0.0,(CONTRACTS OF 100 TROY OUNCES),GOLD,PRECIOUS METALS,NATURAL RESOURCES,FutOnly
250819088695F,MICRO GOLD - COMMODITY EXCHANGE INC.,2025-08-19T00:00:00.000,2025 Report Week 33,MICRO GOLD,088695,CMX ,NYC,088 ,GOLD,51255,10242,22795,5199,0,0,15441,27994,35814,23261,51255,10242,22795,5199,0,0,15441,27994,35814,23261,0,0,0,0,0,0,0,0,0,0,6425,2444,7782,-944,0,0,1500,6838,4925,-413,100.0,20.0,44.5,10.1,0.0,0.0,30.1,54.6,69.9,45.4,100.0,20.0,44.5,10.1,0.0,0.0,30.1,54.6,69.9,45.4,0.0,0.0,0.0,0.0,0.0,0.0,0.0,0.0,0.0,0.0,32,17,15,12,0,0,26,18,32,17,15,12,0,0,26,18,0,0,0,0,0,0,0,0,11.9,34.4,19.8,48.1,10.0,32.1,15.5,40.9,11.9,34.4,19.8,48.1,10.0,32.1,15.5,40.9,0.0,0.0,0.0,0.0,0.0,0.0,0.0,0.0,(CONTRACTS OF 10 TROY OUNCES),GOLD,PRECIOUS METALS,NATURAL RESOURCES,FutOnly
250812088691F,GOLD - COMMODITY EXCHANGE INC.,2025-08-12T00:00:00.000,2025 Report Week 32,GOLD,088691,CMX ,NYC,088 ,GOLD,446152,288115,58630,40954,63427,326492,392496,426076,53656,20076,446152,288115,58630,40954,63427,326492,392496,426076,53656,20076,0,0,0,0,0,0,0,0,0,0,-3495,-4079,3486,10173,-10648,-17729,-4554,-4070,1059,575,100.0,64.6,13.1,9.2,14.2,73.2,88.0,95.5,12.0,4.5,100.0,64.6,13.1,9.2,14.2,73.2,88.0,95.5,12.0,4.5,0.0,0.0,0.0,0.0,0.0,0.0,0.0,0.0,0.0,0.0,318,198,50,70,47,57,270,154,318,198,50,70,47,57,270,154,0,0,0,0,0,0,0,0,20.3,30.4,31.5,51.3,19.8,29.6,30.1,49.3,20.3,30.4,31.5,51.3,19.8,29.6,30.1,49.3,0.0,0.0,0.0,0.0,0.0,0.0,0.0,0.0,(CONTRACTS OF 100 TROY OUNCES),GOLD,PRECIOUS METALS,NATURAL RESOURCES,FutOnly
250812088695F,MICRO GOLD - COMMODITY EXCHANGE INC.,2025-08-12T00:00:00.000,2025 Report Week 32,MICRO GOLD,088695,CMX ,NYC,088 ,GOLD,44830,7798,15013,6143,0,0,13941,21156,30889,23674,44830,7798,15013,6143,0,0,13941,21156,30889,23674,0,0,0,0,0,0,0,0,0,0,-426,-4914,248,343,0,0,-4571,591,4145,-1017,100.0,17.4,33.5,13.7,0.0,0.0,31.1,47.2,68.9,52.8,100.0,17.4,33.5,13.7,0.0,0.0,31.1,47.2,68.9,52.8,0.0,0.0,0.0,0.0,0.0,0.0,0.0,0.0,0.0,0.0,30,15,15,11,0,0,25,16,30,15,15,11,0,0,25,16,0,0,0,0,0,0,0,0,12.8,28.6,20.4,39.7,9.6,21.9,13.4,29.6,12.8,28.6,20.4,39.7,9.6,21.9,13.4,29.6,0.0,0.0,0.0,0.0,0.0,0.0,0.0,0.0,(CONTRACTS OF 10 TROY OUNCES),GOLD,PRECIOUS METALS,NATURAL RESOURCES,FutOnly
250805088695F,MICRO GOLD - COMMODITY EXCHANGE INC.,2025-08-05T00:00:00.000,2025 Report Week 31,MICRO GOLD,088695,CMX ,NYC,088 ,GOLD,45256,12712,14765,5800,0,0,18512,20565,26744,24691,45256,12712,14765,5800,0,0,18512,20565,26744,24691,0,0,0,0,0,0,0,0,0,0,-8402,1705,-13992,-5724,0,0,-4019,-19716,-4383,11314,100.0,28.1,32.6,12.8,0.0,0.0,40.9,45.4,59.1,54.6,100.0,28.1,32.6,12.8,0.0,0.0,40.9,45.4,59.1,54.6,0.0,0.0,0.0,0.0,0.0,0.0,0.0,0.0,0.0,0.0,31,15,16,12,0,0,25,18,31,15,16,12,0,0,25,18,0,0,0,0,0,0,0,0,23.1,26.7,30.3,37.9,17.6,22.3,23.7,28.7,23.1,26.7,30.3,37.9,17.6,22.3,23.7,28.7,0.0,0.0,0.0,0.0,0.0,0.0,0.0,0.0,(CONTRACTS OF 10 TROY OUNCES),GOLD,PRECIOUS METALS,NATURAL RESOURCES,FutOnly
250805088691F,GOLD - COMMODITY EXCHANGE INC.,2025-08-05T00:00:00.000,2025 Report Week 31,GOLD,088691,CMX ,NYC,088 ,GOLD,449647,292194,55144,30781,74075,344221,397050,430146,52597,19501,449647,292194,55144,30781,74075,344221,397050,430146,52597,19501,0,0,0,0,0,0,0,0,0,0,4388,10953,-2501,-928,-5018,6049,5007,2620,-619,1768,100.0,65.0,12.3,6.8,16.5,76.6,88.3,95.7,11.7,4.3,100.0,65.0,12.3,6.8,16.5,76.6,88.3,95.7,11.7,4.3,0.0,0.0,0.0,0.0,0.0,0.0,0.0,0.0,0.0,0.0,312,191,47,66,54,55,268,149,312,191,47,66,54,55,268,149,0,0,0,0,0,0,0,0,20.7,35.1,32.1,55.8,19.7,34.4,30.8,55.0,20.7,35.1,32.1,55.8,19.7,34.4,30.8,55.0,0.0,0.0,0.0,0.0,0.0,0.0,0.0,0.0,(CONTRACTS OF 100 TROY OUNCES),GOLD,PRECIOUS METALS,NATURAL RESOURCES,FutOnly
250729088691F,GOLD - COMMODITY EXCHANGE INC.,2025-07-29T00:00:00.000,2025 Report Week 30,GOLD,088691,CMX ,NYC,088 ,GOLD,445259,281241,57645,31709,79093,338172,392043,427526,53216,17733,445259,281241,57645,31709,79093,338172,392043,427526,53216,17733,0,0,0,0,0,0,0,0,0,0,-44164,-30708,-1266,-14987,2367,-20891,-43328,-37144,-836,-7020,100.0,63.2,12.9,7.1,17.8,75.9,88.0,96.0,12.0,4.0,100.0,63.2,12.9,7.1,17.8,75.9,88.0,96.0,12.0,4.0,0.0,0.0,0.0,0.0,0.0,0.0,0.0,0.0,0.0,0.0,300,181,46,69,54,56,260,150,300,181,46,69,54,56,260,150,0,0,0,0,0,0,0,0,20.2,34.5,31.0,53.6,19.4,31.9,29.5,50.8,20.2,34.5,31.0,53.6,19.4,31.9,29.5,50.8,0.0,0.0,0.0,0.0,0.0,0.0,0.0,0.0,(CONTRACTS OF 100 TROY OUNCES),GOLD,PRECIOUS METALS,NATURAL RESOURCES,FutOnly
250729088695F,MICRO GOLD - COMMODITY EXCHANGE INC.,2025-07-29T00:00:00.000,2025 Report Week 30,MICRO GOLD,088695,CMX ,NYC,088 ,GOLD,53658,11007,28757,11524,0,0,22531,40281,31127,13377,53658,11007,28757,11524,0,0,22531,40281,31127,13377,0,0,0,0,0,0,0,0,0,0,659,-9788,10592,4764,0,0,-5024,15356,5683,-14697,100.0,20.5,53.6,21.5,0.0,0.0,42.0,75.1,58.0,24.9,100.0,20.5,53.6,21.5,0.0,0.0,42.0,75.1,58.0,24.9,0.0,0.0,0.0,0.0,0.0,0.0,0.0,0.0,0.0,0.0,28,13,14,13,0,0,22,19,28,13,14,13,0,0,22,19,0,0,0,0,0,0,0,0,24.4,55.0,32.9,68.0,12.8,44.0,17.9,51.3,24.4,55.0,32.9,68.0,12.8,44.0,17.9,51.3,0.0,0.0,0.0,0.0,0.0,0.0,0.0,0.0,(CONTRACTS OF 10 TROY OUNCES),GOLD,PRECIOUS METALS,NATURAL RESOURCES,FutOnly
250722088691F,GOLD - COMMODITY EXCHANGE INC.,2025-07-22T00:00:00.000,2025 Report Week 29,GOLD,088691,CMX ,NYC,088 ,GOLD,489423,311949,58911,46696,76726,359063,435371,464670,54052,24753,489423,311949,58911,46696,76726,359063,435371,464670,54052,24753,0,0,0,0,0,0,0,0,0,0,40892,41722,1799,1357,737,32386,43816,35542,-2924,5350,100.0,63.7,12.0,9.5,15.7,73.4,89.0,94.9,11.0,5.1,100.0,63.7,12.0,9.5,15.7,73.4,89.0,94.9,11.0,5.1,0.0,0.0,0.0,0.0,0.0,0.0,0.0,0.0,0.0,0.0,337,203,58,76,50,63,283,170,337,203,58,76,50,63,283,170,0,0,0,0,0,0,0,0,18.1,30.3,28.1,49.3,17.5,29.8,26.4,47.4,18.1,30.3,28.1,49.3,17.5,29.8,26.4,47.4,0.0,0.0,0.0,0.0,0.0,0.0,0.0,0.0,(CONTRACTS OF 100 TROY OUNCES),GOLD,PRECIOUS METALS,NATURAL RESOURCES,FutOnly
250722088695F,MICRO GOLD - COMMODITY EXCHANGE INC.,2025-07-22T00:00:00.000,2025 Report Week 29,MICRO GOLD,088695,CMX ,NYC,088 ,GOLD,52999,20795,18165,6760,0,0,27555,24925,25444,28074,52999,20795,18165,6760,0,0,27555,24925,25444,28074,0,0,0,0,0,0,0,0,0,0,368,4853,-9131,2685,0,0,7538,-6446,-7170,6814,100.0,39.2,34.3,12.8,0.0,0.0,52.0,47.0,48.0,53.0,100.0,39.2,34.3,12.8,0.0,0.0,52.0,47.0,48.0,53.0,0.0,0.0,0.0,0.0,0.0,0.0,0.0,0.0,0.0,0.0,38,18,19,11,0,0,23,26,38,18,19,11,0,0,23,26,0,0,0,0,0,0,0,0,32.5,22.2,41.5,34.3,27.7,19.1,34.2,27.2,32.5,22.2,41.5,34.3,27.7,19.1,34.2,27.2,0.0,0.0,0.0,0.0,0.0,0.0,0.0,0.0,(CONTRACTS OF 10 TROY OUNCES),GOLD,PRECIOUS METALS,NATURAL RESOURCES,FutOnly
250715088691F,GOLD - COMMODITY EXCHANGE INC.,2025-07-15T00:00:00.000,2025 Report Week 28,GOLD,088691,CMX,NYC,088,GOLD,448531,270227,57112,45339,75989,326677,391555,429128,56976,19403,448531,270227,57112,45339,75989,326677,391555,429128,56976,19403,0,0,0,0,0,0,0,0,0,0,5387,8542,-1605,-7954,4114,16448,4702,6889,685,-1502,100.0,60.2,12.7,10.1,16.9,72.8,87.3,95.7,12.7,4.3,100.0,60.2,12.7,10.1,16.9,72.8,87.3,95.7,12.7,4.3,0.0,0.0,0.0,0.0,0.0,0.0,0.0,0.0,0.0,0.0,305,189,49,74,50,52,265,152,305,189,49,74,50,52,265,152,0,0,0,0,0,0,0,0,18.6,31.8,27.9,50.1,17.3,31.0,25.9,48.5,18.6,31.8,27.9,50.1,17.3,31.0,25.9,48.5,0.0,0.0,0.0,0.0,0.0,0.0,0.0,0.0,(CONTRACTS OF 100 TROY OUNCES),GOLD,PRECIOUS METALS,NATURAL RESOURCES,FutOnly
250715088695F,MICRO GOLD - COMMODITY EXCHANGE INC.,2025-07-15T00:00:00.000,2025 Report Week 28,MICRO GOLD,088695,CMX,NYC,088,GOLD,52631,15942,27296,4075,0,0,20017,31371,32614,21260,52631,15942,27296,4075,0,0,20017,31371,32614,21260,0,0,0,0,0,0,0,0,0,0,4312,4840,1948,1827,0,0,6667,3775,-2355,537,100.0,30.3,51.9,7.7,0.0,0.0,38.0,59.6,62.0,40.4,100.0,30.3,51.9,7.7,0.0,0.0,38.0,59.6,62.0,40.4,0.0,0.0,0.0,0.0,0.0,0.0,0.0,0.0,0.0,0.0,34,16,17,8,0,0,21,21,34,16,17,8,0,0,21,21,0,0,0,0,0,0,0,0,18.1,39.6,29.1,49.0,17.5,36.3,25.0,44.6,18.1,39.6,29.1,49.0,17.5,36.3,25.0,44.6,0.0,0.0,0.0,0.0,0.0,0.0,0.0,0.0,(CONTRACTS OF 10 TROY OUNCES),GOLD,PRECIOUS METALS,NATURAL RESOURCES,FutOnly
250708088691F,GOLD - COMMODITY EXCHANGE INC.,2025-07-08T00:00:00.000,2025 Report Week 27,GOLD,088691,CMX ,NYC,088 ,GOLD,443144,261685,58717,53293,71875,310229,386853,422239,56291,20905,443144,261685,58717,53293,71875,310229,386853,422239,56291,20905,0,0,0,0,0,0,0,0,0,0,5482,3054,2066,-3594,3055,5340,2515,3812,2967,1670,100.0,59.1,13.3,12.0,16.2,70.0,87.3,95.3,12.7,4.7,100.0,59.1,13.3,12.0,16.2,70.0,87.3,95.3,12.7,4.7,0.0,0.0,0.0,0.0,0.0,0.0,0.0,0.0,0.0,0.0,299,182,51,74,50,53,257,153,299,182,51,74,50,53,257,153,0,0,0,0,0,0,0,0,19.5,31.3,30.2,49.9,17.6,30.4,26.3,47.2,19.5,31.3,30.2,49.9,17.6,30.4,26.3,47.2,0.0,0.0,0.0,0.0,0.0,0.0,0.0,0.0,(CONTRACTS OF 100 TROY OUNCES),GOLD,PRECIOUS METALS,NATURAL RESOURCES,FutOnly
250708088695F,MICRO GOLD - COMMODITY EXCHANGE INC.,2025-07-08T00:00:00.000,2025 Report Week 27,MICRO GOLD,088695,CMX ,NYC,088 ,GOLD,48319,11102,25348,2248,0,0,13350,27596,34969,20723,48319,11102,25348,2248,0,0,13350,27596,34969,20723,0,0,0,0,0,0,0,0,0,0,3019,-2816,4590,880,0,0,-1936,5470,4955,-2451,100.0,23.0,52.5,4.7,0.0,0.0,27.6,57.1,72.4,42.9,100.0,23.0,52.5,4.7,0.0,0.0,27.6,57.1,72.4,42.9,0.0,0.0,0.0,0.0,0.0,0.0,0.0,0.0,0.0,0.0,36,18,17,9,0,0,24,21,36,18,17,9,0,0,24,21,0,0,0,0,0,0,0,0,13.0,35.3,18.8,45.3,11.9,33.9,17.0,43.9,13.0,35.3,18.8,45.3,11.9,33.9,17.0,43.9,0.0,0.0,0.0,0.0,0.0,0.0,0.0,0.0,(CONTRACTS OF 10 TROY OUNCES),GOLD,PRECIOUS METALS,NATURAL RESOURCES,FutOnly
250701088691F,GOLD - COMMODITY EXCHANGE INC.,2025-07-01T00:00:00.000,2025 Report Week 26,GOLD,088691,CMX ,NYC,088 ,GOLD,437662,258631,56651,56887,68820,304889,384338,418427,53324,19235,437662,258631,56651,56887,68820,304889,384338,418427,53324,19235,0,0,0,0,0,0,0,0,0,0,2704,2554,-4422,6338,-4503,1006,4389,2922,-1685,-218,100.0,59.1,12.9,13.0,15.7,69.7,87.8,95.6,12.2,4.4,100.0,59.1,12.9,13.0,15.7,69.7,87.8,95.6,12.2,4.4,0.0,0.0,0.0,0.0,0.0,0.0,0.0,0.0,0.0,0.0,303,183,51,73,48,53,252,157,303,183,51,73,48,53,252,157,0,0,0,0,0,0,0,0,20.1,31.1,31.1,50.6,17.4,30.3,26.4,47.3,20.1,31.1,31.1,50.6,17.4,30.3,26.4,47.3,0.0,0.0,0.0,0.0,0.0,0.0,0.0,0.0,(CONTRACTS OF 100 TROY OUNCES),GOLD,PRECIOUS METALS,NATURAL RESOURCES,FutOnly
250701088695F,MICRO GOLD - COMMODITY EXCHANGE INC.,2025-07-01T00:00:00.000,2025 Report Week 26,MICRO GOLD,088695,CMX ,NYC,088 ,GOLD,45300,13918,20758,1368,0,0,15286,22126,30014,23174,45300,13918,20758,1368,0,0,15286,22126,30014,23174,0,0,0,0,0,0,0,0,0,0,-1120,3569,-4493,-1247,0,0,2322,-5740,-3442,4620,100.0,30.7,45.8,3.0,0.0,0.0,33.7,48.8,66.3,51.2,100.0,30.7,45.8,3.0,0.0,0.0,33.7,48.8,66.3,51.2,0.0,0.0,0.0,0.0,0.0,0.0,0.0,0.0,0.0,0.0,32,14,17,8,0,0,19,21,32,14,17,8,0,0,19,21,0,0,0,0,0,0,0,0,22.3,24.9,27.9,36.4,21.7,24.0,27.2,35.5,22.3,24.9,27.9,36.4,21.7,24.0,27.2,35.5,0.0,0.0,0.0,0.0,0.0,0.0,0.0,0.0,(CONTRACTS OF 10 TROY OUNCES),GOLD,PRECIOUS METALS,NATURAL RESOURCES,FutOnly
250624088691F,GOLD - COMMODITY EXCHANGE INC.,2025-06-24T00:00:00.000,2025 Report Week 25,GOLD,088691,CMX ,NYC,088 ,GOLD,434958,256077,61073,50549,73323,303883,379949,415505,55009,19453,434958,256077,61073,50549,73323,303883,379949,415505,55009,19453,0,0,0,0,0,0,0,0,0,0,-6256,-4509,1135,-2555,1639,-5528,-5425,-6948,-831,692,100.0,58.9,14.0,11.6,16.9,69.9,87.4,95.5,12.6,4.5,100.0,58.9,14.0,11.6,16.9,69.9,87.4,95.5,12.6,4.5,0.0,0.0,0.0,0.0,0.0,0.0,0.0,0.0,0.0,0.0,310,185,54,77,51,51,261,160,310,185,54,77,51,51,261,160,0,0,0,0,0,0,0,0,20.0,31.3,31.3,51.3,17.3,30.4,27.0,47.7,20.0,31.3,31.3,51.3,17.3,30.4,27.0,47.7,0.0,0.0,0.0,0.0,0.0,0.0,0.0,0.0,(CONTRACTS OF 100 TROY OUNCES),GOLD,PRECIOUS METALS,NATURAL RESOURCES,FutOnly
250624088695F,MICRO GOLD - COMMODITY EXCHANGE INC.,2025-06-24T00:00:00.000,2025 Report Week 25,MICRO GOLD,088695,CMX ,NYC,088 ,GOLD,46420,10349,25251,2615,0,0,12964,27866,33456,18554,46420,10349,25251,2615,0,0,12964,27866,33456,18554,0,0,0,0,0,0,0,0,0,0,1427,-1832,-185,-186,0,0,-2018,-371,3445,1798,100.0,22.3,54.4,5.6,0.0,0.0,27.9,60.0,72.1,40.0,100.0,22.3,54.4,5.6,0.0,0.0,27.9,60.0,72.1,40.0,0.0,0.0,0.0,0.0,0.0,0.0,0.0,0.0,0.0,0.0,35,15,20,9,0,0,21,23,35,15,20,9,0,0,21,23,0,0,0,0,0,0,0,0,16.1,31.2,21.3,44.7,14.4,29.5,19.1,42.4,16.1,31.2,21.3,44.7,14.4,29.5,19.1,42.4,0.0,0.0,0.0,0.0,0.0,0.0,0.0,0.0,(CONTRACTS OF 10 TROY OUNCES),GOLD,PRECIOUS METALS,NATURAL RESOURCES,FutOnly
250617088691F,GOLD - COMMODITY EXCHANGE INC.,2025-06-17T00:00:00.000,2025 Report Week 24,GOLD,088691,CMX ,NYC,088 ,GOLD,441214,260586,59938,53104,71684,309411,385374,422453,55840,18761,441214,260586,59938,53104,71684,309411,385374,422453,55840,18761,0,0,0,0,0,0,0,0,0,0,24071,14591,1424,4396,3252,18261,22239,24081,1832,-10,100.0,59.1,13.6,12.0,16.2,70.1,87.3,95.7,12.7,4.3,100.0,59.1,13.6,12.0,16.2,70.1,87.3,95.7,12.7,4.3,0.0,0.0,0.0,0.0,0.0,0.0,0.0,0.0,0.0,0.0,322,202,50,71,50,53,274,152,322,202,50,71,50,53,274,152,0,0,0,0,0,0,0,0,19.5,31.5,30.8,51.2,16.8,30.5,26.2,47.9,19.5,31.5,30.8,51.2,16.8,30.5,26.2,47.9,0.0,0.0,0.0,0.0,0.0,0.0,0.0,0.0,(CONTRACTS OF 100 TROY OUNCES),GOLD,PRECIOUS METALS,NATURAL RESOURCES,FutOnly
250617088695F,MICRO GOLD - COMMODITY EXCHANGE INC.,2025-06-17T00:00:00.000,2025 Report Week 24,MICRO GOLD,088695,CMX ,NYC,088 ,GOLD,44993,12181,25436,2801,0,0,14982,28237,30011,16756,44993,12181,25436,2801,0,0,14982,28237,30011,16756,0,0,0,0,0,0,0,0,0,0,1252,-930,3443,-666,0,0,-1596,2777,2848,-1525,100.0,27.1,56.5,6.2,0.0,0.0,33.3,62.8,66.7,37.2,100.0,27.1,56.5,6.2,0.0,0.0,33.3,62.8,66.7,37.2,0.0,0.0,0.0,0.0,0.0,0.0,0.0,0.0,0.0,0.0,32,13,19,8,0,0,18,22,32,13,19,8,0,0,18,22,0,0,0,0,0,0,0,0,20.5,33.1,26.9,47.6,19.6,30.5,24.7,43.8,20.5,33.1,26.9,47.6,19.6,30.5,24.7,43.8,0.0,0.0,0.0,0.0,0.0,0.0,0.0,0.0,(CONTRACTS OF 10 TROY OUNCES),GOLD,PRECIOUS METALS,NATURAL RESOURCES,FutOnly
250610088691F,GOLD - COMMODITY EXCHANGE INC.,2025-06-10T00:00:00.000,2025 Report Week 23,GOLD,088691,CMX ,NYC,088 ,GOLD,417143,245995,58514,48708,68432,291150,363135,398372,54008,18771,417143,245995,58514,48708,68432,291150,363135,398372,54008,18771,0,0,0,0,0,0,0,0,0,0,1202,-987,-563,2650,-2473,-581,-810,1506,2012,-304,100.0,59.0,14.0,11.7,16.4,69.8,87.1,95.5,12.9,4.5,100.0,59.0,14.0,11.7,16.4,69.8,87.1,95.5,12.9,4.5,0.0,0.0,0.0,0.0,0.0,0.0,0.0,0.0,0.0,0.0,314,191,53,72,51,52,265,154,314,191,53,72,51,52,265,154,0,0,0,0,0,0,0,0,20.3,31.9,31.6,51.5,17.5,30.6,27.4,47.6,20.3,31.9,31.6,51.5,17.5,30.6,27.4,47.6,0.0,0.0,0.0,0.0,0.0,0.0,0.0,0.0,(CONTRACTS OF 100 TROY OUNCES),GOLD,PRECIOUS METALS,NATURAL RESOURCES,FutOnly
250610088695F,MICRO GOLD - COMMODITY EXCHANGE INC.,2025-06-10T00:00:00.000,2025 Report Week 23,MICRO GOLD,088695,CMX ,NYC,088 ,GOLD,43741,13111,21993,3467,0,0,16578,25460,27163,18281,43741,13111,21993,3467,0,0,16578,25460,27163,18281,0,0,0,0,0,0,0,0,0,0,4659,2738,7982,-699,0,0,2039,7283,2620,-2624,100.0,30.0,50.3,7.9,0.0,0.0,37.9,58.2,62.1,41.8,100.0,30.0,50.3,7.9,0.0,0.0,37.9,58.2,62.1,41.8,0.0,0.0,0.0,0.0,0.0,0.0,0.0,0.0,0.0,0.0,30,11,19,10,0,0,19,21,30,11,19,10,0,0,19,21,0,0,0,0,0,0,0,0,25.5,32.6,31.8,45.6,23.5,29.7,28.5,40.3,25.5,32.6,31.8,45.6,23.5,29.7,28.5,40.3,0.0,0.0,0.0,0.0,0.0,0.0,0.0,0.0,(CONTRACTS OF 10 TROY OUNCES),GOLD,PRECIOUS METALS,NATURAL RESOURCES,FutOnly
250603088691F,GOLD - COMMODITY EXCHANGE INC.,2025-06-03T00:00:00.000,2025 Report Week 22,GOLD,088691,CMX ,NYC,088 ,GOLD,415941,246982,59077,46058,70905,291731,363945,396866,51996,19075,415941,246982,59077,46058,70905,291731,363945,396866,51996,19075,0,0,0,0,0,0,0,0,0,0,-21597,12895,-826,-13343,-16604,-3365,-17052,-17534,-4545,-4063,100.0,59.4,14.2,11.1,17.0,70.1,87.5,95.4,12.5,4.6,100.0,59.4,14.2,11.1,17.0,70.1,87.5,95.4,12.5,4.6,0.0,0.0,0.0,0.0,0.0,0.0,0.0,0.0,0.0,0.0,318,195,52,69,55,55,275,151,318,195,52,69,55,55,275,151,0,0,0,0,0,0,0,0,20.1,32.6,31.2,51.2,17.6,31.0,27.1,47.9,20.1,32.6,31.2,51.2,17.6,31.0,27.1,47.9,0.0,0.0,0.0,0.0,0.0,0.0,0.0,0.0,(CONTRACTS OF 100 TROY OUNCES),GOLD,PRECIOUS METALS,NATURAL RESOURCES,FutOnly
250603088695F,MICRO GOLD - COMMODITY EXCHANGE INC.,2025-06-03T00:00:00.000,2025 Report Week 22,MICRO GOLD,088695,CMX ,NYC,088 ,GOLD,39082,10373,14011,4166,0,0,14539,18177,24543,20905,39082,10373,14011,4166,0,0,14539,18177,24543,20905,0,0,0,0,0,0,0,0,0,0,-9967,-6806,-12399,-187,0,0,-6993,-12586,-2974,2619,100.0,26.5,35.9,10.7,0.0,0.0,37.2,46.5,62.8,53.5,100.0,26.5,35.9,10.7,0.0,0.0,37.2,46.5,62.8,53.5,0.0,0.0,0.0,0.0,0.0,0.0,0.0,0.0,0.0,0.0,28,12,15,10,0,0,21,17,28,12,15,10,0,0,21,17,0,0,0,0,0,0,0,0,21.8,23.1,29.1,36.4,18.4,20.9,24.0,31.3,21.8,23.1,29.1,36.4,18.4,20.9,24.0,31.3,0.0,0.0,0.0,0.0,0.0,0.0,0.0,0.0,(CONTRACTS OF 10 TROY OUNCES),GOLD,PRECIOUS METALS,NATURAL RESOURCES,FutOnly
250527088691F,GOLD - COMMODITY EXCHANGE INC.,2025-05-27T00:00:00.000,2025 Report Week 21,GOLD,088691,CMX ,NYC,088 ,GOLD,437538,234087,59903,59401,87509,295096,380997,414400,56541,23138,437538,234087,59903,59401,87509,295096,380997,414400,56541,23138,0,0,0,0,0,0,0,0,0,0,-10462,-3975,-14178,-6228,-2747,7192,-12950,-13214,2488,2752,100.0,53.5,13.7,13.6,20.0,67.4,87.1,94.7,12.9,5.3,100.0,53.5,13.7,13.6,20.0,67.4,87.1,94.7,12.9,5.3,0.0,0.0,0.0,0.0,0.0,0.0,0.0,0.0,0.0,0.0,294,174,50,65,53,56,248,151,294,174,50,65,53,56,248,151,0,0,0,0,0,0,0,0,18.6,30.2,28.8,45.2,16.6,27.7,25.4,40.8,18.6,30.2,28.8,45.2,16.6,27.7,25.4,40.8,0.0,0.0,0.0,0.0,0.0,0.0,0.0,0.0,(CONTRACTS OF 100 TROY OUNCES),GOLD,PRECIOUS METALS,NATURAL RESOURCES,FutOnly
250527088695F,MICRO GOLD - COMMODITY EXCHANGE INC.,2025-05-27T00:00:00.000,2025 Report Week 21,MICRO GOLD,088695,CMX ,NYC,088 ,GOLD,49049,17179,26410,4353,0,0,21532,30763,27517,18286,49049,17179,26410,4353,0,0,21532,30763,27517,18286,0,0,0,0,0,0,0,0,0,0,64,-2693,827,2420,0,0,-273,3247,337,-3183,100.0,35.0,53.8,8.9,0.0,0.0,43.9,62.7,56.1,37.3,100.0,35.0,53.8,8.9,0.0,0.0,43.9,62.7,56.1,37.3,0.0,0.0,0.0,0.0,0.0,0.0,0.0,0.0,0.0,0.0,29,14,14,7,0,0,17,19,29,14,14,7,0,0,17,19,0,0,0,0,0,0,0,0,28.1,43.1,36.2,55.0,24.6,42.1,29.7,50.1,28.1,43.1,36.2,55.0,24.6,42.1,29.7,50.1,0.0,0.0,0.0,0.0,0.0,0.0,0.0,0.0,(CONTRACTS OF 10 TROY OUNCES),GOLD,PRECIOUS METALS,NATURAL RESOURCES,FutOnly
250520088691F,GOLD - COMMODITY EXCHANGE INC.,2025-05-20T00:00:00.000,2025 Report Week 20,GOLD,088691,CMX ,NYC,088 ,GOLD,448000,238062,74081,65629,90256,287904,393947,427614,54053,20386,448000,238062,74081,65629,90256,287904,393947,427614,54053,20386,0,0,0,0,0,0,0,0,0,0,7158,-129,-2901,2960,1844,8285,4675,8344,2483,-1186,100.0,53.1,16.5,14.6,20.1,64.3,87.9,95.4,12.1,4.6,100.0,53.1,16.5,14.6,20.1,64.3,87.9,95.4,12.1,4.6,0.0,0.0,0.0,0.0,0.0,0.0,0.0,0.0,0.0,0.0,306,180,62,70,47,53,254,158,306,180,62,70,47,53,254,158,0,0,0,0,0,0,0,0,18.2,29.2,27.8,43.4,16.0,27.1,24.5,40.2,18.2,29.2,27.8,43.4,16.0,27.1,24.5,40.2,0.0,0.0,0.0,0.0,0.0,0.0,0.0,0.0,(CONTRACTS OF 100 TROY OUNCES),GOLD,PRECIOUS METALS,NATURAL RESOURCES,FutOnly
250520088695F,MICRO GOLD - COMMODITY EXCHANGE INC.,2025-05-20T00:00:00.000,2025 Report Week 20,MICRO GOLD,088695,CMX ,NYC,088 ,GOLD,48985,19872,25583,1933,0,0,21805,27516,27180,21469,48985,19872,25583,1933,0,0,21805,27516,27180,21469,0,0,0,0,0,0,0,0,0,0,6254,4138,3854,530,0,0,4668,4384,1586,1870,100.0,40.6,52.2,3.9,0.0,0.0,44.5,56.2,55.5,43.8,100.0,40.6,52.2,3.9,0.0,0.0,44.5,56.2,55.5,43.8,0.0,0.0,0.0,0.0,0.0,0.0,0.0,0.0,0.0,0.0,29,16,12,7,0,0,19,17,29,16,12,7,0,0,19,17,0,0,0,0,0,0,0,0,23.7,42.3,34.4,51.0,23.1,42.0,32.6,49.8,23.7,42.3,34.4,51.0,23.1,42.0,32.6,49.8,0.0,0.0,0.0,0.0,0.0,0.0,0.0,0.0,(CONTRACTS OF 10 TROY OUNCES),GOLD,PRECIOUS METALS,NATURAL RESOURCES,FutOnly
250513088691F,GOLD - COMMODITY EXCHANGE INC.,2025-05-13T00:00:00.000,2025 Report Week 19,GOLD,088691,CMX ,NYC,088 ,GOLD,440842,238191,76982,62669,88412,279619,389272,419270,51570,21572,440842,238191,76982,62669,88412,279619,389272,419270,51570,21572,0,0,0,0,0,0,0,0,0,0,-11572,746,2034,-12424,1168,272,-10510,-10118,-1062,-1454,100.0,54.0,17.5,14.2,20.1,63.4,88.3,95.1,11.7,4.9,100.0,54.0,17.5,14.2,20.1,63.4,88.3,95.1,11.7,4.9,0.0,0.0,0.0,0.0,0.0,0.0,0.0,0.0,0.0,0.0,316,184,65,71,50,51,261,162,316,184,65,71,50,51,261,162,0,0,0,0,0,0,0,0,17.0,28.8,26.4,43.4,15.7,26.9,24.2,40.5,17.0,28.8,26.4,43.4,15.7,26.9,24.2,40.5,0.0,0.0,0.0,0.0,0.0,0.0,0.0,0.0,(CONTRACTS OF 100 TROY OUNCES),GOLD,PRECIOUS METALS,NATURAL RESOURCES,FutOnly
250513088695F,MICRO GOLD - COMMODITY EXCHANGE INC.,2025-05-13T00:00:00.000,2025 Report Week 19,MICRO GOLD,088695,CMX ,NYC,088 ,GOLD,42731,15734,21729,1403,0,0,17137,23132,25594,19599,42731,15734,21729,1403,0,0,17137,23132,25594,19599,0,0,0,0,0,0,0,0,0,0,-3563,-3536,1985,-253,-632,0,-4421,1732,858,-5295,100.0,36.8,50.9,3.3,0.0,0.0,40.1,54.1,59.9,45.9,100.0,36.8,50.9,3.3,0.0,0.0,40.1,54.1,59.9,45.9,0.0,0.0,0.0,0.0,0.0,0.0,0.0,0.0,0.0,0.0,30,18,11,7,0,0,22,15,30,18,11,7,0,0,22,15,0,0,0,0,0,0,0,0,18.7,41.1,26.9,50.2,18.7,39.8,26.9,48.6,18.7,41.1,26.9,50.2,18.7,39.8,26.9,48.6,0.0,0.0,0.0,0.0,0.0,0.0,0.0,0.0,(CONTRACTS OF 10 TROY OUNCES),GOLD,PRECIOUS METALS,NATURAL RESOURCES,FutOnly
250506088691F,GOLD - COMMODITY EXCHANGE INC.,2025-05-06T00:00:00.000,2025 Report Week 18,GOLD,088691,CMX ,NYC,088 ,GOLD,452414,237445,74948,75093,87244,279347,399782,429388,52632,23026,452414,237445,74948,75093,87244,279347,399782,429388,52632,23026,0,0,0,0,0,0,0,0,0,0,546,-2932,-2111,7064,-5543,-4201,-1411,752,1957,-206,100.0,52.5,16.6,16.6,19.3,61.7,88.4,94.9,11.6,5.1,100.0,52.5,16.6,16.6,19.3,61.7,88.4,94.9,11.6,5.1,0.0,0.0,0.0,0.0,0.0,0.0,0.0,0.0,0.0,0.0,333,191,68,74,55,56,276,170,333,191,68,74,55,56,276,170,0,0,0,0,0,0,0,0,20.0,29.4,29.6,46.7,14.8,26.4,23.1,40.3,20.0,29.4,29.6,46.7,14.8,26.4,23.1,40.3,0.0,0.0,0.0,0.0,0.0,0.0,0.0,0.0,(CONTRACTS OF 100 TROY OUNCES),GOLD,PRECIOUS METALS,NATURAL RESOURCES,FutOnly
250506088695F,MICRO GOLD - COMMODITY EXCHANGE INC.,2025-05-06T00:00:00.000,2025 Report Week 18,MICRO GOLD,088695,CMX ,NYC,088 ,GOLD,46294,19270,19744,1656,632,0,21558,21400,24736,24894,46294,19270,19744,1656,632,0,21558,21400,24736,24894,0,0,0,0,0,0,0,0,0,0,2448,-922,-905,242,236,0,-444,-663,2892,3111,100.0,41.6,42.6,3.6,1.4,0.0,46.6,46.2,53.4,53.8,100.0,41.6,42.6,3.6,1.4,0.0,46.6,46.2,53.4,53.8,0.0,0.0,0.0,0.0,0.0,0.0,0.0,0.0,0.0,0.0,30,14,13,7,2,0,22,15,30,14,13,7,2,0,22,15,0,0,0,0,0,0,0,0,25.8,32.5,35.6,41.9,25.8,30.3,35.6,39.6,25.8,32.5,35.6,41.9,25.8,30.3,35.6,39.6,0.0,0.0,0.0,0.0,0.0,0.0,0.0,0.0,(CONTRACTS OF 10 TROY OUNCES),GOLD,PRECIOUS METALS,NATURAL RESOURCES,FutOnly
250429088691F,GOLD - COMMODITY EXCHANGE INC.,2025-04-29T00:00:00.000,2025 Report Week 17,GOLD,088691,CMX ,NYC,088 ,GOLD,451868,240377,77059,68029,92787,283548,401193,428636,50675,23232,451868,240377,77059,68029,92787,283548,401193,428636,50675,23232,0,0,0,0,0,0,0,0,0,0,-13483,-18519,-6459,3606,1659,-9848,-13254,-12701,-229,-782,100.0,53.2,17.1,15.1,20.5,62.8,88.8,94.9,11.2,5.1,100.0,53.2,17.1,15.1,20.5,62.8,88.8,94.9,11.2,5.1,0.0,0.0,0.0,0.0,0.0,0.0,0.0,0.0,0.0,0.0,315,184,61,72,49,52,264,157,315,184,61,72,49,52,264,157,0,0,0,0,0,0,0,0,19.7,28.4,29.6,46.0,14.9,25.0,23.1,40.3,19.7,28.4,29.6,46.0,14.9,25.0,23.1,40.3,0.0,0.0,0.0,0.0,0.0,0.0,0.0,0.0,(CONTRACTS OF 100 TROY OUNCES),GOLD,PRECIOUS METALS,NATURAL RESOURCES,FutOnly
250429088695F,MICRO GOLD - COMMODITY EXCHANGE INC.,2025-04-29T00:00:00.000,2025 Report Week 17,MICRO GOLD,088695,CMX ,NYC,088 ,GOLD,43846,20192,20649,1414,396,0,22002,22063,21844,21783,43846,20192,20649,1414,396,0,22002,22063,21844,21783,0,0,0,0,0,0,0,0,0,0,-2321,-2138,2285,-1020,0,0,-3158,1265,837,-3586,100.0,46.1,47.1,3.2,0.9,0.0,50.2,50.3,49.8,49.7,100.0,46.1,47.1,3.2,0.9,0.0,50.2,50.3,49.8,49.7,0.0,0.0,0.0,0.0,0.0,0.0,0.0,0.0,0.0,0.0,29,14,14,6,1,0,19,16,29,14,14,6,1,0,19,16,0,0,0,0,0,0,0,0,29.7,36.1,39.6,45.5,29.3,33.8,39.2,43.1,29.7,36.1,39.6,45.5,29.3,33.8,39.2,43.1,0.0,0.0,0.0,0.0,0.0,0.0,0.0,0.0,(CONTRACTS OF 10 TROY OUNCES),GOLD,PRECIOUS METALS,NATURAL RESOURCES,FutOnly
250422088691F,GOLD - COMMODITY EXCHANGE INC.,2025-04-22T00:00:00.000,2025 Report Week 16,GOLD,088691,CMX ,NYC,088 ,GOLD,465351,258896,83518,64423,91128,293396,414447,441337,50904,24014,465351,258896,83518,64423,91128,293396,414447,441337,50904,24014,0,0,0,0,0,0,0,0,0,0,8723,-12811,14021,1419,20560,-9084,9168,6356,-445,2367,100.0,55.6,17.9,13.8,19.6,63.0,89.1,94.8,10.9,5.2,100.0,55.6,17.9,13.8,19.6,63.0,89.1,94.8,10.9,5.2,0.0,0.0,0.0,0.0,0.0,0.0,0.0,0.0,0.0,0.0,333,196,64,75,48,55,272,170,333,196,64,75,48,55,272,170,0,0,0,0,0,0,0,0,20.2,27.3,29.6,44.9,15.6,25.2,23.9,40.9,20.2,27.3,29.6,44.9,15.6,25.2,23.9,40.9,0.0,0.0,0.0,0.0,0.0,0.0,0.0,0.0,(CONTRACTS OF 100 TROY OUNCES),GOLD,PRECIOUS METALS,NATURAL RESOURCES,FutOnly
250422088695F,MICRO GOLD - COMMODITY EXCHANGE INC.,2025-04-22T00:00:00.000,2025 Report Week 16,MICRO GOLD,088695,CMX ,NYC,088 ,GOLD,46167,22330,18364,2434,396,0,25160,20798,21007,25369,46167,22330,18364,2434,396,0,25160,20798,21007,25369,0,0,0,0,0,0,0,0,0,0,7243,5113,2776,257,0,0,5370,3033,1873,4210,100.0,48.4,39.8,5.3,0.9,0.0,54.5,45.0,45.5,55.0,100.0,48.4,39.8,5.3,0.9,0.0,54.5,45.0,45.5,55.0,0.0,0.0,0.0,0.0,0.0,0.0,0.0,0.0,0.0,0.0,33,19,13,7,1,0,25,15,33,19,13,7,1,0,25,15,0,0,0,0,0,0,0,0,30.4,28.7,39.8,41.0,30.0,25.2,38.5,36.6,30.4,28.7,39.8,41.0,30.0,25.2,38.5,36.6,0.0,0.0,0.0,0.0,0.0,0.0,0.0,0.0,(CONTRACTS OF 10 TROY OUNCES),GOLD,PRECIOUS METALS,NATURAL RESOURCES,FutOnly
250415088691F,GOLD - COMMODITY EXCHANGE INC.,2025-04-15T00:00:00.000,2025 Report Week 15,GOLD,088691,CMX ,NYC,088 ,GOLD,456628,271707,69497,63004,70568,302480,405279,434981,51349,21647,456628,271707,69497,63004,70568,302480,405279,434981,51349,21647,0,0,0,0,0,0,0,0,0,0,11160,1874,379,7069,1354,1083,10297,8531,863,2629,100.0,59.5,15.2,13.8,15.5,66.2,88.8,95.3,11.2,4.7,100.0,59.5,15.2,13.8,15.5,66.2,88.8,95.3,11.2,4.7,0.0,0.0,0.0,0.0,0.0,0.0,0.0,0.0,0.0,0.0,321,198,48,70,47,59,268,159,321,198,48,70,47,59,268,159,0,0,0,0,0,0,0,0,18.9,29.1,28.3,46.5,15.3,27.6,23.8,44.0,18.9,29.1,28.3,46.5,15.3,27.6,23.8,44.0,0.0,0.0,0.0,0.0,0.0,0.0,0.0,0.0,(CONTRACTS OF 100 TROY OUNCES),GOLD,PRECIOUS METALS,NATURAL RESOURCES,FutOnly
250415088695F,MICRO GOLD - COMMODITY EXCHANGE INC.,2025-04-15T00:00:00.000,2025 Report Week 15,MICRO GOLD,088695,CMX ,NYC,088 ,GOLD,38924,17217,15588,2177,396,0,19790,17765,19134,21159,38924,17217,15588,2177,396,0,19790,17765,19134,21159,0,0,0,0,0,0,0,0,0,0,1055,4260,-237,-2440,396,0,2216,-2677,-1161,3732,100.0,44.2,40.0,5.6,1.0,0.0,50.8,45.6,49.2,54.4,100.0,44.2,40.0,5.6,1.0,0.0,50.8,45.6,49.2,54.4,0.0,0.0,0.0,0.0,0.0,0.0,0.0,0.0,0.0,0.0,33,19,13,5,1,0,23,15,33,19,13,5,1,0,23,15,0,0,0,0,0,0,0,0,23.1,27.8,35.5,40.4,22.6,24.0,34.2,35.9,23.1,27.8,35.5,40.4,22.6,24.0,34.2,35.9,0.0,0.0,0.0,0.0,0.0,0.0,0.0,0.0,(CONTRACTS OF 10 TROY OUNCES),GOLD,PRECIOUS METALS,NATURAL RESOURCES,FutOnly
250408088691F,GOLD - COMMODITY EXCHANGE INC.,2025-04-08T00:00:00.000,2025 Report Week 14,GOLD,088691,CMX ,NYC,088 ,GOLD,445468,269833,69118,55935,69214,301397,394982,426450,50486,19018,445468,269833,69118,55935,69214,301397,394982,426450,50486,19018,0,0,0,0,0,0,0,0,0,0,-53278,-58103,-20384,4688,339,-32539,-53076,-48235,-202,-5043,100.0,60.6,15.5,12.6,15.5,67.7,88.7,95.7,11.3,4.3,100.0,60.6,15.5,12.6,15.5,67.7,88.7,95.7,11.3,4.3,0.0,0.0,0.0,0.0,0.0,0.0,0.0,0.0,0.0,0.0,311,189,54,73,49,48,266,152,311,189,54,73,49,48,266,152,0,0,0,0,0,0,0,0,19.0,29.3,28.6,47.2,16.4,27.8,24.4,44.9,19.0,29.3,28.6,47.2,16.4,27.8,24.4,44.9,0.0,0.0,0.0,0.0,0.0,0.0,0.0,0.0,(CONTRACTS OF 100 TROY OUNCES),GOLD,PRECIOUS METALS,NATURAL RESOURCES,FutOnly
250408088695F,MICRO GOLD - COMMODITY EXCHANGE INC.,2025-04-08T00:00:00.000,2025 Report Week 14,MICRO GOLD,088695,CMX ,NYC,088 ,GOLD,37869,12957,15825,4617,0,0,17574,20442,20295,17427,37869,12957,15825,4617,0,0,17574,20442,20295,17427,0,0,0,0,0,0,0,0,0,0,-201,-2113,5426,-254,0,0,-2367,5172,2166,-5373,100.0,34.2,41.8,12.2,0.0,0.0,46.4,54.0,53.6,46.0,100.0,34.2,41.8,12.2,0.0,0.0,46.4,54.0,53.6,46.0,0.0,0.0,0.0,0.0,0.0,0.0,0.0,0.0,0.0,0.0,27,17,9,9,0,0,23,13,27,17,9,9,0,0,23,13,0,0,0,0,0,0,0,0,22.0,32.5,33.4,49.3,17.5,28.9,27.2,41.0,22.0,32.5,33.4,49.3,17.5,28.9,27.2,41.0,0.0,0.0,0.0,0.0,0.0,0.0,0.0,0.0,(CONTRACTS OF 10 TROY OUNCES),GOLD,PRECIOUS METALS,NATURAL RESOURCES,FutOnly
250401088691F,GOLD - COMMODITY EXCHANGE INC.,2025-04-01T00:00:00.000,2025 Report Week 13,GOLD,088691,CMX ,NYC,088 ,GOLD,498746,327936,89502,51247,68875,333936,448058,474685,50688,24061,498746,327936,89502,51247,68875,333936,448058,474685,50688,24061,0,0,0,0,0,0,0,0,0,0,-12736,11364,22726,-3973,-17963,-31500,-10572,-12747,-2164,11,100.0,65.8,17.9,10.3,13.8,67.0,89.8,95.2,10.2,4.8,100.0,65.8,17.9,10.3,13.8,67.0,89.8,95.2,10.2,4.8,0.0,0.0,0.0,0.0,0.0,0.0,0.0,0.0,0.0,0.0,325,198,64,70,41,50,264,162,325,198,64,70,41,50,264,162,0,0,0,0,0,0,0,0,15.5,27.3,24.5,44.2,14.8,25.9,23.2,41.9,15.5,27.3,24.5,44.2,14.8,25.9,23.2,41.9,0.0,0.0,0.0,0.0,0.0,0.0,0.0,0.0,(CONTRACTS OF 100 TROY OUNCES),GOLD,PRECIOUS METALS,NATURAL RESOURCES,FutOnly
250401088695F,MICRO GOLD - COMMODITY EXCHANGE INC.,2025-04-01T00:00:00.000,2025 Report Week 13,MICRO GOLD,088695,CMX ,NYC,088 ,GOLD,38070,15070,10399,4871,0,0,19941,15270,18129,22800,38070,15070,10399,4871,0,0,19941,15270,18129,22800,0,0,0,0,0,0,0,0,0,0,-142,3497,-5721,-1945,0,0,1552,-7666,-1694,7524,100.0,39.6,27.3,12.8,0.0,0.0,52.4,40.1,47.6,59.9,100.0,39.6,27.3,12.8,0.0,0.0,52.4,40.1,47.6,59.9,0.0,0.0,0.0,0.0,0.0,0.0,0.0,0.0,0.0,0.0,30,18,11,8,0,0,22,16,30,18,11,8,0,0,22,16,0,0,0,0,0,0,0,0,24.5,24.3,38.8,33.7,21.7,18.7,31.4,25.2,24.5,24.3,38.8,33.7,21.7,18.7,31.4,25.2,0.0,0.0,0.0,0.0,0.0,0.0,0.0,0.0,(CONTRACTS OF 10 TROY OUNCES),GOLD,PRECIOUS METALS,NATURAL RESOURCES,FutOnly
250325088691F,GOLD - COMMODITY EXCHANGE INC.,2025-03-25T00:00:00.000,2025 Report Week 12,GOLD,088691,CMX ,NYC,088 ,GOLD,511482,316572,66776,55220,86838,365436,458630,487432,52852,24050,511482,316572,66776,55220,86838,365436,458630,487432,52852,24050,0,0,0,0,0,0,0,0,0,0,-22084,-5082,3054,-12302,-4711,-11281,-22095,-20529,11,-1555,100.0,61.9,13.1,10.8,17.0,71.4,89.7,95.3,10.3,4.7,100.0,61.9,13.1,10.8,17.0,71.4,89.7,95.3,10.3,4.7,0.0,0.0,0.0,0.0,0.0,0.0,0.0,0.0,0.0,0.0,320,195,59,80,45,58,267,172,320,195,59,80,45,58,267,172,0,0,0,0,0,0,0,0,15.6,28.6,24.6,44.0,15.6,27.7,22.8,40.7,15.6,28.6,24.6,44.0,15.6,27.7,22.8,40.7,0.0,0.0,0.0,0.0,0.0,0.0,0.0,0.0,(CONTRACTS OF 100 TROY OUNCES),GOLD,PRECIOUS METALS,NATURAL RESOURCES,FutOnly
250325088695F,MICRO GOLD - COMMODITY EXCHANGE INC.,2025-03-25T00:00:00.000,2025 Report Week 12,MICRO GOLD,088695,CMX ,NYC,088 ,GOLD,38212,11573,16120,6816,0,0,18389,22936,19823,15276,38212,11573,16120,6816,0,0,18389,22936,19823,15276,0,0,0,0,0,0,0,0,0,0,2255,-987,4878,2564,0,0,1577,7442,678,-5187,100.0,30.3,42.2,17.8,0.0,0.0,48.1,60.0,51.9,40.0,100.0,30.3,42.2,17.8,0.0,0.0,48.1,60.0,51.9,40.0,0.0,0.0,0.0,0.0,0.0,0.0,0.0,0.0,0.0,0.0,25,15,10,9,0,0,20,14,25,15,10,9,0,0,20,14,0,0,0,0,0,0,0,0,26.2,38.0,38.9,54.9,20.8,33.6,25.9,40.7,26.2,38.0,38.9,54.9,20.8,33.6,25.9,40.7,0.0,0.0,0.0,0.0,0.0,0.0,0.0,0.0,(CONTRACTS OF 10 TROY OUNCES),GOLD,PRECIOUS METALS,NATURAL RESOURCES,FutOnly
250318088691F,GOLD - COMMODITY EXCHANGE INC.,2025-03-18T00:00:00.000,2025 Report Week 11,GOLD,088691,CMX ,NYC,088 ,GOLD,533566,321654,63722,67522,91549,376717,480725,507961,52841,25605,533566,321654,63722,67522,91549,376717,480725,507961,52841,25605,0,0,0,0,0,0,0,0,0,0,22290,25482,3650,-9290,7004,26984,23196,21344,-906,946,100.0,60.3,11.9,12.7,17.2,70.6,90.1,95.2,9.9,4.8,100.0,60.3,11.9,12.7,17.2,70.6,90.1,95.2,9.9,4.8,0.0,0.0,0.0,0.0,0.0,0.0,0.0,0.0,0.0,0.0,325,202,58,75,44,56,272,164,325,202,58,75,44,56,272,164,0,0,0,0,0,0,0,0,16.2,29.0,26.1,43.4,15.3,26.2,22.4,39.8,16.2,29.0,26.1,43.4,15.3,26.2,22.4,39.8,0.0,0.0,0.0,0.0,0.0,0.0,0.0,0.0,(CONTRACTS OF 100 TROY OUNCES),GOLD,PRECIOUS METALS,NATURAL RESOURCES,FutOnly
250318088695F,MICRO GOLD - COMMODITY EXCHANGE INC.,2025-03-18T00:00:00.000,2025 Report Week 11,MICRO GOLD,088695,CMX ,NYC,088 ,GOLD,35957,12560,11242,4252,0,0,16812,15494,19145,20463,35957,12560,11242,4252,0,0,16812,15494,19145,20463,0,0,0,0,0,0,0,0,0,0,3992,1948,-4890,2085,0,0,4033,-2805,-41,6797,100.0,34.9,31.3,11.8,0.0,0.0,46.8,43.1,53.2,56.9,100.0,34.9,31.3,11.8,0.0,0.0,46.8,43.1,53.2,56.9,0.0,0.0,0.0,0.0,0.0,0.0,0.0,0.0,0.0,0.0,24,14,10,9,0,0,19,14,24,14,10,9,0,0,19,14,0,0,0,0,0,0,0,0,24.7,24.7,35.3,38.5,23.8,22.9,30.5,30.1,24.7,24.7,35.3,38.5,23.8,22.9,30.5,30.1,0.0,0.0,0.0,0.0,0.0,0.0,0.0,0.0,(CONTRACTS OF 10 TROY OUNCES),GOLD,PRECIOUS METALS,NATURAL RESOURCES,FutOnly
250311088691F,GOLD - COMMODITY EXCHANGE INC.,2025-03-11T00:00:00.000,2025 Report Week 10,GOLD,088691,CMX ,NYC,088 ,GOLD,511276,296172,60072,76812,84545,349733,457529,486617,53747,24659,511276,296172,60072,76812,84545,349733,457529,486617,53747,24659,0,0,0,0,0,0,0,0,0,0,22006,-6960,201,5989,18832,12905,17861,19095,4145,2911,100.0,57.9,11.7,15.0,16.5,68.4,89.5,95.2,10.5,4.8,100.0,57.9,11.7,15.0,16.5,68.4,89.5,95.2,10.5,4.8,0.0,0.0,0.0,0.0,0.0,0.0,0.0,0.0,0.0,0.0,303,184,53,79,45,53,258,160,303,184,53,79,45,53,258,160,0,0,0,0,0,0,0,0,19.4,30.8,29.3,46.2,16.1,26.4,24.2,39.8,19.4,30.8,29.3,46.2,16.1,26.4,24.2,39.8,0.0,0.0,0.0,0.0,0.0,0.0,0.0,0.0,(CONTRACTS OF 100 TROY OUNCES),GOLD,PRECIOUS METALS,NATURAL RESOURCES,FutOnly
250311088695F,MICRO GOLD - COMMODITY EXCHANGE INC.,2025-03-11T00:00:00.000,2025 Report Week 10,MICRO GOLD,088695,CMX ,NYC,088 ,GOLD,31965,10612,16132,2167,0,0,12779,18299,19186,13666,31965,10612,16132,2167,0,0,12779,18299,19186,13666,0,0,0,0,0,0,0,0,0,0,579,1305,1152,-298,0,0,1007,854,-428,-275,100.0,33.2,50.5,6.8,0.0,0.0,40.0,57.2,60.0,42.8,100.0,33.2,50.5,6.8,0.0,0.0,40.0,57.2,60.0,42.8,0.0,0.0,0.0,0.0,0.0,0.0,0.0,0.0,0.0,0.0,22,11,11,8,0,0,16,14,22,11,11,8,0,0,16,14,0,0,0,0,0,0,0,0,21.5,42.5,31.6,54.9,21.5,41.3,30.8,48.9,21.5,42.5,31.6,54.9,21.5,41.3,30.8,48.9,0.0,0.0,0.0,0.0,0.0,0.0,0.0,0.0,(CONTRACTS OF 10 TROY OUNCES),GOLD,PRECIOUS METALS,NATURAL RESOURCES,FutOnly
250304088691F,GOLD - COMMODITY EXCHANGE INC.,2025-03-04T00:00:00.000,2025 Report Week 09,GOLD,088691,CMX ,NYC,088 ,GOLD,489270,303132,59871,70823,65713,336828,439668,467522,49602,21748,489270,303132,59871,70823,65713,336828,439668,467522,49602,21748,0,0,0,0,0,0,0,0,0,0,-22909,-13816,4548,-3809,-6083,-23068,-23708,-22329,799,-580,100.0,62.0,12.2,14.5,13.4,68.8,89.9,95.6,10.1,4.4,100.0,62.0,12.2,14.5,13.4,68.8,89.9,95.6,10.1,4.4,0.0,0.0,0.0,0.0,0.0,0.0,0.0,0.0,0.0,0.0,294,179,53,73,44,51,253,149,294,179,53,73,44,51,253,149,0,0,0,0,0,0,0,0,18.6,31.6,29.1,47.1,16.8,28.7,25.6,42.8,18.6,31.6,29.1,47.1,16.8,28.7,25.6,42.8,0.0,0.0,0.0,0.0,0.0,0.0,0.0,0.0,(CONTRACTS OF 100 TROY OUNCES),GOLD,PRECIOUS METALS,NATURAL RESOURCES,FutOnly
250304088695F,MICRO GOLD - COMMODITY EXCHANGE INC.,2025-03-04T00:00:00.000,2025 Report Week 09,MICRO GOLD,088695,CMX ,NYC,088 ,GOLD,31386,9307,14980,2465,0,0,11772,17445,19614,13941,31386,9307,14980,2465,0,0,11772,17445,19614,13941,0,0,0,0,0,0,0,0,0,0,-3099,-1414,1139,-997,0,0,-2411,142,-688,-3241,100.0,29.7,47.7,7.9,0.0,0.0,37.5,55.6,62.5,44.4,100.0,29.7,47.7,7.9,0.0,0.0,37.5,55.6,62.5,44.4,0.0,0.0,0.0,0.0,0.0,0.0,0.0,0.0,0.0,0.0,22,12,10,9,0,0,18,13,22,12,10,9,0,0,18,13,0,0,0,0,0,0,0,0,19.3,43.0,28.9,53.8,19.3,39.9,26.2,47.1,19.3,43.0,28.9,53.8,19.3,39.9,26.2,47.1,0.0,0.0,0.0,0.0,0.0,0.0,0.0,0.0,(CONTRACTS OF 10 TROY OUNCES),GOLD,PRECIOUS METALS,NATURAL RESOURCES,FutOnly
250225088691F,GOLD - COMMODITY EXCHANGE INC.,2025-02-25T00:00:00.000,2025 Report Week 08,GOLD,088691,CMX ,NYC,088 ,GOLD,512179,316948,55323,74632,71796,359896,463376,489851,48803,22328,512179,316948,55323,74632,71796,359896,463376,489851,48803,22328,0,0,0,0,0,0,0,0,0,0,-10151,-17095,-10046,9620,-597,-8568,-8072,-8994,-2079,-1157,100.0,61.9,10.8,14.6,14.0,70.3,90.5,95.6,9.5,4.4,100.0,61.9,10.8,14.6,14.0,70.3,90.5,95.6,9.5,4.4,0.0,0.0,0.0,0.0,0.0,0.0,0.0,0.0,0.0,0.0,303,177,61,79,46,51,255,161,303,177,61,79,46,51,255,161,0,0,0,0,0,0,0,0,17.3,30.6,27.8,46.9,16.2,27.6,24.8,41.7,17.3,30.6,27.8,46.9,16.2,27.6,24.8,41.7,0.0,0.0,0.0,0.0,0.0,0.0,0.0,0.0,(CONTRACTS OF 100 TROY OUNCES),GOLD,PRECIOUS METALS,NATURAL RESOURCES,FutOnly
250225088695F,MICRO GOLD - COMMODITY EXCHANGE INC.,2025-02-25T00:00:00.000,2025 Report Week 08,MICRO GOLD,088695,CMX ,NYC,088 ,GOLD,34485,10721,13841,3462,0,0,14183,17303,20302,17182,34485,10721,13841,3462,0,0,14183,17303,20302,17182,0,0,0,0,0,0,0,0,0,0,916,-927,4449,675,0,0,-252,5124,1168,-4208,100.0,31.1,40.1,10.0,0.0,0.0,41.1,50.2,58.9,49.8,100.0,31.1,40.1,10.0,0.0,0.0,41.1,50.2,58.9,49.8,0.0,0.0,0.0,0.0,0.0,0.0,0.0,0.0,0.0,0.0,21,12,9,9,0,0,17,13,21,12,9,9,0,0,17,13,0,0,0,0,0,0,0,0,20.1,38.6,32.5,48.3,18.6,33.0,27.9,39.5,20.1,38.6,32.5,48.3,18.6,33.0,27.9,39.5,0.0,0.0,0.0,0.0,0.0,0.0,0.0,0.0,(CONTRACTS OF 10 TROY OUNCES),GOLD,PRECIOUS METALS,NATURAL RESOURCES,FutOnly
250218088695F,MICRO GOLD - COMMODITY EXCHANGE INC.,2025-02-18T00:00:00.000,2025 Report Week 07,MICRO GOLD,088695,CMX ,NYC,088 ,GOLD,33569,11648,9392,2787,0,0,14435,12179,19134,21390,33569,11648,9392,2787,0,0,14435,12179,19134,21390,0,0,0,0,0,0,0,0,0,0,1435,-415,359,293,-19,-251,-141,401,1576,1034,100.0,34.7,28.0,8.3,0.0,0.0,43.0,36.3,57.0,63.7,100.0,34.7,28.0,8.3,0.0,0.0,43.0,36.3,57.0,63.7,0.0,0.0,0.0,0.0,0.0,0.0,0.0,0.0,0.0,0.0,22,12,10,7,0,0,16,13,22,12,10,7,0,0,16,13,0,0,0,0,0,0,0,0,26.0,23.7,36.4,33.2,23.1,19.7,31.1,26.2,26.0,23.7,36.4,33.2,23.1,19.7,31.1,26.2,0.0,0.0,0.0,0.0,0.0,0.0,0.0,0.0,(CONTRACTS OF 10 TROY OUNCES),GOLD,PRECIOUS METALS,NATURAL RESOURCES,FutOnly
250218088691F,GOLD - COMMODITY EXCHANGE INC.,2025-02-18T00:00:00.000,2025 Report Week 07,GOLD,088691,CMX ,NYC,088 ,GOLD,522330,334043,65369,65012,72393,368464,471448,498845,50882,23485,522330,334043,65369,65012,72393,368464,471448,498845,50882,23485,0,0,0,0,0,0,0,0,0,0,-6389,-9723,6107,2190,-229,-14046,-7762,-5749,1373,-640,100.0,64.0,12.5,12.4,13.9,70.5,90.3,95.5,9.7,4.5,100.0,64.0,12.5,12.4,13.9,70.5,90.3,95.5,9.7,4.5,0.0,0.0,0.0,0.0,0.0,0.0,0.0,0.0,0.0,0.0,312,177,66,75,47,55,257,166,312,177,66,75,47,55,257,166,0,0,0,0,0,0,0,0,17.1,31.0,27.4,47.9,16.2,28.2,24.7,42.6,17.1,31.0,27.4,47.9,16.2,28.2,24.7,42.6,0.0,0.0,0.0,0.0,0.0,0.0,0.0,0.0,(CONTRACTS OF 100 TROY OUNCES),GOLD,PRECIOUS METALS,NATURAL RESOURCES,FutOnly
250211088695F,MICRO GOLD - COMMODITY EXCHANGE INC.,2025-02-11T00:00:00.000,2025 Report Week 06,MICRO GOLD,088695,CMX ,NYC,088 ,GOLD,32134,12063,9033,2494,19,251,14576,11778,17558,20356,32134,12063,9033,2494,19,251,14576,11778,17558,20356,0,0,0,0,0,0,0,0,0,0,,,,,,,,,,,100.0,37.5,28.1,7.8,0.1,0.8,45.4,36.7,54.6,63.3,100.0,37.5,28.1,7.8,0.1,0.8,45.4,36.7,54.6,63.3,0.0,0.0,0.0,0.0,0.0,0.0,0.0,0.0,0.0,0.0,24,13,10,7,1,1,17,15,24,13,10,7,1,1,17,15,0,0,0,0,0,0,0,0,27.9,23.7,38.5,32.9,24.8,20.4,33.3,26.7,27.9,23.7,38.5,32.9,24.8,20.4,33.3,26.7,0.0,0.0,0.0,0.0,0.0,0.0,0.0,0.0,(CONTRACTS OF 10 TROY OUNCES),GOLD,PRECIOUS METALS,NATURAL RESOURCES,FutOnly
250211088691F,GOLD - COMMODITY EXCHANGE INC.,2025-02-11T00:00:00.000,2025 Report Week 06,GOLD,088691,CMX ,NYC,088 ,GOLD,528719,343766,59262,62822,72622,382510,479210,504594,49509,24125,528719,343766,59262,62822,72622,382510,479210,504594,49509,24125,0,0,0,0,0,0,0,0,0,0,-13285,-12734,5270,1218,-1756,-20043,-13272,-13555,-13,270,100.0,65.0,11.2,11.9,13.7,72.3,90.6,95.4,9.4,4.6,100.0,65.0,11.2,11.9,13.7,72.3,90.6,95.4,9.4,4.6,0.0,0.0,0.0,0.0,0.0,0.0,0.0,0.0,0.0,0.0,309,177,65,74,42,54,253,161,309,177,65,74,42,54,253,161,0,0,0,0,0,0,0,0,17.7,31.5,27.8,49.7,16.8,28.4,25.4,44.1,17.7,31.5,27.8,49.7,16.8,28.4,25.4,44.1,0.0,0.0,0.0,0.0,0.0,0.0,0.0,0.0,(CONTRACTS OF 100 TROY OUNCES),GOLD,PRECIOUS METALS,NATURAL RESOURCES,FutOnly
250204088691F,GOLD - COMMODITY EXCHANGE INC.,2025-02-04T00:00:00.000,2025 Report Week 05,GOLD,088691,CMX ,NYC,088 ,GOLD,542004,356500,53992,61604,74378,402553,492482,518149,49522,23855,542004,356500,53992,61604,74378,402553,492482,518149,49522,23855,0,0,0,0,0,0,0,0,0,0,-35501,18129,15030,-18272,-35656,-31203,-35799,-34445,298,-1056,100.0,65.8,10.0,11.4,13.7,74.3,90.9,95.6,9.1,4.4,100.0,65.8,10.0,11.4,13.7,74.3,90.9,95.6,9.1,4.4,0.0,0.0,0.0,0.0,0.0,0.0,0.0,0.0,0.0,0.0,314,187,59,68,44,54,259,155,314,187,59,68,44,54,259,155,0,0,0,0,0,0,0,0,17.4,35.1,27.2,52.1,16.6,32.4,25.2,46.8,17.4,35.1,27.2,52.1,16.6,32.4,25.2,46.8,0.0,0.0,0.0,0.0,0.0,0.0,0.0,0.0,(CONTRACTS OF 100 TROY OUNCES),GOLD,PRECIOUS METALS,NATURAL RESOURCES,FutOnly
250128088691F,GOLD - COMMODITY EXCHANGE INC.,2025-01-28T00:00:00.000,2025 Report Week 04,GOLD,088691,CMX ,NYC,088 ,GOLD,577505,338371,38962,79876,110034,433756,528281,552594,49224,24911,577505,338371,38962,79876,110034,433756,528281,552594,49224,24911,0,0,0,0,0,0,0,0,0,0,6118,1082,2457,-8468,14918,12032,7532,6021,-1414,97,100.0,58.6,6.7,13.8,19.1,75.1,91.5,95.7,8.5,4.3,100.0,58.6,6.7,13.8,19.1,75.1,91.5,95.7,8.5,4.3,0.0,0.0,0.0,0.0,0.0,0.0,0.0,0.0,0.0,0.0,293,178,51,75,41,56,246,156,293,178,51,75,41,56,246,156,0,0,0,0,0,0,0,0,15.8,35.4,25.0,51.2,15.7,32.1,23.4,43.7,15.8,35.4,25.0,51.2,15.7,32.1,23.4,43.7,0.0,0.0,0.0,0.0,0.0,0.0,0.0,0.0,(CONTRACTS OF 100 TROY OUNCES),GOLD,PRECIOUS METALS,NATURAL RESOURCES,FutOnly
250128088695F,MICRO GOLD - COMMODITY EXCHANGE INC.,2025-01-28T00:00:00.000,2025 Report Week 04,MICRO GOLD,088695,CMX ,NYC,088 ,GOLD,37889,8622,7991,13383,11,238,22016,21612,15873,16277,37889,8622,7991,13383,11,238,22016,21612,15873,16277,0,0,0,0,0,0,0,0,0,0,554,-781,-3176,3106,-1,10,2324,-60,-1770,614,100.0,22.8,21.1,35.3,0.0,0.6,58.1,57.0,41.9,43.0,100.0,22.8,21.1,35.3,0.0,0.6,58.1,57.0,41.9,43.0,0.0,0.0,0.0,0.0,0.0,0.0,0.0,0.0,0.0,0.0,23,11,11,9,1,1,16,17,23,11,11,9,1,1,16,17,0,0,0,0,0,0,0,0,35.5,42.9,50.9,51.6,15.2,14.7,21.0,19.1,35.5,42.9,50.9,51.6,15.2,14.7,21.0,19.1,0.0,0.0,0.0,0.0,0.0,0.0,0.0,0.0,(CONTRACTS OF 10 TROY OUNCES),GOLD,PRECIOUS METALS,NATURAL RESOURCES,FutOnly
250121088695F,MICRO GOLD - COMMODITY EXCHANGE INC.,2025-01-21T00:00:00.000,2025 Report Week 03,MICRO GOLD,088695,CMX ,NYC,088 ,GOLD,37335,9403,11167,10277,12,228,19692,21672,17643,15663,37335,9403,11167,10277,12,228,19692,21672,17643,15663,0,0,0,0,0,0,0,0,0,0,3850,1873,120,1371,12,228,3256,1719,594,2131,100.0,25.2,29.9,27.5,0.0,0.6,52.7,58.0,47.3,42.0,100.0,25.2,29.9,27.5,0.0,0.6,52.7,58.0,47.3,42.0,0.0,0.0,0.0,0.0,0.0,0.0,0.0,0.0,0.0,0.0,22,13,8,9,1,1,17,15,22,13,8,9,1,1,17,15,0,0,0,0,0,0,0,0,29.3,44.5,43.7,54.9,15.0,25.2,21.2,30.0,29.3,44.5,43.7,54.9,15.0,25.2,21.2,30.0,0.0,0.0,0.0,0.0,0.0,0.0,0.0,0.0,(CONTRACTS OF 10 TROY OUNCES),GOLD,PRECIOUS METALS,NATURAL RESOURCES,FutOnly
250121088691F,GOLD - COMMODITY EXCHANGE INC.,2025-01-21T00:00:00.000,2025 Report Week 03,GOLD,088691,CMX ,NYC,088 ,GOLD,571387,337289,36505,88344,95116,421724,520749,546573,50638,24814,571387,337289,36505,88344,95116,421724,520749,546573,50638,24814,0,0,0,0,0,0,0,0,0,0,44920,24721,3300,14770,3041,27197,42532,45267,2388,-347,100.0,59.0,6.4,15.5,16.6,73.8,91.1,95.7,8.9,4.3,100.0,59.0,6.4,15.5,16.6,73.8,91.1,95.7,8.9,4.3,0.0,0.0,0.0,0.0,0.0,0.0,0.0,0.0,0.0,0.0,307,182,60,80,42,57,254,168,307,182,60,80,42,57,254,168,0,0,0,0,0,0,0,0,17.0,37.9,26.5,53.1,15.9,34.7,23.3,45.8,17.0,37.9,26.5,53.1,15.9,34.7,23.3,45.8,0.0,0.0,0.0,0.0,0.0,0.0,0.0,0.0,(CONTRACTS OF 100 TROY OUNCES),GOLD,PRECIOUS METALS,NATURAL RESOURCES,FutOnly
250114088691F,GOLD - COMMODITY EXCHANGE INC.,2025-01-14T00:00:00.000,2025 Report Week 02,GOLD,088691,CMX ,NYC,088 ,GOLD,526467,312568,33205,73574,92075,394527,478217,501306,48250,25161,526467,312568,33205,73574,92075,394527,478217,501306,48250,25161,0,0,0,0,0,0,0,0,0,0,49424,20847,-3605,-1500,29401,53207,48748,48102,676,1322,100.0,59.4,6.3,14.0,17.5,74.9,90.8,95.2,9.2,4.8,100.0,59.4,6.3,14.0,17.5,74.9,90.8,95.2,9.2,4.8,0.0,0.0,0.0,0.0,0.0,0.0,0.0,0.0,0.0,0.0,293,177,53,78,40,51,241,162,293,177,53,78,40,51,241,162,0,0,0,0,0,0,0,0,17.8,40.2,27.2,54.8,16.8,36.3,24.6,47.9,17.8,40.2,27.2,54.8,16.8,36.3,24.6,47.9,0.0,0.0,0.0,0.0,0.0,0.0,0.0,0.0,(CONTRACTS OF 100 TROY OUNCES),GOLD,PRECIOUS METALS,NATURAL RESOURCES,FutOnly
250114088695F,MICRO GOLD - COMMODITY EXCHANGE INC.,2025-01-14T00:00:00.000,2025 Report Week 02,MICRO GOLD,088695,CMX ,NYC,088 ,GOLD,33485,7530,11047,8906,0,0,16436,19953,17049,13532,33485,7530,11047,8906,0,0,16436,19953,17049,13532,0,0,0,0,0,0,0,0,0,0,,,,,,,,,,,100.0,22.5,33.0,26.6,0.0,0.0,49.1,59.6,50.9,40.4,100.0,22.5,33.0,26.6,0.0,0.0,49.1,59.6,50.9,40.4,0.0,0.0,0.0,0.0,0.0,0.0,0.0,0.0,0.0,0.0,20,10,10,8,0,0,13,15,20,10,10,8,0,0,13,15,0,0,0,0,0,0,0,0,31.2,43.1,43.5,53.5,14.2,24.1,21.0,30.7,31.2,43.1,43.5,53.5,14.2,24.1,21.0,30.7,0.0,0.0,0.0,0.0,0.0,0.0,0.0,0.0,(CONTRACTS OF 10 TROY OUNCES),GOLD,PRECIOUS METALS,NATURAL RESOURCES,FutOnly
250107088691F,GOLD - COMMODITY EXCHANGE INC.,2025-01-07T00:00:00.000,2025 Report Week 01,GOLD,088691,CMX ,NYC,088 ,GOLD,477043,291721,36810,75074,62674,341320,429469,453204,47574,23839,477043,291721,36810,75074,62674,341320,429469,453204,47574,23839,0,0,0,0,0,0,0,0,0,0,18459,8814,1182,7153,2275,9625,18242,17960,217,499,100.0,61.2,7.7,15.7,13.1,71.5,90.0,95.0,10.0,5.0,100.0,61.2,7.7,15.7,13.1,71.5,90.0,95.0,10.0,5.0,0.0,0.0,0.0,0.0,0.0,0.0,0.0,0.0,0.0,0.0,292,177,49,73,36,54,236,157,292,177,49,73,36,54,236,157,0,0,0,0,0,0,0,0,23.6,40.6,32.9,56.9,18.8,37.3,26.0,49.9,23.6,40.6,32.9,56.9,18.8,37.3,26.0,49.9,0.0,0.0,0.0,0.0,0.0,0.0,0.0,0.0,(CONTRACTS OF 100 TROY OUNCES),GOLD,PRECIOUS METALS,NATURAL RESOURCES,FutOnly
241231088691F,GOLD - COMMODITY EXCHANGE INC.,2024-12-31T00:00:00.000,2024 Report Week 53,GOLD,088691,CMX ,NYC,088 ,GOLD,458584,282907,35628,67921,60399,331695,411227,435244,47357,23340,458584,282907,35628,67921,60399,331695,411227,435244,47357,23340,0,0,0,0,0,0,0,0,0,0,3938,-6509,-6159,8640,2263,223,4394,2704,-456,1234,100.0,61.7,7.8,14.8,13.2,72.3,89.7,94.9,10.3,5.1,100.0,61.7,7.8,14.8,13.2,72.3,89.7,94.9,10.3,5.1,0.0,0.0,0.0,0.0,0.0,0.0,0.0,0.0,0.0,0.0,265,157,49,60,35,50,213,140,265,157,49,60,35,50,213,140,0,0,0,0,0,0,0,0,23.7,40.2,33.3,57.6,19.4,37.2,26.9,50.1,23.7,40.2,33.3,57.6,19.4,37.2,26.9,50.1,0.0,0.0,0.0,0.0,0.0,0.0,0.0,0.0,(CONTRACTS OF 100 TROY OUNCES),GOLD,PRECIOUS METALS,NATURAL RESOURCES,FutOnly
241231088695F,MICRO GOLD - COMMODITY EXCHANGE INC.,2024-12-31T00:00:00.000,2024 Report Week 53,MICRO GOLD,088695,CMX ,NYC,088 ,GOLD,32076,5724,14052,6660,0,0,12384,20712,19692,11364,32076,5724,14052,6660,0,0,12384,20712,19692,11364,0,0,0,0,0,0,0,0,0,0,-1371,-339,-1542,654,0,0,315,-888,-1686,-483,100.0,17.8,43.8,20.8,0.0,0.0,38.6,64.6,61.4,35.4,100.0,17.8,43.8,20.8,0.0,0.0,38.6,64.6,61.4,35.4,0.0,0.0,0.0,0.0,0.0,0.0,0.0,0.0,0.0,0.0,23,13,10,8,0,0,17,14,23,13,10,8,0,0,17,14,0,0,0,0,0,0,0,0,24.5,49.9,32.4,59.5,10.8,35.1,14.9,42.0,24.5,49.9,32.4,59.5,10.8,35.1,14.9,42.0,0.0,0.0,0.0,0.0,0.0,0.0,0.0,0.0,(CONTRACTS OF 10 TROY OUNCES),GOLD,PRECIOUS METALS,NATURAL RESOURCES,FutOnly
241224088695F,MICRO GOLD - COMMODITY EXCHANGE INC.,2024-12-24T00:00:00.000,2024 Report Week 52,MICRO GOLD,088695,CMX ,NYC,088 ,GOLD,33447,6063,15594,6006,0,0,12069,21600,21378,11847,33447,6063,15594,6006,0,0,12069,21600,21378,11847,0,0,0,0,0,0,0,0,0,0,-1145,-3620,1085,1586,0,0,-2034,2671,889,-3816,100.0,18.1,46.6,18.0,0.0,0.0,36.1,64.6,63.9,35.4,100.0,18.1,46.6,18.0,0.0,0.0,36.1,64.6,63.9,35.4,0.0,0.0,0.0,0.0,0.0,0.0,0.0,0.0,0.0,0.0,21,11,10,7,0,0,15,13,21,11,10,7,0,0,15,13,0,0,0,0,0,0,0,0,25.3,51.1,31.4,61.1,12.8,39.0,16.7,45.5,25.3,51.1,31.4,61.1,12.8,39.0,16.7,45.5,0.0,0.0,0.0,0.0,0.0,0.0,0.0,0.0,(CONTRACTS OF 10 TROY OUNCES),GOLD,PRECIOUS METALS,NATURAL RESOURCES,FutOnly
241224088691F,GOLD - COMMODITY EXCHANGE INC.,2024-12-24T00:00:00.000,2024 Report Week 52,GOLD,088691,CMX ,NYC,088 ,GOLD,454646,289416,41787,59281,58136,331472,406833,432540,47813,22106,454646,289416,41787,59281,58136,331472,406833,432540,47813,22106,0,0,0,0,0,0,0,0,0,0,-11925,-13562,850,5088,-2876,-14773,-11350,-8835,-575,-3090,100.0,63.7,9.2,13.0,12.8,72.9,89.5,95.1,10.5,4.9,100.0,63.7,9.2,13.0,12.8,72.9,89.5,95.1,10.5,4.9,0.0,0.0,0.0,0.0,0.0,0.0,0.0,0.0,0.0,0.0,278,163,54,64,35,51,220,149,278,163,54,64,35,51,220,149,0,0,0,0,0,0,0,0,22.6,39.6,32.3,56.0,19.8,37.3,27.7,50.5,22.6,39.6,32.3,56.0,19.8,37.3,27.7,50.5,0.0,0.0,0.0,0.0,0.0,0.0,0.0,0.0,(CONTRACTS OF 100 TROY OUNCES),GOLD,PRECIOUS METALS,NATURAL RESOURCES,FutOnly
241217088691F,GOLD - COMMODITY EXCHANGE INC.,2024-12-17T00:00:00.000,2024 Report Week 51,GOLD,088691,CMX ,NYC,088 ,GOLD,466571,302978,40937,54193,61012,346245,418183,441375,48388,25196,466571,302978,40937,54193,61012,346245,418183,441375,48388,25196,0,0,0,0,0,0,0,0,0,0,-16775,-21354,-7809,7652,-5013,-16651,-18715,-16808,1940,33,100.0,64.9,8.8,11.6,13.1,74.2,89.6,94.6,10.4,5.4,100.0,64.9,8.8,11.6,13.1,74.2,89.6,94.6,10.4,5.4,0.0,0.0,0.0,0.0,0.0,0.0,0.0,0.0,0.0,0.0,282,167,52,64,38,50,228,145,282,167,52,64,38,50,228,145,0,0,0,0,0,0,0,0,22.9,40.6,33.3,57.0,20.8,38.4,28.8,51.9,22.9,40.6,33.3,57.0,20.8,38.4,28.8,51.9,0.0,0.0,0.0,0.0,0.0,0.0,0.0,0.0,(CONTRACTS OF 100 TROY OUNCES),GOLD,PRECIOUS METALS,NATURAL RESOURCES,FutOnly
241217088695F,MICRO GOLD - COMMODITY EXCHANGE INC.,2024-12-17T00:00:00.000,2024 Report Week 51,MICRO GOLD,088695,CMX ,NYC,088 ,GOLD,34592,9683,14509,4420,0,0,14103,18929,20489,15663,34592,9683,14509,4420,0,0,14103,18929,20489,15663,0,0,0,0,0,0,0,0,0,0,5986,1371,5206,1939,0,0,3310,7145,2676,-1159,100.0,28.0,41.9,12.8,0.0,0.0,40.8,54.7,59.2,45.3,100.0,28.0,41.9,12.8,0.0,0.0,40.8,54.7,59.2,45.3,0.0,0.0,0.0,0.0,0.0,0.0,0.0,0.0,0.0,0.0,22,12,10,8,0,0,16,14,22,12,10,8,0,0,16,14,0,0,0,0,0,0,0,0,24.6,42.1,35.0,50.8,19.4,33.6,24.8,40.3,24.6,42.1,35.0,50.8,19.4,33.6,24.8,40.3,0.0,0.0,0.0,0.0,0.0,0.0,0.0,0.0,(CONTRACTS OF 10 TROY OUNCES),GOLD,PRECIOUS METALS,NATURAL RESOURCES,FutOnly
241210088691F,GOLD - COMMODITY EXCHANGE INC.,2024-12-10T00:00:00.000,2024 Report Week 50,GOLD,088691,CMX ,NYC,088 ,GOLD,483346,324332,48746,46541,66025,362896,436898,458183,46448,25163,483346,324332,48746,46541,66025,362896,436898,458183,46448,25163,0,0,0,0,0,0,0,0,0,0,21306,16721,871,3700,2774,13370,23195,17941,-1889,3365,100.0,67.1,10.1,9.6,13.7,75.1,90.4,94.8,9.6,5.2,100.0,67.1,10.1,9.6,13.7,75.1,90.4,94.8,9.6,5.2,0.0,0.0,0.0,0.0,0.0,0.0,0.0,0.0,0.0,0.0,314,178,64,74,40,56,249,166,314,178,64,74,40,56,249,166,0,0,0,0,0,0,0,0,21.0,41.2,31.6,58.0,20.2,39.2,28.6,53.8,21.0,41.2,31.6,58.0,20.2,39.2,28.6,53.8,0.0,0.0,0.0,0.0,0.0,0.0,0.0,0.0,(CONTRACTS OF 100 TROY OUNCES),GOLD,PRECIOUS METALS,NATURAL RESOURCES,FutOnly
241210088695F,MICRO GOLD - COMMODITY EXCHANGE INC.,2024-12-10T00:00:00.000,2024 Report Week 50,MICRO GOLD,088695,CMX ,NYC,088 ,GOLD,28606,8312,9303,2481,0,0,10793,11784,17813,16822,28606,8312,9303,2481,0,0,10793,11784,17813,16822,0,0,0,0,0,0,0,0,0,0,39,594,-2103,-509,0,0,85,-2612,-46,2651,100.0,29.1,32.5,8.7,0.0,0.0,37.7,41.2,62.3,58.8,100.0,29.1,32.5,8.7,0.0,0.0,37.7,41.2,62.3,58.8,0.0,0.0,0.0,0.0,0.0,0.0,0.0,0.0,0.0,0.0,23,14,9,5,0,0,16,12,23,14,9,5,0,0,16,12,0,0,0,0,0,0,0,0,22.5,27.8,31.5,37.4,20.3,26.4,25.1,31.8,22.5,27.8,31.5,37.4,20.3,26.4,25.1,31.8,0.0,0.0,0.0,0.0,0.0,0.0,0.0,0.0,(CONTRACTS OF 10 TROY OUNCES),GOLD,PRECIOUS METALS,NATURAL RESOURCES,FutOnly
241203088695F,MICRO GOLD - COMMODITY EXCHANGE INC.,2024-12-03T00:00:00.000,2024 Report Week 49,MICRO GOLD,088695,CMX ,NYC,088 ,GOLD,28567,7718,11406,2990,0,0,10708,14396,17859,14171,28567,7718,11406,2990,0,0,10708,14396,17859,14171,0,0,0,0,0,0,0,0,0,0,-19820,-7177,-5511,-13919,0,0,-21096,-19430,1276,-390,100.0,27.0,39.9,10.5,0.0,0.0,37.5,50.4,62.5,49.6,100.0,27.0,39.9,10.5,0.0,0.0,37.5,50.4,62.5,49.6,0.0,0.0,0.0,0.0,0.0,0.0,0.0,0.0,0.0,0.0,21,11,10,8,0,0,17,12,21,11,10,8,0,0,17,12,0,0,0,0,0,0,0,0,24.0,32.4,32.1,45.2,20.3,30.1,24.7,38.5,24.0,32.4,32.1,45.2,20.3,30.1,24.7,38.5,0.0,0.0,0.0,0.0,0.0,0.0,0.0,0.0,(CONTRACTS OF 10 TROY OUNCES),GOLD,PRECIOUS METALS,NATURAL RESOURCES,FutOnly
241203088691F,GOLD - COMMODITY EXCHANGE INC.,2024-12-03T00:00:00.000,2024 Report Week 49,GOLD,088691,CMX ,NYC,088 ,GOLD,462040,307611,47875,42841,63251,349526,413703,440242,48337,21798,462040,307611,47875,42841,63251,349526,413703,440242,48337,21798,0,0,0,0,0,0,0,0,0,0,-10620,4210,-5188,-7467,-9126,4629,-12383,-8026,1763,-2594,100.0,66.6,10.4,9.3,13.7,75.6,89.5,95.3,10.5,4.7,100.0,66.6,10.4,9.3,13.7,75.6,89.5,95.3,10.5,4.7,0.0,0.0,0.0,0.0,0.0,0.0,0.0,0.0,0.0,0.0,301,172,58,64,39,56,235,156,301,172,58,64,39,56,235,156,0,0,0,0,0,0,0,0,21.4,43.0,31.6,59.4,21.0,41.1,29.5,55.6,21.4,43.0,31.6,59.4,21.0,41.1,29.5,55.6,0.0,0.0,0.0,0.0,0.0,0.0,0.0,0.0,(CONTRACTS OF 100 TROY OUNCES),GOLD,PRECIOUS METALS,NATURAL RESOURCES,FutOnly
241126088691F,GOLD - COMMODITY EXCHANGE INC.,2024-11-26T00:00:00.000,2024 Report Week 48,GOLD,088691,CMX ,NYC,088 ,GOLD,472660,303401,53063,50308,72377,344897,426086,448268,46574,24392,472660,303401,53063,50308,72377,344897,426086,448268,46574,24392,0,0,0,0,0,0,0,0,0,0,-30292,-5953,-21924,-17410,-1082,9116,-24445,-30218,-5847,-74,100.0,64.2,11.2,10.6,15.3,73.0,90.1,94.8,9.9,5.2,100.0,64.2,11.2,10.6,15.3,73.0,90.1,94.8,9.9,5.2,0.0,0.0,0.0,0.0,0.0,0.0,0.0,0.0,0.0,0.0,297,168,57,71,43,58,238,163,297,168,57,71,43,58,238,163,0,0,0,0,0,0,0,0,21.0,40.0,30.3,54.8,20.8,37.4,28.5,50.3,21.0,40.0,30.3,54.8,20.8,37.4,28.5,50.3,0.0,0.0,0.0,0.0,0.0,0.0,0.0,0.0,(CONTRACTS OF 100 TROY OUNCES),GOLD,PRECIOUS METALS,NATURAL RESOURCES,FutOnly
241126088695F,MICRO GOLD - COMMODITY EXCHANGE INC.,2024-11-26T00:00:00.000,2024 Report Week 48,MICRO GOLD,088695,CMX ,NYC,088 ,GOLD,48387,14895,16917,16909,0,0,31804,33826,16583,14561,48387,14895,16917,16909,0,0,31804,33826,16583,14561,0,0,0,0,0,0,0,0,0,0,-5697,-3107,-1300,1766,0,0,-1341,466,-4356,-6163,100.0,30.8,35.0,34.9,0.0,0.0,65.7,69.9,34.3,30.1,100.0,30.8,35.0,34.9,0.0,0.0,65.7,69.9,34.3,30.1,0.0,0.0,0.0,0.0,0.0,0.0,0.0,0.0,0.0,0.0,22,13,9,10,0,0,17,15,22,13,9,10,0,0,17,15,0,0,0,0,0,0,0,0,48.4,58.5,59.7,66.2,20.7,31.7,28.2,34.5,48.4,58.5,59.7,66.2,20.7,31.7,28.2,34.5,0.0,0.0,0.0,0.0,0.0,0.0,0.0,0.0,(CONTRACTS OF 10 TROY OUNCES),GOLD,PRECIOUS METALS,NATURAL RESOURCES,FutOnly
241119088691F,GOLD - COMMODITY EXCHANGE INC.,2024-11-19T00:00:00.000,2024 Report Week 47,GOLD,088691,CMX ,NYC,088 ,GOLD,502952,309354,74987,67718,73459,335781,450531,478486,52421,24466,502952,309354,74987,67718,73459,335781,450531,478486,52421,24466,0,0,0,0,0,0,0,0,0,0,-33029,-6871,-4787,-19853,-1888,-5148,-28612,-29788,-4417,-3241,100.0,61.5,14.9,13.5,14.6,66.8,89.6,95.1,10.4,4.9,100.0,61.5,14.9,13.5,14.6,66.8,89.6,95.1,10.4,4.9,0.0,0.0,0.0,0.0,0.0,0.0,0.0,0.0,0.0,0.0,298,172,57,78,41,53,247,159,298,172,57,78,41,53,247,159,0,0,0,0,0,0,0,0,19.9,34.6,28.7,50.1,19.2,33.0,27.5,47.5,19.9,34.6,28.7,50.1,19.2,33.0,27.5,47.5,0.0,0.0,0.0,0.0,0.0,0.0,0.0,0.0,(CONTRACTS OF 100 TROY OUNCES),GOLD,PRECIOUS METALS,NATURAL RESOURCES,FutOnly
241119088695F,MICRO GOLD - COMMODITY EXCHANGE INC.,2024-11-19T00:00:00.000,2024 Report Week 47,MICRO GOLD,088695,CMX ,NYC,088 ,GOLD,54084,18002,18217,15143,0,0,33145,33360,20939,20724,54084,18002,18217,15143,0,0,33145,33360,20939,20724,0,0,0,0,0,0,0,0,0,0,-2154,-1238,672,-484,0,0,-1722,188,-432,-2342,100.0,33.3,33.7,28.0,0.0,0.0,61.3,61.7,38.7,38.3,100.0,33.3,33.7,28.0,0.0,0.0,61.3,61.7,38.7,38.3,0.0,0.0,0.0,0.0,0.0,0.0,0.0,0.0,0.0,0.0,25,17,8,8,0,0,19,14,25,17,8,8,0,0,19,14,0,0,0,0,0,0,0,0,42.8,54.1,52.7,58.8,20.6,31.8,27.9,33.7,42.8,54.1,52.7,58.8,20.6,31.8,27.9,33.7,0.0,0.0,0.0,0.0,0.0,0.0,0.0,0.0,(CONTRACTS OF 10 TROY OUNCES),GOLD,PRECIOUS METALS,NATURAL RESOURCES,FutOnly
241112088691F,GOLD - COMMODITY EXCHANGE INC.,2024-11-12T00:00:00.000,2024 Report Week 46,GOLD,088691,CMX ,NYC,088 ,GOLD,535981,316225,79774,87571,75347,340929,479143,508274,56838,27707,535981,316225,79774,87571,75347,340929,479143,508274,56838,27707,0,0,0,0,0,0,0,0,0,0,-22053,-20591,-1713,-7723,2060,-15417,-26254,-24853,4201,2800,100.0,59.0,14.9,16.3,14.1,63.6,89.4,94.8,10.6,5.2,100.0,59.0,14.9,16.3,14.1,63.6,89.4,94.8,10.6,5.2,0.0,0.0,0.0,0.0,0.0,0.0,0.0,0.0,0.0,0.0,312,181,66,91,38,51,255,176,312,181,66,91,38,51,255,176,0,0,0,0,0,0,0,0,19.3,32.0,28.9,47.6,18.1,30.5,26.3,44.0,19.3,32.0,28.9,47.6,18.1,30.5,26.3,44.0,0.0,0.0,0.0,0.0,0.0,0.0,0.0,0.0,(CONTRACTS OF 100 TROY OUNCES),GOLD,PRECIOUS METALS,NATURAL RESOURCES,FutOnly
241112088695F,MICRO GOLD - COMMODITY EXCHANGE INC.,2024-11-12T00:00:00.000,2024 Report Week 46,MICRO GOLD,088695,CMX ,NYC,088 ,GOLD,56238,19240,17545,15627,0,0,34867,33172,21371,23066,56238,19240,17545,15627,0,0,34867,33172,21371,23066,0,0,0,0,0,0,0,0,0,0,3150,-393,2293,2387,0,0,1994,4680,1156,-1530,100.0,34.2,31.2,27.8,0.0,0.0,62.0,59.0,38.0,41.0,100.0,34.2,31.2,27.8,0.0,0.0,62.0,59.0,38.0,41.0,0.0,0.0,0.0,0.0,0.0,0.0,0.0,0.0,0.0,0.0,26,15,11,8,0,0,18,16,26,15,11,8,0,0,18,16,0,0,0,0,0,0,0,0,39.0,51.2,53.0,55.1,20.0,28.2,30.4,30.2,39.0,51.2,53.0,55.1,20.0,28.2,30.4,30.2,0.0,0.0,0.0,0.0,0.0,0.0,0.0,0.0,(CONTRACTS OF 10 TROY OUNCES),GOLD,PRECIOUS METALS,NATURAL RESOURCES,FutOnly
241105088695F,MICRO GOLD - COMMODITY EXCHANGE INC.,2024-11-05T00:00:00.000,2024 Report Week 45,MICRO GOLD,088695,CMX ,NYC,088 ,GOLD,53088,19633,15252,13240,0,0,32873,28492,20215,24596,53088,19633,15252,13240,0,0,32873,28492,20215,24596,0,0,0,0,0,0,0,0,0,0,2350,7,3727,1957,0,0,1964,5684,386,-3334,100.0,37.0,28.7,24.9,0.0,0.0,61.9,53.7,38.1,46.3,100.0,37.0,28.7,24.9,0.0,0.0,61.9,53.7,38.1,46.3,0.0,0.0,0.0,0.0,0.0,0.0,0.0,0.0,0.0,0.0,25,16,9,8,0,0,18,15,25,16,9,8,0,0,18,15,0,0,0,0,0,0,0,0,39.8,45.5,52.1,49.8,19.9,26.1,30.5,28.3,39.8,45.5,52.1,49.8,19.9,26.1,30.5,28.3,0.0,0.0,0.0,0.0,0.0,0.0,0.0,0.0,(CONTRACTS OF 10 TROY OUNCES),GOLD,PRECIOUS METALS,NATURAL RESOURCES,FutOnly
241105088691F,GOLD - COMMODITY EXCHANGE INC.,2024-11-05T00:00:00.000,2024 Report Week 45,GOLD,088691,CMX ,NYC,088 ,GOLD,558034,336816,81487,95294,73287,356346,505397,533127,52637,24907,558034,336816,81487,95294,73287,356346,505397,533127,52637,24907,0,0,0,0,0,0,0,0,0,0,-21434,-29820,-6496,4829,4352,-16260,-20639,-17927,-795,-3507,100.0,60.4,14.6,17.1,13.1,63.9,90.6,95.5,9.4,4.5,100.0,60.4,14.6,17.1,13.1,63.9,90.6,95.5,9.4,4.5,0.0,0.0,0.0,0.0,0.0,0.0,0.0,0.0,0.0,0.0,311,180,63,81,37,50,245,171,311,180,63,81,37,50,245,171,0,0,0,0,0,0,0,0,19.2,32.3,30.2,47.6,17.3,31.2,25.7,43.3,19.2,32.3,30.2,47.6,17.3,31.2,25.7,43.3,0.0,0.0,0.0,0.0,0.0,0.0,0.0,0.0,(CONTRACTS OF 100 TROY OUNCES),GOLD,PRECIOUS METALS,NATURAL RESOURCES,FutOnly
241029088691F,GOLD - COMMODITY EXCHANGE INC.,2024-10-29T00:00:00.000,2024 Report Week 44,GOLD,088691,CMX ,NYC,088 ,GOLD,579468,366636,87983,90465,68935,372606,526036,551054,53432,28414,579468,366636,87983,90465,68935,372606,526036,551054,53432,28414,0,0,0,0,0,0,0,0,0,0,5708,-5177,12374,8977,2690,-18340,6490,3011,-782,2697,100.0,63.3,15.2,15.6,11.9,64.3,90.8,95.1,9.2,4.9,100.0,63.3,15.2,15.6,11.9,64.3,90.8,95.1,9.2,4.9,0.0,0.0,0.0,0.0,0.0,0.0,0.0,0.0,0.0,0.0,334,191,74,75,35,50,258,172,334,191,74,75,35,50,258,172,0,0,0,0,0,0,0,0,19.2,31.4,29.5,45.9,17.0,29.9,25.4,41.9,19.2,31.4,29.5,45.9,17.0,29.9,25.4,41.9,0.0,0.0,0.0,0.0,0.0,0.0,0.0,0.0,(CONTRACTS OF 100 TROY OUNCES),GOLD,PRECIOUS METALS,NATURAL RESOURCES,FutOnly
241029088695F,MICRO GOLD - COMMODITY EXCHANGE INC.,2024-10-29T00:00:00.000,2024 Report Week 44,MICRO GOLD,088695,CMX ,NYC,088 ,GOLD,50738,19626,11525,11283,0,0,30909,22808,19829,27930,50738,19626,11525,11283,0,0,30909,22808,19829,27930,0,0,0,0,0,0,0,0,0,0,402,-573,-129,1006,0,0,433,877,-31,-475,100.0,38.7,22.7,22.2,0.0,0.0,60.9,45.0,39.1,55.0,100.0,38.7,22.7,22.2,0.0,0.0,60.9,45.0,39.1,55.0,0.0,0.0,0.0,0.0,0.0,0.0,0.0,0.0,0.0,0.0,27,17,10,8,0,0,19,16,27,17,10,8,0,0,19,16,0,0,0,0,0,0,0,0,39.3,37.4,51.5,41.1,21.1,20.0,32.3,21.9,39.3,37.4,51.5,41.1,21.1,20.0,32.3,21.9,0.0,0.0,0.0,0.0,0.0,0.0,0.0,0.0,(CONTRACTS OF 10 TROY OUNCES),GOLD,PRECIOUS METALS,NATURAL RESOURCES,FutOnly
241022088695F,MICRO GOLD - COMMODITY EXCHANGE INC.,2024-10-22T00:00:00.000,2024 Report Week 43,MICRO GOLD,088695,CMX ,NYC,088 ,GOLD,50336,20199,11654,10277,0,0,30476,21931,19860,28405,50336,20199,11654,10277,0,0,30476,21931,19860,28405,0,0,0,0,0,0,0,0,0,0,3745,4339,-1003,54,0,0,4393,-949,-648,4694,100.0,40.1,23.2,20.4,0.0,0.0,60.5,43.6,39.5,56.4,100.0,40.1,23.2,20.4,0.0,0.0,60.5,43.6,39.5,56.4,0.0,0.0,0.0,0.0,0.0,0.0,0.0,0.0,0.0,0.0,27,20,7,7,0,0,21,13,27,20,7,7,0,0,21,13,0,0,0,0,0,0,0,0,39.8,37.8,50.1,41.7,22.4,21.8,32.4,23.2,39.8,37.8,50.1,41.7,22.4,21.8,32.4,23.2,0.0,0.0,0.0,0.0,0.0,0.0,0.0,0.0,(CONTRACTS OF 10 TROY OUNCES),GOLD,PRECIOUS METALS,NATURAL RESOURCES,FutOnly
241022088691F,GOLD - COMMODITY EXCHANGE INC.,2024-10-22T00:00:00.000,2024 Report Week 43,GOLD,088691,CMX ,NYC,088 ,GOLD,573760,371813,75609,81488,66245,390946,519546,548043,54214,25717,573760,371813,75609,81488,66245,390946,519546,548043,54214,25717,0,0,0,0,0,0,0,0,0,0,32528,14319,4549,18268,-3783,8260,28804,31077,3724,1451,100.0,64.8,13.2,14.2,11.5,68.1,90.6,95.5,9.4,4.5,100.0,64.8,13.2,14.2,11.5,68.1,90.6,95.5,9.4,4.5,0.0,0.0,0.0,0.0,0.0,0.0,0.0,0.0,0.0,0.0,344,197,74,74,35,56,260,180,344,197,74,74,35,56,260,180,0,0,0,0,0,0,0,0,18.9,34.6,29.5,47.9,17.6,33.5,26.1,45.5,18.9,34.6,29.5,47.9,17.6,33.5,26.1,45.5,0.0,0.0,0.0,0.0,0.0,0.0,0.0,0.0,(CONTRACTS OF 100 TROY OUNCES),GOLD,PRECIOUS METALS,NATURAL RESOURCES,FutOnly
241015088695F,MICRO GOLD - COMMODITY EXCHANGE INC.,2024-10-15T00:00:00.000,2024 Report Week 42,MICRO GOLD,088695,CMX ,NYC,088 ,GOLD,46591,15860,12657,10223,0,0,26083,22880,20508,23711,46591,15860,12657,10223,0,0,26083,22880,20508,23711,0,0,0,0,0,0,0,0,0,0,1033,1047,894,-497,0,0,550,397,483,636,100.0,34.0,27.2,21.9,0.0,0.0,56.0,49.1,44.0,50.9,100.0,34.0,27.2,21.9,0.0,0.0,56.0,49.1,44.0,50.9,0.0,0.0,0.0,0.0,0.0,0.0,0.0,0.0,0.0,0.0,26,16,10,7,0,0,18,15,26,16,10,7,0,0,18,15,0,0,0,0,0,0,0,0,41.5,42.5,49.9,46.0,22.2,23.9,29.5,26.2,41.5,42.5,49.9,46.0,22.2,23.9,29.5,26.2,0.0,0.0,0.0,0.0,0.0,0.0,0.0,0.0,(CONTRACTS OF 10 TROY OUNCES),GOLD,PRECIOUS METALS,NATURAL RESOURCES,FutOnly
241015088691F,GOLD - COMMODITY EXCHANGE INC.,2024-10-15T00:00:00.000,2024 Report Week 42,GOLD,088691,CMX ,NYC,088 ,GOLD,541232,357494,71060,63220,70028,382686,490742,516966,50490,24266,541232,357494,71060,63220,70028,382686,490742,516966,50490,24266,0,0,0,0,0,0,0,0,0,0,20916,8603,349,12192,1071,9753,21866,22294,-950,-1378,100.0,66.1,13.1,11.7,12.9,70.7,90.7,95.5,9.3,4.5,100.0,66.1,13.1,11.7,12.9,70.7,90.7,95.5,9.3,4.5,0.0,0.0,0.0,0.0,0.0,0.0,0.0,0.0,0.0,0.0,328,187,72,71,34,54,250,171,328,187,72,71,34,54,250,171,0,0,0,0,0,0,0,0,19.6,36.5,28.8,50.0,19.5,35.0,27.4,48.3,19.6,36.5,28.8,50.0,19.5,35.0,27.4,48.3,0.0,0.0,0.0,0.0,0.0,0.0,0.0,0.0,(CONTRACTS OF 100 TROY OUNCES),GOLD,PRECIOUS METALS,NATURAL RESOURCES,FutOnly
241008088695F,MICRO GOLD - COMMODITY EXCHANGE INC.,2024-10-08T00:00:00.000,2024 Report Week 41,MICRO GOLD,088695,CMX ,NYC,088 ,GOLD,45558,14813,11763,10720,0,0,25533,22483,20025,23075,45558,14813,11763,10720,0,0,25533,22483,20025,23075,0,0,0,0,0,0,0,0,0,0,-1667,-2284,2194,264,0,0,-2020,2458,353,-4125,100.0,32.5,25.8,23.5,0.0,0.0,56.0,49.4,44.0,50.6,100.0,32.5,25.8,23.5,0.0,0.0,56.0,49.4,44.0,50.6,0.0,0.0,0.0,0.0,0.0,0.0,0.0,0.0,0.0,0.0,23,13,10,8,0,0,17,14,23,13,10,8,0,0,17,14,0,0,0,0,0,0,0,0,41.6,43.7,50.6,47.3,24.0,22.9,30.0,25.2,41.6,43.7,50.6,47.3,24.0,22.9,30.0,25.2,0.0,0.0,0.0,0.0,0.0,0.0,0.0,0.0,(CONTRACTS OF 10 TROY OUNCES),GOLD,PRECIOUS METALS,NATURAL RESOURCES,FutOnly
241008088691F,GOLD - COMMODITY EXCHANGE INC.,2024-10-08T00:00:00.000,2024 Report Week 41,GOLD,088691,CMX ,NYC,088 ,GOLD,520316,348891,70711,51028,68957,372933,468876,494672,51440,25644,520316,348891,70711,51028,68957,372933,468876,494672,51440,25644,0,0,0,0,0,0,0,0,0,0,-12791,-21160,591,8262,1858,-21690,-11040,-12837,-1751,46,100.0,67.1,13.6,9.8,13.3,71.7,90.1,95.1,9.9,4.9,100.0,67.1,13.6,9.8,13.3,71.7,90.1,95.1,9.9,4.9,0.0,0.0,0.0,0.0,0.0,0.0,0.0,0.0,0.0,0.0,318,179,69,67,36,52,238,168,318,179,69,67,36,52,238,168,0,0,0,0,0,0,0,0,20.3,38.2,29.4,51.7,20.2,36.8,28.1,50.1,20.3,38.2,29.4,51.7,20.2,36.8,28.1,50.1,0.0,0.0,0.0,0.0,0.0,0.0,0.0,0.0,(CONTRACTS OF 100 TROY OUNCES),GOLD,PRECIOUS METALS,NATURAL RESOURCES,FutOnly
241001088691F,GOLD - COMMODITY EXCHANGE INC.,2024-10-01T00:00:00.000,2024 Report Week 40,GOLD,088691,CMX ,NYC,088 ,GOLD,533107,370051,70120,42766,67099,394623,479916,507509,53191,25598,533107,370051,70120,42766,67099,394623,479916,507509,53191,25598,0,0,0,0,0,0,0,0,0,0,-31533,-17521,-2062,-4145,-9614,-21796,-31280,-28003,-253,-3530,100.0,69.4,13.2,8.0,12.6,74.0,90.0,95.2,10.0,4.8,100.0,69.4,13.2,8.0,12.6,74.0,90.0,95.2,10.0,4.8,0.0,0.0,0.0,0.0,0.0,0.0,0.0,0.0,0.0,0.0,324,182,71,66,35,57,243,170,324,182,71,66,35,57,243,170,0,0,0,0,0,0,0,0,19.6,38.3,29.1,52.4,19.4,37.1,27.8,50.9,19.6,38.3,29.1,52.4,19.4,37.1,27.8,50.9,0.0,0.0,0.0,0.0,0.0,0.0,0.0,0.0,(CONTRACTS OF 100 TROY OUNCES),GOLD,PRECIOUS METALS,NATURAL RESOURCES,FutOnly
241001088695F,MICRO GOLD - COMMODITY EXCHANGE INC.,2024-10-01T00:00:00.000,2024 Report Week 40,MICRO GOLD,088695,CMX ,NYC,088 ,GOLD,47225,17097,9569,10456,0,0,27553,20025,19672,27200,47225,17097,9569,10456,0,0,27553,20025,19672,27200,0,0,0,0,0,0,0,0,0,0,-2718,-5893,2861,1255,0,0,-4638,4116,1920,-6834,100.0,36.2,20.3,22.1,0.0,0.0,58.3,42.4,41.7,57.6,100.0,36.2,20.3,22.1,0.0,0.0,58.3,42.4,41.7,57.6,0.0,0.0,0.0,0.0,0.0,0.0,0.0,0.0,0.0,0.0,24,14,10,7,0,0,18,13,24,14,10,7,0,0,18,13,0,0,0,0,0,0,0,0,42.8,37.6,53.0,40.8,27.4,18.1,33.7,20.1,42.8,37.6,53.0,40.8,27.4,18.1,33.7,20.1,0.0,0.0,0.0,0.0,0.0,0.0,0.0,0.0,(CONTRACTS OF 10 TROY OUNCES),GOLD,PRECIOUS METALS,NATURAL RESOURCES,FutOnly
240924088695F,MICRO GOLD - COMMODITY EXCHANGE INC.,2024-09-24T00:00:00.000,2024 Report Week 39,MICRO GOLD,088695,CMX ,NYC,088 ,GOLD,49943,22990,6708,9201,0,0,32191,15909,17752,34034,49943,22990,6708,9201,0,0,32191,15909,17752,34034,0,0,0,0,0,0,0,0,0,0,2166,2800,-2025,594,0,0,3394,-1431,-1228,3597,100.0,46.0,13.4,18.4,0.0,0.0,64.5,31.9,35.5,68.1,100.0,46.0,13.4,18.4,0.0,0.0,64.5,31.9,35.5,68.1,0.0,0.0,0.0,0.0,0.0,0.0,0.0,0.0,0.0,0.0,23,15,8,7,0,0,18,12,23,15,8,7,0,0,18,12,0,0,0,0,0,0,0,0,43.2,25.6,55.5,30.3,30.9,11.7,42.2,13.4,43.2,25.6,55.5,30.3,30.9,11.7,42.2,13.4,0.0,0.0,0.0,0.0,0.0,0.0,0.0,0.0,(CONTRACTS OF 10 TROY OUNCES),GOLD,PRECIOUS METALS,NATURAL RESOURCES,FutOnly
240924088691F,GOLD - COMMODITY EXCHANGE INC.,2024-09-24T00:00:00.000,2024 Report Week 39,GOLD,088691,CMX ,NYC,088 ,GOLD,564640,387572,72182,46911,76713,416419,511196,535512,53444,29128,564640,387572,72182,46911,76713,416419,511196,535512,53444,29128,0,0,0,0,0,0,0,0,0,0,27013,17838,12514,6641,2066,6645,26545,25800,468,1213,100.0,68.6,12.8,8.3,13.6,73.7,90.5,94.8,9.5,5.2,100.0,68.6,12.8,8.3,13.6,73.7,90.5,94.8,9.5,5.2,0.0,0.0,0.0,0.0,0.0,0.0,0.0,0.0,0.0,0.0,336,195,70,82,39,56,268,176,336,195,70,82,39,56,268,176,0,0,0,0,0,0,0,0,18.6,38.1,27.6,53.4,18.2,36.6,26.6,51.3,18.6,38.1,27.6,53.4,18.2,36.6,26.6,51.3,0.0,0.0,0.0,0.0,0.0,0.0,0.0,0.0,(CONTRACTS OF 100 TROY OUNCES),GOLD,PRECIOUS METALS,NATURAL RESOURCES,FutOnly
240917088695F,MICRO GOLD - COMMODITY EXCHANGE INC.,2024-09-17T00:00:00.000,2024 Report Week 38,MICRO GOLD,088695,CMX ,NYC,088 ,GOLD,47777,20190,8733,8607,0,0,28797,17340,18980,30437,47777,20190,8733,8607,0,0,28797,17340,18980,30437,0,0,0,0,0,0,0,0,0,0,3053,2357,672,-406,0,0,1951,266,1102,2787,100.0,42.3,18.3,18.0,0.0,0.0,60.3,36.3,39.7,63.7,100.0,42.3,18.3,18.0,0.0,0.0,60.3,36.3,39.7,63.7,0.0,0.0,0.0,0.0,0.0,0.0,0.0,0.0,0.0,0.0,21,12,9,7,0,0,17,11,21,12,9,7,0,0,17,11,0,0,0,0,0,0,0,0,40.7,31.6,53.4,35.5,30.1,16.0,40.1,18.3,40.7,31.6,53.4,35.5,30.1,16.0,40.1,18.3,0.0,0.0,0.0,0.0,0.0,0.0,0.0,0.0,(CONTRACTS OF 10 TROY OUNCES),GOLD,PRECIOUS METALS,NATURAL RESOURCES,FutOnly
240917088691F,GOLD - COMMODITY EXCHANGE INC.,2024-09-17T00:00:00.000,2024 Report Week 38,GOLD,088691,CMX ,NYC,088 ,GOLD,537627,369734,59668,40270,74647,409774,484651,509712,52976,27915,537627,369734,59668,40270,74647,409774,484651,509712,52976,27915,0,0,0,0,0,0,0,0,0,0,26126,29728,2163,-2056,-3585,24643,24087,24750,2039,1376,100.0,68.8,11.1,7.5,13.9,76.2,90.1,94.8,9.9,5.2,100.0,68.8,11.1,7.5,13.9,76.2,90.1,94.8,9.9,5.2,0.0,0.0,0.0,0.0,0.0,0.0,0.0,0.0,0.0,0.0,326,191,67,76,37,54,258,169,326,191,67,76,37,54,258,169,0,0,0,0,0,0,0,0,18.5,40.6,27.7,55.9,18.2,39.1,26.6,54.3,18.5,40.6,27.7,55.9,18.2,39.1,26.6,54.3,0.0,0.0,0.0,0.0,0.0,0.0,0.0,0.0,(CONTRACTS OF 100 TROY OUNCES),GOLD,PRECIOUS METALS,NATURAL RESOURCES,FutOnly
240910088691F,GOLD - COMMODITY EXCHANGE INC.,2024-09-10T00:00:00.000,2024 Report Week 37,GOLD,088691,CMX ,NYC,088 ,GOLD,511501,340006,57505,42326,78232,385131,460564,484962,50937,26539,511501,340006,57505,42326,78232,385131,460564,484962,50937,26539,0,0,0,0,0,0,0,0,0,0,365,849,5906,1961,-2184,-7172,626,695,-261,-330,100.0,66.5,11.2,8.3,15.3,75.3,90.0,94.8,10.0,5.2,100.0,66.5,11.2,8.3,15.3,75.3,90.0,94.8,10.0,5.2,0.0,0.0,0.0,0.0,0.0,0.0,0.0,0.0,0.0,0.0,318,183,67,78,39,52,255,166,318,183,67,78,39,52,255,166,0,0,0,0,0,0,0,0,18.4,42.3,27.1,56.9,18.2,40.8,25.9,55.4,18.4,42.3,27.1,56.9,18.2,40.8,25.9,55.4,0.0,0.0,0.0,0.0,0.0,0.0,0.0,0.0,(CONTRACTS OF 100 TROY OUNCES),GOLD,PRECIOUS METALS,NATURAL RESOURCES,FutOnly
240910088695F,MICRO GOLD - COMMODITY EXCHANGE INC.,2024-09-10T00:00:00.000,2024 Report Week 37,MICRO GOLD,088695,CMX ,NYC,088 ,GOLD,44724,17833,8061,9013,0,0,26846,17074,17878,27650,44724,17833,8061,9013,0,0,26846,17074,17878,27650,0,0,0,0,0,0,0,0,0,0,130,-90,-2509,909,0,0,819,-1600,-689,1730,100.0,39.9,18.0,20.2,0.0,0.0,60.0,38.2,40.0,61.8,100.0,39.9,18.0,20.2,0.0,0.0,60.0,38.2,40.0,61.8,0.0,0.0,0.0,0.0,0.0,0.0,0.0,0.0,0.0,0.0,21,10,11,8,0,0,16,13,21,10,11,8,0,0,16,13,0,0,0,0,0,0,0,0,41.2,29.1,53.1,35.7,29.6,14.3,38.6,17.0,41.2,29.1,53.1,35.7,29.6,14.3,38.6,17.0,0.0,0.0,0.0,0.0,0.0,0.0,0.0,0.0,(CONTRACTS OF 10 TROY OUNCES),GOLD,PRECIOUS METALS,NATURAL RESOURCES,FutOnly
240903088691F,GOLD - COMMODITY EXCHANGE INC.,2024-09-03T00:00:00.000,2024 Report Week 36,GOLD,088691,CMX ,NYC,088 ,GOLD,511136,339157,51599,40365,80416,392303,459938,484267,51198,26869,511136,339157,51599,40365,80416,392303,459938,484267,51198,26869,0,0,0,0,0,0,0,0,0,0,-10623,-4173,2714,1727,-4686,-15118,-7132,-10677,-3491,54,100.0,66.4,10.1,7.9,15.7,76.8,90.0,94.7,10.0,5.3,100.0,66.4,10.1,7.9,15.7,76.8,90.0,94.7,10.0,5.3,0.0,0.0,0.0,0.0,0.0,0.0,0.0,0.0,0.0,0.0,313,180,65,75,38,55,245,170,313,180,65,75,38,55,245,170,0,0,0,0,0,0,0,0,17.8,44.0,27.2,59.1,17.6,42.5,26.2,57.6,17.8,44.0,27.2,59.1,17.6,42.5,26.2,57.6,0.0,0.0,0.0,0.0,0.0,0.0,0.0,0.0,(CONTRACTS OF 100 TROY OUNCES),GOLD,PRECIOUS METALS,NATURAL RESOURCES,FutOnly
240903088695F,MICRO GOLD - COMMODITY EXCHANGE INC.,2024-09-03T00:00:00.000,2024 Report Week 36,MICRO GOLD,088695,CMX ,NYC,088 ,GOLD,44594,17923,10570,8104,0,0,26027,18674,18567,25920,44594,17923,10570,8104,0,0,26027,18674,18567,25920,0,0,0,0,0,0,0,0,0,0,1285,-48,1184,1287,0,0,1239,2471,46,-1186,100.0,40.2,23.7,18.2,0.0,0.0,58.4,41.9,41.6,58.1,100.0,40.2,23.7,18.2,0.0,0.0,58.4,41.9,41.6,58.1,0.0,0.0,0.0,0.0,0.0,0.0,0.0,0.0,0.0,0.0,21,11,10,9,0,0,17,13,21,11,10,9,0,0,17,13,0,0,0,0,0,0,0,0,38.3,33.7,50.2,40.0,29.1,20.7,38.4,23.3,38.3,33.7,50.2,40.0,29.1,20.7,38.4,23.3,0.0,0.0,0.0,0.0,0.0,0.0,0.0,0.0,(CONTRACTS OF 10 TROY OUNCES),GOLD,PRECIOUS METALS,NATURAL RESOURCES,FutOnly
240827088695F,MICRO GOLD - COMMODITY EXCHANGE INC.,2024-08-27T00:00:00.000,2024 Report Week 35,MICRO GOLD,088695,CMX ,NYC,088 ,GOLD,43309,17971,9386,6817,0,0,24788,16203,18521,27106,43309,17971,9386,6817,0,0,24788,16203,18521,27106,0,0,0,0,0,0,0,0,0,0,-869,-1022,-178,-334,0,0,-1356,-512,487,-357,100.0,41.5,21.7,15.7,0.0,0.0,57.2,37.4,42.8,62.6,100.0,41.5,21.7,15.7,0.0,0.0,57.2,37.4,42.8,62.6,0.0,0.0,0.0,0.0,0.0,0.0,0.0,0.0,0.0,0.0,20,12,8,7,0,0,17,10,20,12,8,7,0,0,17,10,0,0,0,0,0,0,0,0,36.1,30.1,48.4,36.1,29.3,19.4,38.6,21.7,36.1,30.1,48.4,36.1,29.3,19.4,38.6,21.7,0.0,0.0,0.0,0.0,0.0,0.0,0.0,0.0,(CONTRACTS OF 10 TROY OUNCES),GOLD,PRECIOUS METALS,NATURAL RESOURCES,FutOnly
240827088691F,GOLD - COMMODITY EXCHANGE INC.,2024-08-27T00:00:00.000,2024 Report Week 35,GOLD,088691,CMX ,NYC,088 ,GOLD,521759,343330,48885,38638,85102,407421,467070,494944,54689,26815,521759,343330,48885,38638,85102,407421,467070,494944,54689,26815,0,0,0,0,0,0,0,0,0,0,-11108,-12221,-15413,472,-1130,4683,-12879,-10258,1771,-850,100.0,65.8,9.4,7.4,16.3,78.1,89.5,94.9,10.5,5.1,100.0,65.8,9.4,7.4,16.3,78.1,89.5,94.9,10.5,5.1,0.0,0.0,0.0,0.0,0.0,0.0,0.0,0.0,0.0,0.0,324,192,62,75,40,53,258,167,324,192,62,75,40,53,258,167,0,0,0,0,0,0,0,0,17.0,43.4,26.0,59.0,16.9,41.1,25.0,56.7,17.0,43.4,26.0,59.0,16.9,41.1,25.0,56.7,0.0,0.0,0.0,0.0,0.0,0.0,0.0,0.0,(CONTRACTS OF 100 TROY OUNCES),GOLD,PRECIOUS METALS,NATURAL RESOURCES,FutOnly
240820088695F,MICRO GOLD - COMMODITY EXCHANGE INC.,2024-08-20T00:00:00.000,2024 Report Week 34,MICRO GOLD,088695,CMX ,NYC,088 ,GOLD,44178,18993,9564,7151,0,0,26144,16715,18034,27463,44178,18993,9564,7151,0,0,26144,16715,18034,27463,0,0,0,0,0,0,0,0,0,0,6122,3126,3273,569,0,0,3695,3842,2427,2280,100.0,43.0,21.6,16.2,0.0,0.0,59.2,37.8,40.8,62.2,100.0,43.0,21.6,16.2,0.0,0.0,59.2,37.8,40.8,62.2,0.0,0.0,0.0,0.0,0.0,0.0,0.0,0.0,0.0,0.0,22,15,7,7,0,0,19,10,22,15,7,7,0,0,19,10,0,0,0,0,0,0,0,0,33.6,28.9,48.8,36.6,28.7,20.3,38.4,21.6,33.6,28.9,48.8,36.6,28.7,20.3,38.4,21.6,0.0,0.0,0.0,0.0,0.0,0.0,0.0,0.0,(CONTRACTS OF 10 TROY OUNCES),GOLD,PRECIOUS METALS,NATURAL RESOURCES,FutOnly
240820088691F,GOLD - COMMODITY EXCHANGE INC.,2024-08-20T00:00:00.000,2024 Report Week 34,GOLD,088691,CMX ,NYC,088 ,GOLD,532867,355551,64298,38166,86232,402738,479949,505202,52918,27665,532867,355551,64298,38166,86232,402738,479949,505202,52918,27665,0,0,0,0,0,0,0,0,0,0,26995,26782,2793,-236,-2081,21923,24465,24480,2530,2515,100.0,66.7,12.1,7.2,16.2,75.6,90.1,94.8,9.9,5.2,100.0,66.7,12.1,7.2,16.2,75.6,90.1,94.8,9.9,5.2,0.0,0.0,0.0,0.0,0.0,0.0,0.0,0.0,0.0,0.0,341,200,70,79,43,52,275,172,341,200,70,79,43,52,275,172,0,0,0,0,0,0,0,0,16.8,41.5,26.1,56.7,16.6,38.8,25.1,53.9,16.8,41.5,26.1,56.7,16.6,38.8,25.1,53.9,0.0,0.0,0.0,0.0,0.0,0.0,0.0,0.0,(CONTRACTS OF 100 TROY OUNCES),GOLD,PRECIOUS METALS,NATURAL RESOURCES,FutOnly
240813088691F,GOLD - COMMODITY EXCHANGE INC.,2024-08-13T00:00:00.000,2024 Report Week 33,GOLD,088691,CMX ,NYC,088 ,GOLD,505872,328769,61505,38402,88313,380815,455484,480722,50388,25150,505872,328769,61505,38402,88313,380815,455484,480722,50388,25150,0,0,0,0,0,0,0,0,0,0,25227,30650,2135,-4477,-129,23339,26044,20997,-817,4230,100.0,65.0,12.2,7.6,17.5,75.3,90.0,95.0,10.0,5.0,100.0,65.0,12.2,7.6,17.5,75.3,90.0,95.0,10.0,5.0,0.0,0.0,0.0,0.0,0.0,0.0,0.0,0.0,0.0,0.0,329,186,75,75,41,50,263,168,329,186,75,75,41,50,263,168,0,0,0,0,0,0,0,0,16.8,42.9,26.4,56.9,16.8,40.0,25.3,53.9,16.8,42.9,26.4,56.9,16.8,40.0,25.3,53.9,0.0,0.0,0.0,0.0,0.0,0.0,0.0,0.0,(CONTRACTS OF 100 TROY OUNCES),GOLD,PRECIOUS METALS,NATURAL RESOURCES,FutOnly
240813088695F,MICRO GOLD - COMMODITY EXCHANGE INC.,2024-08-13T00:00:00.000,2024 Report Week 33,MICRO GOLD,088695,CMX ,NYC,088 ,GOLD,38056,15867,6291,6582,0,0,22449,12873,15607,25183,38056,15867,6291,6582,0,0,22449,12873,15607,25183,0,0,0,0,0,0,0,0,0,0,,,,,,,,,,,100.0,41.7,16.5,17.3,0.0,0.0,59.0,33.8,41.0,66.2,100.0,41.7,16.5,17.3,0.0,0.0,59.0,33.8,41.0,66.2,0.0,0.0,0.0,0.0,0.0,0.0,0.0,0.0,0.0,0.0,20,13,7,7,0,0,17,10,20,13,7,7,0,0,17,10,0,0,0,0,0,0,0,0,33.1,23.7,47.6,32.8,26.1,15.2,36.7,16.5,33.1,23.7,47.6,32.8,26.1,15.2,36.7,16.5,0.0,0.0,0.0,0.0,0.0,0.0,0.0,0.0,(CONTRACTS OF 10 TROY OUNCES),GOLD,PRECIOUS METALS,NATURAL RESOURCES,FutOnly
240806088691F,GOLD - COMMODITY EXCHANGE INC.,2024-08-06T00:00:00.000,2024 Report Week 32,GOLD,088691,CMX ,NYC,088 ,GOLD,480645,298119,59370,42879,88442,357476,429440,459725,51205,20920,480645,298119,59370,42879,88442,357476,429440,459725,51205,20920,0,0,0,0,0,0,0,0,0,0,-30269,-15245,-7393,-5725,-10573,-14396,-31543,-27514,1274,-2755,100.0,62.0,12.4,8.9,18.4,74.4,89.3,95.6,10.7,4.4,100.0,62.0,12.4,8.9,18.4,74.4,89.3,95.6,10.7,4.4,0.0,0.0,0.0,0.0,0.0,0.0,0.0,0.0,0.0,0.0,306,165,74,86,42,50,253,169,306,165,74,86,42,50,253,169,0,0,0,0,0,0,0,0,17.6,44.4,27.6,58.5,17.5,42.0,26.5,55.9,17.6,44.4,27.6,58.5,17.5,42.0,26.5,55.9,0.0,0.0,0.0,0.0,0.0,0.0,0.0,0.0,(CONTRACTS OF 100 TROY OUNCES),GOLD,PRECIOUS METALS,NATURAL RESOURCES,FutOnly
240730088691F,GOLD - COMMODITY EXCHANGE INC.,2024-07-30T00:00:00.000,2024 Report Week 31,GOLD,088691,CMX ,NYC,088 ,GOLD,510914,313364,66763,48604,99015,371872,460983,487239,49931,23675,510914,313364,66763,48604,99015,371872,460983,487239,49931,23675,0,0,0,0,0,0,0,0,0,0,-61392,-28236,-1763,-26160,-3222,-31290,-57618,-59213,-3774,-2179,100.0,61.3,13.1,9.5,19.4,72.8,90.2,95.4,9.8,4.6,100.0,61.3,13.1,9.5,19.4,72.8,90.2,95.4,9.8,4.6,0.0,0.0,0.0,0.0,0.0,0.0,0.0,0.0,0.0,0.0,319,190,60,78,41,50,264,160,319,190,60,78,41,50,264,160,0,0,0,0,0,0,0,0,16.5,39.5,26.7,55.1,16.5,36.9,24.7,51.0,16.5,39.5,26.7,55.1,16.5,36.9,24.7,51.0,0.0,0.0,0.0,0.0,0.0,0.0,0.0,0.0,(CONTRACTS OF 100 TROY OUNCES),GOLD,PRECIOUS METALS,NATURAL RESOURCES,FutOnly
240723088691F,GOLD - COMMODITY EXCHANGE INC.,2024-07-23T00:00:00.000,2024 Report Week 30,GOLD,088691,CMX ,NYC,088 ,GOLD,572306,341600,68526,74764,102237,403162,518601,546452,53705,25854,572306,341600,68526,74764,102237,403162,518601,546452,53705,25854,0,0,0,0,0,0,0,0,0,0,-7556,-8227,3723,8584,-7804,-16183,-7447,-3876,-109,-3680,100.0,59.7,12.0,13.1,17.9,70.4,90.6,95.5,9.4,4.5,100.0,59.7,12.0,13.1,17.9,70.4,90.6,95.5,9.4,4.5,0.0,0.0,0.0,0.0,0.0,0.0,0.0,0.0,0.0,0.0,332,198,64,82,47,51,279,167,332,198,64,82,47,51,279,167,0,0,0,0,0,0,0,0,15.3,35.7,26.0,49.9,14.3,34.3,23.0,48.2,15.3,35.7,26.0,49.9,14.3,34.3,23.0,48.2,0.0,0.0,0.0,0.0,0.0,0.0,0.0,0.0,(CONTRACTS OF 100 TROY OUNCES),GOLD,PRECIOUS METALS,NATURAL RESOURCES,FutOnly
240723088695F,MICRO GOLD - COMMODITY EXCHANGE INC.,2024-07-23T00:00:00.000,2024 Report Week 30,MICRO GOLD,088695,CMX ,NYC,088 ,GOLD,43847,14419,10267,10621,0,0,25040,20888,18807,22959,43847,14419,10267,10621,0,0,25040,20888,18807,22959,0,0,0,0,0,0,0,0,0,0,92,-1003,1685,112,0,0,-891,1797,983,-1705,100.0,32.9,23.4,24.2,0.0,0.0,57.1,47.6,42.9,52.4,100.0,32.9,23.4,24.2,0.0,0.0,57.1,47.6,42.9,52.4,0.0,0.0,0.0,0.0,0.0,0.0,0.0,0.0,0.0,0.0,21,13,8,9,0,0,17,13,21,13,8,9,0,0,17,13,0,0,0,0,0,0,0,0,37.4,36.9,50.5,44.4,21.6,21.5,28.9,23.4,37.4,36.9,50.5,44.4,21.6,21.5,28.9,23.4,0.0,0.0,0.0,0.0,0.0,0.0,0.0,0.0,(CONTRACTS OF 10 TROY OUNCES),GOLD,PRECIOUS METALS,NATURAL RESOURCES,FutOnly
240716088691F,GOLD - COMMODITY EXCHANGE INC.,2024-07-16T00:00:00.000,2024 Report Week 29,GOLD,088691,CMX ,NYC,088 ,GOLD,579862,349827,64803,66180,110041,419345,526048,550328,53814,29534,579862,349827,64803,66180,110041,419345,526048,550328,53814,29534,0,0,0,0,0,0,0,0,0,0,63538,46784,16535,-3571,17134,45809,60347,58773,3191,4765,100.0,60.3,11.2,11.4,19.0,72.3,90.7,94.9,9.3,5.1,100.0,60.3,11.2,11.4,19.0,72.3,90.7,94.9,9.3,5.1,0.0,0.0,0.0,0.0,0.0,0.0,0.0,0.0,0.0,0.0,343,205,66,85,42,57,278,181,343,205,66,85,42,57,278,181,0,0,0,0,0,0,0,0,14.6,36.4,24.9,50.0,14.2,33.5,23.2,46.7,14.6,36.4,24.9,50.0,14.2,33.5,23.2,46.7,0.0,0.0,0.0,0.0,0.0,0.0,0.0,0.0,(CONTRACTS OF 100 TROY OUNCES),GOLD,PRECIOUS METALS,NATURAL RESOURCES,FutOnly
240716088695F,MICRO GOLD - COMMODITY EXCHANGE INC.,2024-07-16T00:00:00.000,2024 Report Week 29,MICRO GOLD,088695,CMX ,NYC,088 ,GOLD,43755,15422,8582,10509,0,0,25931,19091,17824,24664,43755,15422,8582,10509,0,0,25931,19091,17824,24664,0,0,0,0,0,0,0,0,0,0,5095,4073,-2366,1179,0,0,5252,-1187,-157,6282,100.0,35.2,19.6,24.0,0.0,0.0,59.3,43.6,40.7,56.4,100.0,35.2,19.6,24.0,0.0,0.0,59.3,43.6,40.7,56.4,0.0,0.0,0.0,0.0,0.0,0.0,0.0,0.0,0.0,0.0,20,13,7,8,0,0,16,12,20,13,7,8,0,0,16,12,0,0,0,0,0,0,0,0,36.9,32.6,53.8,41.3,23.6,17.7,31.8,19.6,36.9,32.6,53.8,41.3,23.6,17.7,31.8,19.6,0.0,0.0,0.0,0.0,0.0,0.0,0.0,0.0,(CONTRACTS OF 10 TROY OUNCES),GOLD,PRECIOUS METALS,NATURAL RESOURCES,FutOnly
240709088695F,MICRO GOLD - COMMODITY EXCHANGE INC.,2024-07-09T00:00:00.000,2024 Report Week 28,MICRO GOLD,088695,CMX ,NYC,088 ,GOLD,38660,11349,10948,9330,0,0,20679,20278,17981,18382,38660,11349,10948,9330,0,0,20679,20278,17981,18382,0,0,0,0,0,0,0,0,0,0,7699,1278,459,5976,0,0,7254,6435,445,1264,100.0,29.4,28.3,24.1,0.0,0.0,53.5,52.5,46.5,47.5,100.0,29.4,28.3,24.1,0.0,0.0,53.5,52.5,46.5,47.5,0.0,0.0,0.0,0.0,0.0,0.0,0.0,0.0,0.0,0.0,21,12,8,8,0,0,16,13,21,12,8,8,0,0,16,13,0,0,0,0,0,0,0,0,35.3,38.0,47.6,48.4,20.6,25.3,26.6,28.3,35.3,38.0,47.6,48.4,20.6,25.3,26.6,28.3,0.0,0.0,0.0,0.0,0.0,0.0,0.0,0.0,(CONTRACTS OF 10 TROY OUNCES),GOLD,PRECIOUS METALS,NATURAL RESOURCES,FutOnly
240709088691F,GOLD - COMMODITY EXCHANGE INC.,2024-07-09T00:00:00.000,2024 Report Week 28,GOLD,088691,CMX ,NYC,088 ,GOLD,516324,303043,48268,69751,92907,373536,465701,491555,50623,24769,516324,303043,48268,69751,92907,373536,465701,491555,50623,24769,0,0,0,0,0,0,0,0,0,0,61594,22926,9694,29737,6002,21832,58665,61263,2929,331,100.0,58.7,9.3,13.5,18.0,72.3,90.2,95.2,9.8,4.8,100.0,58.7,9.3,13.5,18.0,72.3,90.2,95.2,9.8,4.8,0.0,0.0,0.0,0.0,0.0,0.0,0.0,0.0,0.0,0.0,321,197,52,87,42,55,266,171,321,197,52,87,42,55,266,171,0,0,0,0,0,0,0,0,16.3,37.2,26.7,51.9,15.2,35.7,23.3,49.7,16.3,37.2,26.7,51.9,15.2,35.7,23.3,49.7,0.0,0.0,0.0,0.0,0.0,0.0,0.0,0.0,(CONTRACTS OF 100 TROY OUNCES),GOLD,PRECIOUS METALS,NATURAL RESOURCES,FutOnly
240702088691F,GOLD - COMMODITY EXCHANGE INC.,2024-07-02T00:00:00.000,2024 Report Week 27,GOLD,088691,CMX ,NYC,088 ,GOLD,454730,280117,38574,40014,86905,351704,407036,430292,47694,24438,454730,280117,38574,40014,86905,351704,407036,430292,47694,24438,0,0,0,0,0,0,0,0,0,0,2540,-4768,-82,7696,354,-6335,3282,1279,-742,1261,100.0,61.6,8.5,8.8,19.1,77.3,89.5,94.6,10.5,5.4,100.0,61.6,8.5,8.8,19.1,77.3,89.5,94.6,10.5,5.4,0.0,0.0,0.0,0.0,0.0,0.0,0.0,0.0,0.0,0.0,306,188,49,81,41,51,254,159,306,188,49,81,41,51,254,159,0,0,0,0,0,0,0,0,17.0,41.4,26.8,57.1,16.9,39.2,25.6,54.8,17.0,41.4,26.8,57.1,16.9,39.2,25.6,54.8,0.0,0.0,0.0,0.0,0.0,0.0,0.0,0.0,(CONTRACTS OF 100 TROY OUNCES),GOLD,PRECIOUS METALS,NATURAL RESOURCES,FutOnly
240702088695F,MICRO GOLD - COMMODITY EXCHANGE INC.,2024-07-02T00:00:00.000,2024 Report Week 27,MICRO GOLD,088695,CMX ,NYC,088 ,GOLD,30961,10071,10489,3354,0,0,13425,13843,17536,17118,30961,10071,10489,3354,0,0,13425,13843,17536,17118,0,0,0,0,0,0,0,0,0,0,601,357,639,623,0,0,980,1262,-379,-661,100.0,32.5,33.9,10.8,0.0,0.0,43.4,44.7,56.6,55.3,100.0,32.5,33.9,10.8,0.0,0.0,43.4,44.7,56.6,55.3,0.0,0.0,0.0,0.0,0.0,0.0,0.0,0.0,0.0,0.0,22,12,9,9,0,0,17,14,22,12,9,9,0,0,17,14,0,0,0,0,0,0,0,0,28.1,32.1,36.9,41.1,22.3,29.6,29.2,33.4,28.1,32.1,36.9,41.1,22.3,29.6,29.2,33.4,0.0,0.0,0.0,0.0,0.0,0.0,0.0,0.0,(CONTRACTS OF 10 TROY OUNCES),GOLD,PRECIOUS METALS,NATURAL RESOURCES,FutOnly
240625088691F,GOLD - COMMODITY EXCHANGE INC.,2024-06-25T00:00:00.000,2024 Report Week 26,GOLD,088691,CMX ,NYC,088 ,GOLD,452190,284885,38656,32318,86551,358039,403754,429013,48436,23177,452190,284885,38656,32318,86551,358039,403754,429013,48436,23177,0,0,0,0,0,0,0,0,0,0,7845,-2262,-5407,6219,3111,6869,7068,7681,777,164,100.0,63.0,8.5,7.1,19.1,79.2,89.3,94.9,10.7,5.1,100.0,63.0,8.5,7.1,19.1,79.2,89.3,94.9,10.7,5.1,0.0,0.0,0.0,0.0,0.0,0.0,0.0,0.0,0.0,0.0,300,180,53,72,40,54,243,158,300,180,53,72,40,54,243,158,0,0,0,0,0,0,0,0,17.7,42.6,27.9,58.7,17.5,40.3,26.5,56.4,17.7,42.6,27.9,58.7,17.5,40.3,26.5,56.4,0.0,0.0,0.0,0.0,0.0,0.0,0.0,0.0,(CONTRACTS OF 100 TROY OUNCES),GOLD,PRECIOUS METALS,NATURAL RESOURCES,FutOnly
240625088695F,MICRO GOLD - COMMODITY EXCHANGE INC.,2024-06-25T00:00:00.000,2024 Report Week 26,MICRO GOLD,088695,CMX ,NYC,088 ,GOLD,30360,9714,9850,2731,0,0,12445,12581,17915,17779,30360,9714,9850,2731,0,0,12445,12581,17915,17779,0,0,0,0,0,0,0,0,0,0,-1220,-3666,-671,147,0,0,-3519,-524,2299,-696,100.0,32.0,32.4,9.0,0.0,0.0,41.0,41.4,59.0,58.6,100.0,32.0,32.4,9.0,0.0,0.0,41.0,41.4,59.0,58.6,0.0,0.0,0.0,0.0,0.0,0.0,0.0,0.0,0.0,0.0,21,13,8,8,0,0,16,13,21,13,8,8,0,0,16,13,0,0,0,0,0,0,0,0,26.2,30.3,35.1,37.9,19.7,29.0,27.5,32.4,26.2,30.3,35.1,37.9,19.7,29.0,27.5,32.4,0.0,0.0,0.0,0.0,0.0,0.0,0.0,0.0,(CONTRACTS OF 10 TROY OUNCES),GOLD,PRECIOUS METALS,NATURAL RESOURCES,FutOnly
240618088691F,GOLD - COMMODITY EXCHANGE INC.,2024-06-18T00:00:00.000,2024 Report Week 25,GOLD,088691,CMX ,NYC,088 ,GOLD,444345,287147,44063,26099,83440,351170,396686,421332,47659,23013,444345,287147,44063,26099,83440,351170,396686,421332,47659,23013,0,0,0,0,0,0,0,0,0,0,7488,10378,1220,-1504,1266,8485,10140,8201,-2652,-713,100.0,64.6,9.9,5.9,18.8,79.0,89.3,94.8,10.7,5.2,100.0,64.6,9.9,5.9,18.8,79.0,89.3,94.8,10.7,5.2,0.0,0.0,0.0,0.0,0.0,0.0,0.0,0.0,0.0,0.0,308,182,57,68,41,57,248,160,308,182,57,68,41,57,248,160,0,0,0,0,0,0,0,0,17.8,42.1,28.1,58.5,17.8,39.9,26.8,56.1,17.8,42.1,28.1,58.5,17.8,39.9,26.8,56.1,0.0,0.0,0.0,0.0,0.0,0.0,0.0,0.0,(CONTRACTS OF 100 TROY OUNCES),GOLD,PRECIOUS METALS,NATURAL RESOURCES,FutOnly
240618088695F,MICRO GOLD - COMMODITY EXCHANGE INC.,2024-06-18T00:00:00.000,2024 Report Week 25,MICRO GOLD,088695,CMX ,NYC,088 ,GOLD,31580,13380,10521,2584,0,0,15964,13105,15616,18475,31580,13380,10521,2584,0,0,15964,13105,15616,18475,0,0,0,0,0,0,0,0,0,0,-929,404,-669,640,0,-390,1044,-419,-1973,-510,100.0,42.4,33.3,8.2,0.0,0.0,50.6,41.5,49.4,58.5,100.0,42.4,33.3,8.2,0.0,0.0,50.6,41.5,49.4,58.5,0.0,0.0,0.0,0.0,0.0,0.0,0.0,0.0,0.0,0.0,22,14,8,8,0,0,18,12,22,14,8,8,0,0,18,12,0,0,0,0,0,0,0,0,30.8,32.0,43.4,39.7,28.0,30.3,37.7,33.3,30.8,32.0,43.4,39.7,28.0,30.3,37.7,33.3,0.0,0.0,0.0,0.0,0.0,0.0,0.0,0.0,(CONTRACTS OF 10 TROY OUNCES),GOLD,PRECIOUS METALS,NATURAL RESOURCES,FutOnly
240611088691F,GOLD - COMMODITY EXCHANGE INC.,2024-06-11T00:00:00.000,2024 Report Week 24,GOLD,088691,CMX ,NYC,088 ,GOLD,436857,276769,42843,27603,82174,342685,386546,413131,50311,23726,436857,276769,42843,27603,82174,342685,386546,413131,50311,23726,0,0,0,0,0,0,0,0,0,0,-10631,-7797,-4421,-2094,-1244,-6664,-11135,-13179,504,2548,100.0,63.4,9.8,6.3,18.8,78.4,88.5,94.6,11.5,5.4,100.0,63.4,9.8,6.3,18.8,78.4,88.5,94.6,11.5,5.4,0.0,0.0,0.0,0.0,0.0,0.0,0.0,0.0,0.0,0.0,294,170,62,70,40,48,236,156,294,170,62,70,40,48,236,156,0,0,0,0,0,0,0,0,17.8,42.4,27.7,59.1,17.7,40.5,26.6,56.6,17.8,42.4,27.7,59.1,17.7,40.5,26.6,56.6,0.0,0.0,0.0,0.0,0.0,0.0,0.0,0.0,(CONTRACTS OF 100 TROY OUNCES),GOLD,PRECIOUS METALS,NATURAL RESOURCES,FutOnly
240611088695F,MICRO GOLD - COMMODITY EXCHANGE INC.,2024-06-11T00:00:00.000,2024 Report Week 24,MICRO GOLD,088695,CMX ,NYC,088 ,GOLD,32509,12976,11190,1944,0,390,14920,13524,17589,18985,32509,12976,11190,1944,0,390,14920,13524,17589,18985,0,0,0,0,0,0,0,0,0,0,,,,,,,,,,,100.0,39.9,34.4,6.0,0.0,1.2,45.9,41.6,54.1,58.4,100.0,39.9,34.4,6.0,0.0,1.2,45.9,41.6,54.1,58.4,0.0,0.0,0.0,0.0,0.0,0.0,0.0,0.0,0.0,0.0,21,13,7,8,0,1,16,13,21,13,7,8,0,1,16,13,0,0,0,0,0,0,0,0,26.6,32.8,39.3,39.8,25.0,32.2,35.3,35.6,26.6,32.8,39.3,39.8,25.0,32.2,35.3,35.6,0.0,0.0,0.0,0.0,0.0,0.0,0.0,0.0,(CONTRACTS OF 10 TROY OUNCES),GOLD,PRECIOUS METALS,NATURAL RESOURCES,FutOnly
240604088691F,GOLD - COMMODITY EXCHANGE INC.,2024-06-04T00:00:00.000,2024 Report Week 23,GOLD,088691,CMX ,NYC,088 ,GOLD,447488,284566,47264,29697,83418,349349,397681,426310,49807,21178,447488,284566,47264,29697,83418,349349,397681,426310,49807,21178,0,0,0,0,0,0,0,0,0,0,-37942,-2171,-2888,-8287,-25763,-20782,-36221,-31957,-1721,-5985,100.0,63.6,10.6,6.6,18.6,78.1,88.9,95.3,11.1,4.7,100.0,63.6,10.6,6.6,18.6,78.1,88.9,95.3,11.1,4.7,0.0,0.0,0.0,0.0,0.0,0.0,0.0,0.0,0.0,0.0,311,183,63,78,40,51,255,163,311,183,63,78,40,51,255,163,0,0,0,0,0,0,0,0,17.1,42.5,26.3,58.7,17.0,40.4,25.8,56.2,17.1,42.5,26.3,58.7,17.0,40.4,25.8,56.2,0.0,0.0,0.0,0.0,0.0,0.0,0.0,0.0,(CONTRACTS OF 100 TROY OUNCES),GOLD,PRECIOUS METALS,NATURAL RESOURCES,FutOnly
240528088691F,GOLD - COMMODITY EXCHANGE INC.,2024-05-28T00:00:00.000,2024 Report Week 22,GOLD,088691,CMX ,NYC,088 ,GOLD,485430,286737,50152,37984,109181,370131,433902,458267,51528,27163,485430,286737,50152,37984,109181,370131,433902,458267,51528,27163,0,0,0,0,0,0,0,0,0,0,-45161,-13992,-20771,-18100,-9333,-7046,-41425,-45917,-3736,756,100.0,59.1,10.3,7.8,22.5,76.2,89.4,94.4,10.6,5.6,100.0,59.1,10.3,7.8,22.5,76.2,89.4,94.4,10.6,5.6,0.0,0.0,0.0,0.0,0.0,0.0,0.0,0.0,0.0,0.0,316,187,63,81,39,56,261,167,316,187,63,81,39,56,261,167,0,0,0,0,0,0,0,0,16.0,37.5,25.5,53.6,15.5,35.0,24.3,50.6,16.0,37.5,25.5,53.6,15.5,35.0,24.3,50.6,0.0,0.0,0.0,0.0,0.0,0.0,0.0,0.0,(CONTRACTS OF 100 TROY OUNCES),GOLD,PRECIOUS METALS,NATURAL RESOURCES,FutOnly
240528088695F,MICRO GOLD - COMMODITY EXCHANGE INC.,2024-05-28T00:00:00.000,2024 Report Week 22,MICRO GOLD,088695,CMX ,NYC,088 ,GOLD,40454,15189,13941,8013,0,0,23202,21954,17252,18500,40454,15189,13941,8013,0,0,23202,21954,17252,18500,0,0,0,0,0,0,0,0,0,0,-952,-2048,988,523,0,0,-1525,1511,573,-2463,100.0,37.5,34.5,19.8,0.0,0.0,57.4,54.3,42.6,45.7,100.0,37.5,34.5,19.8,0.0,0.0,57.4,54.3,42.6,45.7,0.0,0.0,0.0,0.0,0.0,0.0,0.0,0.0,0.0,0.0,20,12,8,9,0,0,17,12,20,12,8,9,0,0,17,12,0,0,0,0,0,0,0,0,28.9,45.0,48.6,51.6,22.8,31.4,34.5,34.5,28.9,45.0,48.6,51.6,22.8,31.4,34.5,34.5,0.0,0.0,0.0,0.0,0.0,0.0,0.0,0.0,(CONTRACTS OF 10 TROY OUNCES),GOLD,PRECIOUS METALS,NATURAL RESOURCES,FutOnly
240521088691F,GOLD - COMMODITY EXCHANGE INC.,2024-05-21T00:00:00.000,2024 Report Week 21,GOLD,088691,CMX ,NYC,088 ,GOLD,530591,300729,70923,56084,118514,377177,475327,504184,55264,26407,530591,300729,70923,56084,118514,377177,475327,504184,55264,26407,0,0,0,0,0,0,0,0,0,0,7639,23087,-2223,-3010,-15069,11484,5008,6251,2631,1388,100.0,56.7,13.4,10.6,22.3,71.1,89.6,95.0,10.4,5.0,100.0,56.7,13.4,10.6,22.3,71.1,89.6,95.0,10.4,5.0,0.0,0.0,0.0,0.0,0.0,0.0,0.0,0.0,0.0,0.0,333,193,64,89,44,61,283,174,333,193,64,89,44,61,283,174,0,0,0,0,0,0,0,0,14.9,34.9,23.7,49.7,14.4,32.7,22.2,47.4,14.9,34.9,23.7,49.7,14.4,32.7,22.2,47.4,0.0,0.0,0.0,0.0,0.0,0.0,0.0,0.0,(CONTRACTS OF 100 TROY OUNCES),GOLD,PRECIOUS METALS,NATURAL RESOURCES,FutOnly
240521088695F,MICRO GOLD - COMMODITY EXCHANGE INC.,2024-05-21T00:00:00.000,2024 Report Week 21,MICRO GOLD,088695,CMX ,NYC,088 ,GOLD,41406,17237,12953,7490,0,0,24727,20443,16679,20963,41406,17237,12953,7490,0,0,24727,20443,16679,20963,0,0,0,0,0,0,0,0,0,0,808,537,342,-57,0,0,480,285,328,523,100.0,41.6,31.3,18.1,0.0,0.0,59.7,49.4,40.3,50.6,100.0,41.6,31.3,18.1,0.0,0.0,59.7,49.4,40.3,50.6,0.0,0.0,0.0,0.0,0.0,0.0,0.0,0.0,0.0,0.0,22,14,8,9,0,0,19,12,22,14,8,9,0,0,19,12,0,0,0,0,0,0,0,0,32.9,39.6,50.1,47.6,23.3,28.3,35.9,31.3,32.9,39.6,50.1,47.6,23.3,28.3,35.9,31.3,0.0,0.0,0.0,0.0,0.0,0.0,0.0,0.0,(CONTRACTS OF 10 TROY OUNCES),GOLD,PRECIOUS METALS,NATURAL RESOURCES,FutOnly
240514088691F,GOLD - COMMODITY EXCHANGE INC.,2024-05-14T00:00:00.000,2024 Report Week 20,GOLD,088691,CMX ,NYC,088 ,GOLD,522952,277642,73146,59094,133583,365693,470319,497933,52633,25019,522952,277642,73146,59094,133583,365693,470319,497933,52633,25019,0,0,0,0,0,0,0,0,0,0,-6883,5498,569,-18997,8684,13528,-4815,-4900,-2068,-1983,100.0,53.1,14.0,11.3,25.5,69.9,89.9,95.2,10.1,4.8,100.0,53.1,14.0,11.3,25.5,69.9,89.9,95.2,10.1,4.8,0.0,0.0,0.0,0.0,0.0,0.0,0.0,0.0,0.0,0.0,338,194,71,88,46,55,279,180,338,194,71,88,46,55,279,180,0,0,0,0,0,0,0,0,16.5,36.4,26.8,50.5,14.3,31.2,22.0,45.1,16.5,36.4,26.8,50.5,14.3,31.2,22.0,45.1,0.0,0.0,0.0,0.0,0.0,0.0,0.0,0.0,(CONTRACTS OF 100 TROY OUNCES),GOLD,PRECIOUS METALS,NATURAL RESOURCES,FutOnly
240514088695F,MICRO GOLD - COMMODITY EXCHANGE INC.,2024-05-14T00:00:00.000,2024 Report Week 20,MICRO GOLD,088695,CMX ,NYC,088 ,GOLD,40598,16700,12611,7547,0,0,24247,20158,16351,20440,40598,16700,12611,7547,0,0,24247,20158,16351,20440,0,0,0,0,0,0,0,0,0,0,,,,,,,,,,,100.0,41.1,31.1,18.6,0.0,0.0,59.7,49.7,40.3,50.3,100.0,41.1,31.1,18.6,0.0,0.0,59.7,49.7,40.3,50.3,0.0,0.0,0.0,0.0,0.0,0.0,0.0,0.0,0.0,0.0,21,12,9,9,0,0,17,13,21,12,9,9,0,0,17,13,0,0,0,0,0,0,0,0,35.7,39.9,53.2,47.1,23.4,27.1,37.9,30.4,35.7,39.9,53.2,47.1,23.4,27.1,37.9,30.4,0.0,0.0,0.0,0.0,0.0,0.0,0.0,0.0,(CONTRACTS OF 10 TROY OUNCES),GOLD,PRECIOUS METALS,NATURAL RESOURCES,FutOnly
240507088691F,GOLD - COMMODITY EXCHANGE INC.,2024-05-07T00:00:00.000,2024 Report Week 19,GOLD,088691,CMX ,NYC,088 ,GOLD,529835,272144,72577,78091,124899,352165,475134,502833,54701,27002,529835,272144,72577,78091,124899,352165,475134,502833,54701,27002,0,0,0,0,0,0,0,0,0,0,10044,-6706,-2063,14349,-2026,-2258,5617,10028,4427,16,100.0,51.4,13.7,14.7,23.6,66.5,89.7,94.9,10.3,5.1,100.0,51.4,13.7,14.7,23.6,66.5,89.7,94.9,10.3,5.1,0.0,0.0,0.0,0.0,0.0,0.0,0.0,0.0,0.0,0.0,327,183,73,82,42,53,261,176,327,183,73,82,42,53,261,176,0,0,0,0,0,0,0,0,19.0,36.4,29.2,52.7,13.8,30.4,21.3,43.9,19.0,36.4,29.2,52.7,13.8,30.4,21.3,43.9,0.0,0.0,0.0,0.0,0.0,0.0,0.0,0.0,(CONTRACTS OF 100 TROY OUNCES),GOLD,PRECIOUS METALS,NATURAL RESOURCES,FutOnly
240430088691F,GOLD - COMMODITY EXCHANGE INC.,2024-04-30T00:00:00.000,2024 Report Week 18,GOLD,088691,CMX ,NYC,088 ,GOLD,519791,278850,74640,63742,126925,354423,469517,492805,50274,26986,519791,278850,74640,63742,126925,354423,469517,492805,50274,26986,0,0,0,0,0,0,0,0,0,0,3542,-685,-2004,5025,-2158,-1532,2182,1489,1360,2053,100.0,53.6,14.4,12.3,24.4,68.2,90.3,94.8,9.7,5.2,100.0,53.6,14.4,12.3,24.4,68.2,90.3,94.8,9.7,5.2,0.0,0.0,0.0,0.0,0.0,0.0,0.0,0.0,0.0,0.0,326,189,66,89,42,56,261,184,326,189,66,89,42,56,261,184,0,0,0,0,0,0,0,0,18.3,36.0,28.6,51.8,14.2,30.1,22.0,44.2,18.3,36.0,28.6,51.8,14.2,30.1,22.0,44.2,0.0,0.0,0.0,0.0,0.0,0.0,0.0,0.0,(CONTRACTS OF 100 TROY OUNCES),GOLD,PRECIOUS METALS,NATURAL RESOURCES,FutOnly
240430088695F,MICRO GOLD - COMMODITY EXCHANGE INC.,2024-04-30T00:00:00.000,2024 Report Week 18,MICRO GOLD,088695,CMX ,NYC,088 ,GOLD,37555,13836,13754,4194,0,0,18030,17948,19525,19607,37555,13836,13754,4194,0,0,18030,17948,19525,19607,0,0,0,0,0,0,0,0,0,0,,,,,,,,,,,100.0,36.8,36.6,11.2,0.0,0.0,48.0,47.8,52.0,52.2,100.0,36.8,36.6,11.2,0.0,0.0,48.0,47.8,52.0,52.2,0.0,0.0,0.0,0.0,0.0,0.0,0.0,0.0,0.0,0.0,21,13,8,6,0,0,15,12,21,13,8,6,0,0,15,12,0,0,0,0,0,0,0,0,29.6,38.4,41.8,46.6,22.0,31.8,32.5,36.6,29.6,38.4,41.8,46.6,22.0,31.8,32.5,36.6,0.0,0.0,0.0,0.0,0.0,0.0,0.0,0.0,(CONTRACTS OF 10 TROY OUNCES),GOLD,PRECIOUS METALS,NATURAL RESOURCES,FutOnly
240423088691F,GOLD - COMMODITY EXCHANGE INC.,2024-04-23T00:00:00.000,2024 Report Week 17,GOLD,088691,CMX ,NYC,088 ,GOLD,516249,279535,76644,58717,129083,355955,467335,491316,48914,24933,516249,279535,76644,58717,129083,355955,467335,491316,48914,24933,0,0,0,0,0,0,0,0,0,0,-944,758,-210,3230,-3601,513,387,3533,-1331,-4477,100.0,54.1,14.8,11.4,25.0,69.0,90.5,95.2,9.5,4.8,100.0,54.1,14.8,11.4,25.0,69.0,90.5,95.2,9.5,4.8,0.0,0.0,0.0,0.0,0.0,0.0,0.0,0.0,0.0,0.0,334,188,68,84,45,57,260,187,334,188,68,84,45,57,260,187,0,0,0,0,0,0,0,0,18.3,36.6,28.4,52.4,13.7,30.7,21.8,45.0,18.3,36.6,28.4,52.4,13.7,30.7,21.8,45.0,0.0,0.0,0.0,0.0,0.0,0.0,0.0,0.0,(CONTRACTS OF 100 TROY OUNCES),GOLD,PRECIOUS METALS,NATURAL RESOURCES,FutOnly
240416088691F,GOLD - COMMODITY EXCHANGE INC.,2024-04-16T00:00:00.000,2024 Report Week 16,GOLD,088691,CMX ,NYC,088 ,GOLD,517193,278777,76854,55487,132684,355442,466948,487783,50245,29410,517193,278777,76854,55487,132684,355442,466948,487783,50245,29410,0,0,0,0,0,0,0,0,0,0,11979,-1022,-526,9725,4590,2766,13293,11965,-1314,14,100.0,53.9,14.9,10.7,25.7,68.7,90.3,94.3,9.7,5.7,100.0,53.9,14.9,10.7,25.7,68.7,90.3,94.3,9.7,5.7,0.0,0.0,0.0,0.0,0.0,0.0,0.0,0.0,0.0,0.0,340,186,77,80,48,61,268,186,340,186,77,80,48,61,268,186,0,0,0,0,0,0,0,0,17.0,36.0,27.0,51.1,13.5,30.2,21.3,44.6,17.0,36.0,27.0,51.1,13.5,30.2,21.3,44.6,0.0,0.0,0.0,0.0,0.0,0.0,0.0,0.0,(CONTRACTS OF 100 TROY OUNCES),GOLD,PRECIOUS METALS,NATURAL RESOURCES,FutOnly
240416088695F,MICRO GOLD - COMMODITY EXCHANGE INC.,2024-04-16T00:00:00.000,2024 Report Week 16,MICRO GOLD,088695,CMX ,NYC,088 ,GOLD,39775,18946,9275,5231,0,0,24177,14506,15598,25269,39775,18946,9275,5231,0,0,24177,14506,15598,25269,0,0,0,0,0,0,0,0,0,0,-330,-2010,-212,916,0,0,-1094,704,764,-1034,100.0,47.6,23.3,13.2,0.0,0.0,60.8,36.5,39.2,63.5,100.0,47.6,23.3,13.2,0.0,0.0,60.8,36.5,39.2,63.5,0.0,0.0,0.0,0.0,0.0,0.0,0.0,0.0,0.0,0.0,24,15,9,5,0,0,17,12,24,15,9,5,0,0,17,12,0,0,0,0,0,0,0,0,40.9,28.9,54.5,34.5,31.1,20.4,41.8,22.8,40.9,28.9,54.5,34.5,31.1,20.4,41.8,22.8,0.0,0.0,0.0,0.0,0.0,0.0,0.0,0.0,(CONTRACTS OF 10 TROY OUNCES),GOLD,PRECIOUS METALS,NATURAL RESOURCES,FutOnly
240409088695F,MICRO GOLD - COMMODITY EXCHANGE INC.,2024-04-09T00:00:00.000,2024 Report Week 15,MICRO GOLD,088695,CMX ,NYC,088 ,GOLD,40105,20956,9487,4315,0,0,25271,13802,14834,26303,40105,20956,9487,4315,0,0,25271,13802,14834,26303,0,0,0,0,0,0,0,0,0,0,3993,903,386,1929,0,0,2832,2315,1161,1678,100.0,52.3,23.7,10.8,0.0,0.0,63.0,34.4,37.0,65.6,100.0,52.3,23.7,10.8,0.0,0.0,63.0,34.4,37.0,65.6,0.0,0.0,0.0,0.0,0.0,0.0,0.0,0.0,0.0,0.0,24,15,9,6,0,0,16,14,24,15,9,6,0,0,16,14,0,0,0,0,0,0,0,0,37.9,23.1,54.1,31.1,31.5,20.7,44.2,23.1,37.9,23.1,54.1,31.1,31.5,20.7,44.2,23.1,0.0,0.0,0.0,0.0,0.0,0.0,0.0,0.0,(CONTRACTS OF 10 TROY OUNCES),GOLD,PRECIOUS METALS,NATURAL RESOURCES,FutOnly
240409088691F,GOLD - COMMODITY EXCHANGE INC.,2024-04-09T00:00:00.000,2024 Report Week 15,GOLD,088691,CMX ,NYC,088 ,GOLD,505214,279799,77380,45762,128094,352676,453655,475818,51559,29396,505214,279799,77380,45762,128094,352676,453655,475818,51559,29396,0,0,0,0,0,0,0,0,0,0,5169,-1600,3231,3161,980,-152,2541,6240,2628,-1071,100.0,55.4,15.3,9.1,25.4,69.8,89.8,94.2,10.2,5.8,100.0,55.4,15.3,9.1,25.4,69.8,89.8,94.2,10.2,5.8,0.0,0.0,0.0,0.0,0.0,0.0,0.0,0.0,0.0,0.0,335,177,80,81,46,62,258,191,335,177,80,81,46,62,258,191,0,0,0,0,0,0,0,0,16.7,36.0,27.0,51.5,13.6,30.6,22.5,45.5,16.7,36.0,27.0,51.5,13.6,30.6,22.5,45.5,0.0,0.0,0.0,0.0,0.0,0.0,0.0,0.0,(CONTRACTS OF 100 TROY OUNCES),GOLD,PRECIOUS METALS,NATURAL RESOURCES,FutOnly
240402088691F,GOLD - COMMODITY EXCHANGE INC.,2024-04-02T00:00:00.000,2024 Report Week 14,GOLD,088691,CMX ,NYC,088 ,GOLD,500045,281399,74149,42601,127114,352828,451114,469578,48931,30467,500045,281399,74149,42601,127114,352828,451114,469578,48931,30467,0,0,0,0,0,0,0,0,0,0,-3597,15752,7796,-5616,-14660,-7286,-4524,-5106,927,1509,100.0,56.3,14.8,8.5,25.4,70.6,90.2,93.9,9.8,6.1,100.0,56.3,14.8,8.5,25.4,70.6,90.2,93.9,9.8,6.1,0.0,0.0,0.0,0.0,0.0,0.0,0.0,0.0,0.0,0.0,348,188,84,79,44,61,271,188,348,188,84,79,44,61,271,188,0,0,0,0,0,0,0,0,15.9,35.9,26.6,51.8,13.2,30.6,22.4,45.5,15.9,35.9,26.6,51.8,13.2,30.6,22.4,45.5,0.0,0.0,0.0,0.0,0.0,0.0,0.0,0.0,(CONTRACTS OF 100 TROY OUNCES),GOLD,PRECIOUS METALS,NATURAL RESOURCES,FutOnly
240402088695F,MICRO GOLD - COMMODITY EXCHANGE INC.,2024-04-02T00:00:00.000,2024 Report Week 14,MICRO GOLD,088695,CMX ,NYC,088 ,GOLD,36112,20053,9101,2386,0,0,22439,11487,13673,24625,36112,20053,9101,2386,0,0,22439,11487,13673,24625,0,0,0,0,0,0,0,0,0,0,,,,,,,,,,,100.0,55.5,25.2,6.6,0.0,0.0,62.1,31.8,37.9,68.2,100.0,55.5,25.2,6.6,0.0,0.0,62.1,31.8,37.9,68.2,0.0,0.0,0.0,0.0,0.0,0.0,0.0,0.0,0.0,0.0,26,16,10,5,0,0,17,14,26,16,10,5,0,0,17,14,0,0,0,0,0,0,0,0,30.1,25.7,47.9,29.1,29.7,21.4,44.3,24.1,30.1,25.7,47.9,29.1,29.7,21.4,44.3,24.1,0.0,0.0,0.0,0.0,0.0,0.0,0.0,0.0,(CONTRACTS OF 10 TROY OUNCES),GOLD,PRECIOUS METALS,NATURAL RESOURCES,FutOnly
240326088691F,GOLD - COMMODITY EXCHANGE INC.,2024-03-26T00:00:00.000,2024 Report Week 13,GOLD,088691,CMX ,NYC,088 ,GOLD,503642,265647,66353,48217,141774,360114,455638,474684,48004,28958,503642,265647,66353,48217,141774,360114,455638,474684,48004,28958,0,0,0,0,0,0,0,0,0,0,-31405,-13085,-10777,-20865,3672,4482,-30278,-27160,-1127,-4245,100.0,52.7,13.2,9.6,28.1,71.5,90.5,94.3,9.5,5.7,100.0,52.7,13.2,9.6,28.1,71.5,90.5,94.3,9.5,5.7,0.0,0.0,0.0,0.0,0.0,0.0,0.0,0.0,0.0,0.0,332,186,69,80,51,61,270,179,332,186,69,80,51,61,270,179,0,0,0,0,0,0,0,0,14.9,36.8,25.6,52.8,12.6,31.4,21.4,45.1,14.9,36.8,25.6,52.8,12.6,31.4,21.4,45.1,0.0,0.0,0.0,0.0,0.0,0.0,0.0,0.0,(CONTRACTS OF 100 TROY OUNCES),GOLD,PRECIOUS METALS,NATURAL RESOURCES,FutOnly
240319088695F,MICRO GOLD - COMMODITY EXCHANGE INC.,2024-03-19T00:00:00.000,2024 Report Week 12,MICRO GOLD,088695,CMX ,NYC,088 ,GOLD,39169,13100,8647,12043,0,0,25143,20690,14026,18479,39169,13100,8647,12043,0,0,25143,20690,14026,18479,0,0,0,0,0,0,0,0,0,0,1283,1023,1182,-80,0,0,943,1102,340,181,100.0,33.4,22.1,30.7,0.0,0.0,64.2,52.8,35.8,47.2,100.0,33.4,22.1,30.7,0.0,0.0,64.2,52.8,35.8,47.2,0.0,0.0,0.0,0.0,0.0,0.0,0.0,0.0,0.0,0.0,23,13,10,7,0,0,16,14,23,13,10,7,0,0,16,14,0,0,0,0,0,0,0,0,31.5,37.2,47.6,47.9,19.0,18.1,29.3,21.4,31.5,37.2,47.6,47.9,19.0,18.1,29.3,21.4,0.0,0.0,0.0,0.0,0.0,0.0,0.0,0.0,(CONTRACTS OF 10 TROY OUNCES),GOLD,PRECIOUS METALS,NATURAL RESOURCES,FutOnly
240319088691F,GOLD - COMMODITY EXCHANGE INC.,2024-03-19T00:00:00.000,2024 Report Week 12,GOLD,088691,CMX ,NYC,088 ,GOLD,535047,278732,77130,69082,138102,355632,485916,501844,49131,33203,535047,278732,77130,69082,138102,355632,485916,501844,49131,33203,0,0,0,0,0,0,0,0,0,0,18990,-4330,-4330,13511,8670,7927,17851,17108,1139,1882,100.0,52.1,14.4,12.9,25.8,66.5,90.8,93.8,9.2,6.2,100.0,52.1,14.4,12.9,25.8,66.5,90.8,93.8,9.2,6.2,0.0,0.0,0.0,0.0,0.0,0.0,0.0,0.0,0.0,0.0,340,176,88,90,48,61,265,201,340,176,88,90,48,61,265,201,0,0,0,0,0,0,0,0,14.3,33.6,24.9,47.4,12.2,28.5,20.4,40.7,14.3,33.6,24.9,47.4,12.2,28.5,20.4,40.7,0.0,0.0,0.0,0.0,0.0,0.0,0.0,0.0,(CONTRACTS OF 100 TROY OUNCES),GOLD,PRECIOUS METALS,NATURAL RESOURCES,FutOnly
240312088695F,MICRO GOLD - COMMODITY EXCHANGE INC.,2024-03-12T00:00:00.000,2024 Report Week 11,MICRO GOLD,088695,CMX ,NYC,088 ,GOLD,37886,12077,7465,12123,0,0,24200,19588,13686,18298,37886,12077,7465,12123,0,0,24200,19588,13686,18298,0,0,0,0,0,0,0,0,0,0,7900,1487,1252,6400,0,0,7887,7652,13,248,100.0,31.9,19.7,32.0,0.0,0.0,63.9,51.7,36.1,48.3,100.0,31.9,19.7,32.0,0.0,0.0,63.9,51.7,36.1,48.3,0.0,0.0,0.0,0.0,0.0,0.0,0.0,0.0,0.0,0.0,27,14,13,7,0,0,17,17,27,14,13,7,0,0,17,17,0,0,0,0,0,0,0,0,33.3,33.3,49.8,44.3,19.8,13.8,28.3,17.2,33.3,33.3,49.8,44.3,19.8,13.8,28.3,17.2,0.0,0.0,0.0,0.0,0.0,0.0,0.0,0.0,(CONTRACTS OF 10 TROY OUNCES),GOLD,PRECIOUS METALS,NATURAL RESOURCES,FutOnly
240312088691F,GOLD - COMMODITY EXCHANGE INC.,2024-03-12T00:00:00.000,2024 Report Week 11,GOLD,088691,CMX ,NYC,088 ,GOLD,516057,283062,81460,55571,129432,347705,468065,484736,47992,31321,516057,283062,81460,55571,129432,347705,468065,484736,47992,31321,0,0,0,0,0,0,0,0,0,0,44441,18914,8605,-3092,25409,36890,41231,42403,3210,2038,100.0,54.9,15.8,10.8,25.1,67.4,90.7,93.9,9.3,6.1,100.0,54.9,15.8,10.8,25.1,67.4,90.7,93.9,9.3,6.1,0.0,0.0,0.0,0.0,0.0,0.0,0.0,0.0,0.0,0.0,342,184,85,84,42,59,262,195,342,184,85,84,42,59,262,195,0,0,0,0,0,0,0,0,14.4,33.5,24.1,48.0,12.3,28.2,20.8,41.0,14.4,33.5,24.1,48.0,12.3,28.2,20.8,41.0,0.0,0.0,0.0,0.0,0.0,0.0,0.0,0.0,(CONTRACTS OF 100 TROY OUNCES),GOLD,PRECIOUS METALS,NATURAL RESOURCES,FutOnly
240305088695F,MICRO GOLD - COMMODITY EXCHANGE INC.,2024-03-05T00:00:00.000,2024 Report Week 10,MICRO GOLD,088695,CMX ,NYC,088 ,GOLD,29986,10590,6213,5723,0,0,16313,11936,13673,18050,29986,10590,6213,5723,0,0,16313,11936,13673,18050,0,0,0,0,0,0,0,0,0,0,,,,,,,,,,,100.0,35.3,20.7,19.1,0.0,0.0,54.4,39.8,45.6,60.2,100.0,35.3,20.7,19.1,0.0,0.0,54.4,39.8,45.6,60.2,0.0,0.0,0.0,0.0,0.0,0.0,0.0,0.0,0.0,0.0,21,10,11,6,0,0,13,14,21,10,11,6,0,0,13,14,0,0,0,0,0,0,0,0,33.1,25.4,47.6,34.1,24.5,14.9,34.4,19.2,33.1,25.4,47.6,34.1,24.5,14.9,34.4,19.2,0.0,0.0,0.0,0.0,0.0,0.0,0.0,0.0,(CONTRACTS OF 10 TROY OUNCES),GOLD,PRECIOUS METALS,NATURAL RESOURCES,FutOnly
240305088691F,GOLD - COMMODITY EXCHANGE INC.,2024-03-05T00:00:00.000,2024 Report Week 10,GOLD,088691,CMX ,NYC,088 ,GOLD,471616,264148,72855,58663,104023,310815,426834,442333,44782,29283,471616,264148,72855,58663,104023,310815,426834,442333,44782,29283,0,0,0,0,0,0,0,0,0,0,60421,49200,-457,9791,-4409,44031,54582,53365,5839,7056,100.0,56.0,15.4,12.4,22.1,65.9,90.5,93.8,9.5,6.2,100.0,56.0,15.4,12.4,22.1,65.9,90.5,93.8,9.5,6.2,0.0,0.0,0.0,0.0,0.0,0.0,0.0,0.0,0.0,0.0,342,182,87,89,46,56,274,188,342,182,87,89,46,56,274,188,0,0,0,0,0,0,0,0,12.9,29.5,22.5,45.5,12.9,28.0,21.9,42.8,12.9,29.5,22.5,45.5,12.9,28.0,21.9,42.8,0.0,0.0,0.0,0.0,0.0,0.0,0.0,0.0,(CONTRACTS OF 100 TROY OUNCES),GOLD,PRECIOUS METALS,NATURAL RESOURCES,FutOnly
240227088691F,GOLD - COMMODITY EXCHANGE INC.,2024-02-27T00:00:00.000,2024 Report Week 09,GOLD,088691,CMX ,NYC,088 ,GOLD,411195,214948,73312,48872,108432,266784,372252,388968,38943,22227,411195,214948,73312,48872,108432,266784,372252,388968,38943,22227,0,0,0,0,0,0,0,0,0,0,4132,3914,2540,1108,2013,954,7035,4602,-2903,-470,100.0,52.3,17.8,11.9,26.4,64.9,90.5,94.6,9.5,5.4,100.0,52.3,17.8,11.9,26.4,64.9,90.5,94.6,9.5,5.4,0.0,0.0,0.0,0.0,0.0,0.0,0.0,0.0,0.0,0.0,320,170,79,93,49,53,262,186,320,170,79,93,49,53,262,186,0,0,0,0,0,0,0,0,14.1,30.0,24.1,47.1,14.0,27.9,23.8,43.8,14.1,30.0,24.1,47.1,14.0,27.9,23.8,43.8,0.0,0.0,0.0,0.0,0.0,0.0,0.0,0.0,(CONTRACTS OF 100 TROY OUNCES),GOLD,PRECIOUS METALS,NATURAL RESOURCES,FutOnly
240220088691F,GOLD - COMMODITY EXCHANGE INC.,2024-02-20T00:00:00.000,2024 Report Week 08,GOLD,088691,CMX ,NYC,088 ,GOLD,407063,211034,70772,47764,106419,265830,365217,384366,41846,22697,407063,211034,70772,47764,106419,265830,365217,384366,41846,22697,0,0,0,0,0,0,0,0,0,0,-13749,-6471,-15565,-1786,-3110,3321,-11367,-14030,-2382,281,100.0,51.8,17.4,11.7,26.1,65.3,89.7,94.4,10.3,5.6,100.0,51.8,17.4,11.7,26.1,65.3,89.7,94.4,10.3,5.6,0.0,0.0,0.0,0.0,0.0,0.0,0.0,0.0,0.0,0.0,308,169,73,87,48,52,254,177,308,169,73,87,48,52,254,177,0,0,0,0,0,0,0,0,14.2,31.8,24.1,49.1,14.2,29.9,23.6,46.4,14.2,31.8,24.1,49.1,14.2,29.9,23.6,46.4,0.0,0.0,0.0,0.0,0.0,0.0,0.0,0.0,(CONTRACTS OF 100 TROY OUNCES),GOLD,PRECIOUS METALS,NATURAL RESOURCES,FutOnly
240213088691F,GOLD - COMMODITY EXCHANGE INC.,2024-02-13T00:00:00.000,2024 Report Week 07,GOLD,088691,CMX ,NYC,088 ,GOLD,420812,217505,86337,49550,109529,262509,376584,398396,44228,22416,420812,217505,86337,49550,109529,262509,376584,398396,44228,22416,0,0,0,0,0,0,0,0,0,0,1691,-11118,19452,5259,5185,-22076,-674,2635,2365,-944,100.0,51.7,20.5,11.8,26.0,62.4,89.5,94.7,10.5,5.3,100.0,51.7,20.5,11.8,26.0,62.4,89.5,94.7,10.5,5.3,0.0,0.0,0.0,0.0,0.0,0.0,0.0,0.0,0.0,0.0,309,159,79,91,51,53,254,183,309,159,79,91,51,53,254,183,0,0,0,0,0,0,0,0,13.6,31.3,23.4,48.1,13.5,29.0,23.1,44.8,13.6,31.3,23.4,48.1,13.5,29.0,23.1,44.8,0.0,0.0,0.0,0.0,0.0,0.0,0.0,0.0,(CONTRACTS OF 100 TROY OUNCES),GOLD,PRECIOUS METALS,NATURAL RESOURCES,FutOnly
240213088695F,MICRO GOLD - COMMODITY EXCHANGE INC.,2024-02-13T00:00:00.000,2024 Report Week 07,MICRO GOLD,088695,CMX ,NYC,088 ,GOLD,30686,10934,12905,4328,0,0,15262,17233,15424,13453,30686,10934,12905,4328,0,0,15262,17233,15424,13453,0,0,0,0,0,0,0,0,0,0,,,,,,,,,,,100.0,35.6,42.1,14.1,0.0,0.0,49.7,56.2,50.3,43.8,100.0,35.6,42.1,14.1,0.0,0.0,49.7,56.2,50.3,43.8,0.0,0.0,0.0,0.0,0.0,0.0,0.0,0.0,0.0,0.0,20,9,11,7,0,0,13,14,20,9,11,7,0,0,13,14,0,0,0,0,0,0,0,0,31.2,37.5,45.4,50.5,25.9,33.5,34.6,40.6,31.2,37.5,45.4,50.5,25.9,33.5,34.6,40.6,0.0,0.0,0.0,0.0,0.0,0.0,0.0,0.0,(CONTRACTS OF 10 TROY OUNCES),GOLD,PRECIOUS METALS,NATURAL RESOURCES,FutOnly
240206088691F,GOLD - COMMODITY EXCHANGE INC.,2024-02-06T00:00:00.000,2024 Report Week 06,GOLD,088691,CMX ,NYC,088 ,GOLD,419121,228623,66885,44291,104344,284585,377258,395761,41863,23360,419121,228623,66885,44291,104344,284585,377258,395761,41863,23360,0,0,0,0,0,0,0,0,0,0,-11207,9401,-4546,-3926,-13181,-3458,-7706,-11930,-3501,723,100.0,54.5,16.0,10.6,24.9,67.9,90.0,94.4,10.0,5.6,100.0,54.5,16.0,10.6,24.9,67.9,90.0,94.4,10.0,5.6,0.0,0.0,0.0,0.0,0.0,0.0,0.0,0.0,0.0,0.0,305,172,64,80,47,51,251,166,305,172,64,80,47,51,251,166,0,0,0,0,0,0,0,0,14.0,33.9,24.1,52.2,13.9,31.7,24.0,49.0,14.0,33.9,24.1,52.2,13.9,31.7,24.0,49.0,0.0,0.0,0.0,0.0,0.0,0.0,0.0,0.0,(CONTRACTS OF 100 TROY OUNCES),GOLD,PRECIOUS METALS,NATURAL RESOURCES,FutOnly
240130088691F,GOLD - COMMODITY EXCHANGE INC.,2024-01-30T00:00:00.000,2024 Report Week 05,GOLD,088691,CMX ,NYC,088 ,GOLD,430328,219222,71431,48217,117525,288043,384964,407691,45364,22637,430328,219222,71431,48217,117525,288043,384964,407691,45364,22637,0,0,0,0,0,0,0,0,0,0,-35544,-21878,-195,-17817,4431,-17144,-35264,-35156,-280,-388,100.0,50.9,16.6,11.2,27.3,66.9,89.5,94.7,10.5,5.3,100.0,50.9,16.6,11.2,27.3,66.9,89.5,94.7,10.5,5.3,0.0,0.0,0.0,0.0,0.0,0.0,0.0,0.0,0.0,0.0,300,169,62,78,49,53,251,162,300,169,62,78,49,53,251,162,0,0,0,0,0,0,0,0,13.4,32.8,23.2,51.1,13.4,30.8,22.9,46.1,13.4,32.8,23.2,51.1,13.4,30.8,22.9,46.1,0.0,0.0,0.0,0.0,0.0,0.0,0.0,0.0,(CONTRACTS OF 100 TROY OUNCES),GOLD,PRECIOUS METALS,NATURAL RESOURCES,FutOnly
240123088691F,GOLD - COMMODITY EXCHANGE INC.,2024-01-23T00:00:00.000,2024 Report Week 04,GOLD,088691,CMX ,NYC,088 ,GOLD,465872,241100,71626,66034,113094,305187,420228,442847,45644,23025,465872,241100,71626,66034,113094,305187,420228,442847,45644,23025,0,0,0,0,0,0,0,0,0,0,-23462,-21260,-10841,-2013,3807,-11520,-19466,-24374,-3996,912,100.0,51.8,15.4,14.2,24.3,65.5,90.2,95.1,9.8,4.9,100.0,51.8,15.4,14.2,24.3,65.5,90.2,95.1,9.8,4.9,0.0,0.0,0.0,0.0,0.0,0.0,0.0,0.0,0.0,0.0,302,165,67,98,52,53,261,179,302,165,67,98,52,53,261,179,0,0,0,0,0,0,0,0,15.0,33.3,24.1,49.8,14.8,31.8,23.5,46.8,15.0,33.3,24.1,49.8,14.8,31.8,23.5,46.8,0.0,0.0,0.0,0.0,0.0,0.0,0.0,0.0,(CONTRACTS OF 100 TROY OUNCES),GOLD,PRECIOUS METALS,NATURAL RESOURCES,FutOnly
240123088695F,MICRO GOLD - COMMODITY EXCHANGE INC.,2024-01-23T00:00:00.000,2024 Report Week 04,MICRO GOLD,088695,CMX ,NYC,088 ,GOLD,39256,16333,18001,8873,0,0,25206,26874,14050,12382,39256,16333,18001,8873,0,0,25206,26874,14050,12382,0,0,0,0,0,0,0,0,0,0,720,908,-284,1417,0,0,2325,1133,-1605,-413,100.0,41.6,45.9,22.6,0.0,0.0,64.2,68.5,35.8,31.5,100.0,41.6,45.9,22.6,0.0,0.0,64.2,68.5,35.8,31.5,0.0,0.0,0.0,0.0,0.0,0.0,0.0,0.0,0.0,0.0,21,12,9,8,0,0,13,16,21,12,9,8,0,0,13,16,0,0,0,0,0,0,0,0,35.7,53.0,54.4,62.4,26.8,42.5,38.4,45.3,35.7,53.0,54.4,62.4,26.8,42.5,38.4,45.3,0.0,0.0,0.0,0.0,0.0,0.0,0.0,0.0,(CONTRACTS OF 10 TROY OUNCES),GOLD,PRECIOUS METALS,NATURAL RESOURCES,FutOnly
240116088695F,MICRO GOLD - COMMODITY EXCHANGE INC.,2024-01-16T00:00:00.000,2024 Report Week 03,MICRO GOLD,088695,CMX ,NYC,088 ,GOLD,38536,15425,18285,7456,0,0,22881,25741,15655,12795,38536,15425,18285,7456,0,0,22881,25741,15655,12795,0,0,0,0,0,0,0,0,0,0,2165,-1314,-664,2488,0,0,1174,1824,991,341,100.0,40.0,47.4,19.3,0.0,0.0,59.4,66.8,40.6,33.2,100.0,40.0,47.4,19.3,0.0,0.0,59.4,66.8,40.6,33.2,0.0,0.0,0.0,0.0,0.0,0.0,0.0,0.0,0.0,0.0,20,11,9,8,0,0,13,15,20,11,9,8,0,0,13,15,0,0,0,0,0,0,0,0,37.7,50.8,52.6,61.6,26.8,43.0,37.2,46.9,37.7,50.8,52.6,61.6,26.8,43.0,37.2,46.9,0.0,0.0,0.0,0.0,0.0,0.0,0.0,0.0,(CONTRACTS OF 10 TROY OUNCES),GOLD,PRECIOUS METALS,NATURAL RESOURCES,FutOnly
240116088691F,GOLD - COMMODITY EXCHANGE INC.,2024-01-16T00:00:00.000,2024 Report Week 03,GOLD,088691,CMX ,NYC,088 ,GOLD,489334,262360,82467,68047,109287,316707,439694,467221,49640,22113,489334,262360,82467,68047,109287,316707,439694,467221,49640,22113,0,0,0,0,0,0,0,0,0,0,-515,-9305,-584,6926,2798,-7483,419,-1141,-934,626,100.0,53.6,16.9,13.9,22.3,64.7,89.9,95.5,10.1,4.5,100.0,53.6,16.9,13.9,22.3,64.7,89.9,95.5,10.1,4.5,0.0,0.0,0.0,0.0,0.0,0.0,0.0,0.0,0.0,0.0,308,169,69,96,49,50,258,180,308,169,69,96,49,50,258,180,0,0,0,0,0,0,0,0,14.3,32.6,22.9,48.8,14.1,31.5,22.4,46.0,14.3,32.6,22.9,48.8,14.1,31.5,22.4,46.0,0.0,0.0,0.0,0.0,0.0,0.0,0.0,0.0,(CONTRACTS OF 100 TROY OUNCES),GOLD,PRECIOUS METALS,NATURAL RESOURCES,FutOnly
240109088691F,GOLD - COMMODITY EXCHANGE INC.,2024-01-09T00:00:00.000,2024 Report Week 02,GOLD,088691,CMX ,NYC,088 ,GOLD,489849,271665,83051,61121,106489,324190,439275,468362,50574,21487,489849,271665,83051,61121,106489,324190,439275,468362,50574,21487,0,0,0,0,0,0,0,0,0,0,-10515,-19041,-6,9467,-2315,-20092,-11889,-10631,1374,116,100.0,55.5,17.0,12.5,21.7,66.2,89.7,95.6,10.3,4.4,100.0,55.5,17.0,12.5,21.7,66.2,89.7,95.6,10.3,4.4,0.0,0.0,0.0,0.0,0.0,0.0,0.0,0.0,0.0,0.0,309,174,68,91,46,47,260,170,309,174,68,91,46,47,260,170,0,0,0,0,0,0,0,0,14.3,33.0,23.5,49.7,14.2,32.1,22.7,47.3,14.3,33.0,23.5,49.7,14.2,32.1,22.7,47.3,0.0,0.0,0.0,0.0,0.0,0.0,0.0,0.0,(CONTRACTS OF 100 TROY OUNCES),GOLD,PRECIOUS METALS,NATURAL RESOURCES,FutOnly
240109088695F,MICRO GOLD - COMMODITY EXCHANGE INC.,2024-01-09T00:00:00.000,2024 Report Week 02,MICRO GOLD,088695,CMX ,NYC,088 ,GOLD,36371,16739,18949,4968,0,0,21707,23917,14664,12454,36371,16739,18949,4968,0,0,21707,23917,14664,12454,0,0,0,0,0,0,0,0,0,0,,,,,,,,,,,100.0,46.0,52.1,13.7,0.0,0.0,59.7,65.8,40.3,34.2,100.0,46.0,52.1,13.7,0.0,0.0,59.7,65.8,40.3,34.2,0.0,0.0,0.0,0.0,0.0,0.0,0.0,0.0,0.0,0.0,22,11,11,10,0,0,15,17,22,11,11,10,0,0,15,17,0,0,0,0,0,0,0,0,36.6,47.5,54.2,59.0,29.4,44.9,42.4,50.3,36.6,47.5,54.2,59.0,29.4,44.9,42.4,50.3,0.0,0.0,0.0,0.0,0.0,0.0,0.0,0.0,(CONTRACTS OF 10 TROY OUNCES),GOLD,PRECIOUS METALS,NATURAL RESOURCES,FutOnly
240102088691F,GOLD - COMMODITY EXCHANGE INC.,2024-01-02T00:00:00.000,2024 Report Week 01,GOLD,088691,CMX ,NYC,088 ,GOLD,500364,290706,83057,51654,108804,344282,451164,478993,49200,21371,500364,290706,83057,51654,108804,344282,451164,478993,49200,21371,0,0,0,0,0,0,0,0,0,0,9021,863,932,4141,2853,5986,7857,11059,1164,-2038,100.0,58.1,16.6,10.3,21.7,68.8,90.2,95.7,9.8,4.3,100.0,58.1,16.6,10.3,21.7,68.8,90.2,95.7,9.8,4.3,0.0,0.0,0.0,0.0,0.0,0.0,0.0,0.0,0.0,0.0,319,179,66,88,51,54,270,173,319,179,66,88,51,54,270,173,0,0,0,0,0,0,0,0,14.0,32.9,23.0,50.3,13.8,31.6,22.2,46.5,14.0,32.9,23.0,50.3,13.8,31.6,22.2,46.5,0.0,0.0,0.0,0.0,0.0,0.0,0.0,0.0,(CONTRACTS OF 100 TROY OUNCES),GOLD,PRECIOUS METALS,NATURAL RESOURCES,FutOnly
231226088691F,GOLD - COMMODITY EXCHANGE INC.,2023-12-26T00:00:00.000,2023 Report Week 52,GOLD,088691,CMX ,NYC,088 ,GOLD,491343,289843,82125,47513,105951,338296,443307,467934,48036,23409,491343,289843,82125,47513,105951,338296,443307,467934,48036,23409,0,0,0,0,0,0,0,0,0,0,10140,8871,2492,860,392,5679,10123,9031,17,1109,100.0,59.0,16.7,9.7,21.6,68.9,90.2,95.2,9.8,4.8,100.0,59.0,16.7,9.7,21.6,68.9,90.2,95.2,9.8,4.8,0.0,0.0,0.0,0.0,0.0,0.0,0.0,0.0,0.0,0.0,319,185,62,82,50,56,271,167,319,185,62,82,50,56,271,167,0,0,0,0,0,0,0,0,14.0,33.3,23.0,50.9,13.9,31.3,22.4,46.7,14.0,33.3,23.0,50.9,13.9,31.3,22.4,46.7,0.0,0.0,0.0,0.0,0.0,0.0,0.0,0.0,(CONTRACTS OF 100 TROY OUNCES),GOLD,PRECIOUS METALS,NATURAL RESOURCES,FutOnly
231219088691F,GOLD - COMMODITY EXCHANGE INC.,2023-12-19T00:00:00.000,2023 Report Week 51,GOLD,088691,CMX ,NYC,088 ,GOLD,481203,280972,79633,46653,105559,332617,433184,458903,48019,22300,481203,280972,79633,46653,105559,332617,433184,458903,48019,22300,0,0,0,0,0,0,0,0,0,0,11264,7436,-5670,2417,-151,14099,9702,10846,1562,418,100.0,58.4,16.5,9.7,21.9,69.1,90.0,95.4,10.0,4.6,100.0,58.4,16.5,9.7,21.9,69.1,90.0,95.4,10.0,4.6,0.0,0.0,0.0,0.0,0.0,0.0,0.0,0.0,0.0,0.0,316,187,53,82,49,58,269,165,316,187,53,82,49,58,269,165,0,0,0,0,0,0,0,0,14.2,34.5,23.6,52.1,14.2,31.9,23.0,47.9,14.2,34.5,23.6,52.1,14.2,31.9,23.0,47.9,0.0,0.0,0.0,0.0,0.0,0.0,0.0,0.0,(CONTRACTS OF 100 TROY OUNCES),GOLD,PRECIOUS METALS,NATURAL RESOURCES,FutOnly
231219088695F,MICRO GOLD - COMMODITY EXCHANGE INC.,2023-12-19T00:00:00.000,2023 Report Week 51,MICRO GOLD,088695,CMX ,NYC,088 ,GOLD,32144,14197,14953,3540,0,0,17737,18493,14407,13651,32144,14197,14953,3540,0,0,17737,18493,14407,13651,0,0,0,0,0,0,0,0,0,0,,,,,,,,,,,100.0,44.2,46.5,11.0,0.0,0.0,55.2,57.5,44.8,42.5,100.0,44.2,46.5,11.0,0.0,0.0,55.2,57.5,44.8,42.5,0.0,0.0,0.0,0.0,0.0,0.0,0.0,0.0,0.0,0.0,21,11,10,9,0,0,14,16,21,11,10,9,0,0,14,16,0,0,0,0,0,0,0,0,31.4,46.2,46.7,52.0,27.8,41.4,39.5,45.2,31.4,46.2,46.7,52.0,27.8,41.4,39.5,45.2,0.0,0.0,0.0,0.0,0.0,0.0,0.0,0.0,(CONTRACTS OF 10 TROY OUNCES),GOLD,PRECIOUS METALS,NATURAL RESOURCES,FutOnly
231212088691F,GOLD - COMMODITY EXCHANGE INC.,2023-12-12T00:00:00.000,2023 Report Week 50,GOLD,088691,CMX ,NYC,088 ,GOLD,469939,273536,85303,44236,105710,318518,423482,448057,46457,21882,469939,273536,85303,44236,105710,318518,423482,448057,46457,21882,0,0,0,0,0,0,0,0,0,0,-17530,-15304,7,-3717,2517,-11620,-16504,-15330,-1026,-2200,100.0,58.2,18.2,9.4,22.5,67.8,90.1,95.3,9.9,4.7,100.0,58.2,18.2,9.4,22.5,67.8,90.1,95.3,9.9,4.7,0.0,0.0,0.0,0.0,0.0,0.0,0.0,0.0,0.0,0.0,321,190,58,87,44,56,266,172,321,190,58,87,44,56,266,172,0,0,0,0,0,0,0,0,15.1,35.9,24.5,52.6,15.1,33.0,24.1,48.3,15.1,35.9,24.5,52.6,15.1,33.0,24.1,48.3,0.0,0.0,0.0,0.0,0.0,0.0,0.0,0.0,(CONTRACTS OF 100 TROY OUNCES),GOLD,PRECIOUS METALS,NATURAL RESOURCES,FutOnly
231205088691F,GOLD - COMMODITY EXCHANGE INC.,2023-12-05T00:00:00.000,2023 Report Week 49,GOLD,088691,CMX ,NYC,088 ,GOLD,487469,288840,85296,47953,103193,330138,439986,463387,47483,24082,487469,288840,85296,47953,103193,330138,439986,463387,47483,24082,0,0,0,0,0,0,0,0,0,0,-18189,-1005,-4465,-6614,-12403,-4050,-20022,-15129,1833,-3060,100.0,59.3,17.5,9.8,21.2,67.7,90.3,95.1,9.7,4.9,100.0,59.3,17.5,9.8,21.2,67.7,90.3,95.1,9.7,4.9,0.0,0.0,0.0,0.0,0.0,0.0,0.0,0.0,0.0,0.0,331,190,66,89,45,60,268,183,331,190,66,89,45,60,268,183,0,0,0,0,0,0,0,0,14.8,36.4,23.9,51.8,14.8,33.6,23.7,48.5,14.8,36.4,23.9,51.8,14.8,33.6,23.7,48.5,0.0,0.0,0.0,0.0,0.0,0.0,0.0,0.0,(CONTRACTS OF 100 TROY OUNCES),GOLD,PRECIOUS METALS,NATURAL RESOURCES,FutOnly
231205088695F,MICRO GOLD - COMMODITY EXCHANGE INC.,2023-12-05T00:00:00.000,2023 Report Week 49,MICRO GOLD,088695,CMX ,NYC,088 ,GOLD,30478,14777,12866,2174,0,0,16951,15040,13527,15438,30478,14777,12866,2174,0,0,16951,15040,13527,15438,0,0,0,0,0,0,0,0,0,0,-9907,-5242,5343,-6263,0,0,-11505,-920,1598,-8987,100.0,48.5,42.2,7.1,0.0,0.0,55.6,49.3,44.4,50.7,100.0,48.5,42.2,7.1,0.0,0.0,55.6,49.3,44.4,50.7,0.0,0.0,0.0,0.0,0.0,0.0,0.0,0.0,0.0,0.0,20,13,7,7,0,0,14,13,20,13,7,7,0,0,14,13,0,0,0,0,0,0,0,0,31.2,39.9,47.8,46.4,28.3,38.3,43.1,42.2,31.2,39.9,47.8,46.4,28.3,38.3,43.1,42.2,0.0,0.0,0.0,0.0,0.0,0.0,0.0,0.0,(CONTRACTS OF 10 TROY OUNCES),GOLD,PRECIOUS METALS,NATURAL RESOURCES,FutOnly
231128088691F,GOLD - COMMODITY EXCHANGE INC.,2023-11-28T00:00:00.000,2023 Report Week 48,GOLD,088691,CMX ,NYC,088 ,GOLD,505658,289845,89761,54567,115596,334188,460008,478516,45650,27142,505658,289845,89761,54567,115596,334188,460008,478516,45650,27142,0,0,0,0,0,0,0,0,0,0,-2771,20144,-8235,-24265,-341,28016,-4462,-4484,1691,1713,100.0,57.3,17.8,10.8,22.9,66.1,91.0,94.6,9.0,5.4,100.0,57.3,17.8,10.8,22.9,66.1,91.0,94.6,9.0,5.4,0.0,0.0,0.0,0.0,0.0,0.0,0.0,0.0,0.0,0.0,329,192,62,90,45,59,279,173,329,192,62,90,45,59,279,173,0,0,0,0,0,0,0,0,14.1,33.8,23.1,49.2,13.5,30.8,22.3,44.7,14.1,33.8,23.1,49.2,13.5,30.8,22.3,44.7,0.0,0.0,0.0,0.0,0.0,0.0,0.0,0.0,(CONTRACTS OF 100 TROY OUNCES),GOLD,PRECIOUS METALS,NATURAL RESOURCES,FutOnly
231128088695F,MICRO GOLD - COMMODITY EXCHANGE INC.,2023-11-28T00:00:00.000,2023 Report Week 48,MICRO GOLD,088695,CMX ,NYC,088 ,GOLD,40385,20019,7523,8437,0,0,28456,15960,11929,24425,40385,20019,7523,8437,0,0,28456,15960,11929,24425,0,0,0,0,0,0,0,0,0,0,6270,6444,-3669,275,0,0,6719,-3394,-449,9664,100.0,49.6,18.6,20.9,0.0,0.0,70.5,39.5,29.5,60.5,100.0,49.6,18.6,20.9,0.0,0.0,70.5,39.5,29.5,60.5,0.0,0.0,0.0,0.0,0.0,0.0,0.0,0.0,0.0,0.0,20,14,6,9,0,0,15,14,20,14,6,9,0,0,15,14,0,0,0,0,0,0,0,0,42.6,26.3,63.2,36.2,31.7,16.3,44.0,18.6,42.6,26.3,63.2,36.2,31.7,16.3,44.0,18.6,0.0,0.0,0.0,0.0,0.0,0.0,0.0,0.0,(CONTRACTS OF 10 TROY OUNCES),GOLD,PRECIOUS METALS,NATURAL RESOURCES,FutOnly
231121088695F,MICRO GOLD - COMMODITY EXCHANGE INC.,2023-11-21T00:00:00.000,2023 Report Week 47,MICRO GOLD,088695,CMX ,NYC,088 ,GOLD,34115,13575,11192,8162,0,0,21737,19354,12378,14761,34115,13575,11192,8162,0,0,21737,19354,12378,14761,0,0,0,0,0,0,0,0,0,0,1019,3528,-481,-706,0,0,2822,-1187,-1803,2206,100.0,39.8,32.8,23.9,0.0,0.0,63.7,56.7,36.3,43.3,100.0,39.8,32.8,23.9,0.0,0.0,63.7,56.7,36.3,43.3,0.0,0.0,0.0,0.0,0.0,0.0,0.0,0.0,0.0,0.0,23,15,8,9,0,0,16,16,23,15,8,9,0,0,16,16,0,0,0,0,0,0,0,0,37.1,39.6,52.5,51.4,23.8,27.2,32.8,32.8,37.1,39.6,52.5,51.4,23.8,27.2,32.8,32.8,0.0,0.0,0.0,0.0,0.0,0.0,0.0,0.0,(CONTRACTS OF 10 TROY OUNCES),GOLD,PRECIOUS METALS,NATURAL RESOURCES,FutOnly
231121088691F,GOLD - COMMODITY EXCHANGE INC.,2023-11-21T00:00:00.000,2023 Report Week 47,GOLD,088691,CMX ,NYC,088 ,GOLD,508429,269701,97996,78832,115937,306172,464470,483000,43959,25429,508429,269701,97996,78832,115937,306172,464470,483000,43959,25429,0,0,0,0,0,0,0,0,0,0,21795,15349,-980,2687,5209,18425,23245,20132,-1450,1663,100.0,53.0,19.3,15.5,22.8,60.2,91.4,95.0,8.6,5.0,100.0,53.0,19.3,15.5,22.8,60.2,91.4,95.0,8.6,5.0,0.0,0.0,0.0,0.0,0.0,0.0,0.0,0.0,0.0,0.0,327,186,61,103,48,61,272,192,327,186,61,103,48,61,272,192,0,0,0,0,0,0,0,0,14.4,31.7,23.7,45.6,13.7,28.7,22.4,41.8,14.4,31.7,23.7,45.6,13.7,28.7,22.4,41.8,0.0,0.0,0.0,0.0,0.0,0.0,0.0,0.0,(CONTRACTS OF 100 TROY OUNCES),GOLD,PRECIOUS METALS,NATURAL RESOURCES,FutOnly
231114088695F,MICRO GOLD - COMMODITY EXCHANGE INC.,2023-11-14T00:00:00.000,2023 Report Week 46,MICRO GOLD,088695,CMX ,NYC,088 ,GOLD,33096,10047,11673,8868,0,0,18915,20541,14181,12555,33096,10047,11673,8868,0,0,18915,20541,14181,12555,0,0,0,0,0,0,0,0,0,0,1389,-737,1268,1567,0,0,830,2835,559,-1446,100.0,30.4,35.3,26.8,0.0,0.0,57.2,62.1,42.8,37.9,100.0,30.4,35.3,26.8,0.0,0.0,57.2,62.1,42.8,37.9,0.0,0.0,0.0,0.0,0.0,0.0,0.0,0.0,0.0,0.0,22,10,12,9,0,0,13,18,22,10,12,9,0,0,13,18,0,0,0,0,0,0,0,0,37.7,42.0,50.3,53.6,22.3,25.7,28.8,32.3,37.7,42.0,50.3,53.6,22.3,25.7,28.8,32.3,0.0,0.0,0.0,0.0,0.0,0.0,0.0,0.0,(CONTRACTS OF 10 TROY OUNCES),GOLD,PRECIOUS METALS,NATURAL RESOURCES,FutOnly
231114088691F,GOLD - COMMODITY EXCHANGE INC.,2023-11-14T00:00:00.000,2023 Report Week 46,GOLD,088691,CMX ,NYC,088 ,GOLD,486634,254352,98976,76145,110728,287747,441225,462868,45409,23766,486634,254352,98976,76145,110728,287747,441225,462868,45409,23766,0,0,0,0,0,0,0,0,0,0,2287,-7301,3539,9586,77,-8995,2362,4130,-75,-1843,100.0,52.3,20.3,15.6,22.8,59.1,90.7,95.1,9.3,4.9,100.0,52.3,20.3,15.6,22.8,59.1,90.7,95.1,9.3,4.9,0.0,0.0,0.0,0.0,0.0,0.0,0.0,0.0,0.0,0.0,317,182,57,90,45,60,260,181,317,182,57,90,45,60,260,181,0,0,0,0,0,0,0,0,15.6,33.7,25.0,48.1,14.2,31.1,23.2,44.0,15.6,33.7,25.0,48.1,14.2,31.1,23.2,44.0,0.0,0.0,0.0,0.0,0.0,0.0,0.0,0.0,(CONTRACTS OF 100 TROY OUNCES),GOLD,PRECIOUS METALS,NATURAL RESOURCES,FutOnly
231107088691F,GOLD - COMMODITY EXCHANGE INC.,2023-11-07T00:00:00.000,2023 Report Week 45,GOLD,088691,CMX ,NYC,088 ,GOLD,484347,261653,95437,66559,110651,296742,438863,458738,45484,25609,484347,261653,95437,66559,110651,296742,438863,458738,45484,25609,0,0,0,0,0,0,0,0,0,0,8539,600,-2191,2567,4680,8064,7847,8440,692,99,100.0,54.0,19.7,13.7,22.8,61.3,90.6,94.7,9.4,5.3,100.0,54.0,19.7,13.7,22.8,61.3,90.6,94.7,9.4,5.3,0.0,0.0,0.0,0.0,0.0,0.0,0.0,0.0,0.0,0.0,310,179,59,95,42,57,255,179,310,179,59,95,42,57,255,179,0,0,0,0,0,0,0,0,15.2,34.0,24.6,47.9,14.7,31.6,23.4,45.0,15.2,34.0,24.6,47.9,14.7,31.6,23.4,45.0,0.0,0.0,0.0,0.0,0.0,0.0,0.0,0.0,(CONTRACTS OF 100 TROY OUNCES),GOLD,PRECIOUS METALS,NATURAL RESOURCES,FutOnly
231107088695F,MICRO GOLD - COMMODITY EXCHANGE INC.,2023-11-07T00:00:00.000,2023 Report Week 45,MICRO GOLD,088695,CMX ,NYC,088 ,GOLD,31707,10784,10405,7301,0,0,18085,17706,13622,14001,31707,10784,10405,7301,0,0,18085,17706,13622,14001,0,0,0,0,0,0,0,0,0,0,682,417,402,1499,0,0,1916,1901,-1234,-1219,100.0,34.0,32.8,23.0,0.0,0.0,57.0,55.8,43.0,44.2,100.0,34.0,32.8,23.0,0.0,0.0,57.0,55.8,43.0,44.2,0.0,0.0,0.0,0.0,0.0,0.0,0.0,0.0,0.0,0.0,27,13,13,9,0,0,16,20,27,13,13,9,0,0,16,20,0,0,0,0,0,0,0,0,36.3,37.5,49.0,45.6,21.9,21.4,29.8,28.9,36.3,37.5,49.0,45.6,21.9,21.4,29.8,28.9,0.0,0.0,0.0,0.0,0.0,0.0,0.0,0.0,(CONTRACTS OF 10 TROY OUNCES),GOLD,PRECIOUS METALS,NATURAL RESOURCES,FutOnly
231031088691F,GOLD - COMMODITY EXCHANGE INC.,2023-10-31T00:00:00.000,2023 Report Week 44,GOLD,088691,CMX ,NYC,088 ,GOLD,475808,261053,97628,63992,105971,288678,431016,450298,44792,25510,475808,261053,97628,63992,105971,288678,431016,450298,44792,25510,0,0,0,0,0,0,0,0,0,0,12332,9584,-4456,294,-209,16625,9669,12463,2663,-131,100.0,54.9,20.5,13.4,22.3,60.7,90.6,94.6,9.4,5.4,100.0,54.9,20.5,13.4,22.3,60.7,90.6,94.6,9.4,5.4,0.0,0.0,0.0,0.0,0.0,0.0,0.0,0.0,0.0,0.0,321,185,55,91,47,61,263,182,321,185,55,91,47,61,263,182,0,0,0,0,0,0,0,0,15.6,33.0,24.8,48.0,15.1,30.6,24.0,44.5,15.6,33.0,24.8,48.0,15.1,30.6,24.0,44.5,0.0,0.0,0.0,0.0,0.0,0.0,0.0,0.0,(CONTRACTS OF 100 TROY OUNCES),GOLD,PRECIOUS METALS,NATURAL RESOURCES,FutOnly
231031088695F,MICRO GOLD - COMMODITY EXCHANGE INC.,2023-10-31T00:00:00.000,2023 Report Week 44,MICRO GOLD,088695,CMX ,NYC,088 ,GOLD,31025,10367,10003,5802,0,0,16169,15805,14856,15220,31025,10367,10003,5802,0,0,16169,15805,14856,15220,0,0,0,0,0,0,0,0,0,0,976,-1111,488,312,0,0,-799,800,1775,176,100.0,33.4,32.2,18.7,0.0,0.0,52.1,50.9,47.9,49.1,100.0,33.4,32.2,18.7,0.0,0.0,52.1,50.9,47.9,49.1,0.0,0.0,0.0,0.0,0.0,0.0,0.0,0.0,0.0,0.0,24,12,12,10,0,0,14,20,24,12,12,10,0,0,14,20,0,0,0,0,0,0,0,0,35.4,31.4,45.9,41.6,21.9,20.8,28.9,29.1,35.4,31.4,45.9,41.6,21.9,20.8,28.9,29.1,0.0,0.0,0.0,0.0,0.0,0.0,0.0,0.0,(CONTRACTS OF 10 TROY OUNCES),GOLD,PRECIOUS METALS,NATURAL RESOURCES,FutOnly
231024088695F,MICRO GOLD - COMMODITY EXCHANGE INC.,2023-10-24T00:00:00.000,2023 Report Week 43,MICRO GOLD,088695,CMX ,NYC,088 ,GOLD,30049,11478,9515,5490,0,0,16968,15005,13081,15044,30049,11478,9515,5490,0,0,16968,15005,13081,15044,0,0,0,0,0,0,0,0,0,0,-42,780,-2191,-305,0,0,475,-2496,-517,2454,100.0,38.2,31.7,18.3,0.0,0.0,56.5,49.9,43.5,50.1,100.0,38.2,31.7,18.3,0.0,0.0,56.5,49.9,43.5,50.1,0.0,0.0,0.0,0.0,0.0,0.0,0.0,0.0,0.0,0.0,26,13,13,9,0,0,14,21,26,13,13,9,0,0,14,21,0,0,0,0,0,0,0,0,33.9,30.5,47.9,39.8,23.1,20.6,31.7,27.8,33.9,30.5,47.9,39.8,23.1,20.6,31.7,27.8,0.0,0.0,0.0,0.0,0.0,0.0,0.0,0.0,(CONTRACTS OF 10 TROY OUNCES),GOLD,PRECIOUS METALS,NATURAL RESOURCES,FutOnly
231024088691F,GOLD - COMMODITY EXCHANGE INC.,2023-10-24T00:00:00.000,2023 Report Week 43,GOLD,088691,CMX ,NYC,088 ,GOLD,463476,251469,102084,63698,106180,272053,421347,437835,42129,25641,463476,251469,102084,63698,106180,272053,421347,437835,42129,25641,0,0,0,0,0,0,0,0,0,0,23895,20057,-16590,6454,-3882,33992,22629,23856,1266,39,100.0,54.3,22.0,13.7,22.9,58.7,90.9,94.5,9.1,5.5,100.0,54.3,22.0,13.7,22.9,58.7,90.9,94.5,9.1,5.5,0.0,0.0,0.0,0.0,0.0,0.0,0.0,0.0,0.0,0.0,316,168,72,89,44,60,255,182,316,168,72,89,44,60,255,182,0,0,0,0,0,0,0,0,15.6,32.3,25.1,47.9,15.1,29.8,24.2,44.2,15.6,32.3,25.1,47.9,15.1,29.8,24.2,44.2,0.0,0.0,0.0,0.0,0.0,0.0,0.0,0.0,(CONTRACTS OF 100 TROY OUNCES),GOLD,PRECIOUS METALS,NATURAL RESOURCES,FutOnly
231017088691F,GOLD - COMMODITY EXCHANGE INC.,2023-10-17T00:00:00.000,2023 Report Week 42,GOLD,088691,CMX ,NYC,088 ,GOLD,439581,231412,118674,57244,110062,238061,398718,413979,40863,25602,439581,231412,118674,57244,110062,238061,398718,413979,40863,25602,0,0,0,0,0,0,0,0,0,0,3082,11080,-30225,6888,-11279,26292,6689,2955,-3607,127,100.0,52.6,27.0,13.0,25.0,54.2,90.7,94.2,9.3,5.8,100.0,52.6,27.0,13.0,25.0,54.2,90.7,94.2,9.3,5.8,0.0,0.0,0.0,0.0,0.0,0.0,0.0,0.0,0.0,0.0,308,166,68,87,49,54,252,176,308,166,68,87,49,54,252,176,0,0,0,0,0,0,0,0,15.9,31.5,25.8,49.5,15.3,29.1,24.8,44.8,15.9,31.5,25.8,49.5,15.3,29.1,24.8,44.8,0.0,0.0,0.0,0.0,0.0,0.0,0.0,0.0,(CONTRACTS OF 100 TROY OUNCES),GOLD,PRECIOUS METALS,NATURAL RESOURCES,FutOnly
231017088695F,MICRO GOLD - COMMODITY EXCHANGE INC.,2023-10-17T00:00:00.000,2023 Report Week 42,MICRO GOLD,088695,CMX ,NYC,088 ,GOLD,30091,10698,11706,5795,0,0,16493,17501,13598,12590,30091,10698,11706,5795,0,0,16493,17501,13598,12590,0,0,0,0,0,0,0,0,0,0,-2019,1161,-5643,2120,0,0,3281,-3523,-5300,1504,100.0,35.6,38.9,19.3,0.0,0.0,54.8,58.2,45.2,41.8,100.0,35.6,38.9,19.3,0.0,0.0,54.8,58.2,45.2,41.8,0.0,0.0,0.0,0.0,0.0,0.0,0.0,0.0,0.0,0.0,23,13,10,8,0,0,14,17,23,13,10,8,0,0,14,17,0,0,0,0,0,0,0,0,36.4,40.3,47.9,51.4,26.1,31.0,31.2,37.6,36.4,40.3,47.9,51.4,26.1,31.0,31.2,37.6,0.0,0.0,0.0,0.0,0.0,0.0,0.0,0.0,(CONTRACTS OF 10 TROY OUNCES),GOLD,PRECIOUS METALS,NATURAL RESOURCES,FutOnly
231010088695F,MICRO GOLD - COMMODITY EXCHANGE INC.,2023-10-10T00:00:00.000,2023 Report Week 41,MICRO GOLD,088695,CMX ,NYC,088 ,GOLD,32110,9537,17349,3675,0,0,13212,21024,18898,11086,32110,9537,17349,3675,0,0,13212,21024,18898,11086,0,0,0,0,0,0,0,0,0,0,205,1774,-184,628,0,0,2402,444,-2197,-239,100.0,29.7,54.0,11.4,0.0,0.0,41.1,65.5,58.9,34.5,100.0,29.7,54.0,11.4,0.0,0.0,41.1,65.5,58.9,34.5,0.0,0.0,0.0,0.0,0.0,0.0,0.0,0.0,0.0,0.0,23,10,13,7,0,0,12,18,23,10,13,7,0,0,12,18,0,0,0,0,0,0,0,0,29.1,43.6,37.3,57.9,23.5,35.6,28.0,49.9,29.1,43.6,37.3,57.9,23.5,35.6,28.0,49.9,0.0,0.0,0.0,0.0,0.0,0.0,0.0,0.0,(CONTRACTS OF 10 TROY OUNCES),GOLD,PRECIOUS METALS,NATURAL RESOURCES,FutOnly
231010088691F,GOLD - COMMODITY EXCHANGE INC.,2023-10-10T00:00:00.000,2023 Report Week 41,GOLD,088691,CMX ,NYC,088 ,GOLD,436499,220332,148899,50356,121341,211769,392029,411024,44470,25475,436499,220332,148899,50356,121341,211769,392029,411024,44470,25475,0,0,0,0,0,0,0,0,0,0,5273,-8074,11719,3458,10675,-10879,6059,4298,-786,975,100.0,50.5,34.1,11.5,27.8,48.5,89.8,94.2,10.2,5.8,100.0,50.5,34.1,11.5,27.8,48.5,89.8,94.2,10.2,5.8,0.0,0.0,0.0,0.0,0.0,0.0,0.0,0.0,0.0,0.0,304,157,76,84,53,45,247,171,304,157,76,84,53,45,247,171,0,0,0,0,0,0,0,0,16.1,29.9,25.8,47.5,15.6,27.5,24.3,43.1,16.1,29.9,25.8,47.5,15.6,27.5,24.3,43.1,0.0,0.0,0.0,0.0,0.0,0.0,0.0,0.0,(CONTRACTS OF 100 TROY OUNCES),GOLD,PRECIOUS METALS,NATURAL RESOURCES,FutOnly
231003088695F,MICRO GOLD - COMMODITY EXCHANGE INC.,2023-10-03T00:00:00.000,2023 Report Week 40,MICRO GOLD,088695,CMX ,NYC,088 ,GOLD,31905,7763,17533,3047,0,0,10810,20580,21095,11325,31905,7763,17533,3047,0,0,10810,20580,21095,11325,0,0,0,0,0,0,0,0,0,0,,,,,,,,,,,100.0,24.3,55.0,9.6,0.0,0.0,33.9,64.5,66.1,35.5,100.0,24.3,55.0,9.6,0.0,0.0,33.9,64.5,66.1,35.5,0.0,0.0,0.0,0.0,0.0,0.0,0.0,0.0,0.0,0.0,22,10,12,6,0,0,12,16,22,10,12,6,0,0,12,16,0,0,0,0,0,0,0,0,24.7,51.3,30.4,59.5,18.4,45.0,22.9,52.1,24.7,51.3,30.4,59.5,18.4,45.0,22.9,52.1,0.0,0.0,0.0,0.0,0.0,0.0,0.0,0.0,(CONTRACTS OF 10 TROY OUNCES),GOLD,PRECIOUS METALS,NATURAL RESOURCES,FutOnly
231003088691F,GOLD - COMMODITY EXCHANGE INC.,2023-10-03T00:00:00.000,2023 Report Week 40,GOLD,088691,CMX ,NYC,088 ,GOLD,431226,228406,137180,46898,110666,222648,385970,406726,45256,24500,431226,228406,137180,46898,110666,222648,385970,406726,45256,24500,0,0,0,0,0,0,0,0,0,0,-4394,-7154,17435,2895,-178,-23032,-4437,-2702,43,-1692,100.0,53.0,31.8,10.9,25.7,51.6,89.5,94.3,10.5,5.7,100.0,53.0,31.8,10.9,25.7,51.6,89.5,94.3,10.5,5.7,0.0,0.0,0.0,0.0,0.0,0.0,0.0,0.0,0.0,0.0,317,162,82,82,53,47,249,180,317,162,82,82,53,47,249,180,0,0,0,0,0,0,0,0,16.3,31.7,25.5,49.8,15.6,29.4,24.4,45.9,16.3,31.7,25.5,49.8,15.6,29.4,24.4,45.9,0.0,0.0,0.0,0.0,0.0,0.0,0.0,0.0,(CONTRACTS OF 100 TROY OUNCES),GOLD,PRECIOUS METALS,NATURAL RESOURCES,FutOnly
230926088691F,GOLD - COMMODITY EXCHANGE INC.,2023-09-26T00:00:00.000,2023 Report Week 39,GOLD,088691,CMX ,NYC,088 ,GOLD,435620,235560,119745,44003,110844,245680,390407,409428,45213,26192,435620,235560,119745,44003,110844,245680,390407,409428,45213,26192,0,0,0,0,0,0,0,0,0,0,-2458,-2156,17192,-2424,830,-17266,-3750,-2498,1292,40,100.0,54.1,27.5,10.1,25.4,56.4,89.6,94.0,10.4,6.0,100.0,54.1,27.5,10.1,25.4,56.4,89.6,94.0,10.4,6.0,0.0,0.0,0.0,0.0,0.0,0.0,0.0,0.0,0.0,0.0,310,166,80,76,48,48,247,172,310,166,80,76,48,48,247,172,0,0,0,0,0,0,0,0,16.5,34.0,26.6,51.4,16.4,31.4,25.9,48.1,16.5,34.0,26.6,51.4,16.4,31.4,25.9,48.1,0.0,0.0,0.0,0.0,0.0,0.0,0.0,0.0,(CONTRACTS OF 100 TROY OUNCES),GOLD,PRECIOUS METALS,NATURAL RESOURCES,FutOnly
230919088695F,MICRO GOLD - COMMODITY EXCHANGE INC.,2023-09-19T00:00:00.000,2023 Report Week 38,MICRO GOLD,088695,CMX ,NYC,088 ,GOLD,28783,9576,11304,3586,0,0,13162,14890,15621,13893,28783,9576,11304,3586,0,0,13162,14890,15621,13893,0,0,0,0,0,0,0,0,0,0,-2946,-2629,-4568,401,0,0,-2228,-4167,-718,1221,100.0,33.3,39.3,12.5,0.0,0.0,45.7,51.7,54.3,48.3,100.0,33.3,39.3,12.5,0.0,0.0,45.7,51.7,54.3,48.3,0.0,0.0,0.0,0.0,0.0,0.0,0.0,0.0,0.0,0.0,21,11,10,5,0,0,13,13,21,11,10,5,0,0,13,13,0,0,0,0,0,0,0,0,35.8,33.5,41.5,48.6,26.0,27.1,30.9,37.7,35.8,33.5,41.5,48.6,26.0,27.1,30.9,37.7,0.0,0.0,0.0,0.0,0.0,0.0,0.0,0.0,(CONTRACTS OF 10 TROY OUNCES),GOLD,PRECIOUS METALS,NATURAL RESOURCES,FutOnly
230919088691F,GOLD - COMMODITY EXCHANGE INC.,2023-09-19T00:00:00.000,2023 Report Week 38,GOLD,088691,CMX ,NYC,088 ,GOLD,438078,237716,102553,46427,110014,262946,394157,411926,43921,26152,438078,237716,102553,46427,110014,262946,394157,411926,43921,26152,0,0,0,0,0,0,0,0,0,0,-3143,2012,-9287,712,-3048,5074,-324,-3501,-2819,358,100.0,54.3,23.4,10.6,25.1,60.0,90.0,94.0,10.0,6.0,100.0,54.3,23.4,10.6,25.1,60.0,90.0,94.0,10.0,6.0,0.0,0.0,0.0,0.0,0.0,0.0,0.0,0.0,0.0,0.0,291,158,66,90,48,49,249,165,291,158,66,90,48,49,249,165,0,0,0,0,0,0,0,0,16.6,33.6,27.3,52.0,16.5,31.1,26.7,48.1,16.6,33.6,27.3,52.0,16.5,31.1,26.7,48.1,0.0,0.0,0.0,0.0,0.0,0.0,0.0,0.0,(CONTRACTS OF 100 TROY OUNCES),GOLD,PRECIOUS METALS,NATURAL RESOURCES,FutOnly
230912088691F,GOLD - COMMODITY EXCHANGE INC.,2023-09-12T00:00:00.000,2023 Report Week 37,GOLD,088691,CMX ,NYC,088 ,GOLD,441221,235704,111840,45715,113062,257872,394481,415427,46740,25794,441221,235704,111840,45715,113062,257872,394481,415427,46740,25794,0,0,0,0,0,0,0,0,0,0,2549,-98,14044,267,1606,-11823,1775,2488,774,61,100.0,53.4,25.3,10.4,25.6,58.4,89.4,94.2,10.6,5.8,100.0,53.4,25.3,10.4,25.6,58.4,89.4,94.2,10.6,5.8,0.0,0.0,0.0,0.0,0.0,0.0,0.0,0.0,0.0,0.0,302,163,70,86,53,49,250,174,302,163,70,86,53,49,250,174,0,0,0,0,0,0,0,0,16.2,33.4,26.6,51.6,16.1,30.7,26.1,47.3,16.2,33.4,26.6,51.6,16.1,30.7,26.1,47.3,0.0,0.0,0.0,0.0,0.0,0.0,0.0,0.0,(CONTRACTS OF 100 TROY OUNCES),GOLD,PRECIOUS METALS,NATURAL RESOURCES,FutOnly
230912088695F,MICRO GOLD - COMMODITY EXCHANGE INC.,2023-09-12T00:00:00.000,2023 Report Week 37,MICRO GOLD,088695,CMX ,NYC,088 ,GOLD,31729,12205,15872,3185,0,0,15390,19057,16339,12672,31729,12205,15872,3185,0,0,15390,19057,16339,12672,0,0,0,0,0,0,0,0,0,0,,,,,,,,,,,100.0,38.5,50.0,10.0,0.0,0.0,48.5,60.1,51.5,39.9,100.0,38.5,50.0,10.0,0.0,0.0,48.5,60.1,51.5,39.9,0.0,0.0,0.0,0.0,0.0,0.0,0.0,0.0,0.0,0.0,22,10,12,7,0,0,13,16,22,10,12,7,0,0,13,16,0,0,0,0,0,0,0,0,41.1,37.9,45.3,55.0,33.8,33.3,37.2,47.1,41.1,37.9,45.3,55.0,33.8,33.3,37.2,47.1,0.0,0.0,0.0,0.0,0.0,0.0,0.0,0.0,(CONTRACTS OF 10 TROY OUNCES),GOLD,PRECIOUS METALS,NATURAL RESOURCES,FutOnly
230905088691F,GOLD - COMMODITY EXCHANGE INC.,2023-09-05T00:00:00.000,2023 Report Week 36,GOLD,088691,CMX ,NYC,088 ,GOLD,438672,235802,97796,45448,111456,269695,392706,412939,45966,25733,438672,235802,97796,45448,111456,269695,392706,412939,45966,25733,0,0,0,0,0,0,0,0,0,0,-4134,-252,-14986,595,-6676,10969,-6333,-3422,2199,-712,100.0,53.8,22.3,10.4,25.4,61.5,89.5,94.1,10.5,5.9,100.0,53.8,22.3,10.4,25.4,61.5,89.5,94.1,10.5,5.9,0.0,0.0,0.0,0.0,0.0,0.0,0.0,0.0,0.0,0.0,304,163,69,84,51,56,249,176,304,163,69,84,51,56,249,176,0,0,0,0,0,0,0,0,16.7,34.3,27.2,52.4,16.7,32.2,26.8,47.9,16.7,34.3,27.2,52.4,16.7,32.2,26.8,47.9,0.0,0.0,0.0,0.0,0.0,0.0,0.0,0.0,(CONTRACTS OF 100 TROY OUNCES),GOLD,PRECIOUS METALS,NATURAL RESOURCES,FutOnly
230829088695F,MICRO GOLD - COMMODITY EXCHANGE INC.,2023-08-29T00:00:00.000,2023 Report Week 35,MICRO GOLD,088695,CMX ,NYC,088 ,GOLD,30968,12366,14722,3425,0,0,15791,18147,15177,12821,30968,12366,14722,3425,0,0,15791,18147,15177,12821,0,0,0,0,0,0,0,0,0,0,,,,,,,,,,,100.0,39.9,47.5,11.1,0.0,0.0,51.0,58.6,49.0,41.4,100.0,39.9,47.5,11.1,0.0,0.0,51.0,58.6,49.0,41.4,0.0,0.0,0.0,0.0,0.0,0.0,0.0,0.0,0.0,0.0,20,9,11,9,0,0,12,17,20,9,11,9,0,0,12,17,0,0,0,0,0,0,0,0,40.4,33.9,48.9,51.6,33.3,31.4,39.2,45.0,40.4,33.9,48.9,51.6,33.3,31.4,39.2,45.0,0.0,0.0,0.0,0.0,0.0,0.0,0.0,0.0,(CONTRACTS OF 10 TROY OUNCES),GOLD,PRECIOUS METALS,NATURAL RESOURCES,FutOnly
230829088691F,GOLD - COMMODITY EXCHANGE INC.,2023-08-29T00:00:00.000,2023 Report Week 35,GOLD,088691,CMX ,NYC,088 ,GOLD,442806,236054,112782,44853,118132,258726,399039,416361,43767,26445,442806,236054,112782,44853,118132,258726,399039,416361,43767,26445,0,0,0,0,0,0,0,0,0,0,12567,9714,-11612,3912,486,20044,14112,12344,-1545,223,100.0,53.3,25.5,10.1,26.7,58.4,90.1,94.0,9.9,6.0,100.0,53.3,25.5,10.1,26.7,58.4,90.1,94.0,9.9,6.0,0.0,0.0,0.0,0.0,0.0,0.0,0.0,0.0,0.0,0.0,300,170,58,87,52,55,252,172,300,170,58,87,52,55,252,172,0,0,0,0,0,0,0,0,16.5,32.7,26.3,50.2,16.4,30.5,25.9,45.7,16.5,32.7,26.3,50.2,16.4,30.5,25.9,45.7,0.0,0.0,0.0,0.0,0.0,0.0,0.0,0.0,(CONTRACTS OF 100 TROY OUNCES),GOLD,PRECIOUS METALS,NATURAL RESOURCES,FutOnly
230822088691F,GOLD - COMMODITY EXCHANGE INC.,2023-08-22T00:00:00.000,2023 Report Week 34,GOLD,088691,CMX ,NYC,088 ,GOLD,430239,226340,124394,40941,117646,238682,384927,404017,45312,26222,430239,226340,124394,40941,117646,238682,384927,404017,45312,26222,0,0,0,0,0,0,0,0,0,0,-3372,-6738,12452,807,1584,-19310,-4347,-6051,975,2679,100.0,52.6,28.9,9.5,27.3,55.5,89.5,93.9,10.5,6.1,100.0,52.6,28.9,9.5,27.3,55.5,89.5,93.9,10.5,6.1,0.0,0.0,0.0,0.0,0.0,0.0,0.0,0.0,0.0,0.0,308,165,72,82,53,52,248,179,308,165,72,82,53,52,248,179,0,0,0,0,0,0,0,0,16.4,31.9,26.1,49.7,16.3,29.7,25.3,44.9,16.4,31.9,26.1,49.7,16.3,29.7,25.3,44.9,0.0,0.0,0.0,0.0,0.0,0.0,0.0,0.0,(CONTRACTS OF 100 TROY OUNCES),GOLD,PRECIOUS METALS,NATURAL RESOURCES,FutOnly
230815088691F,GOLD - COMMODITY EXCHANGE INC.,2023-08-15T00:00:00.000,2023 Report Week 33,GOLD,088691,CMX ,NYC,088 ,GOLD,433611,233078,111942,40134,116062,257992,389274,410068,44337,23543,433611,233078,111942,40134,116062,257992,389274,410068,44337,23543,0,0,0,0,0,0,0,0,0,0,5852,4232,26081,107,2172,-23452,6511,2736,-659,3116,100.0,53.8,25.8,9.3,26.8,59.5,89.8,94.6,10.2,5.4,100.0,53.8,25.8,9.3,26.8,59.5,89.8,94.6,10.2,5.4,0.0,0.0,0.0,0.0,0.0,0.0,0.0,0.0,0.0,0.0,302,161,73,84,53,47,249,171,302,161,73,84,53,47,249,171,0,0,0,0,0,0,0,0,16.7,33.7,26.3,49.8,16.7,31.6,25.7,45.6,16.7,33.7,26.3,49.8,16.7,31.6,25.7,45.6,0.0,0.0,0.0,0.0,0.0,0.0,0.0,0.0,(CONTRACTS OF 100 TROY OUNCES),GOLD,PRECIOUS METALS,NATURAL RESOURCES,FutOnly
230808088691F,GOLD - COMMODITY EXCHANGE INC.,2023-08-08T00:00:00.000,2023 Report Week 32,GOLD,088691,CMX ,NYC,088 ,GOLD,427759,228846,85861,40027,113890,281444,382763,407332,44996,20427,427759,228846,85861,40027,113890,281444,382763,407332,44996,20427,0,0,0,0,0,0,0,0,0,0,-11624,-10139,11800,493,-3720,-23011,-13366,-10718,1742,-906,100.0,53.5,20.1,9.4,26.6,65.8,89.5,95.2,10.5,4.8,100.0,53.5,20.1,9.4,26.6,65.8,89.5,95.2,10.5,4.8,0.0,0.0,0.0,0.0,0.0,0.0,0.0,0.0,0.0,0.0,296,156,66,80,48,50,239,166,296,156,66,80,48,50,239,166,0,0,0,0,0,0,0,0,16.8,37.5,26.0,52.7,16.8,35.4,25.3,48.9,16.8,37.5,26.0,52.7,16.8,35.4,25.3,48.9,0.0,0.0,0.0,0.0,0.0,0.0,0.0,0.0,(CONTRACTS OF 100 TROY OUNCES),GOLD,PRECIOUS METALS,NATURAL RESOURCES,FutOnly
230801088691F,GOLD - COMMODITY EXCHANGE INC.,2023-08-01T00:00:00.000,2023 Report Week 31,GOLD,088691,CMX ,NYC,088 ,GOLD,439383,238985,74061,39534,117610,304455,396129,418050,43254,21333,439383,238985,74061,39534,117610,304455,396129,418050,43254,21333,0,0,0,0,0,0,0,0,0,0,-36793,-9244,-529,-15622,-7881,-19246,-32747,-35397,-4046,-1396,100.0,54.4,16.9,9.0,26.8,69.3,90.2,95.1,9.8,4.9,100.0,54.4,16.9,9.0,26.8,69.3,90.2,95.1,9.8,4.9,0.0,0.0,0.0,0.0,0.0,0.0,0.0,0.0,0.0,0.0,304,165,67,79,49,53,247,169,304,165,67,79,49,53,247,169,0,0,0,0,0,0,0,0,16.7,38.5,25.7,52.1,16.6,36.1,25.2,48.9,16.7,38.5,25.7,52.1,16.6,36.1,25.2,48.9,0.0,0.0,0.0,0.0,0.0,0.0,0.0,0.0,(CONTRACTS OF 100 TROY OUNCES),GOLD,PRECIOUS METALS,NATURAL RESOURCES,FutOnly
230725088691F,GOLD - COMMODITY EXCHANGE INC.,2023-07-25T00:00:00.000,2023 Report Week 30,GOLD,088691,CMX ,NYC,088 ,GOLD,476176,248229,74590,55156,125491,323701,428876,453447,47300,22729,476176,248229,74590,55156,125491,323701,428876,453447,47300,22729,0,0,0,0,0,0,0,0,0,0,-5928,-15511,4198,-1926,9993,-5512,-7444,-3240,1516,-2688,100.0,52.1,15.7,11.6,26.4,68.0,90.1,95.2,9.9,4.8,100.0,52.1,15.7,11.6,26.4,68.0,90.1,95.2,9.9,4.8,0.0,0.0,0.0,0.0,0.0,0.0,0.0,0.0,0.0,0.0,314,168,72,84,49,58,254,181,314,168,72,84,49,58,254,181,0,0,0,0,0,0,0,0,15.9,36.7,24.9,48.8,15.9,34.8,24.1,46.4,15.9,36.7,24.9,48.8,15.9,34.8,24.1,46.4,0.0,0.0,0.0,0.0,0.0,0.0,0.0,0.0,(CONTRACTS OF 100 TROY OUNCES),GOLD,PRECIOUS METALS,NATURAL RESOURCES,FutOnly
230718088691F,GOLD - COMMODITY EXCHANGE INC.,2023-07-18T00:00:00.000,2023 Report Week 29,GOLD,088691,CMX ,NYC,088 ,GOLD,482104,263740,70392,57082,115498,329213,436320,456687,45784,25417,482104,263740,70392,57082,115498,329213,436320,456687,45784,25417,0,0,0,0,0,0,0,0,0,0,-1066,23194,-4400,-24134,708,26674,-232,-1860,-834,794,100.0,54.7,14.6,11.8,24.0,68.3,90.5,94.7,9.5,5.3,100.0,54.7,14.6,11.8,24.0,68.3,90.5,94.7,9.5,5.3,0.0,0.0,0.0,0.0,0.0,0.0,0.0,0.0,0.0,0.0,310,179,60,85,45,59,255,175,310,179,60,85,45,59,255,175,0,0,0,0,0,0,0,0,15.6,37.0,24.3,49.5,15.6,35.6,24.0,47.7,15.6,37.0,24.3,49.5,15.6,35.6,24.0,47.7,0.0,0.0,0.0,0.0,0.0,0.0,0.0,0.0,(CONTRACTS OF 100 TROY OUNCES),GOLD,PRECIOUS METALS,NATURAL RESOURCES,FutOnly
230711088691F,GOLD - COMMODITY EXCHANGE INC.,2023-07-11T00:00:00.000,2023 Report Week 28,GOLD,088691,CMX ,NYC,088 ,GOLD,483170,240546,74792,81216,114790,302539,436552,458547,46618,24623,483170,240546,74792,81216,114790,302539,436552,458547,46618,24623,0,0,0,0,0,0,0,0,0,0,35107,5465,2808,28629,-115,2917,33979,34354,1128,753,100.0,49.8,15.5,16.8,23.8,62.6,90.4,94.9,9.6,5.1,100.0,49.8,15.5,16.8,23.8,62.6,90.4,94.9,9.6,5.1,0.0,0.0,0.0,0.0,0.0,0.0,0.0,0.0,0.0,0.0,299,168,59,80,47,50,248,160,299,168,59,80,47,50,248,160,0,0,0,0,0,0,0,0,16.1,34.7,25.4,48.2,15.5,33.8,24.1,46.4,16.1,34.7,25.4,48.2,15.5,33.8,24.1,46.4,0.0,0.0,0.0,0.0,0.0,0.0,0.0,0.0,(CONTRACTS OF 100 TROY OUNCES),GOLD,PRECIOUS METALS,NATURAL RESOURCES,FutOnly
230703088691F,GOLD - COMMODITY EXCHANGE INC.,2023-07-03T00:00:00.000,2023 Report Week 27,GOLD,088691,CMX ,NYC,088 ,GOLD,448063,235081,71984,52587,114905,299622,402573,424193,45490,23870,448063,235081,71984,52587,114905,299622,402573,424193,45490,23870,0,0,0,0,0,0,0,0,0,0,16202,14200,3013,8703,-4149,5233,18754,16949,-2552,-747,100.0,52.5,16.1,11.7,25.6,66.9,89.8,94.7,10.2,5.3,100.0,52.5,16.1,11.7,25.6,66.9,89.8,94.7,10.2,5.3,0.0,0.0,0.0,0.0,0.0,0.0,0.0,0.0,0.0,0.0,289,152,67,77,48,52,234,165,289,152,67,77,48,52,234,165,0,0,0,0,0,0,0,0,16.8,37.6,26.3,51.0,16.8,36.5,26.0,49.7,16.8,37.6,26.3,51.0,16.8,36.5,26.0,49.7,0.0,0.0,0.0,0.0,0.0,0.0,0.0,0.0,(CONTRACTS OF 100 TROY OUNCES),GOLD,PRECIOUS METALS,NATURAL RESOURCES,FutOnly
230627088691F,GOLD - COMMODITY EXCHANGE INC.,2023-06-27T00:00:00.000,2023 Report Week 26,GOLD,088691,CMX ,NYC,088 ,GOLD,431861,220881,68971,43884,119054,294389,383819,407244,48042,24617,431861,220881,68971,43884,119054,294389,383819,407244,48042,24617,0,0,0,0,0,0,0,0,0,0,-6176,-8427,2638,3976,-2365,-13567,-6816,-6953,640,777,100.0,51.1,16.0,10.2,27.6,68.2,88.9,94.3,11.1,5.7,100.0,51.1,16.0,10.2,27.6,68.2,88.9,94.3,11.1,5.7,0.0,0.0,0.0,0.0,0.0,0.0,0.0,0.0,0.0,0.0,286,153,66,84,52,49,240,166,286,153,66,84,52,49,240,166,0,0,0,0,0,0,0,0,17.7,39.3,27.6,53.5,17.7,38.5,27.5,52.2,17.7,39.3,27.6,53.5,17.7,38.5,27.5,52.2,0.0,0.0,0.0,0.0,0.0,0.0,0.0,0.0,(CONTRACTS OF 100 TROY OUNCES),GOLD,PRECIOUS METALS,NATURAL RESOURCES,FutOnly
230620088691F,GOLD - COMMODITY EXCHANGE INC.,2023-06-20T00:00:00.000,2023 Report Week 25,GOLD,088691,CMX ,NYC,088 ,GOLD,438037,229308,66333,39908,121419,307956,390635,414197,47402,23840,438037,229308,66333,39908,121419,307956,390635,414197,47402,23840,0,0,0,0,0,0,0,0,0,0,5139,1991,-775,3741,958,1433,6690,4399,-1551,740,100.0,52.3,15.1,9.1,27.7,70.3,89.2,94.6,10.8,5.4,100.0,52.3,15.1,9.1,27.7,70.3,89.2,94.6,10.8,5.4,0.0,0.0,0.0,0.0,0.0,0.0,0.0,0.0,0.0,0.0,308,158,72,80,55,56,251,173,308,158,72,80,55,56,251,173,0,0,0,0,0,0,0,0,17.3,40.1,26.9,54.2,17.3,39.1,26.8,52.6,17.3,40.1,26.9,54.2,17.3,39.1,26.8,52.6,0.0,0.0,0.0,0.0,0.0,0.0,0.0,0.0,(CONTRACTS OF 100 TROY OUNCES),GOLD,PRECIOUS METALS,NATURAL RESOURCES,FutOnly
230613088691F,GOLD - COMMODITY EXCHANGE INC.,2023-06-13T00:00:00.000,2023 Report Week 24,GOLD,088691,CMX ,NYC,088 ,GOLD,432898,227317,67108,36167,120461,306523,383945,409798,48953,23100,432898,227317,67108,36167,120461,306523,383945,409798,48953,23100,0,0,0,0,0,0,0,0,0,0,-3403,-10150,5282,1291,4098,-8027,-4761,-1454,1358,-1949,100.0,52.5,15.5,8.4,27.8,70.8,88.7,94.7,11.3,5.3,100.0,52.5,15.5,8.4,27.8,70.8,88.7,94.7,11.3,5.3,0.0,0.0,0.0,0.0,0.0,0.0,0.0,0.0,0.0,0.0,298,154,69,83,54,52,244,171,298,154,69,83,54,52,244,171,0,0,0,0,0,0,0,0,17.5,40.6,27.1,54.8,17.5,39.7,27.1,53.3,17.5,40.6,27.1,54.8,17.5,39.7,27.1,53.3,0.0,0.0,0.0,0.0,0.0,0.0,0.0,0.0,(CONTRACTS OF 100 TROY OUNCES),GOLD,PRECIOUS METALS,NATURAL RESOURCES,FutOnly
230606088691F,GOLD - COMMODITY EXCHANGE INC.,2023-06-06T00:00:00.000,2023 Report Week 23,GOLD,088691,CMX ,NYC,088 ,GOLD,436301,237467,61826,34876,116363,314550,388706,411252,47595,25049,436301,237467,61826,34876,116363,314550,388706,411252,47595,25049,0,0,0,0,0,0,0,0,0,0,-13214,161,-6164,-393,-16966,-8784,-17198,-15341,3984,2127,100.0,54.4,14.2,8.0,26.7,72.1,89.1,94.3,10.9,5.7,100.0,54.4,14.2,8.0,26.7,72.1,89.1,94.3,10.9,5.7,0.0,0.0,0.0,0.0,0.0,0.0,0.0,0.0,0.0,0.0,296,156,69,74,50,53,239,165,296,156,69,74,50,53,239,165,0,0,0,0,0,0,0,0,17.6,41.1,26.9,54.4,17.6,40.5,26.8,53.4,17.6,41.1,26.9,54.4,17.6,40.5,26.8,53.4,0.0,0.0,0.0,0.0,0.0,0.0,0.0,0.0,(CONTRACTS OF 100 TROY OUNCES),GOLD,PRECIOUS METALS,NATURAL RESOURCES,FutOnly
230530088691F,GOLD - COMMODITY EXCHANGE INC.,2023-05-30T00:00:00.000,2023 Report Week 22,GOLD,088691,CMX ,NYC,088 ,GOLD,449515,237306,67990,35269,133329,323334,405904,426593,43611,22922,449515,237306,67990,35269,133329,323334,405904,426593,43611,22922,0,0,0,0,0,0,0,0,0,0,-29565,1157,-7427,-15351,-9655,-6673,-23849,-29451,-5716,-114,100.0,52.8,15.1,7.8,29.7,71.9,90.3,94.9,9.7,5.1,100.0,52.8,15.1,7.8,29.7,71.9,90.3,94.9,9.7,5.1,0.0,0.0,0.0,0.0,0.0,0.0,0.0,0.0,0.0,0.0,303,158,64,80,51,57,245,172,303,158,64,80,51,57,245,172,0,0,0,0,0,0,0,0,17.3,40.0,26.3,53.8,17.3,38.8,25.9,51.2,17.3,40.0,26.3,53.8,17.3,38.8,25.9,51.2,0.0,0.0,0.0,0.0,0.0,0.0,0.0,0.0,(CONTRACTS OF 100 TROY OUNCES),GOLD,PRECIOUS METALS,NATURAL RESOURCES,FutOnly
230523088691F,GOLD - COMMODITY EXCHANGE INC.,2023-05-23T00:00:00.000,2023 Report Week 21,GOLD,088691,CMX ,NYC,088 ,GOLD,479080,236149,75417,50620,142984,330007,429753,456044,49327,23036,479080,236149,75417,50620,142984,330007,429753,456044,49327,23036,0,0,0,0,0,0,0,0,0,0,-42752,-19101,-19,-22788,4662,-19872,-37227,-42679,-5525,-73,100.0,49.3,15.7,10.6,29.8,68.9,89.7,95.2,10.3,4.8,100.0,49.3,15.7,10.6,29.8,68.9,89.7,95.2,10.3,4.8,0.0,0.0,0.0,0.0,0.0,0.0,0.0,0.0,0.0,0.0,316,172,68,88,50,59,261,179,316,172,68,88,50,59,261,179,0,0,0,0,0,0,0,0,16.3,37.6,26.3,50.0,16.3,35.8,25.6,47.4,16.3,37.6,26.3,50.0,16.3,35.8,25.6,47.4,0.0,0.0,0.0,0.0,0.0,0.0,0.0,0.0,(CONTRACTS OF 100 TROY OUNCES),GOLD,PRECIOUS METALS,NATURAL RESOURCES,FutOnly
230516088691F,GOLD - COMMODITY EXCHANGE INC.,2023-05-16T00:00:00.000,2023 Report Week 20,GOLD,088691,CMX ,NYC,088 ,GOLD,521832,255250,75436,73408,138322,349879,466980,498723,54852,23109,521832,255250,75436,73408,138322,349879,466980,498723,54852,23109,0,0,0,0,0,0,0,0,0,0,2881,-11222,4778,3926,7337,-3621,41,5083,2840,-2202,100.0,48.9,14.5,14.1,26.5,67.0,89.5,95.6,10.5,4.4,100.0,48.9,14.5,14.1,26.5,67.0,89.5,95.6,10.5,4.4,0.0,0.0,0.0,0.0,0.0,0.0,0.0,0.0,0.0,0.0,330,176,76,91,49,57,265,190,330,176,76,91,49,57,265,190,0,0,0,0,0,0,0,0,15.4,35.8,24.6,47.7,15.1,34.1,23.1,45.0,15.4,35.8,24.6,47.7,15.1,34.1,23.1,45.0,0.0,0.0,0.0,0.0,0.0,0.0,0.0,0.0,(CONTRACTS OF 100 TROY OUNCES),GOLD,PRECIOUS METALS,NATURAL RESOURCES,FutOnly
230509088691F,GOLD - COMMODITY EXCHANGE INC.,2023-05-09T00:00:00.000,2023 Report Week 19,GOLD,088691,CMX ,NYC,088 ,GOLD,518951,266472,70658,69482,130985,353500,466939,493640,52012,25311,518951,266472,70658,69482,130985,353500,466939,493640,52012,25311,0,0,0,0,0,0,0,0,0,0,25147,4059,3812,13044,3534,8465,20637,25321,4510,-174,100.0,51.3,13.6,13.4,25.2,68.1,90.0,95.1,10.0,4.9,100.0,51.3,13.6,13.4,25.2,68.1,90.0,95.1,10.0,4.9,0.0,0.0,0.0,0.0,0.0,0.0,0.0,0.0,0.0,0.0,337,188,78,88,46,51,271,184,337,188,78,88,46,51,271,184,0,0,0,0,0,0,0,0,16.2,36.4,26.0,49.3,15.2,34.5,23.4,45.7,16.2,36.4,26.0,49.3,15.2,34.5,23.4,45.7,0.0,0.0,0.0,0.0,0.0,0.0,0.0,0.0,(CONTRACTS OF 100 TROY OUNCES),GOLD,PRECIOUS METALS,NATURAL RESOURCES,FutOnly
230502088695F,MICRO GOLD - COMMODITY EXCHANGE INC.,2023-05-02T00:00:00.000,2023 Report Week 18,MICRO GOLD,088695,CMX ,NYC,088 ,GOLD,24422,6916,4336,3420,0,398,10336,8154,14086,16268,24422,6916,4336,3420,0,398,10336,8154,14086,16268,0,0,0,0,0,0,0,0,0,0,642,1382,-439,315,0,45,1697,-79,-1055,721,100.0,28.3,17.8,14.0,0.0,1.6,42.3,33.4,57.7,66.6,100.0,28.3,17.8,14.0,0.0,1.6,42.3,33.4,57.7,66.6,0.0,0.0,0.0,0.0,0.0,0.0,0.0,0.0,0.0,0.0,21,11,9,6,0,1,13,14,21,11,9,6,0,1,13,14,0,0,0,0,0,0,0,0,27.4,19.2,37.1,28.4,18.6,12.9,25.7,17.5,27.4,19.2,37.1,28.4,18.6,12.9,25.7,17.5,0.0,0.0,0.0,0.0,0.0,0.0,0.0,0.0,(CONTRACTS OF 10 TROY OUNCES),GOLD,PRECIOUS METALS,NATURAL RESOURCES,FutOnly
230502088691F,GOLD - COMMODITY EXCHANGE INC.,2023-05-02T00:00:00.000,2023 Report Week 18,GOLD,088691,CMX ,NYC,088 ,GOLD,493804,262413,66846,56438,127451,345035,446302,468319,47502,25485,493804,262413,66846,56438,127451,345035,446302,468319,47502,25485,0,0,0,0,0,0,0,0,0,0,20595,9227,-1076,11981,2933,8589,24141,19494,-3546,1101,100.0,53.1,13.5,11.4,25.8,69.9,90.4,94.8,9.6,5.2,100.0,53.1,13.5,11.4,25.8,69.9,90.4,94.8,9.6,5.2,0.0,0.0,0.0,0.0,0.0,0.0,0.0,0.0,0.0,0.0,332,189,72,86,45,53,275,174,332,189,72,86,45,53,275,174,0,0,0,0,0,0,0,0,15.5,37.8,24.6,49.7,15.5,35.7,24.1,47.4,15.5,37.8,24.6,49.7,15.5,35.7,24.1,47.4,0.0,0.0,0.0,0.0,0.0,0.0,0.0,0.0,(CONTRACTS OF 100 TROY OUNCES),GOLD,PRECIOUS METALS,NATURAL RESOURCES,FutOnly
230425088691F,GOLD - COMMODITY EXCHANGE INC.,2023-04-25T00:00:00.000,2023 Report Week 17,GOLD,088691,CMX ,NYC,088 ,GOLD,473209,253186,67922,44457,124518,336446,422161,448825,51048,24384,473209,253186,67922,44457,124518,336446,422161,448825,51048,24384,0,0,0,0,0,0,0,0,0,0,-9045,-6875,-2246,-3593,1022,-3475,-9446,-9314,401,269,100.0,53.5,14.4,9.4,26.3,71.1,89.2,94.8,10.8,5.2,100.0,53.5,14.4,9.4,26.3,71.1,89.2,94.8,10.8,5.2,0.0,0.0,0.0,0.0,0.0,0.0,0.0,0.0,0.0,0.0,315,178,68,77,46,49,255,167,315,178,68,77,46,49,255,167,0,0,0,0,0,0,0,0,15.7,38.6,25.3,51.5,15.7,36.8,24.5,49.2,15.7,38.6,25.3,51.5,15.7,36.8,24.5,49.2,0.0,0.0,0.0,0.0,0.0,0.0,0.0,0.0,(CONTRACTS OF 100 TROY OUNCES),GOLD,PRECIOUS METALS,NATURAL RESOURCES,FutOnly
230425088695F,MICRO GOLD - COMMODITY EXCHANGE INC.,2023-04-25T00:00:00.000,2023 Report Week 17,MICRO GOLD,088695,CMX ,NYC,088 ,GOLD,23780,5534,4775,3105,0,353,8639,8233,15141,15547,23780,5534,4775,3105,0,353,8639,8233,15141,15547,0,0,0,0,0,0,0,0,0,0,,,,,,,,,,,100.0,23.3,20.1,13.1,0.0,1.5,36.3,34.6,63.7,65.4,100.0,23.3,20.1,13.1,0.0,1.5,36.3,34.6,63.7,65.4,0.0,0.0,0.0,0.0,0.0,0.0,0.0,0.0,0.0,0.0,20,10,8,7,0,1,14,13,20,10,8,7,0,1,14,13,0,0,0,0,0,0,0,0,18.8,22.9,28.1,29.7,15.8,16.3,21.7,20.7,18.8,22.9,28.1,29.7,15.8,16.3,21.7,20.7,0.0,0.0,0.0,0.0,0.0,0.0,0.0,0.0,(CONTRACTS OF 10 TROY OUNCES),GOLD,PRECIOUS METALS,NATURAL RESOURCES,FutOnly
230418088691F,GOLD - COMMODITY EXCHANGE INC.,2023-04-18T00:00:00.000,2023 Report Week 16,GOLD,088691,CMX ,NYC,088 ,GOLD,482254,260061,70168,48050,123496,339921,431607,458139,50647,24115,482254,260061,70168,48050,123496,339921,431607,458139,50647,24115,0,0,0,0,0,0,0,0,0,0,5687,-104,2748,460,3786,3663,4142,6871,1545,-1184,100.0,53.9,14.6,10.0,25.6,70.5,89.5,95.0,10.5,5.0,100.0,53.9,14.6,10.0,25.6,70.5,89.5,95.0,10.5,5.0,0.0,0.0,0.0,0.0,0.0,0.0,0.0,0.0,0.0,0.0,319,176,72,81,47,51,257,173,319,176,72,81,47,51,257,173,0,0,0,0,0,0,0,0,15.4,38.4,24.9,51.1,15.4,36.5,24.2,48.8,15.4,38.4,24.9,51.1,15.4,36.5,24.2,48.8,0.0,0.0,0.0,0.0,0.0,0.0,0.0,0.0,(CONTRACTS OF 100 TROY OUNCES),GOLD,PRECIOUS METALS,NATURAL RESOURCES,FutOnly
230411088691F,GOLD - COMMODITY EXCHANGE INC.,2023-04-11T00:00:00.000,2023 Report Week 15,GOLD,088691,CMX ,NYC,088 ,GOLD,476567,260165,67420,47590,119710,336258,427465,451268,49102,25299,476567,260165,67420,47590,119710,336258,427465,451268,49102,25299,0,0,0,0,0,0,0,0,0,0,-25,-5999,-3528,2771,2841,1139,-387,382,362,-407,100.0,54.6,14.1,10.0,25.1,70.6,89.7,94.7,10.3,5.3,100.0,54.6,14.1,10.0,25.1,70.6,89.7,94.7,10.3,5.3,0.0,0.0,0.0,0.0,0.0,0.0,0.0,0.0,0.0,0.0,329,190,66,80,48,54,269,172,329,190,66,80,48,54,269,172,0,0,0,0,0,0,0,0,15.5,38.1,25.1,50.9,15.5,36.3,24.5,48.8,15.5,38.1,25.1,50.9,15.5,36.3,24.5,48.8,0.0,0.0,0.0,0.0,0.0,0.0,0.0,0.0,(CONTRACTS OF 100 TROY OUNCES),GOLD,PRECIOUS METALS,NATURAL RESOURCES,FutOnly
230404088691F,GOLD - COMMODITY EXCHANGE INC.,2023-04-04T00:00:00.000,2023 Report Week 14,GOLD,088691,CMX ,NYC,088 ,GOLD,476592,266164,70948,44819,116869,335119,427852,450886,48740,25706,476592,266164,70948,44819,116869,335119,427852,450886,48740,25706,0,0,0,0,0,0,0,0,0,0,-2019,21029,7443,-9483,-14917,1825,-3371,-215,1352,-1804,100.0,55.8,14.9,9.4,24.5,70.3,89.8,94.6,10.2,5.4,100.0,55.8,14.9,9.4,24.5,70.3,89.8,94.6,10.2,5.4,0.0,0.0,0.0,0.0,0.0,0.0,0.0,0.0,0.0,0.0,334,195,64,76,49,55,271,170,334,195,64,76,49,55,271,170,0,0,0,0,0,0,0,0,15.6,36.5,25.1,48.8,15.6,34.7,24.4,46.8,15.6,36.5,25.1,48.8,15.6,34.7,24.4,46.8,0.0,0.0,0.0,0.0,0.0,0.0,0.0,0.0,(CONTRACTS OF 100 TROY OUNCES),GOLD,PRECIOUS METALS,NATURAL RESOURCES,FutOnly
230328088691F,GOLD - COMMODITY EXCHANGE INC.,2023-03-28T00:00:00.000,2023 Report Week 13,GOLD,088691,CMX ,NYC,088 ,GOLD,478611,245135,63505,54302,131786,333294,431223,451101,47388,27510,478611,245135,63505,54302,131786,333294,431223,451101,47388,27510,0,0,0,0,0,0,0,0,0,0,8737,7244,-15781,-8379,10108,28048,8973,3888,-236,4849,100.0,51.2,13.3,11.3,27.5,69.6,90.1,94.3,9.9,5.7,100.0,51.2,13.3,11.3,27.5,69.6,90.1,94.3,9.9,5.7,0.0,0.0,0.0,0.0,0.0,0.0,0.0,0.0,0.0,0.0,302,176,55,85,49,52,262,160,302,176,55,85,49,52,262,160,0,0,0,0,0,0,0,0,16.0,36.6,25.8,50.2,16.0,32.9,24.9,45.4,16.0,36.6,25.8,50.2,16.0,32.9,24.9,45.4,0.0,0.0,0.0,0.0,0.0,0.0,0.0,0.0,(CONTRACTS OF 100 TROY OUNCES),GOLD,PRECIOUS METALS,NATURAL RESOURCES,FutOnly
230321088695F,MICRO GOLD - COMMODITY EXCHANGE INC.,2023-03-21T00:00:00.000,2023 Report Week 12,MICRO GOLD,088695,CMX ,NYC,088 ,GOLD,25449,7787,7991,2823,0,285,10610,11099,14839,14350,25449,7787,7991,2823,0,285,10610,11099,14839,14350,0,0,0,0,0,0,0,0,0,0,,,,,,,,,,,100.0,30.6,31.4,11.1,0.0,1.1,41.7,43.6,58.3,56.4,100.0,30.6,31.4,11.1,0.0,1.1,41.7,43.6,58.3,56.4,0.0,0.0,0.0,0.0,0.0,0.0,0.0,0.0,0.0,0.0,26,13,11,7,0,1,15,18,26,13,11,7,0,1,15,18,0,0,0,0,0,0,0,0,25.8,23.2,34.5,32.1,18.5,21.4,26.1,28.1,25.8,23.2,34.5,32.1,18.5,21.4,26.1,28.1,0.0,0.0,0.0,0.0,0.0,0.0,0.0,0.0,(CONTRACTS OF 10 TROY OUNCES),GOLD,PRECIOUS METALS,NATURAL RESOURCES,FutOnly
230321088691F,GOLD - COMMODITY EXCHANGE INC.,2023-03-21T00:00:00.000,2023 Report Week 12,GOLD,088691,CMX ,NYC,088 ,GOLD,469874,237891,79286,62681,121678,305246,422250,447213,47624,22661,469874,237891,79286,62681,121678,305246,422250,447213,47624,22661,0,0,0,0,0,0,0,0,0,0,10810,7068,-11206,-1308,-779,27349,4981,14835,5829,-4025,100.0,50.6,16.9,13.3,25.9,65.0,89.9,95.2,10.1,4.8,100.0,50.6,16.9,13.3,25.9,65.0,89.9,95.2,10.1,4.8,0.0,0.0,0.0,0.0,0.0,0.0,0.0,0.0,0.0,0.0,304,170,63,95,49,57,263,176,304,170,63,95,49,57,263,176,0,0,0,0,0,0,0,0,16.5,33.3,26.6,48.7,16.5,31.7,25.7,44.5,16.5,33.3,26.6,48.7,16.5,31.7,25.7,44.5,0.0,0.0,0.0,0.0,0.0,0.0,0.0,0.0,(CONTRACTS OF 100 TROY OUNCES),GOLD,PRECIOUS METALS,NATURAL RESOURCES,FutOnly
230314088691F,GOLD - COMMODITY EXCHANGE INC.,2023-03-14T00:00:00.000,2023 Report Week 11,GOLD,088691,CMX ,NYC,088 ,GOLD,459064,230823,90492,63989,122457,277897,417269,432378,41795,26686,459064,230823,90492,63989,122457,277897,417269,432378,41795,26686,0,0,0,0,0,0,0,0,0,0,590,15249,-26608,-9877,-2937,33583,2435,-2902,-1845,3492,100.0,50.3,19.7,13.9,26.7,60.5,90.9,94.2,9.1,5.8,100.0,50.3,19.7,13.9,26.7,60.5,90.9,94.2,9.1,5.8,0.0,0.0,0.0,0.0,0.0,0.0,0.0,0.0,0.0,0.0,310,179,58,92,52,56,266,176,310,179,58,92,52,56,266,176,0,0,0,0,0,0,0,0,16.3,33.4,26.7,49.4,16.1,31.1,25.5,45.7,16.3,33.4,26.7,49.4,16.1,31.1,25.5,45.7,0.0,0.0,0.0,0.0,0.0,0.0,0.0,0.0,(CONTRACTS OF 100 TROY OUNCES),GOLD,PRECIOUS METALS,NATURAL RESOURCES,FutOnly
230307088691F,GOLD - COMMODITY EXCHANGE INC.,2023-03-07T00:00:00.000,2023 Report Week 10,GOLD,088691,CMX ,NYC,088 ,GOLD,458474,215574,117100,73866,125394,244314,414834,435280,43640,23194,458474,215574,117100,73866,125394,244314,414834,435280,43640,23194,0,0,0,0,0,0,0,0,0,0,31584,7155,17274,20744,2003,-6564,29902,31454,1682,130,100.0,47.0,25.5,16.1,27.4,53.3,90.5,94.9,9.5,5.1,100.0,47.0,25.5,16.1,27.4,53.3,90.5,94.9,9.5,5.1,0.0,0.0,0.0,0.0,0.0,0.0,0.0,0.0,0.0,0.0,303,164,69,90,49,46,248,175,303,164,69,90,49,46,248,175,0,0,0,0,0,0,0,0,16.4,32.7,26.9,48.1,16.4,29.8,26.3,44.2,16.4,32.7,26.9,48.1,16.4,29.8,26.3,44.2,0.0,0.0,0.0,0.0,0.0,0.0,0.0,0.0,(CONTRACTS OF 100 TROY OUNCES),GOLD,PRECIOUS METALS,NATURAL RESOURCES,FutOnly
230228088691F,GOLD - COMMODITY EXCHANGE INC.,2023-02-28T00:00:00.000,2023 Report Week 09,GOLD,088691,CMX ,NYC,088 ,GOLD,426890,208419,99826,53122,123391,250878,384932,403826,41958,23064,426890,208419,99826,53122,123391,250878,384932,403826,41958,23064,0,0,0,0,0,0,0,0,0,0,4242,-1766,-3258,3655,4351,2483,6240,2880,-1998,1362,100.0,48.8,23.4,12.4,28.9,58.8,90.2,94.6,9.8,5.4,100.0,48.8,23.4,12.4,28.9,58.8,90.2,94.6,9.8,5.4,0.0,0.0,0.0,0.0,0.0,0.0,0.0,0.0,0.0,0.0,285,159,58,85,48,46,242,158,285,159,58,85,48,46,242,158,0,0,0,0,0,0,0,0,17.2,35.3,28.3,53.1,17.2,32.3,27.2,48.2,17.2,35.3,28.3,53.1,17.2,32.3,27.2,48.2,0.0,0.0,0.0,0.0,0.0,0.0,0.0,0.0,(CONTRACTS OF 100 TROY OUNCES),GOLD,PRECIOUS METALS,NATURAL RESOURCES,FutOnly
230221088691F,GOLD - COMMODITY EXCHANGE INC.,2023-02-21T00:00:00.000,2023 Report Week 08,GOLD,088691,CMX ,NYC,088 ,GOLD,422648,210185,103084,49467,119040,248395,378692,400946,43956,21702,422648,210185,103084,49467,119040,248395,378692,400946,43956,21702,0,0,0,0,0,0,0,0,0,0,-3468,-189,-1761,-19,-1772,-1489,-1980,-3269,-1488,-199,100.0,49.7,24.4,11.7,28.2,58.8,89.6,94.9,10.4,5.1,100.0,49.7,24.4,11.7,28.2,58.8,89.6,94.9,10.4,5.1,0.0,0.0,0.0,0.0,0.0,0.0,0.0,0.0,0.0,0.0,291,161,61,84,48,52,247,161,291,161,61,84,48,52,247,161,0,0,0,0,0,0,0,0,17.1,34.9,28.3,52.6,16.9,31.9,26.4,47.7,17.1,34.9,28.3,52.6,16.9,31.9,26.4,47.7,0.0,0.0,0.0,0.0,0.0,0.0,0.0,0.0,(CONTRACTS OF 100 TROY OUNCES),GOLD,PRECIOUS METALS,NATURAL RESOURCES,FutOnly
230214088691F,GOLD - COMMODITY EXCHANGE INC.,2023-02-14T00:00:00.000,2023 Report Week 07,GOLD,088691,CMX ,NYC,088 ,GOLD,426116,210374,104845,49486,120812,249884,380672,404215,45444,21901,426116,210374,104845,49486,120812,249884,380672,404215,45444,21901,0,0,0,0,0,0,0,0,0,0,-13639,-12924,10362,-93,2010,-21884,-11007,-11615,-2632,-2024,100.0,49.4,24.6,11.6,28.4,58.6,89.3,94.9,10.7,5.1,100.0,49.4,24.6,11.6,28.4,58.6,89.3,94.9,10.7,5.1,0.0,0.0,0.0,0.0,0.0,0.0,0.0,0.0,0.0,0.0,295,162,64,86,50,50,254,162,295,162,64,86,50,50,254,162,0,0,0,0,0,0,0,0,16.9,34.3,27.8,52.0,16.7,31.2,26.2,46.9,16.9,34.3,27.8,52.0,16.7,31.2,26.2,46.9,0.0,0.0,0.0,0.0,0.0,0.0,0.0,0.0,(CONTRACTS OF 100 TROY OUNCES),GOLD,PRECIOUS METALS,NATURAL RESOURCES,FutOnly
230207088691F,GOLD - COMMODITY EXCHANGE INC.,2023-02-07T00:00:00.000,2023 Report Week 06,GOLD,088691,CMX ,NYC,088 ,GOLD,439755,223298,94483,49579,118802,271768,391679,415830,48076,23925,439755,223298,94483,49579,118802,271768,391679,415830,48076,23925,0,0,0,0,0,0,0,0,0,0,-31887,-33119,-1653,-1515,-1345,-28899,-35979,-32067,4092,180,100.0,50.8,21.5,11.3,27.0,61.8,89.1,94.6,10.9,5.4,100.0,50.8,21.5,11.3,27.0,61.8,89.1,94.6,10.9,5.4,0.0,0.0,0.0,0.0,0.0,0.0,0.0,0.0,0.0,0.0,293,167,55,79,52,47,252,153,293,167,55,79,52,47,252,153,0,0,0,0,0,0,0,0,16.8,34.0,27.3,51.7,16.6,31.0,25.9,46.8,16.8,34.0,27.3,51.7,16.6,31.0,25.9,46.8,0.0,0.0,0.0,0.0,0.0,0.0,0.0,0.0,(CONTRACTS OF 100 TROY OUNCES),GOLD,PRECIOUS METALS,NATURAL RESOURCES,FutOnly
230131088691F,GOLD - COMMODITY EXCHANGE INC.,2023-01-31T00:00:00.000,2023 Report Week 05,GOLD,088691,CMX ,NYC,088 ,GOLD,471642,256417,96136,51094,120147,300667,427658,447897,43984,23745,471642,256417,96136,51094,120147,300667,427658,447897,43984,23745,0,0,0,0,0,0,0,0,0,0,-28285,3106,498,-20223,-7272,-7306,-24389,-27031,-3896,-1254,100.0,54.4,20.4,10.8,25.5,63.7,90.7,95.0,9.3,5.0,100.0,54.4,20.4,10.8,25.5,63.7,90.7,95.0,9.3,5.0,0.0,0.0,0.0,0.0,0.0,0.0,0.0,0.0,0.0,0.0,302,172,56,77,47,54,253,157,302,172,56,77,47,54,253,157,0,0,0,0,0,0,0,0,15.6,31.7,25.7,49.4,15.4,28.4,25.0,44.8,15.6,31.7,25.7,49.4,15.4,28.4,25.0,44.8,0.0,0.0,0.0,0.0,0.0,0.0,0.0,0.0,(CONTRACTS OF 100 TROY OUNCES),GOLD,PRECIOUS METALS,NATURAL RESOURCES,FutOnly
230124088691F,GOLD - COMMODITY EXCHANGE INC.,2023-01-24T00:00:00.000,2023 Report Week 04,GOLD,088691,CMX ,NYC,088 ,GOLD,499927,253311,95638,71317,127419,307973,452047,474928,47880,24999,499927,253311,95638,71317,127419,307973,452047,474928,47880,24999,0,0,0,0,0,0,0,0,0,0,8109,6437,2004,-2685,4605,9246,8357,8565,-248,-456,100.0,50.7,19.1,14.3,25.5,61.6,90.4,95.0,9.6,5.0,100.0,50.7,19.1,14.3,25.5,61.6,90.4,95.0,9.6,5.0,0.0,0.0,0.0,0.0,0.0,0.0,0.0,0.0,0.0,0.0,315,181,63,93,47,57,268,176,315,181,63,93,47,57,268,176,0,0,0,0,0,0,0,0,15.3,30.8,25.4,47.2,15.1,28.1,24.5,43.6,15.3,30.8,25.4,47.2,15.1,28.1,24.5,43.6,0.0,0.0,0.0,0.0,0.0,0.0,0.0,0.0,(CONTRACTS OF 100 TROY OUNCES),GOLD,PRECIOUS METALS,NATURAL RESOURCES,FutOnly
230124088695F,MICRO GOLD - COMMODITY EXCHANGE INC.,2023-01-24T00:00:00.000,2023 Report Week 04,MICRO GOLD,088695,CMX ,NYC,088 ,GOLD,31036,12151,4275,6956,0,0,19107,11231,11929,19805,31036,12151,4275,6956,0,0,19107,11231,11929,19805,0,0,0,0,0,0,0,0,0,0,,,,,,,,,,,100.0,39.2,13.8,22.4,0.0,0.0,61.6,36.2,38.4,63.8,100.0,39.2,13.8,22.4,0.0,0.0,61.6,36.2,38.4,63.8,0.0,0.0,0.0,0.0,0.0,0.0,0.0,0.0,0.0,0.0,21,13,7,8,0,0,15,14,21,13,7,8,0,0,15,14,0,0,0,0,0,0,0,0,38.6,21.3,52.4,29.8,30.0,11.9,36.5,13.8,38.6,21.3,52.4,29.8,30.0,11.9,36.5,13.8,0.0,0.0,0.0,0.0,0.0,0.0,0.0,0.0,(CONTRACTS OF 10 TROY OUNCES),GOLD,PRECIOUS METALS,NATURAL RESOURCES,FutOnly
230117088691F,GOLD - COMMODITY EXCHANGE INC.,2023-01-17T00:00:00.000,2023 Report Week 03,GOLD,088691,CMX ,NYC,088 ,GOLD,491818,246874,93634,74002,122814,298727,443690,466363,48128,25455,491818,246874,93634,74002,122814,298727,443690,466363,48128,25455,0,0,0,0,0,0,0,0,0,0,10299,3308,603,-5860,11096,14531,8544,9274,1755,1025,100.0,50.2,19.0,15.0,25.0,60.7,90.2,94.8,9.8,5.2,100.0,50.2,19.0,15.0,25.0,60.7,90.2,94.8,9.8,5.2,0.0,0.0,0.0,0.0,0.0,0.0,0.0,0.0,0.0,0.0,310,174,60,77,46,59,255,166,310,174,60,77,46,59,255,166,0,0,0,0,0,0,0,0,17.1,30.3,27.4,48.3,16.5,27.3,25.4,43.3,17.1,30.3,27.4,48.3,16.5,27.3,25.4,43.3,0.0,0.0,0.0,0.0,0.0,0.0,0.0,0.0,(CONTRACTS OF 100 TROY OUNCES),GOLD,PRECIOUS METALS,NATURAL RESOURCES,FutOnly
230110088691F,GOLD - COMMODITY EXCHANGE INC.,2023-01-10T00:00:00.000,2023 Report Week 02,GOLD,088691,CMX ,NYC,088 ,GOLD,481519,243566,93031,79862,111718,284196,435146,457089,46373,24430,481519,243566,93031,79862,111718,284196,435146,457089,46373,24430,0,0,0,0,0,0,0,0,0,0,32126,12765,3896,17127,-1802,10702,28090,31725,4036,401,100.0,50.6,19.3,16.6,23.2,59.0,90.4,94.9,9.6,5.1,100.0,50.6,19.3,16.6,23.2,59.0,90.4,94.9,9.6,5.1,0.0,0.0,0.0,0.0,0.0,0.0,0.0,0.0,0.0,0.0,305,177,64,76,40,53,247,165,305,177,64,76,40,53,247,165,0,0,0,0,0,0,0,0,18.1,30.8,28.4,48.0,17.9,27.1,26.5,43.8,18.1,30.8,28.4,48.0,17.9,27.1,26.5,43.8,0.0,0.0,0.0,0.0,0.0,0.0,0.0,0.0,(CONTRACTS OF 100 TROY OUNCES),GOLD,PRECIOUS METALS,NATURAL RESOURCES,FutOnly
230103088691F,GOLD - COMMODITY EXCHANGE INC.,2023-01-03T00:00:00.000,2023 Report Week 01,GOLD,088691,CMX ,NYC,088 ,GOLD,449393,230801,89135,62735,113520,273494,407056,425364,42337,24029,449393,230801,89135,62735,113520,273494,407056,425364,42337,24029,0,0,0,0,0,0,0,0,0,0,9353,1276,-3510,8388,-3224,2974,6440,7852,2913,1501,100.0,51.4,19.8,14.0,25.3,60.9,90.6,94.7,9.4,5.3,100.0,51.4,19.8,14.0,25.3,60.9,90.6,94.7,9.4,5.3,0.0,0.0,0.0,0.0,0.0,0.0,0.0,0.0,0.0,0.0,293,164,63,74,42,47,234,160,293,164,63,74,42,47,234,160,0,0,0,0,0,0,0,0,19.4,32.8,30.6,51.4,19.1,29.0,28.3,47.0,19.4,32.8,30.6,51.4,19.1,29.0,28.3,47.0,0.0,0.0,0.0,0.0,0.0,0.0,0.0,0.0,(CONTRACTS OF 100 TROY OUNCES),GOLD,PRECIOUS METALS,NATURAL RESOURCES,FutOnly
221227088691F,GOLD - COMMODITY EXCHANGE INC.,2022-12-27T00:00:00.000,2022 Report Week 52,GOLD,088691,CMX ,NYC,088 ,GOLD,440040,229525,92645,54347,116744,270520,400616,417512,39424,22528,440040,229525,92645,54347,116744,270520,400616,417512,39424,22528,0,0,0,0,0,0,0,0,0,0,3387,3389,-4643,-1009,279,11541,2659,5889,728,-2502,100.0,52.2,21.1,12.4,26.5,61.5,91.0,94.9,9.0,5.1,100.0,52.2,21.1,12.4,26.5,61.5,91.0,94.9,9.0,5.1,0.0,0.0,0.0,0.0,0.0,0.0,0.0,0.0,0.0,0.0,284,156,62,66,44,48,225,152,284,156,62,66,44,48,225,152,0,0,0,0,0,0,0,0,19.6,32.7,31.1,51.9,19.5,28.9,28.7,47.2,19.6,32.7,31.1,51.9,19.5,28.9,28.7,47.2,0.0,0.0,0.0,0.0,0.0,0.0,0.0,0.0,(CONTRACTS OF 100 TROY OUNCES),GOLD,PRECIOUS METALS,NATURAL RESOURCES,FutOnly
221220088691F,GOLD - COMMODITY EXCHANGE INC.,2022-12-20T00:00:00.000,2022 Report Week 51,GOLD,088691,CMX ,NYC,088 ,GOLD,436653,226136,97288,55356,116465,258979,397957,411623,38696,25030,436653,226136,97288,55356,116465,258979,397957,411623,38696,25030,0,0,0,0,0,0,0,0,0,0,-387,1727,-1472,-58,-3443,542,-1774,-988,1387,601,100.0,51.8,22.3,12.7,26.7,59.3,91.1,94.3,8.9,5.7,100.0,51.8,22.3,12.7,26.7,59.3,91.1,94.3,8.9,5.7,0.0,0.0,0.0,0.0,0.0,0.0,0.0,0.0,0.0,0.0,286,158,62,61,44,48,224,150,286,158,62,61,44,48,224,150,0,0,0,0,0,0,0,0,19.8,33.3,31.4,52.3,19.7,29.5,29.1,47.9,19.8,33.3,31.4,52.3,19.7,29.5,29.1,47.9,0.0,0.0,0.0,0.0,0.0,0.0,0.0,0.0,(CONTRACTS OF 100 TROY OUNCES),GOLD,PRECIOUS METALS,NATURAL RESOURCES,FutOnly
221213088691F,GOLD - COMMODITY EXCHANGE INC.,2022-12-13T00:00:00.000,2022 Report Week 50,GOLD,088691,CMX ,NYC,088 ,GOLD,437040,224409,98760,55414,119908,258437,399731,412611,37309,24429,437040,224409,98760,55414,119908,258437,399731,412611,37309,24429,0,0,0,0,0,0,0,0,0,0,14940,12937,2413,149,2330,10780,15416,13342,-476,1598,100.0,51.3,22.6,12.7,27.4,59.1,91.5,94.4,8.5,5.6,100.0,51.3,22.6,12.7,27.4,59.1,91.5,94.4,8.5,5.6,0.0,0.0,0.0,0.0,0.0,0.0,0.0,0.0,0.0,0.0,297,165,67,72,42,47,235,161,297,165,67,72,42,47,235,161,0,0,0,0,0,0,0,0,20.0,32.6,31.6,51.2,19.7,28.5,29.1,46.6,20.0,32.6,31.6,51.2,19.7,28.5,29.1,46.6,0.0,0.0,0.0,0.0,0.0,0.0,0.0,0.0,(CONTRACTS OF 100 TROY OUNCES),GOLD,PRECIOUS METALS,NATURAL RESOURCES,FutOnly
221206088691F,GOLD - COMMODITY EXCHANGE INC.,2022-12-06T00:00:00.000,2022 Report Week 49,GOLD,088691,CMX ,NYC,088 ,GOLD,422100,211472,96347,55265,117578,247657,384315,399269,37785,22831,422100,211472,96347,55265,117578,247657,384315,399269,37785,22831,0,0,0,0,0,0,0,0,0,0,-11561,2311,-2811,-1105,-16606,-5760,-15400,-9676,3839,-1885,100.0,50.1,22.8,13.1,27.9,58.7,91.0,94.6,9.0,5.4,100.0,50.1,22.8,13.1,27.9,58.7,91.0,94.6,9.0,5.4,0.0,0.0,0.0,0.0,0.0,0.0,0.0,0.0,0.0,0.0,283,151,70,69,44,46,221,161,283,151,70,69,44,46,221,161,0,0,0,0,0,0,0,0,20.9,33.5,32.6,53.6,20.5,29.2,30.2,48.7,20.9,33.5,32.6,53.6,20.5,29.2,30.2,48.7,0.0,0.0,0.0,0.0,0.0,0.0,0.0,0.0,(CONTRACTS OF 100 TROY OUNCES),GOLD,PRECIOUS METALS,NATURAL RESOURCES,FutOnly
221129088691F,GOLD - COMMODITY EXCHANGE INC.,2022-11-29T00:00:00.000,2022 Report Week 48,GOLD,088691,CMX ,NYC,088 ,GOLD,433661,209161,99158,56370,134184,253417,399715,408945,33946,24716,433661,209161,99158,56370,134184,253417,399715,408945,33946,24716,0,0,0,0,0,0,0,0,0,0,-15881,-5123,987,-4838,430,-10401,-9531,-14252,-6350,-1629,100.0,48.2,22.9,13.0,30.9,58.4,92.2,94.3,7.8,5.7,100.0,48.2,22.9,13.0,30.9,58.4,92.2,94.3,7.8,5.7,0.0,0.0,0.0,0.0,0.0,0.0,0.0,0.0,0.0,0.0,274,144,68,72,45,47,221,156,274,144,68,72,45,47,221,156,0,0,0,0,0,0,0,0,20.7,32.8,32.3,52.3,19.6,27.4,29.6,46.2,20.7,32.8,32.3,52.3,19.6,27.4,29.6,46.2,0.0,0.0,0.0,0.0,0.0,0.0,0.0,0.0,(CONTRACTS OF 100 TROY OUNCES),GOLD,PRECIOUS METALS,NATURAL RESOURCES,FutOnly
221122088691F,GOLD - COMMODITY EXCHANGE INC.,2022-11-22T00:00:00.000,2022 Report Week 47,GOLD,088691,CMX ,NYC,088 ,GOLD,449542,214284,98171,61208,133754,263818,409246,423197,40296,26345,449542,214284,98171,61208,133754,263818,409246,423197,40296,26345,0,0,0,0,0,0,0,0,0,0,-45629,-12998,-2842,-34673,-1281,-5525,-48952,-43040,3323,-2589,100.0,47.7,21.8,13.6,29.8,58.7,91.0,94.1,9.0,5.9,100.0,47.7,21.8,13.6,29.8,58.7,91.0,94.1,9.0,5.9,0.0,0.0,0.0,0.0,0.0,0.0,0.0,0.0,0.0,0.0,281,149,65,80,49,51,238,159,281,149,65,80,49,51,238,159,0,0,0,0,0,0,0,0,20.1,30.9,31.3,49.5,19.0,26.2,28.4,44.6,20.1,30.9,31.3,49.5,19.0,26.2,28.4,44.6,0.0,0.0,0.0,0.0,0.0,0.0,0.0,0.0,(CONTRACTS OF 100 TROY OUNCES),GOLD,PRECIOUS METALS,NATURAL RESOURCES,FutOnly
221115088695F,MICRO GOLD - COMMODITY EXCHANGE INC.,2022-11-15T00:00:00.000,2022 Report Week 46,MICRO GOLD,088695,CMX ,NYC,088 ,GOLD,28826,14438,12038,3762,0,0,18200,15800,10626,13026,28826,14438,12038,3762,0,0,18200,15800,10626,13026,0,0,0,0,0,0,0,0,0,0,,,,,,,,,,,100.0,50.1,41.8,13.1,0.0,0.0,63.1,54.8,36.9,45.2,100.0,50.1,41.8,13.1,0.0,0.0,63.1,54.8,36.9,45.2,0.0,0.0,0.0,0.0,0.0,0.0,0.0,0.0,0.0,0.0,22,9,12,9,0,0,13,18,22,9,12,9,0,0,13,18,0,0,0,0,0,0,0,0,51.5,36.6,59.6,45.3,44.6,34.5,49.3,38.6,51.5,36.6,59.6,45.3,44.6,34.5,49.3,38.6,0.0,0.0,0.0,0.0,0.0,0.0,0.0,0.0,(CONTRACTS OF 10 TROY OUNCES),GOLD,PRECIOUS METALS,NATURAL RESOURCES,FutOnly
221115088691F,GOLD - COMMODITY EXCHANGE INC.,2022-11-15T00:00:00.000,2022 Report Week 46,GOLD,088691,CMX ,NYC,088 ,GOLD,495171,227282,101013,95881,135035,269343,458198,466237,36973,28934,495171,227282,101013,95881,135035,269343,458198,466237,36973,28934,0,0,0,0,0,0,0,0,0,0,6700,4147,-39784,-5223,8848,52012,7772,7005,-1072,-305,100.0,45.9,20.4,19.4,27.3,54.4,92.5,94.2,7.5,5.8,100.0,45.9,20.4,19.4,27.3,54.4,92.5,94.2,7.5,5.8,0.0,0.0,0.0,0.0,0.0,0.0,0.0,0.0,0.0,0.0,316,169,72,100,51,58,265,189,316,169,72,100,51,58,265,189,0,0,0,0,0,0,0,0,19.9,26.8,30.9,46.6,17.1,22.8,25.3,39.5,19.9,26.8,30.9,46.6,17.1,22.8,25.3,39.5,0.0,0.0,0.0,0.0,0.0,0.0,0.0,0.0,(CONTRACTS OF 100 TROY OUNCES),GOLD,PRECIOUS METALS,NATURAL RESOURCES,FutOnly
221108088691F,GOLD - COMMODITY EXCHANGE INC.,2022-11-08T00:00:00.000,2022 Report Week 45,GOLD,088691,CMX ,NYC,088 ,GOLD,488471,223135,140797,101104,126187,217331,450426,459232,38045,29239,488471,223135,140797,101104,126187,217331,450426,459232,38045,29239,0,0,0,0,0,0,0,0,0,0,21195,6794,-10921,14417,498,16860,21709,20356,-514,839,100.0,45.7,28.8,20.7,25.8,44.5,92.2,94.0,7.8,6.0,100.0,45.7,28.8,20.7,25.8,44.5,92.2,94.0,7.8,6.0,0.0,0.0,0.0,0.0,0.0,0.0,0.0,0.0,0.0,0.0,330,170,88,96,48,51,261,197,330,170,88,96,48,51,261,197,0,0,0,0,0,0,0,0,18.2,26.2,28.8,42.2,17.2,21.9,25.3,36.3,18.2,26.2,28.8,42.2,17.2,21.9,25.3,36.3,0.0,0.0,0.0,0.0,0.0,0.0,0.0,0.0,(CONTRACTS OF 100 TROY OUNCES),GOLD,PRECIOUS METALS,NATURAL RESOURCES,FutOnly
221101088691F,GOLD - COMMODITY EXCHANGE INC.,2022-11-01T00:00:00.000,2022 Report Week 44,GOLD,088691,CMX ,NYC,088 ,GOLD,467276,216341,151718,86687,125689,200471,428717,438876,38559,28400,467276,216341,151718,86687,125689,200471,428717,438876,38559,28400,0,0,0,0,0,0,0,0,0,0,11204,3488,6897,6190,2604,-2827,12282,10260,-1078,944,100.0,46.3,32.5,18.6,26.9,42.9,91.7,93.9,8.3,6.1,100.0,46.3,32.5,18.6,26.9,42.9,91.7,93.9,8.3,6.1,0.0,0.0,0.0,0.0,0.0,0.0,0.0,0.0,0.0,0.0,324,164,91,91,50,42,255,187,324,164,91,91,50,42,255,187,0,0,0,0,0,0,0,0,18.8,26.9,29.2,42.6,17.6,22.3,26.0,36.9,18.8,26.9,29.2,42.6,17.6,22.3,26.0,36.9,0.0,0.0,0.0,0.0,0.0,0.0,0.0,0.0,(CONTRACTS OF 100 TROY OUNCES),GOLD,PRECIOUS METALS,NATURAL RESOURCES,FutOnly
221025088691F,GOLD - COMMODITY EXCHANGE INC.,2022-10-25T00:00:00.000,2022 Report Week 43,GOLD,088691,CMX ,NYC,088 ,GOLD,456072,212853,144821,80497,123085,203298,416435,428616,39637,27456,456072,212853,144821,80497,123085,203298,416435,428616,39637,27456,0,0,0,0,0,0,0,0,0,0,21371,1963,10887,11045,8012,-1805,21020,20127,351,1244,100.0,46.7,31.8,17.6,27.0,44.6,91.3,94.0,8.7,6.0,100.0,46.7,31.8,17.6,27.0,44.6,91.3,94.0,8.7,6.0,0.0,0.0,0.0,0.0,0.0,0.0,0.0,0.0,0.0,0.0,319,156,91,86,52,45,245,188,319,156,91,86,52,45,245,188,0,0,0,0,0,0,0,0,19.4,26.7,30.0,43.0,17.7,22.1,26.1,37.1,19.4,26.7,30.0,43.0,17.7,22.1,26.1,37.1,0.0,0.0,0.0,0.0,0.0,0.0,0.0,0.0,(CONTRACTS OF 100 TROY OUNCES),GOLD,PRECIOUS METALS,NATURAL RESOURCES,FutOnly
221018088691F,GOLD - COMMODITY EXCHANGE INC.,2022-10-18T00:00:00.000,2022 Report Week 42,GOLD,088691,CMX ,NYC,088 ,GOLD,434701,210890,133934,69452,115073,205103,395415,408489,39286,26212,434701,210890,133934,69452,115073,205103,395415,408489,39286,26212,0,0,0,0,0,0,0,0,0,0,3306,-1671,15793,473,2206,-11492,1008,4774,2298,-1468,100.0,48.5,30.8,16.0,26.5,47.2,91.0,94.0,9.0,6.0,100.0,48.5,30.8,16.0,26.5,47.2,91.0,94.0,9.0,6.0,0.0,0.0,0.0,0.0,0.0,0.0,0.0,0.0,0.0,0.0,315,153,95,86,47,47,238,191,315,153,95,86,47,47,238,191,0,0,0,0,0,0,0,0,20.4,27.1,31.4,44.1,18.6,22.8,27.2,38.1,20.4,27.1,31.4,44.1,18.6,22.8,27.2,38.1,0.0,0.0,0.0,0.0,0.0,0.0,0.0,0.0,(CONTRACTS OF 100 TROY OUNCES),GOLD,PRECIOUS METALS,NATURAL RESOURCES,FutOnly
221011088691F,GOLD - COMMODITY EXCHANGE INC.,2022-10-11T00:00:00.000,2022 Report Week 41,GOLD,088691,CMX ,NYC,088 ,GOLD,431395,212561,118141,68979,112867,216595,394407,403715,36988,27680,431395,212561,118141,68979,112867,216595,394407,403715,36988,27680,0,0,0,0,0,0,0,0,0,0,-5670,-3403,-9438,1033,-3584,3596,-5954,-4809,284,-861,100.0,49.3,27.4,16.0,26.2,50.2,91.4,93.6,8.6,6.4,100.0,49.3,27.4,16.0,26.2,50.2,91.4,93.6,8.6,6.4,0.0,0.0,0.0,0.0,0.0,0.0,0.0,0.0,0.0,0.0,319,161,92,87,45,46,245,189,319,161,92,87,45,46,245,189,0,0,0,0,0,0,0,0,20.6,26.1,31.5,43.7,18.6,23.0,27.6,37.9,20.6,26.1,31.5,43.7,18.6,23.0,27.6,37.9,0.0,0.0,0.0,0.0,0.0,0.0,0.0,0.0,(CONTRACTS OF 100 TROY OUNCES),GOLD,PRECIOUS METALS,NATURAL RESOURCES,FutOnly
221004088691F,GOLD - COMMODITY EXCHANGE INC.,2022-10-04T00:00:00.000,2022 Report Week 40,GOLD,088691,CMX,NYC,088,GOLD,437065,215964,127579,67946,116451,212999,400361,408524,36704,28541,437065,215964,127579,67946,116451,212999,400361,408524,36704,28541,0,0,0,0,0,0,0,0,0,0,-19996,8810,-27494,-2275,-22910,11500,-16375,-18269,-3621,-1727,100.0,49.4,29.2,15.5,26.6,48.7,91.6,93.5,8.4,6.5,100.0,49.4,29.2,15.5,26.6,48.7,91.6,93.5,8.4,6.5,0.0,0.0,0.0,0.0,0.0,0.0,0.0,0.0,0.0,0.0,319,163,91,85,47,46,250,183,319,163,91,85,47,46,250,183,0,0,0,0,0,0,0,0,20.6,24.3,31.5,41.3,18.4,21.7,27.3,36.3,20.6,24.3,31.5,41.3,18.4,21.7,27.3,36.3,0.0,0.0,0.0,0.0,0.0,0.0,0.0,0.0,(CONTRACTS OF 100 TROY OUNCES),GOLD,PRECIOUS METALS,NATURAL RESOURCES,FutOnly
220927088695F,MICRO GOLD - COMMODITY EXCHANGE INC.,2022-09-27T00:00:00.000,2022 Report Week 39,MICRO GOLD,088695,CMX ,NYC,088 ,GOLD,36658,14270,11089,6795,0,0,21065,17884,15593,18774,36658,14270,11089,6795,0,0,21065,17884,15593,18774,0,0,0,0,0,0,0,0,0,0,,,,,,,,,,,100.0,38.9,30.2,18.5,0.0,0.0,57.5,48.8,42.5,51.2,100.0,38.9,30.2,18.5,0.0,0.0,57.5,48.8,42.5,51.2,0.0,0.0,0.0,0.0,0.0,0.0,0.0,0.0,0.0,0.0,20,9,11,9,0,0,13,16,20,9,11,9,0,0,13,16,0,0,0,0,0,0,0,0,38.0,35.4,51.9,44.0,33.6,24.7,38.9,28.7,38.0,35.4,51.9,44.0,33.6,24.7,38.9,28.7,0.0,0.0,0.0,0.0,0.0,0.0,0.0,0.0,(CONTRACTS OF 10 TROY OUNCES),GOLD,PRECIOUS METALS,NATURAL RESOURCES,FutOnly
220927088691F,GOLD - COMMODITY EXCHANGE INC.,2022-09-27T00:00:00.000,2022 Report Week 39,GOLD,088691,CMX ,NYC,088 ,GOLD,457061,207154,155073,70221,139361,201499,416736,426793,40325,30268,457061,207154,155073,70221,139361,201499,416736,426793,40325,30268,0,0,0,0,0,0,0,0,0,0,-12334,-7403,6238,-2255,-2501,-15791,-12159,-11808,-175,-526,100.0,45.3,33.9,15.4,30.5,44.1,91.2,93.4,8.8,6.6,100.0,45.3,33.9,15.4,30.5,44.1,91.2,93.4,8.8,6.6,0.0,0.0,0.0,0.0,0.0,0.0,0.0,0.0,0.0,0.0,329,154,104,93,49,50,244,208,329,154,104,93,49,50,244,208,0,0,0,0,0,0,0,0,21.1,22.2,31.4,37.6,17.1,19.2,25.4,32.2,21.1,22.2,31.4,37.6,17.1,19.2,25.4,32.2,0.0,0.0,0.0,0.0,0.0,0.0,0.0,0.0,(CONTRACTS OF 100 TROY OUNCES),GOLD,PRECIOUS METALS,NATURAL RESOURCES,FutOnly
220920088691F,GOLD - COMMODITY EXCHANGE INC.,2022-09-20T00:00:00.000,2022 Report Week 38,GOLD,088691,CMX ,NYC,088 ,GOLD,469395,214557,148835,72476,141862,217290,428895,438601,40500,30794,469395,214557,148835,72476,141862,217290,428895,438601,40500,30794,0,0,0,0,0,0,0,0,0,0,5721,-11375,20247,2240,14912,-20598,5777,1889,-56,3832,100.0,45.7,31.7,15.4,30.2,46.3,91.4,93.4,8.6,6.6,100.0,45.7,31.7,15.4,30.2,46.3,91.4,93.4,8.6,6.6,0.0,0.0,0.0,0.0,0.0,0.0,0.0,0.0,0.0,0.0,335,160,106,97,49,48,253,210,335,160,106,97,49,48,253,210,0,0,0,0,0,0,0,0,20.5,21.8,32.2,37.7,17.1,20.2,25.6,33.6,20.5,21.8,32.2,37.7,17.1,20.2,25.6,33.6,0.0,0.0,0.0,0.0,0.0,0.0,0.0,0.0,(CONTRACTS OF 100 TROY OUNCES),GOLD,PRECIOUS METALS,NATURAL RESOURCES,FutOnly
220913088691F,GOLD - COMMODITY EXCHANGE INC.,2022-09-13T00:00:00.000,2022 Report Week 37,GOLD,088691,CMX ,NYC,088 ,GOLD,463674,225932,128588,70236,126950,237888,423118,436712,40556,26962,463674,225932,128588,70236,126950,237888,423118,436712,40556,26962,0,0,0,0,0,0,0,0,0,0,-2234,-5595,918,4336,-2733,-5859,-3992,-605,1758,-1629,100.0,48.7,27.7,15.1,27.4,51.3,91.3,94.2,8.7,5.8,100.0,48.7,27.7,15.1,27.4,51.3,91.3,94.2,8.7,5.8,0.0,0.0,0.0,0.0,0.0,0.0,0.0,0.0,0.0,0.0,315,156,95,88,44,47,238,194,315,156,95,88,44,47,238,194,0,0,0,0,0,0,0,0,21.2,22.8,32.9,38.1,17.5,21.6,26.3,35.8,21.2,22.8,32.9,38.1,17.5,21.6,26.3,35.8,0.0,0.0,0.0,0.0,0.0,0.0,0.0,0.0,(CONTRACTS OF 100 TROY OUNCES),GOLD,PRECIOUS METALS,NATURAL RESOURCES,FutOnly
220906088691F,GOLD - COMMODITY EXCHANGE INC.,2022-09-06T00:00:00.000,2022 Report Week 36,GOLD,088691,CMX,NYC,088,GOLD,465908,231527,127670,65900,129683,243747,427110,437317,38798,28591,465908,231527,127670,65900,129683,243747,427110,437317,38798,28591,0,0,0,0,0,0,0,0,0,0,6743,-3787,10090,7502,3148,-12467,6863,5125,-120,1618,100.0,49.7,27.4,14.1,27.8,52.3,91.7,93.9,8.3,6.1,100.0,49.7,27.4,14.1,27.8,52.3,91.7,93.9,8.3,6.1,0.0,0.0,0.0,0.0,0.0,0.0,0.0,0.0,0.0,0.0,318,161,93,78,44,47,236,189,318,161,93,78,44,47,236,189,0,0,0,0,0,0,0,0,20.8,23.1,32.6,37.6,17.6,21.7,26.7,36.0,20.8,23.1,32.6,37.6,17.6,21.7,26.7,36.0,0.0,0.0,0.0,0.0,0.0,0.0,0.0,0.0,(CONTRACTS OF 100 TROY OUNCES),GOLD,PRECIOUS METALS,NATURAL RESOURCES,FutOnly
220830088691F,GOLD - COMMODITY EXCHANGE INC.,2022-08-30T00:00:00.000,2022 Report Week 35,GOLD,088691,CMX,NYC,088,GOLD,459165,235314,117580,58398,126535,256214,420247,432192,38918,26973,459165,235314,117580,58398,126535,256214,420247,432192,38918,26973,0,0,0,0,0,0,0,0,0,0,1403,-2113,6000,2548,342,-8051,777,497,626,906,100.0,51.2,25.6,12.7,27.6,55.8,91.5,94.1,8.5,5.9,100.0,51.2,25.6,12.7,27.6,55.8,91.5,94.1,8.5,5.9,0.0,0.0,0.0,0.0,0.0,0.0,0.0,0.0,0.0,0.0,309,156,89,89,41,47,238,188,309,156,89,89,41,47,238,188,0,0,0,0,0,0,0,0,20.7,24.8,32.2,39.6,17.6,23.3,26.9,37.9,20.7,24.8,32.2,39.6,17.6,23.3,26.9,37.9,0.0,0.0,0.0,0.0,0.0,0.0,0.0,0.0,(CONTRACTS OF 100 TROY OUNCES),GOLD,PRECIOUS METALS,NATURAL RESOURCES,FutOnly
220823088691F,GOLD - COMMODITY EXCHANGE INC.,2022-08-23T00:00:00.000,2022 Report Week 34,GOLD,088691,CMX,NYC,088,GOLD,457762,237427,111580,55850,126193,264265,419470,431695,38292,26067,457762,237427,111580,55850,126193,264265,419470,431695,38292,26067,0,0,0,0,0,0,0,0,0,0,3802,-769,14548,478,3627,-12010,3336,3016,466,786,100.0,51.9,24.4,12.2,27.6,57.7,91.6,94.3,8.4,5.7,100.0,51.9,24.4,12.2,27.6,57.7,91.6,94.3,8.4,5.7,0.0,0.0,0.0,0.0,0.0,0.0,0.0,0.0,0.0,0.0,309,162,80,86,44,49,241,183,309,162,80,86,44,49,241,183,0,0,0,0,0,0,0,0,20.6,25.4,32.2,40.6,17.5,23.8,26.6,38.7,20.6,25.4,32.2,40.6,17.5,23.8,26.6,38.7,0.0,0.0,0.0,0.0,0.0,0.0,0.0,0.0,(CONTRACTS OF 100 TROY OUNCES),GOLD,PRECIOUS METALS,NATURAL RESOURCES,FutOnly
220816088691F,GOLD - COMMODITY EXCHANGE INC.,2022-08-16T00:00:00.000,2022 Report Week 33,GOLD,088691,CMX,NYC,088,GOLD,453960,238196,97032,55372,122566,276275,416134,428679,37826,25281,453960,238196,97032,55372,122566,276275,416134,428679,37826,25281,0,0,0,0,0,0,0,0,0,0,420,-4710,-3023,4645,586,-259,521,1363,-101,-943,100.0,52.5,21.4,12.2,27.0,60.9,91.7,94.4,8.3,5.6,100.0,52.5,21.4,12.2,27.0,60.9,91.7,94.4,8.3,5.6,0.0,0.0,0.0,0.0,0.0,0.0,0.0,0.0,0.0,0.0,297,151,79,82,48,50,235,179,297,151,79,82,48,50,235,179,0,0,0,0,0,0,0,0,20.8,26.6,32.4,42.7,17.7,24.9,27.0,40.8,20.8,26.6,32.4,42.7,17.7,24.9,27.0,40.8,0.0,0.0,0.0,0.0,0.0,0.0,0.0,0.0,(CONTRACTS OF 100 TROY OUNCES),GOLD,PRECIOUS METALS,NATURAL RESOURCES,FutOnly
220809088691F,GOLD - COMMODITY EXCHANGE INC.,2022-08-09T00:00:00.000,2022 Report Week 32,GOLD,088691,CMX,NYC,088,GOLD,453540,242906,100055,50727,121980,276534,415613,427316,37927,26224,453540,242906,100055,50727,121980,276534,415613,427316,37927,26224,0,0,0,0,0,0,0,0,0,0,-6109,778,-17747,-1613,-5720,13269,-6555,-6091,446,-18,100.0,53.6,22.1,11.2,26.9,61.0,91.6,94.2,8.4,5.8,100.0,53.6,22.1,11.2,26.9,61.0,91.6,94.2,8.4,5.8,0.0,0.0,0.0,0.0,0.0,0.0,0.0,0.0,0.0,0.0,295,151,77,81,46,48,233,173,295,151,77,81,46,48,233,173,0,0,0,0,0,0,0,0,21.0,26.1,32.5,42.7,18.1,24.7,27.2,40.6,21.0,26.1,32.5,42.7,18.1,24.7,27.2,40.6,0.0,0.0,0.0,0.0,0.0,0.0,0.0,0.0,(CONTRACTS OF 100 TROY OUNCES),GOLD,PRECIOUS METALS,NATURAL RESOURCES,FutOnly
220802088691F,GOLD - COMMODITY EXCHANGE INC.,2022-08-02T00:00:00.000,2022 Report Week 31,GOLD,088691,CMX,NYC,088,GOLD,459649,242128,117802,52340,127700,263265,422168,433407,37481,26242,459649,242128,117802,52340,127700,263265,422168,433407,37481,26242,0,0,0,0,0,0,0,0,0,0,-27866,467,-31169,-8686,-14307,12836,-22526,-27019,-5340,-847,100.0,52.7,25.6,11.4,27.8,57.3,91.8,94.3,8.2,5.7,100.0,52.7,25.6,11.4,27.8,57.3,91.8,94.3,8.2,5.7,0.0,0.0,0.0,0.0,0.0,0.0,0.0,0.0,0.0,0.0,303,159,80,81,44,47,238,176,303,159,80,81,44,47,238,176,0,0,0,0,0,0,0,0,20.9,25.7,32.6,41.3,18.1,23.7,27.5,38.9,20.9,25.7,32.6,41.3,18.1,23.7,27.5,38.9,0.0,0.0,0.0,0.0,0.0,0.0,0.0,0.0,(CONTRACTS OF 100 TROY OUNCES),GOLD,PRECIOUS METALS,NATURAL RESOURCES,FutOnly
220726088691F,GOLD - COMMODITY EXCHANGE INC.,2022-07-26T00:00:00.000,2022 Report Week 30,GOLD,088691,CMX,NYC,088,GOLD,487515,241661,148971,61026,142007,250429,444694,460426,42821,27089,487515,241661,148971,61026,142007,250429,444694,460426,42821,27089,0,0,0,0,0,0,0,0,0,0,-37271,657,2922,-27359,-10096,-13936,-36798,-38373,-473,1102,100.0,49.6,30.6,12.5,29.1,51.4,91.2,94.4,8.8,5.6,100.0,49.6,30.6,12.5,29.1,51.4,91.2,94.4,8.8,5.6,0.0,0.0,0.0,0.0,0.0,0.0,0.0,0.0,0.0,0.0,303,158,81,95,47,44,243,187,303,158,81,95,47,44,243,187,0,0,0,0,0,0,0,0,20.3,22.6,31.3,39.1,17.1,21.1,27.1,35.8,20.3,22.6,31.3,39.1,17.1,21.1,27.1,35.8,0.0,0.0,0.0,0.0,0.0,0.0,0.0,0.0,(CONTRACTS OF 100 TROY OUNCES),GOLD,PRECIOUS METALS,NATURAL RESOURCES,FutOnly
220719088691F,GOLD - COMMODITY EXCHANGE INC.,2022-07-19T00:00:00.000,2022 Report Week 29,GOLD,088691,CMX,NYC,088,GOLD,524786,241004,146049,88385,152103,264365,481492,498799,43294,25987,524786,241004,146049,88385,152103,264365,481492,498799,43294,25987,0,0,0,0,0,0,0,0,0,0,-17707,-10122,13044,-19229,20933,-4593,-8418,-10778,-9289,-6929,100.0,45.9,27.8,16.8,29.0,50.4,91.8,95.0,8.2,5.0,100.0,45.9,27.8,16.8,29.0,50.4,91.8,95.0,8.2,5.0,0.0,0.0,0.0,0.0,0.0,0.0,0.0,0.0,0.0,0.0,309,162,74,88,54,48,251,181,309,162,74,88,54,48,251,181,0,0,0,0,0,0,0,0,21.7,23.3,33.3,40.7,16.0,20.1,25.3,33.6,21.7,23.3,33.3,40.7,16.0,20.1,25.3,33.6,0.0,0.0,0.0,0.0,0.0,0.0,0.0,0.0,(CONTRACTS OF 100 TROY OUNCES),GOLD,PRECIOUS METALS,NATURAL RESOURCES,FutOnly
220712088691F,GOLD - COMMODITY EXCHANGE INC.,2022-07-12T00:00:00.000,2022 Report Week 28,GOLD,088691,CMX,NYC,088,GOLD,542493,251126,133005,107614,131170,268958,489910,509577,52583,32916,542493,251126,133005,107614,131170,268958,489910,509577,52583,32916,0,0,0,0,0,0,0,0,0,0,44283,-16680,10859,39432,12881,-14916,35633,35375,8650,8908,100.0,46.3,24.5,19.8,24.2,49.6,90.3,93.9,9.7,6.1,100.0,46.3,24.5,19.8,24.2,49.6,90.3,93.9,9.7,6.1,0.0,0.0,0.0,0.0,0.0,0.0,0.0,0.0,0.0,0.0,310,160,78,92,49,47,253,180,310,160,78,92,49,47,253,180,0,0,0,0,0,0,0,0,23.0,24.8,33.8,41.2,17.3,21.2,26.1,34.9,23.0,24.8,33.8,41.2,17.3,21.2,26.1,34.9,0.0,0.0,0.0,0.0,0.0,0.0,0.0,0.0,(CONTRACTS OF 100 TROY OUNCES),GOLD,PRECIOUS METALS,NATURAL RESOURCES,FutOnly
220705088691F,GOLD - COMMODITY EXCHANGE INC.,2022-07-05T00:00:00.000,2022 Report Week 27,GOLD,088691,CMX,NYC,088,GOLD,498210,267806,122146,68182,118289,283874,454277,474202,43933,24008,498210,267806,122146,68182,118289,283874,454277,474202,43933,24008,0,0,0,0,0,0,0,0,0,0,1205,-906,11127,1750,1251,-15171,2095,-2294,-890,3499,100.0,53.8,24.5,13.7,23.7,57.0,91.2,95.2,8.8,4.8,100.0,53.8,24.5,13.7,23.7,57.0,91.2,95.2,8.8,4.8,0.0,0.0,0.0,0.0,0.0,0.0,0.0,0.0,0.0,0.0,329,184,72,89,49,52,276,175,329,184,72,89,49,52,276,175,0,0,0,0,0,0,0,0,20.9,25.9,31.7,42.2,19.1,24.7,28.3,40.8,20.9,25.9,31.7,42.2,19.1,24.7,28.3,40.8,0.0,0.0,0.0,0.0,0.0,0.0,0.0,0.0,(CONTRACTS OF 100 TROY OUNCES),GOLD,PRECIOUS METALS,NATURAL RESOURCES,FutOnly
220628088691F,GOLD - COMMODITY EXCHANGE INC.,2022-06-28T00:00:00.000,2022 Report Week 26,GOLD,088691,CMX,NYC,088,GOLD,497005,268712,111019,66432,117038,299045,452182,476496,44823,20509,497005,268712,111019,66432,117038,299045,452182,476496,44823,20509,0,0,0,0,0,0,0,0,0,0,-3271,593,6187,-1300,-3007,-7929,-3714,-3042,443,-229,100.0,54.1,22.3,13.4,23.5,60.2,91.0,95.9,9.0,4.1,100.0,54.1,22.3,13.4,23.5,60.2,91.0,95.9,9.0,4.1,0.0,0.0,0.0,0.0,0.0,0.0,0.0,0.0,0.0,0.0,315,177,68,76,43,52,257,164,315,177,68,76,43,52,257,164,0,0,0,0,0,0,0,0,22.2,25.8,33.0,42.8,19.6,24.6,29.0,41.4,22.2,25.8,33.0,42.8,19.6,24.6,29.0,41.4,0.0,0.0,0.0,0.0,0.0,0.0,0.0,0.0,(CONTRACTS OF 100 TROY OUNCES),GOLD,PRECIOUS METALS,NATURAL RESOURCES,FutOnly
220621088691F,GOLD - COMMODITY EXCHANGE INC.,2022-06-21T00:00:00.000,2022 Report Week 25,GOLD,088691,CMX,NYC,088,GOLD,500276,268119,104832,67732,120045,306974,455896,479538,44380,20738,500276,268119,104832,67732,120045,306974,455896,479538,44380,20738,0,0,0,0,0,0,0,0,0,0,2820,1523,-7166,4524,-1881,6479,4166,3837,-1346,-1017,100.0,53.6,21.0,13.5,24.0,61.4,91.1,95.9,8.9,4.1,100.0,53.6,21.0,13.5,24.0,61.4,91.1,95.9,8.9,4.1,0.0,0.0,0.0,0.0,0.0,0.0,0.0,0.0,0.0,0.0,320,189,64,73,40,48,261,156,320,189,64,73,40,48,261,156,0,0,0,0,0,0,0,0,22.8,25.5,33.7,43.0,18.7,24.2,28.1,41.3,22.8,25.5,33.7,43.0,18.7,24.2,28.1,41.3,0.0,0.0,0.0,0.0,0.0,0.0,0.0,0.0,(CONTRACTS OF 100 TROY OUNCES),GOLD,PRECIOUS METALS,NATURAL RESOURCES,FutOnly
220614088691F,GOLD - COMMODITY EXCHANGE INC.,2022-06-14T00:00:00.000,2022 Report Week 24,GOLD,088691,CMX,NYC,088,GOLD,497456,266596,111998,63208,121926,300495,451730,475701,45726,21755,497456,266596,111998,63208,121926,300495,451730,475701,45726,21755,0,0,0,0,0,0,0,0,0,0,3326,-3760,16910,489,4961,-16356,1690,1043,1636,2283,100.0,53.6,22.5,12.7,24.5,60.4,90.8,95.6,9.2,4.4,100.0,53.6,22.5,12.7,24.5,60.4,90.8,95.6,9.2,4.4,0.0,0.0,0.0,0.0,0.0,0.0,0.0,0.0,0.0,0.0,321,181,71,73,44,49,258,163,321,181,71,73,44,49,258,163,0,0,0,0,0,0,0,0,23.0,26.2,33.8,43.6,18.8,24.7,28.4,41.6,23.0,26.2,33.8,43.6,18.8,24.7,28.4,41.6,0.0,0.0,0.0,0.0,0.0,0.0,0.0,0.0,(CONTRACTS OF 100 TROY OUNCES),GOLD,PRECIOUS METALS,NATURAL RESOURCES,FutOnly
220607088691F,GOLD - COMMODITY EXCHANGE INC.,2022-06-07T00:00:00.000,2022 Report Week 23,GOLD,088691,CMX,NYC,088,GOLD,494130,270356,95088,62719,116965,316851,450040,474658,44090,19472,494130,270356,95088,62719,116965,316851,450040,474658,44090,19472,0,0,0,0,0,0,0,0,0,0,-19592,897,-1782,455,-18395,-18565,-17043,-19892,-2549,300,100.0,54.7,19.2,12.7,23.7,64.1,91.1,96.1,8.9,3.9,100.0,54.7,19.2,12.7,23.7,64.1,91.1,96.1,8.9,3.9,0.0,0.0,0.0,0.0,0.0,0.0,0.0,0.0,0.0,0.0,318,184,61,68,47,54,259,158,318,184,61,68,47,54,259,158,0,0,0,0,0,0,0,0,23.1,28.4,33.5,46.0,18.7,26.5,27.7,43.8,23.1,28.4,33.5,46.0,18.7,26.5,27.7,43.8,0.0,0.0,0.0,0.0,0.0,0.0,0.0,0.0,(CONTRACTS OF 100 TROY OUNCES),GOLD,PRECIOUS METALS,NATURAL RESOURCES,FutOnly
220531088691F,GOLD - COMMODITY EXCHANGE INC.,2022-05-31T00:00:00.000,2022 Report Week 22,GOLD,088691,CMX,NYC,088,GOLD,513722,269459,96870,62264,135360,335416,467083,494550,46639,19172,513722,269459,96870,62264,135360,335416,467083,494550,46639,19172,0,0,0,0,0,0,0,0,0,0,-16376,-12743,-1519,-7857,4996,-6895,-15604,-16271,-772,-105,100.0,52.5,18.9,12.1,26.3,65.3,90.9,96.3,9.1,3.7,100.0,52.5,18.9,12.1,26.3,65.3,90.9,96.3,9.1,3.7,0.0,0.0,0.0,0.0,0.0,0.0,0.0,0.0,0.0,0.0,307,177,59,71,50,53,254,158,307,177,59,71,50,53,254,158,0,0,0,0,0,0,0,0,22.6,28.7,32.6,46.1,18.2,26.5,27.0,43.4,22.6,28.7,32.6,46.1,18.2,26.5,27.0,43.4,0.0,0.0,0.0,0.0,0.0,0.0,0.0,0.0,(CONTRACTS OF 100 TROY OUNCES),GOLD,PRECIOUS METALS,NATURAL RESOURCES,FutOnly
220524088691F,GOLD - COMMODITY EXCHANGE INC.,2022-05-24T00:00:00.000,2022 Report Week 21,GOLD,088691,CMX,NYC,088,GOLD,530098,282202,98389,70121,130364,342311,482687,510821,47411,19277,530098,282202,98389,70121,130364,342311,482687,510821,47411,19277,0,0,0,0,0,0,0,0,0,0,-25658,-809,-9262,-14349,-7323,-2255,-22481,-25866,-3177,208,100.0,53.2,18.6,13.2,24.6,64.6,91.1,96.4,8.9,3.6,100.0,53.2,18.6,13.2,24.6,64.6,91.1,96.4,8.9,3.6,0.0,0.0,0.0,0.0,0.0,0.0,0.0,0.0,0.0,0.0,317,190,53,77,49,55,270,158,317,190,53,77,49,55,270,158,0,0,0,0,0,0,0,0,22.6,29.4,32.3,46.4,18.2,27.9,26.8,44.6,22.6,29.4,32.3,46.4,18.2,27.9,26.8,44.6,0.0,0.0,0.0,0.0,0.0,0.0,0.0,0.0,(CONTRACTS OF 100 TROY OUNCES),GOLD,PRECIOUS METALS,NATURAL RESOURCES,FutOnly
220517088691F,GOLD - COMMODITY EXCHANGE INC.,2022-05-17T00:00:00.000,2022 Report Week 20,GOLD,088691,CMX,NYC,088,GOLD,555756,283011,107651,84470,137687,344566,505168,536687,50588,19069,555756,283011,107651,84470,137687,344566,505168,536687,50588,19069,0,0,0,0,0,0,0,0,0,0,-15691,-5936,12019,-13681,5436,-15441,-14181,-17103,-1510,1412,100.0,50.9,19.4,15.2,24.8,62.0,90.9,96.6,9.1,3.4,100.0,50.9,19.4,15.2,24.8,62.0,90.9,96.6,9.1,3.4,0.0,0.0,0.0,0.0,0.0,0.0,0.0,0.0,0.0,0.0,316,189,54,80,50,49,269,157,316,189,54,80,50,49,269,157,0,0,0,0,0,0,0,0,21.4,28.4,31.1,44.9,17.2,27.0,25.4,43.0,21.4,28.4,31.1,44.9,17.2,27.0,25.4,43.0,0.0,0.0,0.0,0.0,0.0,0.0,0.0,0.0,(CONTRACTS OF 100 TROY OUNCES),GOLD,PRECIOUS METALS,NATURAL RESOURCES,FutOnly
220517088695F,MICRO GOLD - COMMODITY EXCHANGE INC.,2022-05-17T00:00:00.000,2022 Report Week 20,MICRO GOLD,088695,CMX,NYC,088,GOLD,30753,6441,18366,6854,0,0,13295,25220,17458,5533,30753,6441,18366,6854,0,0,13295,25220,17458,5533,0,0,0,0,0,0,0,0,0,0,433,-216,-224,470,0,0,254,246,179,187,100.0,20.9,59.7,22.3,0.0,0.0,43.2,82.0,56.8,18.0,100.0,20.9,59.7,22.3,0.0,0.0,43.2,82.0,56.8,18.0,0.0,0.0,0.0,0.0,0.0,0.0,0.0,0.0,0.0,0.0,20,10,10,8,0,0,15,13,20,10,10,8,0,0,15,13,0,0,0,0,0,0,0,0,19.9,57.0,34.2,78.1,14.4,49.3,19.6,59.0,19.9,57.0,34.2,78.1,14.4,49.3,19.6,59.0,0.0,0.0,0.0,0.0,0.0,0.0,0.0,0.0,(CONTRACTS OF 10 TROY OUNCES),GOLD,PRECIOUS METALS,NATURAL RESOURCES,FutOnly
220510088695F,MICRO GOLD - COMMODITY EXCHANGE INC.,2022-05-10T00:00:00.000,2022 Report Week 19,MICRO GOLD,088695,CMX,NYC,088,GOLD,30320,6657,18590,6384,0,0,13041,24974,17279,5346,30320,6657,18590,6384,0,0,13041,24974,17279,5346,0,0,0,0,0,0,0,0,0,0,-133,114,1416,809,0,0,923,2225,-1056,-2358,100.0,22.0,61.3,21.1,0.0,0.0,43.0,82.4,57.0,17.6,100.0,22.0,61.3,21.1,0.0,0.0,43.0,82.4,57.0,17.6,0.0,0.0,0.0,0.0,0.0,0.0,0.0,0.0,0.0,0.0,21,11,10,9,0,0,17,13,21,11,10,9,0,0,17,13,0,0,0,0,0,0,0,0,22.9,61.5,33.9,77.2,16.5,51.9,20.6,60.4,22.9,61.5,33.9,77.2,16.5,51.9,20.6,60.4,0.0,0.0,0.0,0.0,0.0,0.0,0.0,0.0,(CONTRACTS OF 10 TROY OUNCES),GOLD,PRECIOUS METALS,NATURAL RESOURCES,FutOnly
220510088691F,GOLD - COMMODITY EXCHANGE INC.,2022-05-10T00:00:00.000,2022 Report Week 19,GOLD,088691,CMX,NYC,088,GOLD,571447,288947,95632,98151,132251,360007,519349,553790,52098,17657,571447,288947,95632,98151,132251,360007,519349,553790,52098,17657,0,0,0,0,0,0,0,0,0,0,11006,-4492,1361,13214,1456,-2640,10178,11935,828,-929,100.0,50.6,16.7,17.2,23.1,63.0,90.9,96.9,9.1,3.1,100.0,50.6,16.7,17.2,23.1,63.0,90.9,96.9,9.1,3.1,0.0,0.0,0.0,0.0,0.0,0.0,0.0,0.0,0.0,0.0,334,191,62,83,53,55,283,168,334,191,62,83,53,55,283,168,0,0,0,0,0,0,0,0,22.1,29.2,31.8,45.9,16.7,27.9,25.0,43.6,22.1,29.2,31.8,45.9,16.7,27.9,25.0,43.6,0.0,0.0,0.0,0.0,0.0,0.0,0.0,0.0,(CONTRACTS OF 100 TROY OUNCES),GOLD,PRECIOUS METALS,NATURAL RESOURCES,FutOnly
220503088695F,MICRO GOLD - COMMODITY EXCHANGE INC.,2022-05-03T00:00:00.000,2022 Report Week 18,MICRO GOLD,088695,CMX,NYC,088,GOLD,30453,6543,17174,5575,0,0,12118,22749,18335,7704,30453,6543,17174,5575,0,0,12118,22749,18335,7704,0,0,0,0,0,0,0,0,0,0,-1809,-1789,690,-226,0,0,-2015,464,206,-2273,100.0,21.5,56.4,18.3,0.0,0.0,39.8,74.7,60.2,25.3,100.0,21.5,56.4,18.3,0.0,0.0,39.8,74.7,60.2,25.3,0.0,0.0,0.0,0.0,0.0,0.0,0.0,0.0,0.0,0.0,20,11,9,7,0,0,16,11,20,11,9,7,0,0,16,11,0,0,0,0,0,0,0,0,23.2,56.5,33.5,72.8,16.7,47.9,19.9,56.3,23.2,56.5,33.5,72.8,16.7,47.9,19.9,56.3,0.0,0.0,0.0,0.0,0.0,0.0,0.0,0.0,(CONTRACTS OF 10 TROY OUNCES),GOLD,PRECIOUS METALS,NATURAL RESOURCES,FutOnly
220503088691F,GOLD - COMMODITY EXCHANGE INC.,2022-05-03T00:00:00.000,2022 Report Week 18,GOLD,088691,CMX,NYC,088,GOLD,560441,293439,94271,84937,130795,362647,509171,541855,51270,18586,560441,293439,94271,84937,130795,362647,509171,541855,51270,18586,0,0,0,0,0,0,0,0,0,0,2656,-17072,1784,16147,3249,-14193,2324,3738,332,-1082,100.0,52.4,16.8,15.2,23.3,64.7,90.9,96.7,9.1,3.3,100.0,52.4,16.8,15.2,23.3,64.7,90.9,96.7,9.1,3.3,0.0,0.0,0.0,0.0,0.0,0.0,0.0,0.0,0.0,0.0,332,199,56,74,52,49,280,155,332,199,56,74,52,49,280,155,0,0,0,0,0,0,0,0,21.5,29.9,30.9,46.8,17.3,29.7,26.4,46.2,21.5,29.9,30.9,46.8,17.3,29.7,26.4,46.2,0.0,0.0,0.0,0.0,0.0,0.0,0.0,0.0,(CONTRACTS OF 100 TROY OUNCES),GOLD,PRECIOUS METALS,NATURAL RESOURCES,FutOnly
220426088691F,GOLD - COMMODITY EXCHANGE INC.,2022-04-26T00:00:00.000,2022 Report Week 17,GOLD,088691,CMX,NYC,088,GOLD,557785,310511,92487,68790,127546,376840,506847,538117,50938,19668,557785,310511,92487,68790,127546,376840,506847,538117,50938,19668,0,0,0,0,0,0,0,0,0,0,-17417,-20234,1499,8522,-1611,-27842,-13323,-17821,-4094,404,100.0,55.7,16.6,12.3,22.9,67.6,90.9,96.5,9.1,3.5,100.0,55.7,16.6,12.3,22.9,67.6,90.9,96.5,9.1,3.5,0.0,0.0,0.0,0.0,0.0,0.0,0.0,0.0,0.0,0.0,331,205,49,74,52,50,286,150,331,205,49,74,52,50,286,150,0,0,0,0,0,0,0,0,21.3,31.7,30.6,48.4,17.6,31.5,26.9,47.9,21.3,31.7,30.6,48.4,17.6,31.5,26.9,47.9,0.0,0.0,0.0,0.0,0.0,0.0,0.0,0.0,(CONTRACTS OF 100 TROY OUNCES),GOLD,PRECIOUS METALS,NATURAL RESOURCES,FutOnly
220426088695F,MICRO GOLD - COMMODITY EXCHANGE INC.,2022-04-26T00:00:00.000,2022 Report Week 17,MICRO GOLD,088695,CMX,NYC,088,GOLD,32262,8332,16484,5801,0,0,14133,22285,18129,9977,32262,8332,16484,5801,0,0,14133,22285,18129,9977,0,0,0,0,0,0,0,0,0,0,,,,,,,,,,,100.0,25.8,51.1,18.0,0.0,0.0,43.8,69.1,56.2,30.9,100.0,25.8,51.1,18.0,0.0,0.0,43.8,69.1,56.2,30.9,0.0,0.0,0.0,0.0,0.0,0.0,0.0,0.0,0.0,0.0,21,12,9,7,0,0,17,11,21,12,9,7,0,0,17,11,0,0,0,0,0,0,0,0,21.5,51.3,34.1,67.0,17.0,43.2,23.1,50.4,21.5,51.3,34.1,67.0,17.0,43.2,23.1,50.4,0.0,0.0,0.0,0.0,0.0,0.0,0.0,0.0,(CONTRACTS OF 10 TROY OUNCES),GOLD,PRECIOUS METALS,NATURAL RESOURCES,FutOnly
220419088691F,GOLD - COMMODITY EXCHANGE INC.,2022-04-19T00:00:00.000,2022 Report Week 16,GOLD,088691,CMX,NYC,088,GOLD,575202,330745,90988,60268,129157,404682,520170,555938,55032,19264,575202,330745,90988,60268,129157,404682,520170,555938,55032,19264,0,0,0,0,0,0,0,0,0,0,-2437,-7419,7111,1684,3530,-9038,-2205,-243,-232,-2194,100.0,57.5,15.8,10.5,22.5,70.4,90.4,96.7,9.6,3.3,100.0,57.5,15.8,10.5,22.5,70.4,90.4,96.7,9.6,3.3,0.0,0.0,0.0,0.0,0.0,0.0,0.0,0.0,0.0,0.0,341,209,51,68,55,53,293,147,341,209,51,68,55,53,293,147,0,0,0,0,0,0,0,0,20.5,32.0,29.3,48.7,17.6,31.5,26.3,47.4,20.5,32.0,29.3,48.7,17.6,31.5,26.3,47.4,0.0,0.0,0.0,0.0,0.0,0.0,0.0,0.0,(CONTRACTS OF 100 TROY OUNCES),GOLD,PRECIOUS METALS,NATURAL RESOURCES,FutOnly
220412088691F,GOLD - COMMODITY EXCHANGE INC.,2022-04-12T00:00:00.000,2022 Report Week 15,GOLD,088691,CMX,NYC,088,GOLD,577639,338164,83877,58584,125627,413720,522375,556181,55264,21458,577639,338164,83877,58584,125627,413720,522375,556181,55264,21458,0,0,0,0,0,0,0,0,0,0,16973,13594,4848,-1228,1121,10456,13487,14076,3486,2897,100.0,58.5,14.5,10.1,21.7,71.6,90.4,96.3,9.6,3.7,100.0,58.5,14.5,10.1,21.7,71.6,90.4,96.3,9.6,3.7,0.0,0.0,0.0,0.0,0.0,0.0,0.0,0.0,0.0,0.0,351,225,44,70,51,53,304,145,351,225,44,70,51,53,304,145,0,0,0,0,0,0,0,0,20.3,32.1,29.1,48.7,17.7,31.5,26.3,47.3,20.3,32.1,29.1,48.7,17.7,31.5,26.3,47.3,0.0,0.0,0.0,0.0,0.0,0.0,0.0,0.0,(CONTRACTS OF 100 TROY OUNCES),GOLD,PRECIOUS METALS,NATURAL RESOURCES,FutOnly
220405088695F,MICRO GOLD - COMMODITY EXCHANGE INC.,2022-04-05T00:00:00.000,2022 Report Week 14,MICRO GOLD,088695,CMX,NYC,088,GOLD,27111,9206,10996,3578,0,0,12784,14574,14327,12537,27111,9206,10996,3578,0,0,12784,14574,14327,12537,0,0,0,0,0,0,0,0,0,0,,,,,,,,,,,100.0,34.0,40.6,13.2,0.0,0.0,47.2,53.8,52.8,46.2,100.0,34.0,40.6,13.2,0.0,0.0,47.2,53.8,52.8,46.2,0.0,0.0,0.0,0.0,0.0,0.0,0.0,0.0,0.0,0.0,20,12,8,9,0,0,17,12,20,12,8,9,0,0,17,12,0,0,0,0,0,0,0,0,26.7,39.4,38.9,51.8,21.9,33.4,30.1,40.6,26.7,39.4,38.9,51.8,21.9,33.4,30.1,40.6,0.0,0.0,0.0,0.0,0.0,0.0,0.0,0.0,(CONTRACTS OF 10 TROY OUNCES),GOLD,PRECIOUS METALS,NATURAL RESOURCES,FutOnly
220405088691F,GOLD - COMMODITY EXCHANGE INC.,2022-04-05T00:00:00.000,2022 Report Week 14,GOLD,088691,CMX,NYC,088,GOLD,560666,324570,79029,59812,124506,403264,508888,542105,51778,18561,560666,324570,79029,59812,124506,403264,508888,542105,51778,18561,0,0,0,0,0,0,0,0,0,0,-13855,-3062,8993,-5005,-8544,-15723,-16611,-11735,2756,-2120,100.0,57.9,14.1,10.7,22.2,71.9,90.8,96.7,9.2,3.3,100.0,57.9,14.1,10.7,22.2,71.9,90.8,96.7,9.2,3.3,0.0,0.0,0.0,0.0,0.0,0.0,0.0,0.0,0.0,0.0,326,202,51,69,43,50,275,144,326,202,51,69,43,50,275,144,0,0,0,0,0,0,0,0,21.2,32.9,30.2,49.6,18.9,32.1,27.6,48.1,21.2,32.9,30.2,49.6,18.9,32.1,27.6,48.1,0.0,0.0,0.0,0.0,0.0,0.0,0.0,0.0,(CONTRACTS OF 100 TROY OUNCES),GOLD,PRECIOUS METALS,NATURAL RESOURCES,FutOnly
220329088691F,GOLD - COMMODITY EXCHANGE INC.,2022-03-29T00:00:00.000,2022 Report Week 13,GOLD,088691,CMX,NYC,088,GOLD,574521,327632,70036,64817,133050,418987,525499,553840,49022,20681,574521,327632,70036,64817,133050,418987,525499,553840,49022,20681,0,0,0,0,0,0,0,0,0,0,-30670,-1028,-10592,-3234,-21989,-17647,-26251,-31473,-4419,803,100.0,57.0,12.2,11.3,23.2,72.9,91.5,96.4,8.5,3.6,100.0,57.0,12.2,11.3,23.2,72.9,91.5,96.4,8.5,3.6,0.0,0.0,0.0,0.0,0.0,0.0,0.0,0.0,0.0,0.0,328,206,45,74,46,53,283,147,328,206,45,74,46,53,283,147,0,0,0,0,0,0,0,0,20.9,32.0,30.0,48.6,19.1,31.6,27.6,46.8,20.9,32.0,30.0,48.6,19.1,31.6,27.6,46.8,0.0,0.0,0.0,0.0,0.0,0.0,0.0,0.0,(CONTRACTS OF 100 TROY OUNCES),GOLD,PRECIOUS METALS,NATURAL RESOURCES,FutOnly
220322088695F,MICRO GOLD - COMMODITY EXCHANGE INC.,2022-03-22T00:00:00.000,2022 Report Week 12,MICRO GOLD,088695,CMX,NYC,088,GOLD,35952,10034,15826,10180,0,0,20214,26006,15738,9946,35952,10034,15826,10180,0,0,20214,26006,15738,9946,0,0,0,0,0,0,0,0,0,0,31,924,550,-1250,0,0,-326,-700,357,731,100.0,27.9,44.0,28.3,0.0,0.0,56.2,72.3,43.8,27.7,100.0,27.9,44.0,28.3,0.0,0.0,56.2,72.3,43.8,27.7,0.0,0.0,0.0,0.0,0.0,0.0,0.0,0.0,0.0,0.0,22,12,10,10,0,0,17,15,22,12,10,10,0,0,17,15,0,0,0,0,0,0,0,0,29.9,56.7,45.2,67.9,17.0,38.0,25.4,43.3,29.9,56.7,45.2,67.9,17.0,38.0,25.4,43.3,0.0,0.0,0.0,0.0,0.0,0.0,0.0,0.0,(CONTRACTS OF 10 TROY OUNCES),GOLD,PRECIOUS METALS,NATURAL RESOURCES,FutOnly
220322088691F,GOLD - COMMODITY EXCHANGE INC.,2022-03-22T00:00:00.000,2022 Report Week 12,GOLD,088691,CMX,NYC,088,GOLD,605191,328660,80628,68051,155039,436634,551750,585313,53441,19878,605191,328660,80628,68051,155039,436634,551750,585313,53441,19878,0,0,0,0,0,0,0,0,0,0,-12414,-18071,-4315,2552,3994,-11852,-11525,-13615,-889,1201,100.0,54.3,13.3,11.2,25.6,72.1,91.2,96.7,8.8,3.3,100.0,54.3,13.3,11.2,25.6,72.1,91.2,96.7,8.8,3.3,0.0,0.0,0.0,0.0,0.0,0.0,0.0,0.0,0.0,0.0,327,202,51,74,44,55,279,150,327,202,51,74,44,55,279,150,0,0,0,0,0,0,0,0,20.6,29.9,30.4,45.4,19.1,29.6,28.3,44.6,20.6,29.9,30.4,45.4,19.1,29.6,28.3,44.6,0.0,0.0,0.0,0.0,0.0,0.0,0.0,0.0,(CONTRACTS OF 100 TROY OUNCES),GOLD,PRECIOUS METALS,NATURAL RESOURCES,FutOnly
220315088695F,MICRO GOLD - COMMODITY EXCHANGE INC.,2022-03-15T00:00:00.000,2022 Report Week 11,MICRO GOLD,088695,CMX,NYC,088,GOLD,35921,9110,15276,11430,0,0,20540,26706,15381,9215,35921,9110,15276,11430,0,0,20540,26706,15381,9215,0,0,0,0,0,0,0,0,0,0,,,,,,,,,,,100.0,25.4,42.5,31.8,0.0,0.0,57.2,74.3,42.8,25.7,100.0,25.4,42.5,31.8,0.0,0.0,57.2,74.3,42.8,25.7,0.0,0.0,0.0,0.0,0.0,0.0,0.0,0.0,0.0,0.0,22,14,8,11,0,0,18,15,22,14,8,11,0,0,18,15,0,0,0,0,0,0,0,0,30.5,57.7,46.1,69.5,15.9,37.1,21.9,42.5,30.5,57.7,46.1,69.5,15.9,37.1,21.9,42.5,0.0,0.0,0.0,0.0,0.0,0.0,0.0,0.0,(CONTRACTS OF 10 TROY OUNCES),GOLD,PRECIOUS METALS,NATURAL RESOURCES,FutOnly
220315088691F,GOLD - COMMODITY EXCHANGE INC.,2022-03-15T00:00:00.000,2022 Report Week 11,GOLD,088691,CMX,NYC,088,GOLD,617605,346731,84943,65499,151045,448486,563275,598928,54330,18677,617605,346731,84943,65499,151045,448486,563275,598928,54330,18677,0,0,0,0,0,0,0,0,0,0,-20897,-17887,-5287,-13024,11648,2143,-19263,-16168,-1634,-4729,100.0,56.1,13.8,10.6,24.5,72.6,91.2,97.0,8.8,3.0,100.0,56.1,13.8,10.6,24.5,72.6,91.2,97.0,8.8,3.0,0.0,0.0,0.0,0.0,0.0,0.0,0.0,0.0,0.0,0.0,340,210,56,74,46,55,289,157,340,210,56,74,46,55,289,157,0,0,0,0,0,0,0,0,20.0,30.0,29.4,45.8,18.7,29.9,27.4,45.0,20.0,30.0,29.4,45.8,18.7,29.9,27.4,45.0,0.0,0.0,0.0,0.0,0.0,0.0,0.0,0.0,(CONTRACTS OF 100 TROY OUNCES),GOLD,PRECIOUS METALS,NATURAL RESOURCES,FutOnly
220308088691F,GOLD - COMMODITY EXCHANGE INC.,2022-03-08T00:00:00.000,2022 Report Week 10,GOLD,088691,CMX,NYC,088,GOLD,638502,364618,90230,78523,139397,446343,582538,615096,55964,23406,638502,364618,90230,78523,139397,446343,582538,615096,55964,23406,0,0,0,0,0,0,0,0,0,0,22902,10441,-6325,-5403,12166,33303,17204,21575,5698,1327,100.0,57.1,14.1,12.3,21.8,69.9,91.2,96.3,8.8,3.7,100.0,57.1,14.1,12.3,21.8,69.9,91.2,96.3,8.8,3.7,0.0,0.0,0.0,0.0,0.0,0.0,0.0,0.0,0.0,0.0,344,200,62,77,48,56,286,163,344,200,62,77,48,56,286,163,0,0,0,0,0,0,0,0,19.4,29.5,28.7,44.5,18.1,29.5,26.4,43.7,19.4,29.5,28.7,44.5,18.1,29.5,26.4,43.7,0.0,0.0,0.0,0.0,0.0,0.0,0.0,0.0,(CONTRACTS OF 100 TROY OUNCES),GOLD,PRECIOUS METALS,NATURAL RESOURCES,FutOnly
220301088691F,GOLD - COMMODITY EXCHANGE INC.,2022-03-01T00:00:00.000,2022 Report Week 09,GOLD,088691,CMX,NYC,088,GOLD,615600,354177,96555,83926,127231,413040,565334,593521,50266,22079,615600,354177,96555,83926,127231,413040,565334,593521,50266,22079,0,0,0,0,0,0,0,0,0,0,4112,4081,-10393,1306,-2451,13636,2936,4549,1176,-437,100.0,57.5,15.7,13.6,20.7,67.1,91.8,96.4,8.2,3.6,100.0,57.5,15.7,13.6,20.7,67.1,91.8,96.4,8.2,3.6,0.0,0.0,0.0,0.0,0.0,0.0,0.0,0.0,0.0,0.0,348,199,69,73,42,53,279,163,348,199,69,73,42,53,279,163,0,0,0,0,0,0,0,0,21.3,29.2,31.2,45.6,18.1,29.0,26.5,42.9,21.3,29.2,31.2,45.6,18.1,29.0,26.5,42.9,0.0,0.0,0.0,0.0,0.0,0.0,0.0,0.0,(CONTRACTS OF 100 TROY OUNCES),GOLD,PRECIOUS METALS,NATURAL RESOURCES,FutOnly
220222088691F,GOLD - COMMODITY EXCHANGE INC.,2022-02-22T00:00:00.000,2022 Report Week 08,GOLD,088691,CMX,NYC,088,GOLD,611488,350096,106948,82620,129682,399404,562398,588972,49090,22516,611488,350096,106948,82620,129682,399404,562398,588972,49090,22516,0,0,0,0,0,0,0,0,0,0,52843,36827,7292,10770,2845,33692,50442,51754,2401,1089,100.0,57.3,17.5,13.5,21.2,65.3,92.0,96.3,8.0,3.7,100.0,57.3,17.5,13.5,21.2,65.3,92.0,96.3,8.0,3.7,0.0,0.0,0.0,0.0,0.0,0.0,0.0,0.0,0.0,0.0,357,197,81,77,46,54,282,178,357,197,81,77,46,54,282,178,0,0,0,0,0,0,0,0,20.8,27.7,31.7,44.0,18.7,27.6,27.3,41.8,20.8,27.7,31.7,44.0,18.7,27.6,27.3,41.8,0.0,0.0,0.0,0.0,0.0,0.0,0.0,0.0,(CONTRACTS OF 100 TROY OUNCES),GOLD,PRECIOUS METALS,NATURAL RESOURCES,FutOnly
220215088691F,GOLD - COMMODITY EXCHANGE INC.,2022-02-15T00:00:00.000,2022 Report Week 07,GOLD,088691,CMX,NYC,088,GOLD,558645,313269,99656,71850,126837,365712,511956,537218,46689,21427,558645,313269,99656,71850,126837,365712,511956,537218,46689,21427,0,0,0,0,0,0,0,0,0,0,45803,33710,6803,9764,509,27950,43983,44517,1820,1286,100.0,56.1,17.8,12.9,22.7,65.5,91.6,96.2,8.4,3.8,100.0,56.1,17.8,12.9,22.7,65.5,91.6,96.2,8.4,3.8,0.0,0.0,0.0,0.0,0.0,0.0,0.0,0.0,0.0,0.0,321,174,72,74,45,52,256,165,321,174,72,74,45,52,256,165,0,0,0,0,0,0,0,0,21.6,27.9,32.2,44.9,19.8,27.8,28.7,43.4,21.6,27.9,32.2,44.9,19.8,27.8,28.7,43.4,0.0,0.0,0.0,0.0,0.0,0.0,0.0,0.0,(CONTRACTS OF 100 TROY OUNCES),GOLD,PRECIOUS METALS,NATURAL RESOURCES,FutOnly
220208088691F,GOLD - COMMODITY EXCHANGE INC.,2022-02-08T00:00:00.000,2022 Report Week 06,GOLD,088691,CMX,NYC,088,GOLD,512842,279559,92853,62086,126328,337762,467973,492701,44869,20141,512842,279559,92853,62086,126328,337762,467973,492701,44869,20141,0,0,0,0,0,0,0,0,0,0,-2489,3565,-10999,-2799,-1305,8787,-539,-5011,-1950,2522,100.0,54.5,18.1,12.1,24.6,65.9,91.3,96.1,8.7,3.9,100.0,54.5,18.1,12.1,24.6,65.9,91.3,96.1,8.7,3.9,0.0,0.0,0.0,0.0,0.0,0.0,0.0,0.0,0.0,0.0,314,173,72,70,44,50,252,160,314,173,72,70,44,50,252,160,0,0,0,0,0,0,0,0,22.4,28.0,34.1,46.0,21.5,27.9,31.3,45.1,22.4,28.0,34.1,46.0,21.5,27.9,31.3,45.1,0.0,0.0,0.0,0.0,0.0,0.0,0.0,0.0,(CONTRACTS OF 100 TROY OUNCES),GOLD,PRECIOUS METALS,NATURAL RESOURCES,FutOnly
220201088691F,GOLD - COMMODITY EXCHANGE INC.,2022-02-01T00:00:00.000,2022 Report Week 05,GOLD,088691,CMX,NYC,088,GOLD,515331,275994,103852,64885,127633,328975,468512,497712,46819,17619,515331,275994,103852,64885,127633,328975,468512,497712,46819,17619,0,0,0,0,0,0,0,0,0,0,-56747,-37421,10588,-12901,-2575,-50979,-52897,-53292,-3850,-3455,100.0,53.6,20.2,12.6,24.8,63.8,90.9,96.6,9.1,3.4,100.0,53.6,20.2,12.6,24.8,63.8,90.9,96.6,9.1,3.4,0.0,0.0,0.0,0.0,0.0,0.0,0.0,0.0,0.0,0.0,322,184,67,73,44,49,262,159,322,184,67,73,44,49,262,159,0,0,0,0,0,0,0,0,22.4,27.5,34.0,45.8,21.4,27.2,31.4,44.7,22.4,27.5,34.0,45.8,21.4,27.2,31.4,44.7,0.0,0.0,0.0,0.0,0.0,0.0,0.0,0.0,(CONTRACTS OF 100 TROY OUNCES),GOLD,PRECIOUS METALS,NATURAL RESOURCES,FutOnly
220125088691F,GOLD - COMMODITY EXCHANGE INC.,2022-01-25T00:00:00.000,2022 Report Week 04,GOLD,088691,CMX,NYC,088,GOLD,572078,313415,93264,77786,130208,379954,521409,551004,50669,21074,572078,313415,93264,77786,130208,379954,521409,551004,50669,21074,0,0,0,0,0,0,0,0,0,0,32874,22887,-3057,8852,-2556,26122,29183,31917,3691,957,100.0,54.8,16.3,13.6,22.8,66.4,91.1,96.3,8.9,3.7,100.0,54.8,16.3,13.6,22.8,66.4,91.1,96.3,8.9,3.7,0.0,0.0,0.0,0.0,0.0,0.0,0.0,0.0,0.0,0.0,334,189,69,80,45,57,273,173,334,189,69,80,45,57,273,173,0,0,0,0,0,0,0,0,20.5,26.5,31.0,43.2,19.8,26.4,28.0,41.6,20.5,26.5,31.0,43.2,19.8,26.4,28.0,41.6,0.0,0.0,0.0,0.0,0.0,0.0,0.0,0.0,(CONTRACTS OF 100 TROY OUNCES),GOLD,PRECIOUS METALS,NATURAL RESOURCES,FutOnly
220118088691F,GOLD - COMMODITY EXCHANGE INC.,2022-01-18T00:00:00.000,2022 Report Week 03,GOLD,088691,CMX,NYC,088,GOLD,539204,290528,96321,68934,132764,353832,492226,519087,46978,20117,539204,290528,96321,68934,132764,353832,492226,519087,46978,20117,0,0,0,0,0,0,0,0,0,0,-7312,426,5956,-22865,16472,12467,-5967,-4442,-1345,-2870,100.0,53.9,17.9,12.8,24.6,65.6,91.3,96.3,8.7,3.7,100.0,53.9,17.9,12.8,24.6,65.6,91.3,96.3,8.7,3.7,0.0,0.0,0.0,0.0,0.0,0.0,0.0,0.0,0.0,0.0,326,176,73,84,45,56,268,173,326,176,73,84,45,56,268,173,0,0,0,0,0,0,0,0,21.8,25.5,32.3,42.8,21.1,24.9,30.0,41.6,21.8,25.5,32.3,42.8,21.1,24.9,30.0,41.6,0.0,0.0,0.0,0.0,0.0,0.0,0.0,0.0,(CONTRACTS OF 100 TROY OUNCES),GOLD,PRECIOUS METALS,NATURAL RESOURCES,FutOnly
220111088691F,GOLD - COMMODITY EXCHANGE INC.,2022-01-11T00:00:00.000,2022 Report Week 02,GOLD,088691,CMX,NYC,088,GOLD,546516,290102,90365,91799,116292,341365,498193,523529,48323,22987,546516,290102,90365,91799,116292,341365,498193,523529,48323,22987,0,0,0,0,0,0,0,0,0,0,43799,-6481,5137,35323,12034,-351,40876,40109,2923,3690,100.0,53.1,16.5,16.8,21.3,62.5,91.2,95.8,8.8,4.2,100.0,53.1,16.5,16.8,21.3,62.5,91.2,95.8,8.8,4.2,0.0,0.0,0.0,0.0,0.0,0.0,0.0,0.0,0.0,0.0,327,180,71,86,44,54,266,175,327,180,71,86,44,54,266,175,0,0,0,0,0,0,0,0,22.9,24.3,34.2,42.9,21.0,24.3,29.6,41.2,22.9,24.3,34.2,42.9,21.0,24.3,29.6,41.2,0.0,0.0,0.0,0.0,0.0,0.0,0.0,0.0,(CONTRACTS OF 100 TROY OUNCES),GOLD,PRECIOUS METALS,NATURAL RESOURCES,FutOnly
220104088691F,GOLD - COMMODITY EXCHANGE INC.,2022-01-04T00:00:00.000,2022 Report Week 01,GOLD,088691,CMX,NYC,088,GOLD,502717,296583,85228,56476,104258,341716,457317,483420,45400,19297,502717,296583,85228,56476,104258,341716,457317,483420,45400,19297,0,0,0,0,0,0,0,0,0,0,-6195,-7296,-5495,5736,1086,-7120,-474,-6879,-5721,684,100.0,59.0,17.0,11.2,20.7,68.0,91.0,96.2,9.0,3.8,100.0,59.0,17.0,11.2,20.7,68.0,91.0,96.2,9.0,3.8,0.0,0.0,0.0,0.0,0.0,0.0,0.0,0.0,0.0,0.0,318,173,66,81,43,56,253,171,318,173,66,81,43,56,253,171,0,0,0,0,0,0,0,0,24.1,26.4,34.9,45.3,23.5,26.3,32.2,45.0,24.1,26.4,34.9,45.3,23.5,26.3,32.2,45.0,0.0,0.0,0.0,0.0,0.0,0.0,0.0,0.0,(CONTRACTS OF 100 TROY OUNCES),GOLD,PRECIOUS METALS,NATURAL RESOURCES,FutOnly
211228088691F,GOLD - COMMODITY EXCHANGE INC.,2021-12-28T00:00:00.000,2021 Report Week 52,GOLD,088691,CMX,NYC,088,GOLD,508912,303879,90723,50740,103172,348836,457791,490299,51121,18613,508912,303879,90723,50740,103172,348836,457791,490299,51121,18613,0,0,0,0,0,0,0,0,0,0,8066,7251,-94,770,-1825,7810,6196,8486,1870,-420,100.0,59.7,17.8,10.0,20.3,68.5,90.0,96.3,10.0,3.7,100.0,59.7,17.8,10.0,20.3,68.5,90.0,96.3,10.0,3.7,0.0,0.0,0.0,0.0,0.0,0.0,0.0,0.0,0.0,0.0,306,179,54,75,43,56,251,158,306,179,54,75,43,56,251,158,0,0,0,0,0,0,0,0,24.7,27.0,35.3,46.2,24.1,27.0,32.7,45.9,24.7,27.0,35.3,46.2,24.1,27.0,32.7,45.9,0.0,0.0,0.0,0.0,0.0,0.0,0.0,0.0,(CONTRACTS OF 100 TROY OUNCES),GOLD,PRECIOUS METALS,NATURAL RESOURCES,FutOnly
211221088691F,GOLD - COMMODITY EXCHANGE INC.,2021-12-21T00:00:00.000,2021 Report Week 51,GOLD,088691,CMX,NYC,088,GOLD,500846,296628,90817,49970,104997,341026,451595,481813,49251,19033,500846,296628,90817,49970,104997,341026,451595,481813,49251,19033,0,0,0,0,0,0,0,0,0,0,-2863,-1514,-4924,521,-2424,2194,-3417,-2209,554,-654,100.0,59.2,18.1,10.0,21.0,68.1,90.2,96.2,9.8,3.8,100.0,59.2,18.1,10.0,21.0,68.1,90.2,96.2,9.8,3.8,0.0,0.0,0.0,0.0,0.0,0.0,0.0,0.0,0.0,0.0,308,177,58,77,45,55,250,163,308,177,58,77,45,55,250,163,0,0,0,0,0,0,0,0,25.1,27.4,36.0,46.7,24.5,27.2,33.3,46.4,25.1,27.4,36.0,46.7,24.5,27.2,33.3,46.4,0.0,0.0,0.0,0.0,0.0,0.0,0.0,0.0,(CONTRACTS OF 100 TROY OUNCES),GOLD,PRECIOUS METALS,NATURAL RESOURCES,FutOnly
211214088691F,GOLD - COMMODITY EXCHANGE INC.,2021-12-14T00:00:00.000,2021 Report Week 50,GOLD,088691,CMX,NYC,088,GOLD,503709,298142,95741,49449,107421,338832,455012,484022,48697,19687,503709,298142,95741,49449,107421,338832,455012,484022,48697,19687,0,0,0,0,0,0,0,0,0,0,4402,-2376,12408,1960,3479,-10733,3063,3635,1339,767,100.0,59.2,19.0,9.8,21.3,67.3,90.3,96.1,9.7,3.9,100.0,59.2,19.0,9.8,21.3,67.3,90.3,96.1,9.7,3.9,0.0,0.0,0.0,0.0,0.0,0.0,0.0,0.0,0.0,0.0,310,170,62,73,44,57,243,167,310,170,62,73,44,57,243,167,0,0,0,0,0,0,0,0,24.9,27.2,36.0,46.3,24.3,27.0,33.2,46.1,24.9,27.2,36.0,46.3,24.3,27.0,33.2,46.1,0.0,0.0,0.0,0.0,0.0,0.0,0.0,0.0,(CONTRACTS OF 100 TROY OUNCES),GOLD,PRECIOUS METALS,NATURAL RESOURCES,FutOnly
211207088691F,GOLD - COMMODITY EXCHANGE INC.,2021-12-07T00:00:00.000,2021 Report Week 49,GOLD,088691,CMX,NYC,088,GOLD,499307,300518,83333,47489,103942,349565,451949,480387,47358,18920,499307,300518,83333,47489,103942,349565,451949,480387,47358,18920,0,0,0,0,0,0,0,0,0,0,-32561,-9735,-1060,-2907,-15620,-28600,-28262,-32567,-4299,6,100.0,60.2,16.7,9.5,20.8,70.0,90.5,96.2,9.5,3.8,100.0,60.2,16.7,9.5,20.8,70.0,90.5,96.2,9.5,3.8,0.0,0.0,0.0,0.0,0.0,0.0,0.0,0.0,0.0,0.0,305,173,54,69,50,58,249,156,305,173,54,69,50,58,249,156,0,0,0,0,0,0,0,0,25.1,28.3,36.2,47.9,24.6,28.1,33.5,47.6,25.1,28.3,36.2,47.9,24.6,28.1,33.5,47.6,0.0,0.0,0.0,0.0,0.0,0.0,0.0,0.0,(CONTRACTS OF 100 TROY OUNCES),GOLD,PRECIOUS METALS,NATURAL RESOURCES,FutOnly
211130088691F,GOLD - COMMODITY EXCHANGE INC.,2021-11-30T00:00:00.000,2021 Report Week 48,GOLD,088691,CMX,NYC,088,GOLD,531868,310253,84393,50396,119562,378165,480211,512954,51657,18914,531868,310253,84393,50396,119562,378165,480211,512954,51657,18914,0,0,0,0,0,0,0,0,0,0,-27955,-16156,-7605,-6611,-1465,-10696,-24232,-24912,-3723,-3043,100.0,58.3,15.9,9.5,22.5,71.1,90.3,96.4,9.7,3.6,100.0,58.3,15.9,9.5,22.5,71.1,90.3,96.4,9.7,3.6,0.0,0.0,0.0,0.0,0.0,0.0,0.0,0.0,0.0,0.0,302,178,51,61,49,54,249,145,302,178,51,61,49,54,249,145,0,0,0,0,0,0,0,0,24.1,27.8,34.9,47.5,22.6,27.1,31.3,45.5,24.1,27.8,34.9,47.5,22.6,27.1,31.3,45.5,0.0,0.0,0.0,0.0,0.0,0.0,0.0,0.0,(CONTRACTS OF 100 TROY OUNCES),GOLD,PRECIOUS METALS,NATURAL RESOURCES,FutOnly
211123088695F,MICRO GOLD - COMMODITY EXCHANGE INC.,2021-11-23T00:00:00.000,2021 Report Week 47,MICRO GOLD,088695,CMX,NYC,088,GOLD,32929,8426,19122,6099,0,0,14525,25221,18404,7708,32929,8426,19122,6099,0,0,14525,25221,18404,7708,0,0,0,0,0,0,0,0,0,0,5230,600,6388,1735,0,0,2335,8123,2895,-2893,100.0,25.6,58.1,18.5,0.0,0.0,44.1,76.6,55.9,23.4,100.0,25.6,58.1,18.5,0.0,0.0,44.1,76.6,55.9,23.4,0.0,0.0,0.0,0.0,0.0,0.0,0.0,0.0,0.0,0.0,21,11,10,11,0,0,16,16,21,11,10,11,0,0,16,16,0,0,0,0,0,0,0,0,27.4,51.2,37.9,67.4,17.6,45.9,24.3,57.0,27.4,51.2,37.9,67.4,17.6,45.9,24.3,57.0,0.0,0.0,0.0,0.0,0.0,0.0,0.0,0.0,(CONTRACTS OF 10 TROY OUNCES),GOLD,PRECIOUS METALS,NATURAL RESOURCES,FutOnly
211123088691F,GOLD - COMMODITY EXCHANGE INC.,2021-11-23T00:00:00.000,2021 Report Week 47,GOLD,088691,CMX,NYC,088,GOLD,559823,326409,91998,57007,121027,388861,504443,537866,55380,21957,559823,326409,91998,57007,121027,388861,504443,537866,55380,21957,0,0,0,0,0,0,0,0,0,0,-52789,-34120,-8751,-17264,-4731,-24436,-56115,-50451,3326,-2338,100.0,58.3,16.4,10.2,21.6,69.5,90.1,96.1,9.9,3.9,100.0,58.3,16.4,10.2,21.6,69.5,90.1,96.1,9.9,3.9,0.0,0.0,0.0,0.0,0.0,0.0,0.0,0.0,0.0,0.0,317,188,53,67,51,57,266,155,317,188,53,67,51,57,266,155,0,0,0,0,0,0,0,0,23.4,27.5,33.2,45.3,21.4,27.3,29.9,44.1,23.4,27.5,33.2,45.3,21.4,27.3,29.9,44.1,0.0,0.0,0.0,0.0,0.0,0.0,0.0,0.0,(CONTRACTS OF 100 TROY OUNCES),GOLD,PRECIOUS METALS,NATURAL RESOURCES,FutOnly
211116088691F,GOLD - COMMODITY EXCHANGE INC.,2021-11-16T00:00:00.000,2021 Report Week 46,GOLD,088691,CMX,NYC,088,GOLD,612612,360529,100749,74271,125758,413297,560558,588317,52054,24295,612612,360529,100749,74271,125758,413297,560558,588317,52054,24295,0,0,0,0,0,0,0,0,0,0,41587,19418,9819,-352,20561,32611,39627,42078,1960,-491,100.0,58.9,16.4,12.1,20.5,67.5,91.5,96.0,8.5,4.0,100.0,58.9,16.4,12.1,20.5,67.5,91.5,96.0,8.5,4.0,0.0,0.0,0.0,0.0,0.0,0.0,0.0,0.0,0.0,0.0,360,206,70,64,51,65,286,174,360,206,70,64,51,65,286,174,0,0,0,0,0,0,0,0,23.2,26.1,33.8,43.5,20.0,25.6,28.6,40.7,23.2,26.1,33.8,43.5,20.0,25.6,28.6,40.7,0.0,0.0,0.0,0.0,0.0,0.0,0.0,0.0,(CONTRACTS OF 100 TROY OUNCES),GOLD,PRECIOUS METALS,NATURAL RESOURCES,FutOnly
211116088695F,MICRO GOLD - COMMODITY EXCHANGE INC.,2021-11-16T00:00:00.000,2021 Report Week 46,MICRO GOLD,088695,CMX,NYC,088,GOLD,27699,7826,12734,4364,0,0,12190,17098,15509,10601,27699,7826,12734,4364,0,0,12190,17098,15509,10601,0,0,0,0,0,0,0,0,0,0,,,,,,,,,,,100.0,28.3,46.0,15.8,0.0,0.0,44.0,61.7,56.0,38.3,100.0,28.3,46.0,15.8,0.0,0.0,44.0,61.7,56.0,38.3,0.0,0.0,0.0,0.0,0.0,0.0,0.0,0.0,0.0,0.0,20,11,9,13,0,0,17,16,20,11,9,13,0,0,17,16,0,0,0,0,0,0,0,0,29.4,40.1,37.9,54.5,19.5,35.8,25.7,45.5,29.4,40.1,37.9,54.5,19.5,35.8,25.7,45.5,0.0,0.0,0.0,0.0,0.0,0.0,0.0,0.0,(CONTRACTS OF 10 TROY OUNCES),GOLD,PRECIOUS METALS,NATURAL RESOURCES,FutOnly
211109088691F,GOLD - COMMODITY EXCHANGE INC.,2021-11-09T00:00:00.000,2021 Report Week 45,GOLD,088691,CMX,NYC,088,GOLD,571025,341111,90930,74623,105197,380686,520931,546239,50094,24786,571025,341111,90930,74623,105197,380686,520931,546239,50094,24786,0,0,0,0,0,0,0,0,0,0,63409,30020,-5032,24726,4505,40117,59251,59811,4158,3598,100.0,59.7,15.9,13.1,18.4,66.7,91.2,95.7,8.8,4.3,100.0,59.7,15.9,13.1,18.4,66.7,91.2,95.7,8.8,4.3,0.0,0.0,0.0,0.0,0.0,0.0,0.0,0.0,0.0,0.0,338,193,67,67,47,59,265,171,338,193,67,67,47,59,265,171,0,0,0,0,0,0,0,0,24.0,26.3,34.1,44.4,21.0,26.2,29.9,42.3,24.0,26.3,34.1,44.4,21.0,26.2,29.9,42.3,0.0,0.0,0.0,0.0,0.0,0.0,0.0,0.0,(CONTRACTS OF 100 TROY OUNCES),GOLD,PRECIOUS METALS,NATURAL RESOURCES,FutOnly
211102088691F,GOLD - COMMODITY EXCHANGE INC.,2021-11-02T00:00:00.000,2021 Report Week 44,GOLD,088691,CMX,NYC,088,GOLD,507616,311091,95962,49897,100692,340569,461680,486428,45936,21188,507616,311091,95962,49897,100692,340569,461680,486428,45936,21188,0,0,0,0,0,0,0,0,0,0,-2178,-2555,-3124,4879,-2731,-2508,-407,-753,-1771,-1425,100.0,61.3,18.9,9.8,19.8,67.1,91.0,95.8,9.0,4.2,100.0,61.3,18.9,9.8,19.8,67.1,91.0,95.8,9.0,4.2,0.0,0.0,0.0,0.0,0.0,0.0,0.0,0.0,0.0,0.0,323,179,69,64,47,53,251,163,323,179,69,64,47,53,251,163,0,0,0,0,0,0,0,0,25.0,27.7,36.3,46.1,23.7,27.6,33.3,45.3,25.0,27.7,36.3,46.1,23.7,27.6,33.3,45.3,0.0,0.0,0.0,0.0,0.0,0.0,0.0,0.0,(CONTRACTS OF 100 TROY OUNCES),GOLD,PRECIOUS METALS,NATURAL RESOURCES,FutOnly
211026088691F,GOLD - COMMODITY EXCHANGE INC.,2021-10-26T00:00:00.000,2021 Report Week 43,GOLD,088691,CMX,NYC,088,GOLD,509794,313646,99086,45018,103423,343077,462087,487181,47707,22613,509794,313646,99086,45018,103423,343077,462087,487181,47707,22613,0,0,0,0,0,0,0,0,0,0,23820,13764,-7447,12248,-3705,16759,22307,21560,1513,2260,100.0,61.5,19.4,8.8,20.3,67.3,90.6,95.6,9.4,4.4,100.0,61.5,19.4,8.8,20.3,67.3,90.6,95.6,9.4,4.4,0.0,0.0,0.0,0.0,0.0,0.0,0.0,0.0,0.0,0.0,327,182,68,63,44,54,255,158,327,182,68,63,44,54,255,158,0,0,0,0,0,0,0,0,24.6,28.3,35.1,45.8,23.0,28.2,32.8,45.4,24.6,28.3,35.1,45.8,23.0,28.2,32.8,45.4,0.0,0.0,0.0,0.0,0.0,0.0,0.0,0.0,(CONTRACTS OF 100 TROY OUNCES),GOLD,PRECIOUS METALS,NATURAL RESOURCES,FutOnly
211019088691F,GOLD - COMMODITY EXCHANGE INC.,2021-10-19T00:00:00.000,2021 Report Week 42,GOLD,088691,CMX,NYC,088,GOLD,485974,299882,106533,32770,107128,326318,439780,465621,46194,20353,485974,299882,106533,32770,107128,326318,439780,465621,46194,20353,0,0,0,0,0,0,0,0,0,0,1592,1379,-6431,1407,-3569,8007,-783,2983,2375,-1391,100.0,61.7,21.9,6.7,22.0,67.1,90.5,95.8,9.5,4.2,100.0,61.7,21.9,6.7,22.0,67.1,90.5,95.8,9.5,4.2,0.0,0.0,0.0,0.0,0.0,0.0,0.0,0.0,0.0,0.0,314,170,69,62,42,52,242,156,314,170,69,62,42,52,242,156,0,0,0,0,0,0,0,0,25.6,29.8,36.7,47.2,24.1,29.7,34.1,46.9,25.6,29.8,36.7,47.2,24.1,29.7,34.1,46.9,0.0,0.0,0.0,0.0,0.0,0.0,0.0,0.0,(CONTRACTS OF 100 TROY OUNCES),GOLD,PRECIOUS METALS,NATURAL RESOURCES,FutOnly
211012088691F,GOLD - COMMODITY EXCHANGE INC.,2021-10-12T00:00:00.000,2021 Report Week 41,GOLD,088691,CMX,NYC,088,GOLD,484382,298503,112964,31363,110697,318311,440563,462638,43819,21744,484382,298503,112964,31363,110697,318311,440563,462638,43819,21744,0,0,0,0,0,0,0,0,0,0,593,2564,-393,1759,-3532,380,791,1746,-198,-1153,100.0,61.6,23.3,6.5,22.9,65.7,91.0,95.5,9.0,4.5,100.0,61.6,23.3,6.5,22.9,65.7,91.0,95.5,9.0,4.5,0.0,0.0,0.0,0.0,0.0,0.0,0.0,0.0,0.0,0.0,319,164,77,67,44,51,244,163,319,164,77,67,44,51,244,163,0,0,0,0,0,0,0,0,25.6,30.1,36.7,47.2,24.0,30.0,34.1,46.8,25.6,30.1,36.7,47.2,24.0,30.0,34.1,46.8,0.0,0.0,0.0,0.0,0.0,0.0,0.0,0.0,(CONTRACTS OF 100 TROY OUNCES),GOLD,PRECIOUS METALS,NATURAL RESOURCES,FutOnly
211005088691F,GOLD - COMMODITY EXCHANGE INC.,2021-10-05T00:00:00.000,2021 Report Week 40,GOLD,088691,CMX,NYC,088,GOLD,483789,295939,113357,29604,114229,317931,439772,460892,44017,22897,483789,295939,113357,29604,114229,317931,439772,460892,44017,22897,0,0,0,0,0,0,0,0,0,0,-7069,2125,-12058,1454,-9844,3707,-6265,-6897,-804,-172,100.0,61.2,23.4,6.1,23.6,65.7,90.9,95.3,9.1,4.7,100.0,61.2,23.4,6.1,23.6,65.7,90.9,95.3,9.1,4.7,0.0,0.0,0.0,0.0,0.0,0.0,0.0,0.0,0.0,0.0,305,163,68,70,48,49,244,156,305,163,68,70,48,49,244,156,0,0,0,0,0,0,0,0,25.6,30.1,36.9,47.2,24.1,30.0,34.0,46.7,25.6,30.1,36.9,47.2,24.1,30.0,34.0,46.7,0.0,0.0,0.0,0.0,0.0,0.0,0.0,0.0,(CONTRACTS OF 100 TROY OUNCES),GOLD,PRECIOUS METALS,NATURAL RESOURCES,FutOnly
210928088691F,GOLD - COMMODITY EXCHANGE INC.,2021-09-28T00:00:00.000,2021 Report Week 39,GOLD,088691,CMX,NYC,088,GOLD,490858,293814,125415,28150,124073,314224,446037,467789,44821,23069,490858,293814,125415,28150,124073,314224,446037,467789,44821,23069,0,0,0,0,0,0,0,0,0,0,-1907,-2856,16392,-3002,4766,-17727,-1092,-4337,-815,2430,100.0,59.9,25.6,5.7,25.3,64.0,90.9,95.3,9.1,4.7,100.0,59.9,25.6,5.7,25.3,64.0,90.9,95.3,9.1,4.7,0.0,0.0,0.0,0.0,0.0,0.0,0.0,0.0,0.0,0.0,303,149,79,67,47,50,228,166,303,149,79,67,47,50,228,166,0,0,0,0,0,0,0,0,25.7,29.2,36.9,45.8,23.8,28.7,33.5,44.6,25.7,29.2,36.9,45.8,23.8,28.7,33.5,44.6,0.0,0.0,0.0,0.0,0.0,0.0,0.0,0.0,(CONTRACTS OF 100 TROY OUNCES),GOLD,PRECIOUS METALS,NATURAL RESOURCES,FutOnly
210921088691F,GOLD - COMMODITY EXCHANGE INC.,2021-09-21T00:00:00.000,2021 Report Week 38,GOLD,088691,CMX,NYC,088,GOLD,492765,296670,109023,31152,119307,331951,447129,472126,45636,20639,492765,296670,109023,31152,119307,331951,447129,472126,45636,20639,0,0,0,0,0,0,0,0,0,0,-13591,-10318,9795,-1967,155,-21452,-12130,-13624,-1461,33,100.0,60.2,22.1,6.3,24.2,67.4,90.7,95.8,9.3,4.2,100.0,60.2,22.1,6.3,24.2,67.4,90.7,95.8,9.3,4.2,0.0,0.0,0.0,0.0,0.0,0.0,0.0,0.0,0.0,0.0,302,151,74,79,48,51,240,167,302,151,74,79,48,51,240,167,0,0,0,0,0,0,0,0,25.9,30.5,37.3,47.1,24.1,30.4,33.8,46.4,25.9,30.5,37.3,47.1,24.1,30.4,33.8,46.4,0.0,0.0,0.0,0.0,0.0,0.0,0.0,0.0,(CONTRACTS OF 100 TROY OUNCES),GOLD,PRECIOUS METALS,NATURAL RESOURCES,FutOnly
210914088691F,GOLD - COMMODITY EXCHANGE INC.,2021-09-14T00:00:00.000,2021 Report Week 37,GOLD,088691,CMX,NYC,088,GOLD,506356,306988,99228,33119,119152,353403,459259,485750,47097,20606,506356,306988,99228,33119,119152,353403,459259,485750,47097,20606,0,0,0,0,0,0,0,0,0,0,-416,971,-750,1484,-754,-2311,1701,-1577,-2117,1161,100.0,60.6,19.6,6.5,23.5,69.8,90.7,95.9,9.3,4.1,100.0,60.6,19.6,6.5,23.5,69.8,90.7,95.9,9.3,4.1,0.0,0.0,0.0,0.0,0.0,0.0,0.0,0.0,0.0,0.0,306,172,62,71,45,53,251,155,306,172,62,71,45,53,251,155,0,0,0,0,0,0,0,0,25.3,30.5,36.3,48.2,23.7,30.4,33.1,47.0,25.3,30.5,36.3,48.2,23.7,30.4,33.1,47.0,0.0,0.0,0.0,0.0,0.0,0.0,0.0,0.0,(CONTRACTS OF 100 TROY OUNCES),GOLD,PRECIOUS METALS,NATURAL RESOURCES,FutOnly
210907088691F,GOLD - COMMODITY EXCHANGE INC.,2021-09-07T00:00:00.000,2021 Report Week 36,GOLD,088691,CMX,NYC,088,GOLD,506772,306017,99978,31635,119906,355714,457558,487327,49214,19445,506772,306017,99978,31635,119906,355714,457558,487327,49214,19445,0,0,0,0,0,0,0,0,0,0,-341,-4987,5524,-1064,10,-4694,-6041,-234,5700,-107,100.0,60.4,19.7,6.2,23.7,70.2,90.3,96.2,9.7,3.8,100.0,60.4,19.7,6.2,23.7,70.2,90.3,96.2,9.7,3.8,0.0,0.0,0.0,0.0,0.0,0.0,0.0,0.0,0.0,0.0,311,172,62,74,46,54,246,165,311,172,62,74,46,54,246,165,0,0,0,0,0,0,0,0,25.3,30.2,36.2,47.7,23.9,30.1,33.1,46.7,25.3,30.2,36.2,47.7,23.9,30.1,33.1,46.7,0.0,0.0,0.0,0.0,0.0,0.0,0.0,0.0,(CONTRACTS OF 100 TROY OUNCES),GOLD,PRECIOUS METALS,NATURAL RESOURCES,FutOnly
210907088695F,MICRO GOLD - COMMODITY EXCHANGE INC.,2021-09-07T00:00:00.000,2021 Report Week 36,MICRO GOLD,088695,CMX,NYC,088,GOLD,34633,8491,9756,9061,0,0,17552,18817,17081,15816,34633,8491,9756,9061,0,0,17552,18817,17081,15816,0,0,0,0,0,0,0,0,0,0,,,,,,,,,,,100.0,24.5,28.2,26.2,0.0,0.0,50.7,54.3,49.3,45.7,100.0,24.5,28.2,26.2,0.0,0.0,50.7,54.3,49.3,45.7,0.0,0.0,0.0,0.0,0.0,0.0,0.0,0.0,0.0,0.0,21,8,13,11,0,0,16,16,21,8,13,11,0,0,16,16,0,0,0,0,0,0,0,0,43.5,37.2,47.5,48.1,21.9,19.2,24.5,25.5,43.5,37.2,47.5,48.1,21.9,19.2,24.5,25.5,0.0,0.0,0.0,0.0,0.0,0.0,0.0,0.0,(CONTRACTS OF 10 TROY OUNCES),GOLD,PRECIOUS METALS,NATURAL RESOURCES,FutOnly
210831088691F,GOLD - COMMODITY EXCHANGE INC.,2021-08-31T00:00:00.000,2021 Report Week 35,GOLD,088691,CMX,NYC,088,GOLD,507113,311004,94454,32699,119896,360408,463599,487561,43514,19552,507113,311004,94454,32699,119896,360408,463599,487561,43514,19552,0,0,0,0,0,0,0,0,0,0,2378,11920,6023,-5334,-3205,2629,3381,3318,-1003,-940,100.0,61.3,18.6,6.4,23.6,71.1,91.4,96.1,8.6,3.9,100.0,61.3,18.6,6.4,23.6,71.1,91.4,96.1,8.6,3.9,0.0,0.0,0.0,0.0,0.0,0.0,0.0,0.0,0.0,0.0,316,176,62,72,46,55,255,159,316,176,62,72,46,55,255,159,0,0,0,0,0,0,0,0,25.5,30.6,36.2,48.0,24.0,30.5,33.2,46.5,25.5,30.6,36.2,48.0,24.0,30.5,33.2,46.5,0.0,0.0,0.0,0.0,0.0,0.0,0.0,0.0,(CONTRACTS OF 100 TROY OUNCES),GOLD,PRECIOUS METALS,NATURAL RESOURCES,FutOnly
210824088691F,GOLD - COMMODITY EXCHANGE INC.,2021-08-24T00:00:00.000,2021 Report Week 34,GOLD,088691,CMX,NYC,088,GOLD,504735,299084,88431,38033,123101,357779,460218,484243,44517,20492,504735,299084,88431,38033,123101,357779,460218,484243,44517,20492,0,0,0,0,0,0,0,0,0,0,19250,14647,-4464,4601,-200,20478,19048,20615,202,-1365,100.0,59.3,17.5,7.5,24.4,70.9,91.2,95.9,8.8,4.1,100.0,59.3,17.5,7.5,24.4,70.9,91.2,95.9,8.8,4.1,0.0,0.0,0.0,0.0,0.0,0.0,0.0,0.0,0.0,0.0,311,179,58,72,44,54,250,161,311,179,58,72,44,54,250,161,0,0,0,0,0,0,0,0,23.8,30.6,35.0,47.4,22.5,30.5,31.7,46.0,23.8,30.6,35.0,47.4,22.5,30.5,31.7,46.0,0.0,0.0,0.0,0.0,0.0,0.0,0.0,0.0,(CONTRACTS OF 100 TROY OUNCES),GOLD,PRECIOUS METALS,NATURAL RESOURCES,FutOnly
210817088695F,MICRO GOLD - COMMODITY EXCHANGE INC.,2021-08-17T00:00:00.000,2021 Report Week 33,MICRO GOLD,088695,CMX,NYC,088,GOLD,32480,14107,8528,4276,0,0,18383,12804,14097,19676,32480,14107,8528,4276,0,0,18383,12804,14097,19676,0,0,0,0,0,0,0,0,0,0,,,,,,,,,,,100.0,43.4,26.3,13.2,0.0,0.0,56.6,39.4,43.4,60.6,100.0,43.4,26.3,13.2,0.0,0.0,56.6,39.4,43.4,60.6,0.0,0.0,0.0,0.0,0.0,0.0,0.0,0.0,0.0,0.0,21,9,12,10,0,0,14,17,21,9,12,10,0,0,14,17,0,0,0,0,0,0,0,0,47.8,27.5,53.6,33.9,38.5,17.6,42.8,23.2,47.8,27.5,53.6,33.9,38.5,17.6,42.8,23.2,0.0,0.0,0.0,0.0,0.0,0.0,0.0,0.0,(CONTRACTS OF 10 TROY OUNCES),GOLD,PRECIOUS METALS,NATURAL RESOURCES,FutOnly
210817088691F,GOLD - COMMODITY EXCHANGE INC.,2021-08-17T00:00:00.000,2021 Report Week 33,GOLD,088691,CMX,NYC,088,GOLD,485485,284437,92895,33432,123301,337301,441170,463628,44315,21857,485485,284437,92895,33432,123301,337301,441170,463628,44315,21857,0,0,0,0,0,0,0,0,0,0,8253,7177,-15959,5665,-1419,16940,11423,6646,-3170,1607,100.0,58.6,19.1,6.9,25.4,69.5,90.9,95.5,9.1,4.5,100.0,58.6,19.1,6.9,25.4,69.5,90.9,95.5,9.1,4.5,0.0,0.0,0.0,0.0,0.0,0.0,0.0,0.0,0.0,0.0,306,169,64,73,47,53,247,161,306,169,64,73,47,53,247,161,0,0,0,0,0,0,0,0,23.0,30.7,34.7,48.0,21.6,30.6,31.3,46.1,23.0,30.7,34.7,48.0,21.6,30.6,31.3,46.1,0.0,0.0,0.0,0.0,0.0,0.0,0.0,0.0,(CONTRACTS OF 100 TROY OUNCES),GOLD,PRECIOUS METALS,NATURAL RESOURCES,FutOnly
210810088691F,GOLD - COMMODITY EXCHANGE INC.,2021-08-10T00:00:00.000,2021 Report Week 32,GOLD,088691,CMX,NYC,088,GOLD,477232,277260,108854,27767,124720,320361,429747,456982,47485,20250,477232,277260,108854,27767,124720,320361,429747,456982,47485,20250,0,0,0,0,0,0,0,0,0,0,-8431,4117,32046,-11813,3371,-32272,-4325,-12039,-4106,3608,100.0,58.1,22.8,5.8,26.1,67.1,90.0,95.8,9.9,4.2,100.0,58.1,22.8,5.8,26.1,67.1,90.0,95.8,9.9,4.2,0.0,0.0,0.0,0.0,0.0,0.0,0.0,0.0,0.0,0.0,310,171,65,70,49,53,246,165,310,171,65,70,49,53,246,165,0,0,0,0,0,0,0,0,21.1,30.4,32.7,47.4,19.6,30.3,29.3,46.3,21.1,30.4,32.7,47.4,19.6,30.3,29.3,46.3,0.0,0.0,0.0,0.0,0.0,0.0,0.0,0.0,(CONTRACTS OF 100 TROY OUNCES),GOLD,PRECIOUS METALS,NATURAL RESOURCES,FutOnly
210803088691F,GOLD - COMMODITY EXCHANGE INC.,2021-08-03T00:00:00.000,2021 Report Week 31,GOLD,088691,CMX,NYC,088,GOLD,485663,273143,76808,39580,121349,352633,434072,469021,51591,16642,485663,273143,76808,39580,121349,352633,434072,469021,51591,16642,0,0,0,0,0,0,0,0,0,0,-14524,-545,2508,-22341,4851,7321,-18035,-12512,3511,-2012,100.0,56.2,15.8,8.1,25.0,72.6,89.4,96.6,10.6,3.4,100.0,56.2,15.8,8.1,25.0,72.6,89.4,96.6,10.6,3.4,0.0,0.0,0.0,0.0,0.0,0.0,0.0,0.0,0.0,0.0,308,192,41,62,51,54,266,138,308,192,41,62,51,54,266,138,0,0,0,0,0,0,0,0,18.2,31.8,28.4,48.3,17.1,31.4,25.5,47.0,18.2,31.8,28.4,48.3,17.1,31.4,25.5,47.0,0.0,0.0,0.0,0.0,0.0,0.0,0.0,0.0,(CONTRACTS OF 100 TROY OUNCES),GOLD,PRECIOUS METALS,NATURAL RESOURCES,FutOnly
210727088691F,GOLD - COMMODITY EXCHANGE INC.,2021-07-27T00:00:00.000,2021 Report Week 30,GOLD,088691,CMX,NYC,088,GOLD,500187,273688,74300,61921,116498,345312,452107,481533,48080,18654,500187,273688,74300,61921,116498,345312,452107,481533,48080,18654,0,0,0,0,0,0,0,0,0,0,9667,-3624,-7040,21454,-7043,-6777,10787,7637,-1120,2030,100.0,54.7,14.9,12.4,23.3,69.0,90.4,96.3,9.6,3.7,100.0,54.7,14.9,12.4,23.3,69.0,90.4,96.3,9.6,3.7,0.0,0.0,0.0,0.0,0.0,0.0,0.0,0.0,0.0,0.0,312,191,45,73,47,57,262,156,312,191,45,73,47,57,262,156,0,0,0,0,0,0,0,0,18.6,29.9,29.8,45.0,16.7,29.7,24.9,43.3,18.6,29.9,29.8,45.0,16.7,29.7,24.9,43.3,0.0,0.0,0.0,0.0,0.0,0.0,0.0,0.0,(CONTRACTS OF 100 TROY OUNCES),GOLD,PRECIOUS METALS,NATURAL RESOURCES,FutOnly
210720088691F,GOLD - COMMODITY EXCHANGE INC.,2021-07-20T00:00:00.000,2021 Report Week 29,GOLD,088691,CMX,NYC,088,GOLD,490520,277312,81340,40467,123541,352089,441320,473896,49200,16624,490520,277312,81340,40467,123541,352089,441320,473896,49200,16624,0,0,0,0,0,0,0,0,0,0,-5278,1769,-3367,-17270,11102,18622,-4399,-2015,-879,-3263,100.0,56.5,16.6,8.2,25.2,71.8,90.0,96.6,10.0,3.4,100.0,56.5,16.6,8.2,25.2,71.8,90.0,96.6,10.0,3.4,0.0,0.0,0.0,0.0,0.0,0.0,0.0,0.0,0.0,0.0,319,191,50,76,49,60,265,166,319,191,50,76,49,60,265,166,0,0,0,0,0,0,0,0,18.6,29.6,29.0,43.7,17.6,29.5,25.7,43.6,18.6,29.6,29.0,43.7,17.6,29.5,25.7,43.6,0.0,0.0,0.0,0.0,0.0,0.0,0.0,0.0,(CONTRACTS OF 100 TROY OUNCES),GOLD,PRECIOUS METALS,NATURAL RESOURCES,FutOnly
210713088691F,GOLD - COMMODITY EXCHANGE INC.,2021-07-13T00:00:00.000,2021 Report Week 28,GOLD,088691,CMX,NYC,088,GOLD,495798,275543,84707,57737,112439,333467,445719,475911,50079,19887,495798,275543,84707,57737,112439,333467,445719,475911,50079,19887,0,0,0,0,0,0,0,0,0,0,29987,4998,-3017,20074,4764,11066,29836,28123,151,1864,100.0,55.6,17.1,11.6,22.7,67.3,89.9,96.0,10.1,4.0,100.0,55.6,17.1,11.6,22.7,67.3,89.9,96.0,10.1,4.0,0.0,0.0,0.0,0.0,0.0,0.0,0.0,0.0,0.0,0.0,318,189,51,83,48,57,268,166,318,189,51,83,48,57,268,166,0,0,0,0,0,0,0,0,18.1,28.8,28.1,43.3,17.2,28.7,25.2,42.8,18.1,28.8,28.1,43.3,17.2,28.7,25.2,42.8,0.0,0.0,0.0,0.0,0.0,0.0,0.0,0.0,(CONTRACTS OF 100 TROY OUNCES),GOLD,PRECIOUS METALS,NATURAL RESOURCES,FutOnly
210706088691F,GOLD - COMMODITY EXCHANGE INC.,2021-07-06T00:00:00.000,2021 Report Week 27,GOLD,088691,CMX,NYC,088,GOLD,465811,270545,87724,37663,107675,322401,415883,447788,49928,18023,465811,270545,87724,37663,107675,322401,415883,447788,49928,18023,0,0,0,0,0,0,0,0,0,0,12451,16339,-4256,-3045,277,19883,13571,12582,-1120,-131,100.0,58.1,18.8,8.1,23.1,69.2,89.3,96.1,10.7,3.9,100.0,58.1,18.8,8.1,23.1,69.2,89.3,96.1,10.7,3.9,0.0,0.0,0.0,0.0,0.0,0.0,0.0,0.0,0.0,0.0,314,186,55,72,47,54,256,161,314,186,55,72,47,54,256,161,0,0,0,0,0,0,0,0,19.4,30.6,30.2,45.5,18.5,30.5,27.4,45.4,19.4,30.6,30.2,45.5,18.5,30.5,27.4,45.4,0.0,0.0,0.0,0.0,0.0,0.0,0.0,0.0,(CONTRACTS OF 100 TROY OUNCES),GOLD,PRECIOUS METALS,NATURAL RESOURCES,FutOnly
210629088691F,GOLD - COMMODITY EXCHANGE INC.,2021-06-29T00:00:00.000,2021 Report Week 26,GOLD,088691,CMX,NYC,088,GOLD,453360,254206,91980,40708,107398,302518,402312,435206,51048,18154,453360,254206,91980,40708,107398,302518,402312,435206,51048,18154,0,0,0,0,0,0,0,0,0,0,-580,1053,5041,-1097,1568,-5694,1524,-1750,-2104,1170,100.0,56.1,20.3,9.0,23.7,66.7,88.7,96.0,11.3,4.0,100.0,56.1,20.3,9.0,23.7,66.7,88.7,96.0,11.3,4.0,0.0,0.0,0.0,0.0,0.0,0.0,0.0,0.0,0.0,0.0,309,171,60,67,49,57,243,165,309,171,60,67,49,57,243,165,0,0,0,0,0,0,0,0,19.8,30.5,30.7,45.6,18.7,30.3,27.2,45.3,19.8,30.5,30.7,45.6,18.7,30.3,27.2,45.3,0.0,0.0,0.0,0.0,0.0,0.0,0.0,0.0,(CONTRACTS OF 100 TROY OUNCES),GOLD,PRECIOUS METALS,NATURAL RESOURCES,FutOnly
210622088691F,GOLD - COMMODITY EXCHANGE INC.,2021-06-22T00:00:00.000,2021 Report Week 25,GOLD,088691,CMX,NYC,088,GOLD,453940,253153,86939,41805,105830,308212,400788,436956,53152,16984,453940,253153,86939,41805,105830,308212,400788,436956,53152,16984,0,0,0,0,0,0,0,0,0,0,-26187,-20794,5028,-1732,-493,-29337,-23019,-26041,-3168,-146,100.0,55.8,19.2,9.2,23.3,67.9,88.3,96.3,11.7,3.7,100.0,55.8,19.2,9.2,23.3,67.9,88.3,96.3,11.7,3.7,0.0,0.0,0.0,0.0,0.0,0.0,0.0,0.0,0.0,0.0,319,176,65,60,50,53,251,156,319,176,65,60,50,53,251,156,0,0,0,0,0,0,0,0,19.7,30.6,30.3,45.8,18.8,30.6,27.2,45.6,19.7,30.6,30.3,45.8,18.8,30.6,27.2,45.6,0.0,0.0,0.0,0.0,0.0,0.0,0.0,0.0,(CONTRACTS OF 100 TROY OUNCES),GOLD,PRECIOUS METALS,NATURAL RESOURCES,FutOnly
210615088691F,GOLD - COMMODITY EXCHANGE INC.,2021-06-15T00:00:00.000,2021 Report Week 24,GOLD,088691,CMX,NYC,088,GOLD,480127,273947,81911,43537,106323,337549,423807,462997,56320,17130,480127,273947,81911,43537,106323,337549,423807,462997,56320,17130,0,0,0,0,0,0,0,0,0,0,-11731,-14834,2517,-2215,2827,-10753,-14222,-10451,2491,-1280,100.0,57.1,17.1,9.1,22.1,70.3,88.3,96.4,11.7,3.6,100.0,57.1,17.1,9.1,22.1,70.3,88.3,96.4,11.7,3.6,0.0,0.0,0.0,0.0,0.0,0.0,0.0,0.0,0.0,0.0,334,190,64,62,53,54,268,157,334,190,64,62,53,54,268,157,0,0,0,0,0,0,0,0,19.0,28.8,28.9,43.8,18.1,28.7,26.0,43.7,19.0,28.8,28.9,43.8,18.1,28.7,26.0,43.7,0.0,0.0,0.0,0.0,0.0,0.0,0.0,0.0,(CONTRACTS OF 100 TROY OUNCES),GOLD,PRECIOUS METALS,NATURAL RESOURCES,FutOnly
